[INFO] RUN START | oem=hyundai | file=C:\Users\paxm\OneDrive - PBS SYSTEMS\Desktop\Office\Projects\OEM Accessory project\OEM_Accessories_v1\accy_v2\data\landing_zone\hyundai\Hyundai Canada - 2025-9-1 HACC MAF DIST - Final 09082025 (1).xlsx | run_id=0fb9b364
[INFO] SHEET START | sheet=2024_elantra
[DEBUG] Group '2024_elantra' (model 'elantra'): routed to manufacturer 'Hyundai'
[DEBUG] Column mapping for '2024_elantra': {'Model_Year_From': 'year_from', 'Model_Year_To': None, 'Model': 'model', 'Trim_1': None, 'Trim_2': None, 'Trim_3': None, 'Trim_4': None, 'Trim_5': None, 'Trim_6': None, 'Accessory_Category_(EN)': None, 'Accessory_Group_(EN)': None, 'Accessory_Description_(EN)': 'english_description', 'Accessory_Category_(FR)': None, 'Accessory_Group_(FR)': None, 'Accessory_Description_(FR)': 'french_description', 'Part_Number': 'part_number', 'DNET': 'dnet', 'MSRP': 'msrp', 'Labour_Rate': 'labour_rate', 'Suggested_Labour_Hours': 'labour_hours', 'Suggested_Base_Retail_Price_w/labour': None, 'Yearly_Rate': None, 'Weekly_Rate': None, '#of_Payments': None, 'Weekly_Payment': None, 'Comments_(EN)': 'comments_en', 'Comments_(FR)': 'comments_fr', 'New_Part_SOS': None, 'Outgoing_Part_Flag': None, 'MAF_Update': None}
[INFO] Group '2024_elantra': identified 6 trim column(s): ['Trim_1', 'Trim_2', 'Trim_3', 'Trim_4', 'Trim_5', 'Trim_6']
[DEBUG] Valid trim cols for '2024_elantra': ['Trim_1', 'Trim_2', 'Trim_3', 'Trim_4', 'Trim_5', 'Trim_6']
[DEBUG] Group '2024_elantra': extracted vehicle_year=2024
[DEBUG] 95 records -> 424 after melt
[INFO] Step 4.5: model_lookup enrichment | sheet='2024_elantra'
[DEBUG] Group '2024_elantra': Unique trims identified: ['Ess', 'HEV', 'Lux', 'N', 'N-Line', 'Pref']
[DEBUG] Group '2024_elantra': model_keywords from data=['elantra'], fuel_type=None
[DEBUG] Group '2024_elantra' trim 'Ess': Searching with keywords=['elantra', 'ess']
[DEBUG] Translated keywords: ['elantra', 'ess'] \u2192 ['elantra', 'essential']
[DEBUG] Classified tokens: {'MODEL': ['elantra'], 'TRIM': ['essential']}
[DEBUG] After filtering ignored categories ['INTERIOR', 'EXTERIOR_COLOR']: {'MODEL': ['elantra'], 'TRIM': ['essential']}
[DEBUG] Score: 15 (minimum: 12)
[DEBUG] Database search returned 2 candidates
[DEBUG] Confidence: 0.00
[DEBUG] Resolved 2 candidates to single vehicle with multiple model numbers (ignoring ['INTERIOR', 'EXTERIOR_COLOR']): ['ELCS4V2BES00', 'EL74IF20A100']
[DEBUG]   [OK] Found model_number(s)=['ELCS4V2BES00', 'EL74IF20A100'] confidence=0.23 for Hyundai 2024 Ess
[DEBUG] Group '2024_elantra' trim 'HEV': Searching with keywords=['elantra', 'hev']
[DEBUG] Translated keywords: ['elantra', 'hev'] \u2192 ['elantra', 'hybrid']
[DEBUG] Classified tokens: {'MODEL': ['elantra'], 'POWERTRAIN_TYPE': ['hybrid']}
[DEBUG] After filtering ignored categories ['INTERIOR', 'EXTERIOR_COLOR']: {'MODEL': ['elantra'], 'POWERTRAIN_TYPE': ['hybrid']}
[DEBUG] Score: 20 (minimum: 12)
[DEBUG] Database search returned 4 candidates
[DEBUG] Confidence: 0.00
[DEBUG] Resolved 4 candidates to single vehicle with multiple model numbers (ignoring ['INTERIOR', 'EXTERIOR_COLOR']): ['ELHS4T1BLUHE', 'ELHS4T1BLUHM', 'EL74DF16I3AA', 'EL74DF16I3AC']
[DEBUG]   [OK] Found model_number(s)=['ELHS4T1BLUHE', 'ELHS4T1BLUHM', 'EL74DF16I3AA', 'EL74DF16I3AC'] confidence=0.31 for Hyundai 2024 HEV
[DEBUG] Group '2024_elantra' trim 'Lux': Searching with keywords=['elantra', 'lux']
[DEBUG] Translated keywords: ['elantra', 'lux'] \u2192 ['elantra', 'luxury']
[DEBUG] Classified tokens: {'MODEL': ['elantra'], 'TRIM': ['luxury']}
[DEBUG] After filtering ignored categories ['INTERIOR', 'EXTERIOR_COLOR']: {'MODEL': ['elantra'], 'TRIM': ['luxury']}
[DEBUG] Score: 15 (minimum: 12)
[DEBUG] Database search returned 4 candidates
[DEBUG] Confidence: 0.00
[DEBUG] Resolved 4 candidates to single vehicle with multiple model numbers (ignoring ['INTERIOR', 'EXTERIOR_COLOR']): ['ELCS4V2BLU00', 'ELCS4V2BLUME', 'EL74IF20A300', 'EL74IF20A354']
[DEBUG]   [OK] Found model_number(s)=['ELCS4V2BLU00', 'ELCS4V2BLUME', 'EL74IF20A300', 'EL74IF20A354'] confidence=0.23 for Hyundai 2024 Lux
[DEBUG] Group '2024_elantra' trim 'N': Searching with keywords=['elantra', 'n']
[DEBUG] Translated keywords: ['elantra', 'n'] \u2192 ['elantra', 'n']
[DEBUG] Classified tokens: {'MODEL': ['elantra'], 'TRIM_VARIANT': ['n']}
[DEBUG] After filtering ignored categories ['INTERIOR', 'EXTERIOR_COLOR']: {'MODEL': ['elantra'], 'TRIM_VARIANT': ['n']}
[DEBUG] Score: 16 (minimum: 12)
[DEBUG] Database search returned 4 candidates
[DEBUG] Confidence: 0.00
[DEBUG] Accepted 4 candidates with unique model numbers (variant handling): ['ELCS472ANN00', 'ELCS4M2ANN00', 'EL74MF20DX39', 'EL74DF20DX39']
[DEBUG]   [OK] Found model_number(s)=['ELCS472ANN00', 'ELCS4M2ANN00', 'EL74MF20DX39', 'EL74DF20DX39'] confidence=0.00 for Hyundai 2024 N
[DEBUG] Group '2024_elantra' trim 'N-Line': Searching with keywords=['elantra', 'n-line']
[DEBUG] Translated keywords: ['elantra', 'n-line'] \u2192 ['elantra', 'n-line']
[DEBUG] Classified tokens: {'MODEL': ['elantra'], 'TRIM_VARIANT': ['n-line']}
[DEBUG] After filtering ignored categories ['INTERIOR', 'EXTERIOR_COLOR']: {'MODEL': ['elantra'], 'TRIM_VARIANT': ['n-line']}
[DEBUG] Score: 16 (minimum: 12)
[DEBUG] Database search returned 2 candidates
[DEBUG] Confidence: 0.00
[DEBUG] Resolved 2 candidates to single vehicle with multiple model numbers (ignoring ['INTERIOR', 'EXTERIOR_COLOR']): ['ELCS4U1ANLUL', 'EL74DF16DO20']
[DEBUG]   [OK] Found model_number(s)=['ELCS4U1ANLUL', 'EL74DF16DO20'] confidence=0.25 for Hyundai 2024 N-Line
[DEBUG] Group '2024_elantra' trim 'Pref': Searching with keywords=['elantra', 'pref']
[DEBUG] Translated keywords: ['elantra', 'pref'] \u2192 ['elantra', 'preferred']
[DEBUG] Classified tokens: {'MODEL': ['elantra'], 'TRIM': ['preferred']}
[DEBUG] After filtering ignored categories ['INTERIOR', 'EXTERIOR_COLOR']: {'MODEL': ['elantra'], 'TRIM': ['preferred']}
[DEBUG] Score: 15 (minimum: 12)
[DEBUG] Database search returned 4 candidates
[DEBUG] Confidence: 0.00
[WARNING] Unclassified tokens: ['with', 'sun', '&']
[WARNING] Unclassified tokens: ['with', 'sun', '&']
[DEBUG] Accepted 4 candidates with unique model numbers (variant handling): ['ELCS4V2BPR00', 'ELCS4V2BPRTE', 'EL74IF20A200', 'EL74IF20A283']
[DEBUG]   [OK] Found model_number(s)=['ELCS4V2BPR00', 'ELCS4V2BPRTE', 'EL74IF20A200', 'EL74IF20A283'] confidence=0.00 for Hyundai 2024 Pref
[DEBUG] Group '2024_elantra': 1416 rows before, 0 excluded (missing trims: []), 1416 rows in output
[DEBUG] Group '2024_elantra': 1416 rows before, 0 excluded (missing trims: []), 1416 rows in output
[INFO] SHEET COMPLETE | sheet=2024_elantra | records_in=95 | records_out=2832
[INFO] SHEET START | sheet=2024_g70
[DEBUG] Group '2024_g70' (model 'g70'): routed to manufacturer 'Genesis'
[DEBUG] Column mapping for '2024_g70': {'Model_Year_From': 'year_from', 'Model_Year_To': None, 'Model': 'model', 'Trim_1': None, 'Trim_2': None, 'Trim_3': None, 'Trim_4': None, 'Accessory_Category_(EN)': None, 'Accessory_Group_(EN)': None, 'Accessory_Description_(EN)': 'english_description', 'Accessory_Category_(FR)': None, 'Accessory_Group_(FR)': None, 'Accessory_Description_(FR)': 'french_description', 'Part_Number': 'part_number', 'DNET': 'dnet', 'MSRP': 'msrp', 'Labour_Rate': 'labour_rate', 'Suggested_Labour_Hours': 'labour_hours', 'Suggested_Base_Retail_Price_w/labour': None, 'Yearly_Rate': None, 'Weekly_Rate': None, '#of_Payments': None, 'Weekly_Payment': None, 'Comments_(EN)': 'comments_en', 'Comments_(FR)': 'comments_fr', 'New_Part_SOS': None, 'Outgoing_Part_Flag': None}
[INFO] Group '2024_g70': identified 4 trim column(s): ['Trim_1', 'Trim_2', 'Trim_3', 'Trim_4']
[DEBUG] Valid trim cols for '2024_g70': ['Trim_1', 'Trim_2', 'Trim_3', 'Trim_4']
[DEBUG] Group '2024_g70': extracted vehicle_year=2024
[DEBUG] 40 records -> 138 after melt
[INFO] Step 4.5: model_lookup enrichment | sheet='2024_g70'
[DEBUG] Group '2024_g70': Unique trims identified: ['2.0T Advanced', '2.0T Prestige', '2.5T Advanced', '2.5T Prestige', '3.3T Advanced', '3.3T Sport']
[DEBUG] Group '2024_g70': model_keywords from data=['g70'], fuel_type=None
[DEBUG] Group '2024_g70' trim '2.0T Advanced': Searching with keywords=['g70', '2.0t', 'advanced']
[DEBUG] Translated keywords: ['g70', '2.0t', 'advanced'] \u2192 ['g70', '2.0t', 'advanced']
[DEBUG] Classified tokens: {'MODEL': ['g70'], 'ENGINE_TYPE': ['2.0t'], 'TRIM': ['advanced']}
[DEBUG] After filtering ignored categories ['INTERIOR', 'EXTERIOR_COLOR']: {'MODEL': ['g70'], 'ENGINE_TYPE': ['2.0t'], 'TRIM': ['advanced']}
[DEBUG] Score: 23 (minimum: 12)
[DEBUG] Database search returned 0 candidates
[DEBUG] Confidence: 0.00
[WARNING]   [NOT_FOUND] Genesis 2024 2.0T Advanced keywords=['g70', '2.0t', 'advanced']
[DEBUG] Group '2024_g70' trim '2.0T Prestige': Searching with keywords=['g70', '2.0t', 'prestige']
[DEBUG] Translated keywords: ['g70', '2.0t', 'prestige'] \u2192 ['g70', '2.0t', 'prestige']
[DEBUG] Classified tokens: {'MODEL': ['g70'], 'ENGINE_TYPE': ['2.0t'], 'TRIM': ['prestige']}
[DEBUG] After filtering ignored categories ['INTERIOR', 'EXTERIOR_COLOR']: {'MODEL': ['g70'], 'ENGINE_TYPE': ['2.0t'], 'TRIM': ['prestige']}
[DEBUG] Score: 23 (minimum: 12)
[DEBUG] Database search returned 0 candidates
[DEBUG] Confidence: 0.00
[WARNING]   [NOT_FOUND] Genesis 2024 2.0T Prestige keywords=['g70', '2.0t', 'prestige']
[DEBUG] Group '2024_g70' trim '2.5T Advanced': Searching with keywords=['g70', '2.5t', 'advanced']
[DEBUG] Translated keywords: ['g70', '2.5t', 'advanced'] \u2192 ['g70', '2.5t', 'advanced']
[DEBUG] Classified tokens: {'MODEL': ['g70'], 'ENGINE_TYPE': ['2.5t'], 'TRIM': ['advanced']}
[DEBUG] After filtering ignored categories ['INTERIOR', 'EXTERIOR_COLOR']: {'MODEL': ['g70'], 'ENGINE_TYPE': ['2.5t'], 'TRIM': ['advanced']}
[DEBUG] Score: 23 (minimum: 12)
[DEBUG] Database search returned 2 candidates
[DEBUG] Confidence: 0.00
[DEBUG] Resolved 2 candidates to single vehicle with multiple model numbers (ignoring ['INTERIOR', 'EXTERIOR_COLOR']): ['G7CS4K2DGA00', 'G714AA25DX61']
[DEBUG]   [OK] Found model_number(s)=['G7CS4K2DGA00', 'G714AA25DX61'] confidence=0.36 for Genesis 2024 2.5T Advanced
[DEBUG] Group '2024_g70' trim '2.5T Prestige': Searching with keywords=['g70', '2.5t', 'prestige']
[DEBUG] Translated keywords: ['g70', '2.5t', 'prestige'] \u2192 ['g70', '2.5t', 'prestige']
[DEBUG] Classified tokens: {'MODEL': ['g70'], 'ENGINE_TYPE': ['2.5t'], 'TRIM': ['prestige']}
[DEBUG] After filtering ignored categories ['INTERIOR', 'EXTERIOR_COLOR']: {'MODEL': ['g70'], 'ENGINE_TYPE': ['2.5t'], 'TRIM': ['prestige']}
[DEBUG] Score: 23 (minimum: 12)
[DEBUG] Database search returned 2 candidates
[DEBUG] Confidence: 0.00
[DEBUG] Resolved 2 candidates to single vehicle with multiple model numbers (ignoring ['INTERIOR', 'EXTERIOR_COLOR']): ['G7CS4K2DGP00', 'G714AA25DX63']
[DEBUG]   [OK] Found model_number(s)=['G7CS4K2DGP00', 'G714AA25DX63'] confidence=0.36 for Genesis 2024 2.5T Prestige
[DEBUG] Group '2024_g70' trim '3.3T Advanced': Searching with keywords=['g70', '3.3t', 'advanced']
[DEBUG] Translated keywords: ['g70', '3.3t', 'advanced'] \u2192 ['g70', '3.3t', 'advanced']
[DEBUG] Classified tokens: {'MODEL': ['g70'], 'ENGINE_TYPE': ['3.3t'], 'TRIM': ['advanced']}
[DEBUG] After filtering ignored categories ['INTERIOR', 'EXTERIOR_COLOR']: {'MODEL': ['g70'], 'ENGINE_TYPE': ['3.3t'], 'TRIM': ['advanced']}
[DEBUG] Score: 23 (minimum: 12)
[DEBUG] Database search returned 2 candidates
[DEBUG] Confidence: 0.00
[DEBUG] Resolved 2 candidates to single vehicle with multiple model numbers (ignoring ['INTERIOR', 'EXTERIOR_COLOR']): ['G7CS4K3AGA00', 'G714AA33DX61']
[DEBUG]   [OK] Found model_number(s)=['G7CS4K3AGA00', 'G714AA33DX61'] confidence=0.36 for Genesis 2024 3.3T Advanced
[DEBUG] Group '2024_g70' trim '3.3T Sport': Searching with keywords=['g70', '3.3t', 'sport']
[DEBUG] Translated keywords: ['g70', '3.3t', 'sport'] \u2192 ['g70', '3.3t', 'sport']
[DEBUG] Classified tokens: {'MODEL': ['g70'], 'ENGINE_TYPE': ['3.3t'], 'TRIM': ['sport']}
[DEBUG] After filtering ignored categories ['INTERIOR', 'EXTERIOR_COLOR']: {'MODEL': ['g70'], 'ENGINE_TYPE': ['3.3t'], 'TRIM': ['sport']}
[DEBUG] Score: 23 (minimum: 12)
[DEBUG] Database search returned 2 candidates
[DEBUG] Confidence: 0.00
[DEBUG] Resolved 2 candidates to single vehicle with multiple model numbers (ignoring ['INTERIOR', 'EXTERIOR_COLOR']): ['G7CS4K3AGS00', 'G714AA33DX60']
[DEBUG]   [OK] Found model_number(s)=['G7CS4K3AGS00', 'G714AA33DX60'] confidence=0.36 for Genesis 2024 3.3T Sport
[DEBUG] Group '2024_g70': 270 rows before, 6 excluded (missing trims: ['2.0T Advanced', '2.0T Prestige']), 264 rows in output
[DEBUG] Group '2024_g70': 270 rows before, 6 excluded (missing trims: ['2.0T Advanced', '2.0T Prestige']), 264 rows in output
[INFO] SHEET COMPLETE | sheet=2024_g70 | records_in=40 | records_out=528
[INFO] SHEET START | sheet=2024_g80
[DEBUG] Group '2024_g80' (model 'g80'): routed to manufacturer 'Genesis'
[DEBUG] Column mapping for '2024_g80': {'Model_Year_From': 'year_from', 'Model_Year_To': None, 'Model': 'model', 'Trim_1': None, 'Trim_2': None, 'Accessory_Category_(EN)': None, 'Accessory_Group_(EN)': None, 'Accessory_Description_(EN)': 'english_description', 'Accessory_Category_(FR)': None, 'Accessory_Group_(FR)': None, 'Accessory_Description_(FR)': 'french_description', 'Part_Number': 'part_number', 'DNET': 'dnet', 'MSRP': 'msrp', 'Labour_Rate': 'labour_rate', 'Suggested_Labour_Hours': 'labour_hours', 'Suggested_Base_Retail_Price_w/labour': None, 'Yearly_Rate': None, 'Weekly_Rate': None, '#of_Payments': None, 'Weekly_Payment': None, 'Comments_(EN)': 'comments_en', 'Comments_(FR)': 'comments_fr', 'New_Part_SOS': None, 'Outgoing_Part_Flag': None}
[INFO] Group '2024_g80': identified 2 trim column(s): ['Trim_1', 'Trim_2']
[DEBUG] Valid trim cols for '2024_g80': ['Trim_1', 'Trim_2']
[DEBUG] Group '2024_g80': extracted vehicle_year=2024
[DEBUG] 42 records -> 81 after melt
[INFO] Step 4.5: model_lookup enrichment | sheet='2024_g80'
[DEBUG] Group '2024_g80': Unique trims identified: ['2.5T Adv', '3.5T Sport Plus']
[DEBUG] Group '2024_g80': model_keywords from data=['g80'], fuel_type=None
[DEBUG] Group '2024_g80' trim '2.5T Adv': Searching with keywords=['g80', '2.5t', 'adv']
[DEBUG] Translated keywords: ['g80', '2.5t', 'adv'] \u2192 ['g80', '2.5t', 'advanced']
[DEBUG] Classified tokens: {'MODEL': ['g80'], 'ENGINE_TYPE': ['2.5t'], 'TRIM': ['advanced']}
[DEBUG] After filtering ignored categories ['INTERIOR', 'EXTERIOR_COLOR']: {'MODEL': ['g80'], 'ENGINE_TYPE': ['2.5t'], 'TRIM': ['advanced']}
[DEBUG] Score: 23 (minimum: 12)
[DEBUG] Database search returned 2 candidates
[DEBUG] Confidence: 0.00
[DEBUG] Resolved 2 candidates to single vehicle with multiple model numbers (ignoring ['INTERIOR', 'EXTERIOR_COLOR']): ['G8CS4K2DGA00', 'G834AA25DX58']
[DEBUG]   [OK] Found model_number(s)=['G8CS4K2DGA00', 'G834AA25DX58'] confidence=0.36 for Genesis 2024 2.5T Adv
[DEBUG] Group '2024_g80' trim '3.5T Sport Plus': Searching with keywords=['g80', '3.5t', 'sport', 'plus']
[DEBUG] Translated keywords: ['g80', '3.5t', 'sport', 'plus'] \u2192 ['g80', '3.5t', 'sport', 'plus']
[DEBUG] Classified tokens: {'MODEL': ['g80'], 'ENGINE_TYPE': ['3.5t'], 'TRIM': ['sport'], 'PACKAGE': ['plus']}
[DEBUG] After filtering ignored categories ['INTERIOR', 'EXTERIOR_COLOR']: {'MODEL': ['g80'], 'ENGINE_TYPE': ['3.5t'], 'TRIM': ['sport'], 'PACKAGE': ['plus']}
[DEBUG] Score: 24 (minimum: 12)
[DEBUG] Database search returned 2 candidates
[DEBUG] Confidence: 0.00
[DEBUG] Resolved 2 candidates to single vehicle with multiple model numbers (ignoring ['INTERIOR', 'EXTERIOR_COLOR']): ['G8CS4K3BGSAU', 'G834AA35DXAF']
[DEBUG]   [OK] Found model_number(s)=['G8CS4K3BGSAU', 'G834AA35DXAF'] confidence=0.38 for Genesis 2024 3.5T Sport Plus
[DEBUG] Group '2024_g80': 162 rows before, 0 excluded (missing trims: []), 162 rows in output
[DEBUG] Group '2024_g80': 162 rows before, 0 excluded (missing trims: []), 162 rows in output
[INFO] SHEET COMPLETE | sheet=2024_g80 | records_in=42 | records_out=324
[INFO] SHEET START | sheet=2024_g80_ev
[DEBUG] Group '2024_g80_ev' (model 'g80_ev'): routed to manufacturer 'Genesis'
[DEBUG] Column mapping for '2024_g80_ev': {'Model_Year_From': 'year_from', 'Model_Year_To': None, 'Model': 'model', 'Trim_1': None, 'Accessory_Category_(EN)': None, 'Accessory_Group_(EN)': None, 'Accessory_Description_(EN)': 'english_description', 'Accessory_Category_(FR)': None, 'Accessory_Group_(FR)': None, 'Accessory_Description_(FR)': 'french_description', 'Part_Number': 'part_number', 'DNET': 'dnet', 'MSRP': 'msrp', 'Labour_Rate': 'labour_rate', 'Suggested_Labour_Hours': 'labour_hours', 'Suggested_Base_Retail_Price_w/labour': None, 'Yearly_Rate': None, 'Weekly_Rate': None, '#of_Payments': None, 'Weekly_Payment': None, 'Comments_(EN)': 'comments_en', 'Comments_(FR)': 'comments_fr', 'New_Part_SOS': None, 'Outgoing_Part_Flag': None}
[INFO] Group '2024_g80_ev': identified 1 trim column(s): ['Trim_1']
[DEBUG] Valid trim cols for '2024_g80_ev': ['Trim_1']
[DEBUG] Group '2024_g80_ev': extracted vehicle_year=2024
[DEBUG] 33 records -> 33 after melt
[INFO] Step 4.5: model_lookup enrichment | sheet='2024_g80_ev'
[DEBUG] Group '2024_g80_ev': Unique trims identified: ['Prestige']
[DEBUG] Group '2024_g80_ev': model_keywords from data=['g80', 'ev'], fuel_type=None
[DEBUG] Group '2024_g80_ev' trim 'Prestige': Searching with keywords=['g80', 'ev', 'prestige']
[DEBUG] Translated keywords: ['g80', 'ev', 'prestige'] \u2192 ['g80', 'electric', 'prestige']
[DEBUG] Classified tokens: {'MODEL': ['g80'], 'ENGINE_TYPE': ['electric'], 'TRIM': ['prestige']}
[DEBUG] After filtering ignored categories ['INTERIOR', 'EXTERIOR_COLOR']: {'MODEL': ['g80'], 'ENGINE_TYPE': ['electric'], 'TRIM': ['prestige']}
[DEBUG] Score: 23 (minimum: 12)
[DEBUG] Database search returned 0 candidates
[DEBUG] Confidence: 0.00
[WARNING]   [NOT_FOUND] Genesis 2024 Prestige keywords=['g80', 'ev', 'prestige']
[DEBUG] Group '2024_g80_ev': 33 rows before, 33 excluded (missing trims: ['Prestige']), 0 rows in output
[DEBUG] Group '2024_g80_ev': 33 rows before, 33 excluded (missing trims: ['Prestige']), 0 rows in output
[INFO] SHEET COMPLETE | sheet=2024_g80_ev | records_in=33 | records_out=0
[INFO] SHEET START | sheet=2024_g90
[DEBUG] Group '2024_g90' (model 'g90'): routed to manufacturer 'Genesis'
[DEBUG] Column mapping for '2024_g90': {'Model_Year_From': 'year_from', 'Model_Year_To': None, 'Model': 'model', 'Trim_1': None, 'Accessory_Category_(EN)': None, 'Accessory_Group_(EN)': None, 'Accessory_Description_(EN)': 'english_description', 'Accessory_Category_(FR)': None, 'Accessory_Group_(FR)': None, 'Accessory_Description_(FR)': 'french_description', 'Part_Number': 'part_number', 'DNET': 'dnet', 'MSRP': 'msrp', 'Labour_Rate': 'labour_rate', 'Suggested_Labour_Hours': 'labour_hours', 'Suggested_Base_Retail_Price_w/labour': None, 'Yearly_Rate': None, 'Weekly_Rate': None, '#of_Payments': None, 'Weekly_Payment': None, 'Comments_(EN)': 'comments_en', 'Comments_(FR)': 'comments_fr', 'New_Part_SOS': None, 'Outgoing_Part_Flag': None}
[INFO] Group '2024_g90': identified 1 trim column(s): ['Trim_1']
[DEBUG] Valid trim cols for '2024_g90': ['Trim_1']
[DEBUG] Group '2024_g90': extracted vehicle_year=2024
[DEBUG] 30 records -> 30 after melt
[INFO] Step 4.5: model_lookup enrichment | sheet='2024_g90'
[DEBUG] Group '2024_g90': Unique trims identified: ['3.5T e-SC']
[DEBUG] Group '2024_g90': model_keywords from data=['g90'], fuel_type=None
[DEBUG] Group '2024_g90' trim '3.5T e-SC': Searching with keywords=['g90', '3.5t', 'e-sc']
[DEBUG] Translated keywords: ['g90', '3.5t', 'e-sc'] \u2192 ['g90', '3.5t', 'e-sc']
[DEBUG] Classified tokens: {'MODEL': ['g90'], 'ENGINE_TYPE': ['3.5t', 'e-sc']}
[DEBUG] After filtering ignored categories ['INTERIOR', 'EXTERIOR_COLOR']: {'MODEL': ['g90'], 'ENGINE_TYPE': ['3.5t', 'e-sc']}
[DEBUG] Score: 18 (minimum: 12)
[DEBUG] Database search returned 0 candidates
[DEBUG] Confidence: 0.00
[WARNING]   [NOT_FOUND] Genesis 2024 3.5T e-SC keywords=['g90', '3.5t', 'e-sc']
[DEBUG] Group '2024_g90': 30 rows before, 30 excluded (missing trims: ['3.5T e-SC']), 0 rows in output
[DEBUG] Group '2024_g90': 30 rows before, 30 excluded (missing trims: ['3.5T e-SC']), 0 rows in output
[INFO] SHEET COMPLETE | sheet=2024_g90 | records_in=30 | records_out=0
[INFO] SHEET START | sheet=2024_gv60
[DEBUG] Group '2024_gv60' (model 'gv60'): routed to manufacturer 'Genesis'
[DEBUG] Column mapping for '2024_gv60': {'Model_Year_From': 'year_from', 'Model_Year_To': None, 'Model': 'model', 'Trim_1': None, 'Trim_2': None, 'Accessory_Category_(EN)': None, 'Accessory_Group_(EN)': None, 'Accessory_Description_(EN)': 'english_description', 'Accessory_Category_(FR)': None, 'Accessory_Group_(FR)': None, 'Accessory_Description_(FR)': 'french_description', 'Part_Number': 'part_number', 'DNET': 'dnet', 'MSRP': 'msrp', 'Labour_Rate': 'labour_rate', 'Suggested_Labour_Hours': 'labour_hours', 'Suggested_Base_Retail_Price_w/labour': None, 'Yearly_Rate': None, 'Weekly_Rate': None, '#of_Payments': None, 'Weekly_Payment': None, 'Comments_(EN)': 'comments_en', 'Comments_(FR)': 'comments_fr', 'New_Part_SOS': None, 'Outgoing_Part_Flag': None}
[INFO] Group '2024_gv60': identified 2 trim column(s): ['Trim_1', 'Trim_2']
[DEBUG] Valid trim cols for '2024_gv60': ['Trim_1', 'Trim_2']
[DEBUG] Group '2024_gv60': extracted vehicle_year=2024
[DEBUG] 51 records -> 96 after melt
[INFO] Step 4.5: model_lookup enrichment | sheet='2024_gv60'
[DEBUG] Group '2024_gv60': Unique trims identified: ['Advanced', 'Performance']
[DEBUG] Group '2024_gv60': model_keywords from data=['gv60'], fuel_type=None
[DEBUG] Group '2024_gv60' trim 'Advanced': Searching with keywords=['gv60', 'advanced']
[DEBUG] Translated keywords: ['gv60', 'advanced'] \u2192 ['gv60', 'advanced']
[DEBUG] Classified tokens: {'MODEL': ['gv60'], 'TRIM': ['advanced']}
[DEBUG] After filtering ignored categories ['INTERIOR', 'EXTERIOR_COLOR']: {'MODEL': ['gv60'], 'TRIM': ['advanced']}
[DEBUG] Score: 15 (minimum: 12)
[DEBUG] Database search returned 2 candidates
[DEBUG] Confidence: 0.00
[DEBUG] Resolved 2 candidates to single vehicle with multiple model numbers (ignoring ['INTERIOR', 'EXTERIOR_COLOR']): ['V6EW5ZE227AD', 'V61SEAEMEL61']
[DEBUG]   [OK] Found model_number(s)=['V6EW5ZE227AD', 'V61SEAEMEL61'] confidence=0.23 for Genesis 2024 Advanced
[DEBUG] Group '2024_gv60' trim 'Performance': Searching with keywords=['gv60', 'performance']
[DEBUG] Translated keywords: ['gv60', 'performance'] \u2192 ['gv60', 'performance']
[DEBUG] Classified tokens: {'MODEL': ['gv60'], 'TRIM': ['performance']}
[DEBUG] After filtering ignored categories ['INTERIOR', 'EXTERIOR_COLOR']: {'MODEL': ['gv60'], 'TRIM': ['performance']}
[DEBUG] Score: 15 (minimum: 12)
[DEBUG] Database search returned 4 candidates
[DEBUG] Confidence: 0.00
[DEBUG] Accepted 4 candidates with unique model numbers (variant handling): ['V6EW5ZE127AR', 'V6EW5ZE127PF', 'V61SEAEMELAR', 'V61SEAEMELAQ']
[DEBUG]   [OK] Found model_number(s)=['V6EW5ZE127AR', 'V6EW5ZE127PF', 'V61SEAEMELAR', 'V61SEAEMELAQ'] confidence=0.00 for Genesis 2024 Performance
[DEBUG] Group '2024_gv60': 290 rows before, 0 excluded (missing trims: []), 290 rows in output
[DEBUG] Group '2024_gv60': 290 rows before, 0 excluded (missing trims: []), 290 rows in output
[INFO] SHEET COMPLETE | sheet=2024_gv60 | records_in=51 | records_out=580
[INFO] SHEET START | sheet=2024_gv70
[DEBUG] Group '2024_gv70' (model 'gv70'): routed to manufacturer 'Genesis'
[DEBUG] Column mapping for '2024_gv70': {'Model_Year_From': 'year_from', 'Model_Year_To': None, 'Model': 'model', 'Trim_1': None, 'Trim_2': None, 'Trim_3': None, 'Trim_4': None, 'Trim_5': None, 'Accessory_Category_(EN)': None, 'Accessory_Group_(EN)': None, 'Accessory_Description_(EN)': 'english_description', 'Accessory_Category_(FR)': None, 'Accessory_Group_(FR)': None, 'Accessory_Description_(FR)': 'french_description', 'Part_Number': 'part_number', 'DNET': 'dnet', 'MSRP': 'msrp', 'Labour_Rate': 'labour_rate', 'Suggested_Labour_Hours': 'labour_hours', 'Suggested_Base_Retail_Price_w/labour': None, 'Yearly_Rate': None, 'Weekly_Rate': None, '#of_Payments': None, 'Weekly_Payment': None, 'Comments_(EN)': 'comments_en', 'Comments_(FR)': 'comments_fr', 'New_Part_SOS': None, 'Outgoing_Part_Flag': None}
[INFO] Group '2024_gv70': identified 5 trim column(s): ['Trim_1', 'Trim_2', 'Trim_3', 'Trim_4', 'Trim_5']
[DEBUG] Valid trim cols for '2024_gv70': ['Trim_1', 'Trim_2', 'Trim_3', 'Trim_4', 'Trim_5']
[DEBUG] Group '2024_gv70': extracted vehicle_year=2024
[DEBUG] 75 records -> 353 after melt
[INFO] Step 4.5: model_lookup enrichment | sheet='2024_gv70'
[DEBUG] Group '2024_gv70': Unique trims identified: ['2.5T Advanced', '2.5T Advanced Plus', '2.5T Prestige', '3.5T Sport', '3.5T Sport Plus']
[DEBUG] Group '2024_gv70': model_keywords from data=['gv70'], fuel_type=None
[DEBUG] Group '2024_gv70' trim '2.5T Advanced': Searching with keywords=['gv70', '2.5t', 'advanced']
[DEBUG] Translated keywords: ['gv70', '2.5t', 'advanced'] \u2192 ['gv70', '2.5t', 'advanced']
[DEBUG] Classified tokens: {'MODEL': ['gv70'], 'ENGINE_TYPE': ['2.5t'], 'TRIM': ['advanced']}
[DEBUG] After filtering ignored categories ['INTERIOR', 'EXTERIOR_COLOR']: {'MODEL': ['gv70'], 'ENGINE_TYPE': ['2.5t'], 'TRIM': ['advanced']}
[DEBUG] Score: 23 (minimum: 12)
[DEBUG] Database search returned 4 candidates
[DEBUG] Confidence: 0.00
[DEBUG] Accepted 4 candidates with unique model numbers (variant handling): ['V7CW5K2D27AD', 'V7CW5K2DGAAU', 'V71SAA25KL61', 'V71SAA25KXAE']
[DEBUG]   [OK] Found model_number(s)=['V7CW5K2D27AD', 'V7CW5K2DGAAU', 'V71SAA25KL61', 'V71SAA25KXAE'] confidence=0.00 for Genesis 2024 2.5T Advanced
[DEBUG] Group '2024_gv70' trim '2.5T Advanced Plus': Searching with keywords=['gv70', '2.5t', 'advanced', 'plus']
[DEBUG] Translated keywords: ['gv70', '2.5t', 'advanced', 'plus'] \u2192 ['gv70', '2.5t', 'advanced', 'plus']
[DEBUG] Classified tokens: {'MODEL': ['gv70'], 'ENGINE_TYPE': ['2.5t'], 'TRIM': ['advanced'], 'PACKAGE': ['plus']}
[DEBUG] After filtering ignored categories ['INTERIOR', 'EXTERIOR_COLOR']: {'MODEL': ['gv70'], 'ENGINE_TYPE': ['2.5t'], 'TRIM': ['advanced'], 'PACKAGE': ['plus']}
[DEBUG] Score: 24 (minimum: 12)
[DEBUG] Database search returned 2 candidates
[DEBUG] Confidence: 0.00
[DEBUG] Resolved 2 candidates to single vehicle with multiple model numbers (ignoring ['INTERIOR', 'EXTERIOR_COLOR']): ['V7CW5K2DGAAU', 'V71SAA25KXAE']
[DEBUG]   [OK] Found model_number(s)=['V7CW5K2DGAAU', 'V71SAA25KXAE'] confidence=0.38 for Genesis 2024 2.5T Advanced Plus
[DEBUG] Group '2024_gv70' trim '2.5T Prestige': Searching with keywords=['gv70', '2.5t', 'prestige']
[DEBUG] Translated keywords: ['gv70', '2.5t', 'prestige'] \u2192 ['gv70', '2.5t', 'prestige']
[DEBUG] Classified tokens: {'MODEL': ['gv70'], 'ENGINE_TYPE': ['2.5t'], 'TRIM': ['prestige']}
[DEBUG] After filtering ignored categories ['INTERIOR', 'EXTERIOR_COLOR']: {'MODEL': ['gv70'], 'ENGINE_TYPE': ['2.5t'], 'TRIM': ['prestige']}
[DEBUG] Score: 23 (minimum: 12)
[DEBUG] Database search returned 2 candidates
[DEBUG] Confidence: 0.00
[DEBUG] Resolved 2 candidates to single vehicle with multiple model numbers (ignoring ['INTERIOR', 'EXTERIOR_COLOR']): ['V7CW5K2DGP00', 'V71SAA25KX63']
[DEBUG]   [OK] Found model_number(s)=['V7CW5K2DGP00', 'V71SAA25KX63'] confidence=0.36 for Genesis 2024 2.5T Prestige
[DEBUG] Group '2024_gv70' trim '3.5T Sport': Searching with keywords=['gv70', '3.5t', 'sport']
[DEBUG] Translated keywords: ['gv70', '3.5t', 'sport'] \u2192 ['gv70', '3.5t', 'sport']
[DEBUG] Classified tokens: {'MODEL': ['gv70'], 'ENGINE_TYPE': ['3.5t'], 'TRIM': ['sport']}
[DEBUG] After filtering ignored categories ['INTERIOR', 'EXTERIOR_COLOR']: {'MODEL': ['gv70'], 'ENGINE_TYPE': ['3.5t'], 'TRIM': ['sport']}
[DEBUG] Score: 23 (minimum: 12)
[DEBUG] Database search returned 6 candidates
[DEBUG] Confidence: 0.00
[WARNING] Unclassified tokens: ['without']
[WARNING] Unclassified tokens: ['with-lsd']
[WARNING] Unclassified tokens: ['without']
[WARNING] Unclassified tokens: ['with-lsd']
[DEBUG] Accepted 6 candidates with unique model numbers (variant handling): ['V7CW5K3BGS00', 'V7CW5K3BGSAF', 'V7CW5K3BGSBE', 'V71SAA35KX60', 'V71SAA35KXAF', 'V71SAA35KXBE']
[DEBUG]   [OK] Found model_number(s)=['V7CW5K3BGS00', 'V7CW5K3BGSAF', 'V7CW5K3BGSBE', 'V71SAA35KX60', 'V71SAA35KXAF', 'V71SAA35KXBE'] confidence=0.00 for Genesis 2024 3.5T Sport
[DEBUG] Group '2024_gv70' trim '3.5T Sport Plus': Searching with keywords=['gv70', '3.5t', 'sport', 'plus']
[DEBUG] Translated keywords: ['gv70', '3.5t', 'sport', 'plus'] \u2192 ['gv70', '3.5t', 'sport', 'plus']
[DEBUG] Classified tokens: {'MODEL': ['gv70'], 'ENGINE_TYPE': ['3.5t'], 'TRIM': ['sport'], 'PACKAGE': ['plus']}
[DEBUG] After filtering ignored categories ['INTERIOR', 'EXTERIOR_COLOR']: {'MODEL': ['gv70'], 'ENGINE_TYPE': ['3.5t'], 'TRIM': ['sport'], 'PACKAGE': ['plus']}
[DEBUG] Score: 24 (minimum: 12)
[DEBUG] Database search returned 4 candidates
[DEBUG] Confidence: 0.00
[WARNING] Unclassified tokens: ['without']
[WARNING] Unclassified tokens: ['with-lsd']
[WARNING] Unclassified tokens: ['without']
[WARNING] Unclassified tokens: ['with-lsd']
[DEBUG] Accepted 4 candidates with unique model numbers (variant handling): ['V7CW5K3BGSAF', 'V7CW5K3BGSBE', 'V71SAA35KXAF', 'V71SAA35KXBE']
[DEBUG]   [OK] Found model_number(s)=['V7CW5K3BGSAF', 'V7CW5K3BGSBE', 'V71SAA35KXAF', 'V71SAA35KXBE'] confidence=0.00 for Genesis 2024 3.5T Sport Plus
[DEBUG] Group '2024_gv70': 1282 rows before, 0 excluded (missing trims: []), 1282 rows in output
[DEBUG] Group '2024_gv70': 1282 rows before, 0 excluded (missing trims: []), 1282 rows in output
[INFO] SHEET COMPLETE | sheet=2024_gv70 | records_in=75 | records_out=2564
[INFO] SHEET START | sheet=2024_gv70_ev
[DEBUG] Group '2024_gv70_ev' (model 'gv70_ev'): routed to manufacturer 'Genesis'
[DEBUG] Column mapping for '2024_gv70_ev': {'Model_Year_From': 'year_from', 'Model_Year_To': None, 'Model': 'model', 'Trim_1': None, 'Accessory_Category_(EN)': None, 'Accessory_Group_(EN)': None, 'Accessory_Description_(EN)': 'english_description', 'Accessory_Category_(FR)': None, 'Accessory_Group_(FR)': None, 'Accessory_Description_(FR)': 'french_description', 'Part_Number': 'part_number', 'DNET': 'dnet', 'MSRP': 'msrp', 'Labour_Rate': 'labour_rate', 'Suggested_Labour_Hours': 'labour_hours', 'Suggested_Base_Retail_Price_w/labour': None, 'Yearly_Rate': None, 'Weekly_Rate': None, '#of_Payments': None, 'Weekly_Payment': None, 'Comments_(EN)': 'comments_en', 'Comments_(FR)': 'comments_fr', 'New_Part_SOS': None, 'Outgoing_Part_Flag': None, 'MAF_Update': None}
[INFO] Group '2024_gv70_ev': identified 1 trim column(s): ['Trim_1']
[DEBUG] Valid trim cols for '2024_gv70_ev': ['Trim_1']
[DEBUG] Group '2024_gv70_ev': extracted vehicle_year=2024
[DEBUG] 61 records -> 61 after melt
[INFO] Step 4.5: model_lookup enrichment | sheet='2024_gv70_ev'
[DEBUG] Group '2024_gv70_ev': Unique trims identified: ['Prestige']
[DEBUG] Group '2024_gv70_ev': model_keywords from data=['gv70', 'ev'], fuel_type=None
[DEBUG] Group '2024_gv70_ev' trim 'Prestige': Searching with keywords=['gv70', 'ev', 'prestige']
[DEBUG] Translated keywords: ['gv70', 'ev', 'prestige'] \u2192 ['gv70', 'electric', 'prestige']
[DEBUG] Classified tokens: {'MODEL': ['gv70'], 'ENGINE_TYPE': ['electric'], 'TRIM': ['prestige']}
[DEBUG] After filtering ignored categories ['INTERIOR', 'EXTERIOR_COLOR']: {'MODEL': ['gv70'], 'ENGINE_TYPE': ['electric'], 'TRIM': ['prestige']}
[DEBUG] Score: 23 (minimum: 12)
[DEBUG] Database search returned 1 candidates
[DEBUG] Confidence: 0.36
[DEBUG]   [OK] Found model_number(s)=['V71SEAEMEX63'] confidence=0.36 for Genesis 2024 Prestige
[DEBUG] Group '2024_gv70_ev': 61 rows before, 0 excluded (missing trims: []), 61 rows in output
[DEBUG] Group '2024_gv70_ev': 61 rows before, 0 excluded (missing trims: []), 61 rows in output
[INFO] SHEET COMPLETE | sheet=2024_gv70_ev | records_in=61 | records_out=122
[INFO] SHEET START | sheet=2024_gv80
[DEBUG] Group '2024_gv80' (model 'gv80'): routed to manufacturer 'Genesis'
[DEBUG] Column mapping for '2024_gv80': {'Model_Year_From': 'year_from', 'Model_Year_To': None, 'Model': 'model', 'Trim_1': None, 'Trim_2': None, 'Trim_3': None, 'Trim_4': None, 'Accessory_Category_(EN)': None, 'Accessory_Group_(EN)': None, 'Accessory_Description_(EN)': 'english_description', 'Accessory_Category_(FR)': None, 'Accessory_Group_(FR)': None, 'Accessory_Description_(FR)': 'french_description', 'Part_Number': 'part_number', 'DNET': 'dnet', 'MSRP': 'msrp', 'Labour_Rate': 'labour_rate', 'Suggested_Labour_Hours': 'labour_hours', 'Suggested_Base_Retail_Price_w/labour': None, 'Yearly_Rate': None, 'Weekly_Rate': None, '#of_Payments': None, 'Weekly_Payment': None, 'Comments_(EN)': 'comments_en', 'Comments_(FR)': 'comments_fr', 'New_Part_SOS': None, 'Outgoing_Part_Flag': None}
[INFO] Group '2024_gv80': identified 4 trim column(s): ['Trim_1', 'Trim_2', 'Trim_3', 'Trim_4']
[DEBUG] Valid trim cols for '2024_gv80': ['Trim_1', 'Trim_2', 'Trim_3', 'Trim_4']
[DEBUG] Group '2024_gv80': extracted vehicle_year=2024
[DEBUG] 81 records -> 293 after melt
[INFO] Step 4.5: model_lookup enrichment | sheet='2024_gv80'
[DEBUG] Group '2024_gv80': Unique trims identified: ['2.5T Advanced', '3.5T Advanced', '3.5T Prestige', '3.5T Prestige 7P']
[DEBUG] Group '2024_gv80': model_keywords from data=['gv80'], fuel_type=None
[DEBUG] Group '2024_gv80' trim '2.5T Advanced': Searching with keywords=['gv80', '2.5t', 'advanced']
[DEBUG] Translated keywords: ['gv80', '2.5t', 'advanced'] \u2192 ['gv80', '2.5t', 'advanced']
[DEBUG] Classified tokens: {'MODEL': ['gv80'], 'ENGINE_TYPE': ['2.5t'], 'TRIM': ['advanced']}
[DEBUG] After filtering ignored categories ['INTERIOR', 'EXTERIOR_COLOR']: {'MODEL': ['gv80'], 'ENGINE_TYPE': ['2.5t'], 'TRIM': ['advanced']}
[DEBUG] Score: 23 (minimum: 12)
[DEBUG] Database search returned 2 candidates
[DEBUG] Confidence: 0.00
[DEBUG] Resolved 2 candidates to single vehicle with multiple model numbers (ignoring ['INTERIOR', 'EXTERIOR_COLOR']): ['V8CW5K2DGA00', 'V81SAA25DX58']
[DEBUG]   [OK] Found model_number(s)=['V8CW5K2DGA00', 'V81SAA25DX58'] confidence=0.36 for Genesis 2024 2.5T Advanced
[DEBUG] Group '2024_gv80' trim '3.5T Advanced': Searching with keywords=['gv80', '3.5t', 'advanced']
[DEBUG] Translated keywords: ['gv80', '3.5t', 'advanced'] \u2192 ['gv80', '3.5t', 'advanced']
[DEBUG] Classified tokens: {'MODEL': ['gv80'], 'ENGINE_TYPE': ['3.5t'], 'TRIM': ['advanced']}
[DEBUG] After filtering ignored categories ['INTERIOR', 'EXTERIOR_COLOR']: {'MODEL': ['gv80'], 'ENGINE_TYPE': ['3.5t'], 'TRIM': ['advanced']}
[DEBUG] Score: 23 (minimum: 12)
[DEBUG] Database search returned 4 candidates
[DEBUG] Confidence: 0.00
[WARNING] Unclassified tokens: ['5-passenger']
[WARNING] Unclassified tokens: ['5-passenger']
[WARNING] Unclassified tokens: ['5-passenger']
[WARNING] Unclassified tokens: ['5-passenger']
[DEBUG] Resolved 4 candidates to single vehicle with multiple model numbers (ignoring ['INTERIOR', 'EXTERIOR_COLOR']): ['V8CW5K3BGPAM', 'V8CW5K3BGPAP', 'V81SAA35DXAX', 'V81SAA35DXAY']
[DEBUG]   [OK] Found model_number(s)=['V8CW5K3BGPAM', 'V8CW5K3BGPAP', 'V81SAA35DXAX', 'V81SAA35DXAY'] confidence=0.36 for Genesis 2024 3.5T Advanced
[DEBUG] Group '2024_gv80' trim '3.5T Prestige': Searching with keywords=['gv80', '3.5t', 'prestige']
[DEBUG] Translated keywords: ['gv80', '3.5t', 'prestige'] \u2192 ['gv80', '3.5t', 'prestige']
[DEBUG] Classified tokens: {'MODEL': ['gv80'], 'ENGINE_TYPE': ['3.5t'], 'TRIM': ['prestige']}
[DEBUG] After filtering ignored categories ['INTERIOR', 'EXTERIOR_COLOR']: {'MODEL': ['gv80'], 'ENGINE_TYPE': ['3.5t'], 'TRIM': ['prestige']}
[DEBUG] Score: 23 (minimum: 12)
[DEBUG] Database search returned 8 candidates
[DEBUG] Confidence: 0.00
[WARNING] Unclassified tokens: ['5-passenger']
[WARNING] Unclassified tokens: ['5-passenger']
[WARNING] Unclassified tokens: ['7-passenger']
[WARNING] Unclassified tokens: ['7-passenger']
[WARNING] Unclassified tokens: ['5-passenger']
[WARNING] Unclassified tokens: ['5-passenger']
[WARNING] Unclassified tokens: ['7-passenger']
[WARNING] Unclassified tokens: ['7-passenger']
[DEBUG] Resolved 8 candidates to single vehicle with multiple model numbers (ignoring ['INTERIOR', 'EXTERIOR_COLOR']): ['V8CW5K3BGAAX', 'V8CW5K3BGAAY', 'V8CW7K3BGP00', 'V8CW7K3BGPAO', 'V81SAA35DXAM', 'V81SAA35DXAP', 'V81SAA35DX75', 'V81SAA35DXAO']
[DEBUG]   [OK] Found model_number(s)=['V8CW5K3BGAAX', 'V8CW5K3BGAAY', 'V8CW7K3BGP00', 'V8CW7K3BGPAO', 'V81SAA35DXAM', 'V81SAA35DXAP', 'V81SAA35DX75', 'V81SAA35DXAO'] confidence=0.36 for Genesis 2024 3.5T Prestige
[DEBUG] Group '2024_gv80' trim '3.5T Prestige 7P': Searching with keywords=['gv80', '3.5t', 'prestige', '7p']
[DEBUG] Translated keywords: ['gv80', '3.5t', 'prestige', '7p'] \u2192 ['gv80', '3.5t', 'prestige', '7-passenger']
[WARNING] Unclassified tokens: ['7-passenger']
[DEBUG] Classified tokens: {'MODEL': ['gv80'], 'ENGINE_TYPE': ['3.5t'], 'TRIM': ['prestige']}
[DEBUG] After filtering ignored categories ['INTERIOR', 'EXTERIOR_COLOR']: {'MODEL': ['gv80'], 'ENGINE_TYPE': ['3.5t'], 'TRIM': ['prestige']}
[DEBUG] Score: 23 (minimum: 12)
[DEBUG] Database search returned 8 candidates
[DEBUG] Confidence: 0.00
[WARNING] Unclassified tokens: ['5-passenger']
[WARNING] Unclassified tokens: ['5-passenger']
[WARNING] Unclassified tokens: ['7-passenger']
[WARNING] Unclassified tokens: ['7-passenger']
[WARNING] Unclassified tokens: ['5-passenger']
[WARNING] Unclassified tokens: ['5-passenger']
[WARNING] Unclassified tokens: ['7-passenger']
[WARNING] Unclassified tokens: ['7-passenger']
[DEBUG] Resolved 8 candidates to single vehicle with multiple model numbers (ignoring ['INTERIOR', 'EXTERIOR_COLOR']): ['V8CW5K3BGAAX', 'V8CW5K3BGAAY', 'V8CW7K3BGP00', 'V8CW7K3BGPAO', 'V81SAA35DXAM', 'V81SAA35DXAP', 'V81SAA35DX75', 'V81SAA35DXAO']
[DEBUG]   [OK] Found model_number(s)=['V8CW5K3BGAAX', 'V8CW5K3BGAAY', 'V8CW7K3BGP00', 'V8CW7K3BGPAO', 'V81SAA35DXAM', 'V81SAA35DXAP', 'V81SAA35DX75', 'V81SAA35DXAO'] confidence=0.36 for Genesis 2024 3.5T Prestige 7P
[DEBUG] Group '2024_gv80': 1622 rows before, 0 excluded (missing trims: []), 1622 rows in output
[DEBUG] Group '2024_gv80': 1622 rows before, 0 excluded (missing trims: []), 1622 rows in output
[INFO] SHEET COMPLETE | sheet=2024_gv80 | records_in=81 | records_out=3244
[INFO] SHEET START | sheet=2024_ioniq_5
[DEBUG] Group '2024_ioniq_5' (model 'ioniq_5'): routed to manufacturer 'Hyundai'
[DEBUG] Column mapping for '2024_ioniq_5': {'Model_Year_From': 'year_from', 'Model_Year_To': None, 'Model': 'model', 'Trim_1': None, 'Trim_2': None, 'Trim_3': None, 'Accessory_Category_(EN)': None, 'Accessory_Group_(EN)': None, 'Accessory_Description_(EN)': 'english_description', 'Accessory_Category_(FR)': None, 'Accessory_Group_(FR)': None, 'Accessory_Description_(FR)': 'french_description', 'Part_Number': 'part_number', 'DNET': 'dnet', 'MSRP': 'msrp', 'Labour_Rate': 'labour_rate', 'Suggested_Labour_Hours': 'labour_hours', 'Suggested_Base_Retail_Price_w/labour': None, 'Yearly_Rate': None, 'Weekly_Rate': None, '#of_Payments': None, 'Weekly_Payment': None, 'Comments_(EN)': 'comments_en', 'Comments_(FR)': 'comments_fr', 'New_Part_SOS': None, 'Outgoing_Part_Flag': None, 'MAF_Update': None}
[INFO] Group '2024_ioniq_5': identified 3 trim column(s): ['Trim_1', 'Trim_2', 'Trim_3']
[DEBUG] Valid trim cols for '2024_ioniq_5': ['Trim_1', 'Trim_2', 'Trim_3']
[DEBUG] Group '2024_ioniq_5': extracted vehicle_year=2024
[DEBUG] 81 records -> 223 after melt
[INFO] Step 4.5: model_lookup enrichment | sheet='2024_ioniq_5'
[DEBUG] Group '2024_ioniq_5': Unique trims identified: ['Lux', 'Pref', 'Ult']
[DEBUG] Group '2024_ioniq_5': model_keywords from data=['ioniq', '5'], fuel_type=None
[DEBUG] Group '2024_ioniq_5' trim 'Lux': Searching with keywords=['ioniq', '5', 'lux']
[DEBUG] Translated keywords: ['ioniq', '5', 'lux'] \u2192 ['ioniq', '5', 'luxury']
[WARNING] Unclassified tokens: ['5']
[DEBUG] Classified tokens: {'MODEL': ['ioniq'], 'TRIM': ['luxury']}
[DEBUG] After filtering ignored categories ['INTERIOR', 'EXTERIOR_COLOR']: {'MODEL': ['ioniq'], 'TRIM': ['luxury']}
[DEBUG] Score: 15 (minimum: 12)
[DEBUG] Database search returned 2 candidates
[DEBUG] Confidence: 0.00
[WARNING] Unclassified tokens: ['5', 'long', 'range', 'with']
[WARNING] Unclassified tokens: ['5', 'long', 'range', 'with']
[DEBUG] Resolved 2 candidates to single vehicle with multiple model numbers (ignoring ['INTERIOR', 'EXTERIOR_COLOR']): ['I5EW5ZE2PRLP', 'I51SEAEME2AZ']
[DEBUG]   [OK] Found model_number(s)=['I5EW5ZE2PRLP', 'I51SEAEME2AZ'] confidence=0.23 for Hyundai 2024 Lux
[DEBUG] Group '2024_ioniq_5' trim 'Pref': Searching with keywords=['ioniq', '5', 'pref']
[DEBUG] Translated keywords: ['ioniq', '5', 'pref'] \u2192 ['ioniq', '5', 'preferred']
[WARNING] Unclassified tokens: ['5']
[DEBUG] Classified tokens: {'MODEL': ['ioniq'], 'TRIM': ['preferred']}
[DEBUG] After filtering ignored categories ['INTERIOR', 'EXTERIOR_COLOR']: {'MODEL': ['ioniq'], 'TRIM': ['preferred']}
[DEBUG] Score: 15 (minimum: 12)
[DEBUG] Database search returned 16 candidates
[DEBUG] Confidence: 0.00
[WARNING] Unclassified tokens: ['5', 'long', 'range']
[WARNING] Unclassified tokens: ['5', 'long', 'range']
[WARNING] Unclassified tokens: ['5', 'long', 'range', 'with']
[WARNING] Unclassified tokens: ['5', 'long', 'range', 'with']
[WARNING] Unclassified tokens: ['6', 'long', 'range']
[WARNING] Unclassified tokens: ['6', 'long', 'range']
[WARNING] Unclassified tokens: ['6', 'long', 'range', 'with']
[WARNING] Unclassified tokens: ['6', 'long', 'range', 'with']
[WARNING] Unclassified tokens: ['5', 'long', 'range']
[WARNING] Unclassified tokens: ['5', 'long', 'range']
[WARNING] Unclassified tokens: ['5', 'long', 'range', 'with']
[WARNING] Unclassified tokens: ['5', 'long', 'range', 'with']
[WARNING] Unclassified tokens: ['6', 'long', 'range']
[WARNING] Unclassified tokens: ['6', 'long', 'range']
[WARNING] Unclassified tokens: ['6', 'long', 'range', 'with']
[WARNING] Unclassified tokens: ['6', 'long', 'range', 'with']
[DEBUG] Accepted 16 candidates with unique model numbers (variant handling): ['I5EW5ZE4PRLR', 'I5EW5ZE2PRLR', 'I5EW5ZE2PRLP', 'I5EW5ZE2PRUP', 'I6ES4ZE4PRLR', 'I6ES4ZE2PRLR', 'I6ES4ZE4PRUP', 'I6ES4ZE2PRUP', 'I51SEREME2AK', 'I51SEAEME2AK', 'I51SEAEME2AZ', 'I51SEAEME2AV', 'I614EREME2AK', 'I614EAEME2AK', 'I614EREME2AV', 'I614EAEME2AV']
[DEBUG]   [OK] Found model_number(s)=['I5EW5ZE4PRLR', 'I5EW5ZE2PRLR', 'I5EW5ZE2PRLP', 'I5EW5ZE2PRUP', 'I6ES4ZE4PRLR', 'I6ES4ZE2PRLR', 'I6ES4ZE4PRUP', 'I6ES4ZE2PRUP', 'I51SEREME2AK', 'I51SEAEME2AK', 'I51SEAEME2AZ', 'I51SEAEME2AV', 'I614EREME2AK', 'I614EAEME2AK', 'I614EREME2AV', 'I614EAEME2AV'] confidence=0.00 for Hyundai 2024 Pref
[DEBUG] Group '2024_ioniq_5' trim 'Ult': Searching with keywords=['ioniq', '5', 'ult']
[DEBUG] Translated keywords: ['ioniq', '5', 'ult'] \u2192 ['ioniq', '5', 'ultimate']
[WARNING] Unclassified tokens: ['5']
[DEBUG] Classified tokens: {'MODEL': ['ioniq'], 'TRIM': ['ultimate']}
[DEBUG] After filtering ignored categories ['INTERIOR', 'EXTERIOR_COLOR']: {'MODEL': ['ioniq'], 'TRIM': ['ultimate']}
[DEBUG] Score: 15 (minimum: 12)
[DEBUG] Database search returned 6 candidates
[DEBUG] Confidence: 0.00
[WARNING] Unclassified tokens: ['5', 'long', 'range', 'with']
[WARNING] Unclassified tokens: ['6', 'long', 'range', 'with']
[WARNING] Unclassified tokens: ['6', 'long', 'range', 'with']
[WARNING] Unclassified tokens: ['5', 'long', 'range', 'with']
[WARNING] Unclassified tokens: ['6', 'long', 'range', 'with']
[WARNING] Unclassified tokens: ['6', 'long', 'range', 'with']
[DEBUG] Accepted 6 candidates with unique model numbers (variant handling): ['I5EW5ZE2PRUP', 'I6ES4ZE4PRUP', 'I6ES4ZE2PRUP', 'I51SEAEME2AV', 'I614EREME2AV', 'I614EAEME2AV']
[DEBUG]   [OK] Found model_number(s)=['I5EW5ZE2PRUP', 'I6ES4ZE4PRUP', 'I6ES4ZE2PRUP', 'I51SEAEME2AV', 'I614EREME2AV', 'I614EAEME2AV'] confidence=0.00 for Hyundai 2024 Ult
[DEBUG] Group '2024_ioniq_5': 1792 rows before, 0 excluded (missing trims: []), 1792 rows in output
[DEBUG] Group '2024_ioniq_5': 1792 rows before, 0 excluded (missing trims: []), 1792 rows in output
[INFO] SHEET COMPLETE | sheet=2024_ioniq_5 | records_in=81 | records_out=3584
[INFO] SHEET START | sheet=2024_ioniq_6
[DEBUG] Group '2024_ioniq_6' (model 'ioniq_6'): routed to manufacturer 'Hyundai'
[DEBUG] Column mapping for '2024_ioniq_6': {'Model_Year_From': 'year_from', 'Model_Year_To': None, 'Model': 'model', 'Trim_1': None, 'Trim_2': None, 'Accessory_Category_(EN)': None, 'Accessory_Group_(EN)': None, 'Accessory_Description_(EN)': 'english_description', 'Accessory_Category_(FR)': None, 'Accessory_Group_(FR)': None, 'Accessory_Description_(FR)': 'french_description', 'Part_Number': 'part_number', 'DNET': 'dnet', 'MSRP': 'msrp', 'Labour_Rate': 'labour_rate', 'Suggested_Labour_Hours': 'labour_hours', 'Suggested_Base_Retail_Price_w/labour': None, 'Yearly_Rate': None, 'Weekly_Rate': None, '#of_Payments': None, 'Weekly_Payment': None, 'Comments_(EN)': 'comments_en', 'Comments_(FR)': 'comments_fr', 'New_Part_SOS': None, 'Outgoing_Part_Flag': None}
[INFO] Group '2024_ioniq_6': identified 2 trim column(s): ['Trim_1', 'Trim_2']
[DEBUG] Valid trim cols for '2024_ioniq_6': ['Trim_1', 'Trim_2']
[DEBUG] Group '2024_ioniq_6': extracted vehicle_year=2024
[DEBUG] 41 records -> 82 after melt
[INFO] Step 4.5: model_lookup enrichment | sheet='2024_ioniq_6'
[DEBUG] Group '2024_ioniq_6': Unique trims identified: ['Pref', 'Ult']
[DEBUG] Group '2024_ioniq_6': model_keywords from data=['ioniq', '6'], fuel_type=None
[DEBUG] Group '2024_ioniq_6' trim 'Pref': Searching with keywords=['ioniq', '6', 'pref']
[DEBUG] Translated keywords: ['ioniq', '6', 'pref'] \u2192 ['ioniq', '6', 'preferred']
[WARNING] Unclassified tokens: ['6']
[DEBUG] Classified tokens: {'MODEL': ['ioniq'], 'TRIM': ['preferred']}
[DEBUG] After filtering ignored categories ['INTERIOR', 'EXTERIOR_COLOR']: {'MODEL': ['ioniq'], 'TRIM': ['preferred']}
[DEBUG] Score: 15 (minimum: 12)
[DEBUG] Database search returned 16 candidates
[DEBUG] Confidence: 0.00
[WARNING] Unclassified tokens: ['5', 'long', 'range']
[WARNING] Unclassified tokens: ['5', 'long', 'range']
[WARNING] Unclassified tokens: ['5', 'long', 'range', 'with']
[WARNING] Unclassified tokens: ['5', 'long', 'range', 'with']
[WARNING] Unclassified tokens: ['6', 'long', 'range']
[WARNING] Unclassified tokens: ['6', 'long', 'range']
[WARNING] Unclassified tokens: ['6', 'long', 'range', 'with']
[WARNING] Unclassified tokens: ['6', 'long', 'range', 'with']
[WARNING] Unclassified tokens: ['5', 'long', 'range']
[WARNING] Unclassified tokens: ['5', 'long', 'range']
[WARNING] Unclassified tokens: ['5', 'long', 'range', 'with']
[WARNING] Unclassified tokens: ['5', 'long', 'range', 'with']
[WARNING] Unclassified tokens: ['6', 'long', 'range']
[WARNING] Unclassified tokens: ['6', 'long', 'range']
[WARNING] Unclassified tokens: ['6', 'long', 'range', 'with']
[WARNING] Unclassified tokens: ['6', 'long', 'range', 'with']
[DEBUG] Accepted 16 candidates with unique model numbers (variant handling): ['I5EW5ZE4PRLR', 'I5EW5ZE2PRLR', 'I5EW5ZE2PRLP', 'I5EW5ZE2PRUP', 'I6ES4ZE4PRLR', 'I6ES4ZE2PRLR', 'I6ES4ZE4PRUP', 'I6ES4ZE2PRUP', 'I51SEREME2AK', 'I51SEAEME2AK', 'I51SEAEME2AZ', 'I51SEAEME2AV', 'I614EREME2AK', 'I614EAEME2AK', 'I614EREME2AV', 'I614EAEME2AV']
[DEBUG]   [OK] Found model_number(s)=['I5EW5ZE4PRLR', 'I5EW5ZE2PRLR', 'I5EW5ZE2PRLP', 'I5EW5ZE2PRUP', 'I6ES4ZE4PRLR', 'I6ES4ZE2PRLR', 'I6ES4ZE4PRUP', 'I6ES4ZE2PRUP', 'I51SEREME2AK', 'I51SEAEME2AK', 'I51SEAEME2AZ', 'I51SEAEME2AV', 'I614EREME2AK', 'I614EAEME2AK', 'I614EREME2AV', 'I614EAEME2AV'] confidence=0.00 for Hyundai 2024 Pref
[DEBUG] Group '2024_ioniq_6' trim 'Ult': Searching with keywords=['ioniq', '6', 'ult']
[DEBUG] Translated keywords: ['ioniq', '6', 'ult'] \u2192 ['ioniq', '6', 'ultimate']
[WARNING] Unclassified tokens: ['6']
[DEBUG] Classified tokens: {'MODEL': ['ioniq'], 'TRIM': ['ultimate']}
[DEBUG] After filtering ignored categories ['INTERIOR', 'EXTERIOR_COLOR']: {'MODEL': ['ioniq'], 'TRIM': ['ultimate']}
[DEBUG] Score: 15 (minimum: 12)
[DEBUG] Database search returned 6 candidates
[DEBUG] Confidence: 0.00
[WARNING] Unclassified tokens: ['5', 'long', 'range', 'with']
[WARNING] Unclassified tokens: ['6', 'long', 'range', 'with']
[WARNING] Unclassified tokens: ['6', 'long', 'range', 'with']
[WARNING] Unclassified tokens: ['5', 'long', 'range', 'with']
[WARNING] Unclassified tokens: ['6', 'long', 'range', 'with']
[WARNING] Unclassified tokens: ['6', 'long', 'range', 'with']
[DEBUG] Accepted 6 candidates with unique model numbers (variant handling): ['I5EW5ZE2PRUP', 'I6ES4ZE4PRUP', 'I6ES4ZE2PRUP', 'I51SEAEME2AV', 'I614EREME2AV', 'I614EAEME2AV']
[DEBUG]   [OK] Found model_number(s)=['I5EW5ZE2PRUP', 'I6ES4ZE4PRUP', 'I6ES4ZE2PRUP', 'I51SEAEME2AV', 'I614EREME2AV', 'I614EAEME2AV'] confidence=0.00 for Hyundai 2024 Ult
[DEBUG] Group '2024_ioniq_6': 902 rows before, 0 excluded (missing trims: []), 902 rows in output
[DEBUG] Group '2024_ioniq_6': 902 rows before, 0 excluded (missing trims: []), 902 rows in output
[INFO] SHEET COMPLETE | sheet=2024_ioniq_6 | records_in=41 | records_out=1804
[INFO] SHEET START | sheet=2024_kona
[DEBUG] Group '2024_kona' (model 'kona'): routed to manufacturer 'Hyundai'
[DEBUG] Column mapping for '2024_kona': {'Model_Year_From': 'year_from', 'Model_Year_To': None, 'Model': 'model', 'Trim_1': None, 'Trim_2': None, 'Trim_3': None, 'Trim_4': None, 'Trim_5': None, 'Accessory_Category_(EN)': None, 'Accessory_Group_(EN)': None, 'Accessory_Description_(EN)': 'english_description', 'Accessory_Category_(FR)': None, 'Accessory_Group_(FR)': None, 'Accessory_Description_(FR)': 'french_description', 'Part_Number': 'part_number', 'DNET': 'dnet', 'MSRP': 'msrp', 'Labour_Rate': 'labour_rate', 'Suggested_Labour_Hours': 'labour_hours', 'Suggested_Base_Retail_Price_w/labour': None, 'Yearly_Rate': None, 'Weekly_Rate': None, '#of_Payments': None, 'Weekly_Payment': None, 'Comments_(EN)': 'comments_en', 'Comments_(FR)': 'comments_fr', 'New_Part_SOS': None, 'Outgoing_Part_Flag': None}
[INFO] Group '2024_kona': identified 5 trim column(s): ['Trim_1', 'Trim_2', 'Trim_3', 'Trim_4', 'Trim_5']
[DEBUG] Valid trim cols for '2024_kona': ['Trim_1', 'Trim_2', 'Trim_3', 'Trim_4', 'Trim_5']
[DEBUG] Group '2024_kona': extracted vehicle_year=2024
[DEBUG] 90 records -> 406 after melt
[INFO] Step 4.5: model_lookup enrichment | sheet='2024_kona'
[DEBUG] Group '2024_kona': Unique trims identified: ['Ess', 'N-Line', 'N-Line Ult', 'Pref', 'Trend']
[DEBUG] Group '2024_kona': model_keywords from data=['kona'], fuel_type=None
[DEBUG] Group '2024_kona' trim 'Ess': Searching with keywords=['kona', 'ess']
[DEBUG] Translated keywords: ['kona', 'ess'] \u2192 ['kona', 'essential']
[DEBUG] Classified tokens: {'MODEL': ['kona'], 'TRIM': ['essential']}
[DEBUG] After filtering ignored categories ['INTERIOR', 'EXTERIOR_COLOR']: {'MODEL': ['kona'], 'TRIM': ['essential']}
[DEBUG] Score: 15 (minimum: 12)
[DEBUG] Database search returned 4 candidates
[DEBUG] Confidence: 0.00
[DEBUG] Accepted 4 candidates with unique model numbers (variant handling): ['KOCW5V2BES00', 'KOCW5Q2BES00', 'KO2SAF20A100', 'KO2SAA20A100']
[DEBUG]   [OK] Found model_number(s)=['KOCW5V2BES00', 'KOCW5Q2BES00', 'KO2SAF20A100', 'KO2SAA20A100'] confidence=0.00 for Hyundai 2024 Ess
[DEBUG] Group '2024_kona' trim 'N-Line': Searching with keywords=['kona', 'n-line']
[DEBUG] Translated keywords: ['kona', 'n-line'] \u2192 ['kona', 'n-line']
[DEBUG] Classified tokens: {'MODEL': ['kona'], 'TRIM_VARIANT': ['n-line']}
[DEBUG] After filtering ignored categories ['INTERIOR', 'EXTERIOR_COLOR']: {'MODEL': ['kona'], 'TRIM_VARIANT': ['n-line']}
[DEBUG] Score: 16 (minimum: 12)
[DEBUG] Database search returned 0 candidates
[DEBUG] Confidence: 0.00
[WARNING]   [NOT_FOUND] Hyundai 2024 N-Line keywords=['kona', 'n-line']
[DEBUG] Group '2024_kona' trim 'N-Line Ult': Searching with keywords=['kona', 'n-line', 'ult']
[DEBUG] Translated keywords: ['kona', 'n-line', 'ult'] \u2192 ['kona', 'n-line', 'ultimate']
[DEBUG] Classified tokens: {'MODEL': ['kona'], 'TRIM_VARIANT': ['n-line'], 'TRIM': ['ultimate']}
[DEBUG] After filtering ignored categories ['INTERIOR', 'EXTERIOR_COLOR']: {'MODEL': ['kona'], 'TRIM_VARIANT': ['n-line'], 'TRIM': ['ultimate']}
[DEBUG] Score: 21 (minimum: 12)
[DEBUG] Database search returned 0 candidates
[DEBUG] Confidence: 0.00
[WARNING]   [NOT_FOUND] Hyundai 2024 N-Line Ult keywords=['kona', 'n-line', 'ult']
[DEBUG] Group '2024_kona' trim 'Pref': Searching with keywords=['kona', 'pref']
[DEBUG] Translated keywords: ['kona', 'pref'] \u2192 ['kona', 'preferred']
[DEBUG] Classified tokens: {'MODEL': ['kona'], 'TRIM': ['preferred']}
[DEBUG] After filtering ignored categories ['INTERIOR', 'EXTERIOR_COLOR']: {'MODEL': ['kona'], 'TRIM': ['preferred']}
[DEBUG] Score: 15 (minimum: 12)
[DEBUG] Database search returned 6 candidates
[DEBUG] Confidence: 0.00
[WARNING] Unclassified tokens: ['with']
[WARNING] Unclassified tokens: ['with']
[DEBUG] Accepted 6 candidates with unique model numbers (variant handling): ['KOCW5V2BPR00', 'KOCW5Q2BPR00', 'KOCW5Q2BPRTR', 'KO2SAF20A200', 'KO2SAA20A200', 'KO2SAA20A241']
[DEBUG]   [OK] Found model_number(s)=['KOCW5V2BPR00', 'KOCW5Q2BPR00', 'KOCW5Q2BPRTR', 'KO2SAF20A200', 'KO2SAA20A200', 'KO2SAA20A241'] confidence=0.00 for Hyundai 2024 Pref
[DEBUG] Group '2024_kona' trim 'Trend': Searching with keywords=['kona', 'trend']
[DEBUG] Translated keywords: ['kona', 'trend'] \u2192 ['kona', 'trend']
[DEBUG] Classified tokens: {'MODEL': ['kona'], 'TRIM': ['trend']}
[DEBUG] After filtering ignored categories ['INTERIOR', 'EXTERIOR_COLOR']: {'MODEL': ['kona'], 'TRIM': ['trend']}
[DEBUG] Score: 15 (minimum: 12)
[DEBUG] Database search returned 2 candidates
[DEBUG] Confidence: 0.00
[WARNING] Unclassified tokens: ['with']
[WARNING] Unclassified tokens: ['with']
[DEBUG] Resolved 2 candidates to single vehicle with multiple model numbers (ignoring ['INTERIOR', 'EXTERIOR_COLOR']): ['KOCW5Q2BPRTR', 'KO2SAA20A241']
[DEBUG]   [OK] Found model_number(s)=['KOCW5Q2BPRTR', 'KO2SAA20A241'] confidence=0.23 for Hyundai 2024 Trend
[DEBUG] Group '2024_kona': 1130 rows before, 164 excluded (missing trims: ['N-Line', 'N-Line Ult']), 966 rows in output
[DEBUG] Group '2024_kona': 1130 rows before, 164 excluded (missing trims: ['N-Line', 'N-Line Ult']), 966 rows in output
[INFO] SHEET COMPLETE | sheet=2024_kona | records_in=90 | records_out=1932
[INFO] SHEET START | sheet=2024_kona_ev
[DEBUG] Group '2024_kona_ev' (model 'kona_ev'): routed to manufacturer 'Hyundai'
[DEBUG] Column mapping for '2024_kona_ev': {'Model_Year_From': 'year_from', 'Model_Year_To': None, 'Model': 'model', 'Trim_1': None, 'Trim_2': None, 'Accessory_Category_(EN)': None, 'Accessory_Group_(EN)': None, 'Accessory_Description_(EN)': 'english_description', 'Accessory_Category_(FR)': None, 'Accessory_Group_(FR)': None, 'Accessory_Description_(FR)': 'french_description', 'Part_Number': 'part_number', 'DNET': 'dnet', 'MSRP': 'msrp', 'Labour_Rate': 'labour_rate', 'Suggested_Labour_Hours': 'labour_hours', 'Suggested_Base_Retail_Price_w/labour': None, 'Yearly_Rate': None, 'Weekly_Rate': None, '#of_Payments': None, 'Weekly_Payment': None, 'Comments_(EN)': 'comments_en', 'Comments_(FR)': 'comments_fr', 'New_Part_SOS': None, 'Outgoing_Part_Flag': None}
[INFO] Group '2024_kona_ev': identified 2 trim column(s): ['Trim_1', 'Trim_2']
[DEBUG] Valid trim cols for '2024_kona_ev': ['Trim_1', 'Trim_2']
[DEBUG] Group '2024_kona_ev': extracted vehicle_year=2024
[DEBUG] 73 records -> 145 after melt
[INFO] Step 4.5: model_lookup enrichment | sheet='2024_kona_ev'
[DEBUG] Group '2024_kona_ev': Unique trims identified: ['Pref', 'Ult']
[DEBUG] Group '2024_kona_ev': model_keywords from data=['kona', 'ev'], fuel_type=None
[DEBUG] Group '2024_kona_ev' trim 'Pref': Searching with keywords=['kona', 'ev', 'pref']
[DEBUG] Translated keywords: ['kona', 'ev', 'pref'] \u2192 ['kona', 'electric', 'preferred']
[DEBUG] Classified tokens: {'MODEL': ['kona'], 'POWERTRAIN_TYPE': ['electric'], 'TRIM': ['preferred']}
[DEBUG] After filtering ignored categories ['INTERIOR', 'EXTERIOR_COLOR']: {'MODEL': ['kona'], 'POWERTRAIN_TYPE': ['electric'], 'TRIM': ['preferred']}
[DEBUG] Score: 25 (minimum: 12)
[DEBUG] Database search returned 2 candidates
[DEBUG] Confidence: 0.00
[DEBUG] Resolved 2 candidates to single vehicle with multiple model numbers (ignoring ['INTERIOR', 'EXTERIOR_COLOR']): ['KEEW5ZE4PR00', 'KE1SEFEME200']
[DEBUG]   [OK] Found model_number(s)=['KEEW5ZE4PR00', 'KE1SEFEME200'] confidence=0.39 for Hyundai 2024 Pref
[DEBUG] Group '2024_kona_ev' trim 'Ult': Searching with keywords=['kona', 'ev', 'ult']
[DEBUG] Translated keywords: ['kona', 'ev', 'ult'] \u2192 ['kona', 'electric', 'ultimate']
[DEBUG] Classified tokens: {'MODEL': ['kona'], 'POWERTRAIN_TYPE': ['electric'], 'TRIM': ['ultimate']}
[DEBUG] After filtering ignored categories ['INTERIOR', 'EXTERIOR_COLOR']: {'MODEL': ['kona'], 'POWERTRAIN_TYPE': ['electric'], 'TRIM': ['ultimate']}
[DEBUG] Score: 25 (minimum: 12)
[DEBUG] Database search returned 6 candidates
[DEBUG] Confidence: 0.00
[WARNING] Unclassified tokens: ['w/', 'ext.']
[WARNING] Unclassified tokens: ['w/', 'int.']
[WARNING] Unclassified tokens: ['w/', 'ext.']
[WARNING] Unclassified tokens: ['w/', 'int.']
[DEBUG] Resolved 6 candidates to single vehicle with multiple model numbers (ignoring ['INTERIOR', 'EXTERIOR_COLOR']): ['KEEW5ZE4UL00', 'KEEW5ZE4ULTT', 'KEEW5ZE4ULBF', 'KE1SEFEME400', 'KE2SEFEME466', 'KE2SEFEME4BF']
[DEBUG]   [OK] Found model_number(s)=['KEEW5ZE4UL00', 'KEEW5ZE4ULTT', 'KEEW5ZE4ULBF', 'KE1SEFEME400', 'KE2SEFEME466', 'KE2SEFEME4BF'] confidence=0.39 for Hyundai 2024 Ult
[DEBUG] Group '2024_kona_ev': 582 rows before, 0 excluded (missing trims: []), 582 rows in output
[DEBUG] Group '2024_kona_ev': 582 rows before, 0 excluded (missing trims: []), 582 rows in output
[INFO] SHEET COMPLETE | sheet=2024_kona_ev | records_in=73 | records_out=1164
[INFO] SHEET START | sheet=2024_palisade
[DEBUG] Group '2024_palisade' (model 'palisade'): routed to manufacturer 'Hyundai'
[DEBUG] Column mapping for '2024_palisade': {'Model_Year_From': 'year_from', 'Model_Year_To': None, 'Model': 'model', 'Trim_1': None, 'Trim_2': None, 'Trim_3': None, 'Accessory_Category_(EN)': None, 'Accessory_Group_(EN)': None, 'Accessory_Description_(EN)': 'english_description', 'Accessory_Category_(FR)': None, 'Accessory_Group_(FR)': None, 'Accessory_Description_(FR)': 'french_description', 'Part_Number': 'part_number', 'DNET': 'dnet', 'MSRP': 'msrp', 'Labour_Rate': 'labour_rate', 'Suggested_Labour_Hours': 'labour_hours', 'Suggested_Base_Retail_Price_w/labour': None, 'Yearly_Rate': None, 'Weekly_Rate': None, '#of_Payments': None, 'Weekly_Payment': None, 'Comments_(EN)': 'comments_en', 'Comments_(FR)': 'comments_fr', 'New_Part_SOS': None, 'Outgoing_Part_Flag': None}
[INFO] Group '2024_palisade': identified 3 trim column(s): ['Trim_1', 'Trim_2', 'Trim_3']
[DEBUG] Valid trim cols for '2024_palisade': ['Trim_1', 'Trim_2', 'Trim_3']
[DEBUG] Group '2024_palisade': extracted vehicle_year=2024
[DEBUG] 95 records -> 270 after melt
[INFO] Step 4.5: model_lookup enrichment | sheet='2024_palisade'
[DEBUG] Group '2024_palisade': Unique trims identified: ['Calli', 'Pref', 'Urban']
[DEBUG] Group '2024_palisade': model_keywords from data=['palisade'], fuel_type=None
[DEBUG] Group '2024_palisade' trim 'Calli': Searching with keywords=['palisade', 'calli']
[DEBUG] Translated keywords: ['palisade', 'calli'] \u2192 ['palisade', 'calligraphy']
[DEBUG] Classified tokens: {'MODEL': ['palisade'], 'TRIM': ['calligraphy']}
[DEBUG] After filtering ignored categories ['INTERIOR', 'EXTERIOR_COLOR']: {'MODEL': ['palisade'], 'TRIM': ['calligraphy']}
[DEBUG] Score: 15 (minimum: 12)
[DEBUG] Database search returned 0 candidates
[DEBUG] Confidence: 0.00
[WARNING]   [NOT_FOUND] Hyundai 2024 Calli keywords=['palisade', 'calli']
[DEBUG] Group '2024_palisade' trim 'Pref': Searching with keywords=['palisade', 'pref']
[DEBUG] Translated keywords: ['palisade', 'pref'] \u2192 ['palisade', 'preferred']
[DEBUG] Classified tokens: {'MODEL': ['palisade'], 'TRIM': ['preferred']}
[DEBUG] After filtering ignored categories ['INTERIOR', 'EXTERIOR_COLOR']: {'MODEL': ['palisade'], 'TRIM': ['preferred']}
[DEBUG] Score: 15 (minimum: 12)
[DEBUG] Database search returned 2 candidates
[DEBUG] Confidence: 0.00
[DEBUG] Resolved 2 candidates to single vehicle with multiple model numbers (ignoring ['INTERIOR', 'EXTERIOR_COLOR']): ['PACW8K3DPR00', 'PA1LAA38B200']
[DEBUG]   [OK] Found model_number(s)=['PACW8K3DPR00', 'PA1LAA38B200'] confidence=0.23 for Hyundai 2024 Pref
[DEBUG] Group '2024_palisade' trim 'Urban': Searching with keywords=['palisade', 'urban']
[DEBUG] Translated keywords: ['palisade', 'urban'] \u2192 ['palisade', 'urban']
[DEBUG] Classified tokens: {'MODEL': ['palisade'], 'TRIM': ['urban']}
[DEBUG] After filtering ignored categories ['INTERIOR', 'EXTERIOR_COLOR']: {'MODEL': ['palisade'], 'TRIM': ['urban']}
[DEBUG] Score: 15 (minimum: 12)
[DEBUG] Database search returned 4 candidates
[DEBUG] Confidence: 0.00
[WARNING] Unclassified tokens: ['8-pass']
[WARNING] Unclassified tokens: ['7-pass']
[WARNING] Unclassified tokens: ['8-pass']
[WARNING] Unclassified tokens: ['7-pass']
[DEBUG] Resolved 4 candidates to single vehicle with multiple model numbers (ignoring ['INTERIOR', 'EXTERIOR_COLOR']): ['PACW8K3DUR00', 'PACW7K3DUR91', 'PA1LAA38BY00', 'PA1LAA38BY91']
[DEBUG]   [OK] Found model_number(s)=['PACW8K3DUR00', 'PACW7K3DUR91', 'PA1LAA38BY00', 'PA1LAA38BY91'] confidence=0.23 for Hyundai 2024 Urban
[DEBUG] Group '2024_palisade': 626 rows before, 92 excluded (missing trims: ['Calli']), 534 rows in output
[DEBUG] Group '2024_palisade': 626 rows before, 92 excluded (missing trims: ['Calli']), 534 rows in output
[INFO] SHEET COMPLETE | sheet=2024_palisade | records_in=95 | records_out=1068
[INFO] SHEET START | sheet=2024_santa_cruz
[DEBUG] Group '2024_santa_cruz' (model 'santa_cruz'): routed to manufacturer 'Hyundai'
[DEBUG] Column mapping for '2024_santa_cruz': {'Model_Year_From': 'year_from', 'Model_Year_To': None, 'Model': 'model', 'Trim_1': None, 'Trim_2': None, 'Trim_3': None, 'Accessory_Category_(EN)': None, 'Accessory_Group_(EN)': None, 'Accessory_Description_(EN)': 'english_description', 'Accessory_Category_(FR)': None, 'Accessory_Group_(FR)': None, 'Accessory_Description_(FR)': 'french_description', 'Part_Number': 'part_number', 'DNET': 'dnet', 'MSRP': 'msrp', 'Labour_Rate': 'labour_rate', 'Suggested_Labour_Hours': 'labour_hours', 'Suggested_Base_Retail_Price_w/labour': None, 'Yearly_Rate': None, 'Weekly_Rate': None, '#of_Payments': None, 'Weekly_Payment': None, 'Comments_(EN)': 'comments_en', 'Comments_(FR)': 'comments_fr', 'New_Part_SOS': None, 'Outgoing_Part_Flag': None}
[INFO] Group '2024_santa_cruz': identified 3 trim column(s): ['Trim_1', 'Trim_2', 'Trim_3']
[DEBUG] Valid trim cols for '2024_santa_cruz': ['Trim_1', 'Trim_2', 'Trim_3']
[DEBUG] Group '2024_santa_cruz': extracted vehicle_year=2024
[DEBUG] 96 records -> 283 after melt
[INFO] Step 4.5: model_lookup enrichment | sheet='2024_santa_cruz'
[DEBUG] Group '2024_santa_cruz': Unique trims identified: ['Pref', 'Trend', 'Ult']
[DEBUG] Group '2024_santa_cruz': model_keywords from data=['santa', 'cruz'], fuel_type=None
[DEBUG] Group '2024_santa_cruz' trim 'Pref': Searching with keywords=['santa', 'cruz', 'pref']
[DEBUG] Translated keywords: ['santa', 'cruz', 'pref'] \u2192 ['santa', 'cruz', 'preferred']
[WARNING] Unclassified tokens: ['santa', 'cruz']
[DEBUG] Classified tokens: {'TRIM': ['preferred']}
[DEBUG] After filtering ignored categories ['INTERIOR', 'EXTERIOR_COLOR']: {'TRIM': ['preferred']}
[DEBUG] Search validation failed: No MODEL token in search
[WARNING]   [NOT_FOUND] Hyundai 2024 Pref keywords=['santa', 'cruz', 'pref']
[DEBUG] Group '2024_santa_cruz' trim 'Trend': Searching with keywords=['santa', 'cruz', 'trend']
[DEBUG] Translated keywords: ['santa', 'cruz', 'trend'] \u2192 ['santa', 'cruz', 'trend']
[WARNING] Unclassified tokens: ['santa', 'cruz']
[DEBUG] Classified tokens: {'TRIM': ['trend']}
[DEBUG] After filtering ignored categories ['INTERIOR', 'EXTERIOR_COLOR']: {'TRIM': ['trend']}
[DEBUG] Search validation failed: No MODEL token in search
[WARNING]   [NOT_FOUND] Hyundai 2024 Trend keywords=['santa', 'cruz', 'trend']
[DEBUG] Group '2024_santa_cruz' trim 'Ult': Searching with keywords=['santa', 'cruz', 'ult']
[DEBUG] Translated keywords: ['santa', 'cruz', 'ult'] \u2192 ['santa', 'cruz', 'ultimate']
[WARNING] Unclassified tokens: ['santa', 'cruz']
[DEBUG] Classified tokens: {'TRIM': ['ultimate']}
[DEBUG] After filtering ignored categories ['INTERIOR', 'EXTERIOR_COLOR']: {'TRIM': ['ultimate']}
[DEBUG] Search validation failed: No MODEL token in search
[WARNING]   [NOT_FOUND] Hyundai 2024 Ult keywords=['santa', 'cruz', 'ult']
[DEBUG] Group '2024_santa_cruz': 283 rows before, 283 excluded (missing trims: ['Pref', 'Trend', 'Ult']), 0 rows in output
[DEBUG] Group '2024_santa_cruz': 283 rows before, 283 excluded (missing trims: ['Pref', 'Trend', 'Ult']), 0 rows in output
[INFO] SHEET COMPLETE | sheet=2024_santa_cruz | records_in=96 | records_out=0
[INFO] SHEET START | sheet=2024_santa_fe
[DEBUG] Group '2024_santa_fe' (model 'santa_fe'): routed to manufacturer 'Hyundai'
[DEBUG] Column mapping for '2024_santa_fe': {'Model_Year_From': 'year_from', 'Model_Year_To': None, 'Model': 'model', 'Trim_1': None, 'Trim_2': None, 'Trim_3': None, 'Trim_4': None, 'Trim_5': None, 'Trim_6': None, 'Accessory_Category_(EN)': None, 'Accessory_Group_(EN)': None, 'Accessory_Description_(EN)': 'english_description', 'Accessory_Category_(FR)': None, 'Accessory_Group_(FR)': None, 'Accessory_Description_(FR)': 'french_description', 'Part_Number': 'part_number', 'DNET': 'dnet', 'MSRP': 'msrp', 'Labour_Rate': 'labour_rate', 'Suggested_Labour_Hours': 'labour_hours', 'Suggested_Base_Retail_Price_w/labour': None, 'Yearly_Rate': None, 'Weekly_Rate': None, '#of_Payments': None, 'Weekly_Payment': None, 'Comments_(EN)': 'comments_en', 'Comments_(FR)': 'comments_fr', 'New_Part_SOS': None, 'Outgoing_Part_Flag': None, 'MAF_Update': None}
[INFO] Group '2024_santa_fe': identified 6 trim column(s): ['Trim_1', 'Trim_2', 'Trim_3', 'Trim_4', 'Trim_5', 'Trim_6']
[DEBUG] Valid trim cols for '2024_santa_fe': ['Trim_1', 'Trim_2', 'Trim_3', 'Trim_4', 'Trim_5', 'Trim_6']
[DEBUG] Group '2024_santa_fe': extracted vehicle_year=2024
[DEBUG] 107 records -> 531 after melt
[INFO] Step 4.5: model_lookup enrichment | sheet='2024_santa_fe'
[DEBUG] Group '2024_santa_fe': Unique trims identified: ['HEV NHL Ed', 'Lux', 'Pref HEV', 'Pref HEV w/ Trend', 'Ult Calli', 'XRT']
[DEBUG] Group '2024_santa_fe': model_keywords from data=['santa', 'fe'], fuel_type=None
[DEBUG] Group '2024_santa_fe' trim 'HEV NHL Ed': Searching with keywords=['santa', 'fe', 'hev', 'nhl', 'ed']
[DEBUG] Translated keywords: ['santa', 'fe', 'hev', 'nhl', 'ed'] \u2192 ['santa', 'fe', 'hybrid', 'nhl', 'edition']
[WARNING] Unclassified tokens: ['santa', 'fe']
[DEBUG] Classified tokens: {'POWERTRAIN_TYPE': ['hybrid'], 'PACKAGE': ['nhl', 'edition']}
[DEBUG] After filtering ignored categories ['INTERIOR', 'EXTERIOR_COLOR']: {'POWERTRAIN_TYPE': ['hybrid'], 'PACKAGE': ['nhl', 'edition']}
[DEBUG] Search validation failed: No MODEL token in search
[WARNING]   [NOT_FOUND] Hyundai 2024 HEV NHL Ed keywords=['santa', 'fe', 'hev', 'nhl', 'ed']
[DEBUG] Group '2024_santa_fe' trim 'Lux': Searching with keywords=['santa', 'fe', 'lux']
[DEBUG] Translated keywords: ['santa', 'fe', 'lux'] \u2192 ['santa', 'fe', 'luxury']
[WARNING] Unclassified tokens: ['santa', 'fe']
[DEBUG] Classified tokens: {'TRIM': ['luxury']}
[DEBUG] After filtering ignored categories ['INTERIOR', 'EXTERIOR_COLOR']: {'TRIM': ['luxury']}
[DEBUG] Search validation failed: No MODEL token in search
[WARNING]   [NOT_FOUND] Hyundai 2024 Lux keywords=['santa', 'fe', 'lux']
[DEBUG] Group '2024_santa_fe' trim 'Pref HEV': Searching with keywords=['santa', 'fe', 'pref', 'hev']
[DEBUG] Translated keywords: ['santa', 'fe', 'pref', 'hev'] \u2192 ['santa', 'fe', 'preferred', 'hybrid']
[WARNING] Unclassified tokens: ['santa', 'fe']
[DEBUG] Classified tokens: {'TRIM': ['preferred'], 'POWERTRAIN_TYPE': ['hybrid']}
[DEBUG] After filtering ignored categories ['INTERIOR', 'EXTERIOR_COLOR']: {'TRIM': ['preferred'], 'POWERTRAIN_TYPE': ['hybrid']}
[DEBUG] Search validation failed: No MODEL token in search
[WARNING]   [NOT_FOUND] Hyundai 2024 Pref HEV keywords=['santa', 'fe', 'pref', 'hev']
[DEBUG] Group '2024_santa_fe' trim 'Pref HEV w/ Trend': Searching with keywords=['santa', 'fe', 'pref', 'hev', 'w/', 'trend']
[DEBUG] Translated keywords: ['santa', 'fe', 'pref', 'hev', 'w/', 'trend'] \u2192 ['santa', 'fe', 'preferred', 'hybrid', 'with', 'trend']
[WARNING] Unclassified tokens: ['santa', 'fe', 'with']
[DEBUG] Classified tokens: {'TRIM': ['preferred', 'trend'], 'POWERTRAIN_TYPE': ['hybrid']}
[DEBUG] After filtering ignored categories ['INTERIOR', 'EXTERIOR_COLOR']: {'TRIM': ['preferred', 'trend'], 'POWERTRAIN_TYPE': ['hybrid']}
[DEBUG] Search validation failed: No MODEL token in search
[WARNING]   [NOT_FOUND] Hyundai 2024 Pref HEV w/ Trend keywords=['santa', 'fe', 'pref', 'hev', 'w/', 'trend']
[DEBUG] Group '2024_santa_fe' trim 'Ult Calli': Searching with keywords=['santa', 'fe', 'ult', 'calli']
[DEBUG] Translated keywords: ['santa', 'fe', 'ult', 'calli'] \u2192 ['santa', 'fe', 'ultimate', 'calligraphy']
[WARNING] Unclassified tokens: ['santa', 'fe']
[DEBUG] Classified tokens: {'TRIM': ['ultimate', 'calligraphy']}
[DEBUG] After filtering ignored categories ['INTERIOR', 'EXTERIOR_COLOR']: {'TRIM': ['ultimate', 'calligraphy']}
[DEBUG] Search validation failed: No MODEL token in search
[WARNING]   [NOT_FOUND] Hyundai 2024 Ult Calli keywords=['santa', 'fe', 'ult', 'calli']
[DEBUG] Group '2024_santa_fe' trim 'XRT': Searching with keywords=['santa', 'fe', 'xrt']
[DEBUG] Translated keywords: ['santa', 'fe', 'xrt'] \u2192 ['santa', 'fe', 'xrt']
[WARNING] Unclassified tokens: ['santa', 'fe']
[DEBUG] Classified tokens: {'PACKAGE': ['xrt']}
[DEBUG] After filtering ignored categories ['INTERIOR', 'EXTERIOR_COLOR']: {'PACKAGE': ['xrt']}
[DEBUG] Search validation failed: No MODEL token in search
[WARNING]   [NOT_FOUND] Hyundai 2024 XRT keywords=['santa', 'fe', 'xrt']
[DEBUG] Group '2024_santa_fe': 531 rows before, 531 excluded (missing trims: ['HEV NHL Ed', 'Lux', 'Pref HEV', 'Pref HEV w/ Trend', 'Ult Calli', 'XRT']), 0 rows in output
[DEBUG] Group '2024_santa_fe': 531 rows before, 531 excluded (missing trims: ['HEV NHL Ed', 'Lux', 'Pref HEV', 'Pref HEV w/ Trend', 'Ult Calli', 'XRT']), 0 rows in output
[INFO] SHEET COMPLETE | sheet=2024_santa_fe | records_in=107 | records_out=0
[INFO] SHEET START | sheet=2024_sonata
[DEBUG] Group '2024_sonata' (model 'sonata'): routed to manufacturer 'Hyundai'
[DEBUG] Column mapping for '2024_sonata': {'Model_Year_From': 'year_from', 'Model_Year_To': None, 'Model': 'model', 'Trim_1': None, 'Trim_2': None, 'Trim_3': None, 'Accessory_Category_(EN)': None, 'Accessory_Group_(EN)': None, 'Accessory_Description_(EN)': 'english_description', 'Accessory_Category_(FR)': None, 'Accessory_Group_(FR)': None, 'Accessory_Description_(FR)': 'french_description', 'Part_Number': 'part_number', 'DNET': 'dnet', 'MSRP': 'msrp', 'Labour_Rate': 'labour_rate', 'Suggested_Labour_Hours': 'labour_hours', 'Suggested_Base_Retail_Price_w/labour': None, 'Yearly_Rate': None, 'Weekly_Rate': None, '#of_Payments': None, 'Weekly_Payment': None, 'Comments_(EN)': 'comments_en', 'Comments_(FR)': 'comments_fr', 'New_Part_SOS': None, 'Outgoing_Part_Flag': None, 'MAF_Update': None}
[INFO] Group '2024_sonata': identified 3 trim column(s): ['Trim_1', 'Trim_2', 'Trim_3']
[DEBUG] Valid trim cols for '2024_sonata': ['Trim_1', 'Trim_2', 'Trim_3']
[DEBUG] Group '2024_sonata': extracted vehicle_year=2024
[DEBUG] 82 records -> 207 after melt
[INFO] Step 4.5: model_lookup enrichment | sheet='2024_sonata'
[DEBUG] Group '2024_sonata': Unique trims identified: ['N-Line', 'Pref', 'Trend AWD']
[DEBUG] Group '2024_sonata': model_keywords from data=['sonata'], fuel_type=None
[DEBUG] Group '2024_sonata' trim 'N-Line': Searching with keywords=['sonata', 'n-line']
[DEBUG] Translated keywords: ['sonata', 'n-line'] \u2192 ['sonata', 'n-line']
[DEBUG] Classified tokens: {'MODEL': ['sonata'], 'TRIM_VARIANT': ['n-line']}
[DEBUG] After filtering ignored categories ['INTERIOR', 'EXTERIOR_COLOR']: {'MODEL': ['sonata'], 'TRIM_VARIANT': ['n-line']}
[DEBUG] Score: 16 (minimum: 12)
[DEBUG] Database search returned 2 candidates
[DEBUG] Confidence: 0.00
[DEBUG] Resolved 2 candidates to single vehicle with multiple model numbers (ignoring ['INTERIOR', 'EXTERIOR_COLOR']): ['SOCS4M2DNL00', 'SO84DF25DO00']
[DEBUG]   [OK] Found model_number(s)=['SOCS4M2DNL00', 'SO84DF25DO00'] confidence=0.25 for Hyundai 2024 N-Line
[DEBUG] Group '2024_sonata' trim 'Pref': Searching with keywords=['sonata', 'pref']
[DEBUG] Translated keywords: ['sonata', 'pref'] \u2192 ['sonata', 'preferred']
[DEBUG] Classified tokens: {'MODEL': ['sonata'], 'TRIM': ['preferred']}
[DEBUG] After filtering ignored categories ['INTERIOR', 'EXTERIOR_COLOR']: {'MODEL': ['sonata'], 'TRIM': ['preferred']}
[DEBUG] Score: 15 (minimum: 12)
[DEBUG] Database search returned 4 candidates
[DEBUG] Confidence: 0.00
[WARNING] Unclassified tokens: ['preferred-trend']
[WARNING] Unclassified tokens: ['preferred-trend']
[WARNING] Unclassified tokens: ['preferred-trend']
[WARNING] Unclassified tokens: ['preferred-trend']
[DEBUG] Accepted 4 candidates with unique model numbers (variant handling): ['SOCS4J2EPRTR', 'SOCS4K2EPRTR', 'SO84AF25B241', 'SO84AA25B241']
[DEBUG]   [OK] Found model_number(s)=['SOCS4J2EPRTR', 'SOCS4K2EPRTR', 'SO84AF25B241', 'SO84AA25B241'] confidence=0.00 for Hyundai 2024 Pref
[DEBUG] Group '2024_sonata' trim 'Trend AWD': Searching with keywords=['sonata', 'trend', 'awd']
[DEBUG] Translated keywords: ['sonata', 'trend', 'awd'] \u2192 ['sonata', 'trend', 'awd']
[DEBUG] Classified tokens: {'MODEL': ['sonata'], 'TRIM': ['trend'], 'DRIVETRAIN': ['awd']}
[DEBUG] After filtering ignored categories ['INTERIOR', 'EXTERIOR_COLOR']: {'MODEL': ['sonata'], 'TRIM': ['trend'], 'DRIVETRAIN': ['awd']}
[DEBUG] Score: 21 (minimum: 12)
[DEBUG] Database search returned 2 candidates
[DEBUG] Confidence: 0.00
[WARNING] Unclassified tokens: ['preferred-trend']
[WARNING] Unclassified tokens: ['preferred-trend']
[DEBUG] Resolved 2 candidates to single vehicle with multiple model numbers (ignoring ['INTERIOR', 'EXTERIOR_COLOR']): ['SOCS4K2EPRTR', 'SO84AA25B241']
[DEBUG]   [OK] Found model_number(s)=['SOCS4K2EPRTR', 'SO84AA25B241'] confidence=0.33 for Hyundai 2024 Trend AWD
[DEBUG] Group '2024_sonata': 568 rows before, 0 excluded (missing trims: []), 568 rows in output
[DEBUG] Group '2024_sonata': 568 rows before, 0 excluded (missing trims: []), 568 rows in output
[INFO] SHEET COMPLETE | sheet=2024_sonata | records_in=82 | records_out=1136
[INFO] SHEET START | sheet=2024_tucson
[DEBUG] Group '2024_tucson' (model 'tucson'): routed to manufacturer 'Hyundai'
[DEBUG] Column mapping for '2024_tucson': {'Model_Year_From': 'year_from', 'Model_Year_To': None, 'Model': 'model', 'Trim_1': None, 'Trim_2': None, 'Trim_3': None, 'Trim_4': None, 'Trim_5': None, 'Trim_6': None, 'Accessory_Category_(EN)': None, 'Accessory_Group_(EN)': None, 'Accessory_Description_(EN)': 'english_description', 'Accessory_Category_(FR)': None, 'Accessory_Group_(FR)': None, 'Accessory_Description_(FR)': 'french_description', 'Part_Number': 'part_number', 'DNET': 'dnet', 'MSRP': 'msrp', 'Labour_Rate': 'labour_rate', 'Suggested_Labour_Hours': 'labour_hours', 'Suggested_Base_Retail_Price_w/labour': None, 'Yearly_Rate': None, 'Weekly_Rate': None, '#of_Payments': None, 'Weekly_Payment': None, 'PKG_Code': None, 'Comments_(EN)': 'comments_en', 'Comments_(FR)': 'comments_fr', 'New_Part_SOS': None, 'Outgoing_Part_Flag': None, 'MAF_Update': None}
[INFO] Group '2024_tucson': identified 6 trim column(s): ['Trim_1', 'Trim_2', 'Trim_3', 'Trim_4', 'Trim_5', 'Trim_6']
[DEBUG] Valid trim cols for '2024_tucson': ['Trim_1', 'Trim_2', 'Trim_3', 'Trim_4', 'Trim_5', 'Trim_6']
[DEBUG] Group '2024_tucson': extracted vehicle_year=2024
[DEBUG] 113 records -> 534 after melt
[INFO] Step 4.5: model_lookup enrichment | sheet='2024_tucson'
[DEBUG] Group '2024_tucson': Unique trims identified: ['Lux', 'N-Line', 'Pref', 'Trend', 'Ult HEV', 'Ult PHEV']
[DEBUG] Group '2024_tucson': model_keywords from data=['tucson'], fuel_type=None
[DEBUG] Group '2024_tucson' trim 'Lux': Searching with keywords=['tucson', 'lux']
[DEBUG] Translated keywords: ['tucson', 'lux'] \u2192 ['tucson', 'luxury']
[DEBUG] Classified tokens: {'MODEL': ['tucson'], 'TRIM': ['luxury']}
[DEBUG] After filtering ignored categories ['INTERIOR', 'EXTERIOR_COLOR']: {'MODEL': ['tucson'], 'TRIM': ['luxury']}
[DEBUG] Score: 15 (minimum: 12)
[DEBUG] Database search returned 0 candidates
[DEBUG] Confidence: 0.00
[WARNING]   [NOT_FOUND] Hyundai 2024 Lux keywords=['tucson', 'lux']
[DEBUG] Group '2024_tucson' trim 'N-Line': Searching with keywords=['tucson', 'n-line']
[DEBUG] Translated keywords: ['tucson', 'n-line'] \u2192 ['tucson', 'n-line']
[DEBUG] Classified tokens: {'MODEL': ['tucson'], 'TRIM_VARIANT': ['n-line']}
[DEBUG] After filtering ignored categories ['INTERIOR', 'EXTERIOR_COLOR']: {'MODEL': ['tucson'], 'TRIM_VARIANT': ['n-line']}
[DEBUG] Score: 16 (minimum: 12)
[DEBUG] Database search returned 0 candidates
[DEBUG] Confidence: 0.00
[WARNING]   [NOT_FOUND] Hyundai 2024 N-Line keywords=['tucson', 'n-line']
[DEBUG] Group '2024_tucson' trim 'Pref': Searching with keywords=['tucson', 'pref']
[DEBUG] Translated keywords: ['tucson', 'pref'] \u2192 ['tucson', 'preferred']
[DEBUG] Classified tokens: {'MODEL': ['tucson'], 'TRIM': ['preferred']}
[DEBUG] After filtering ignored categories ['INTERIOR', 'EXTERIOR_COLOR']: {'MODEL': ['tucson'], 'TRIM': ['preferred']}
[DEBUG] Score: 15 (minimum: 12)
[DEBUG] Database search returned 2 candidates
[DEBUG] Confidence: 0.00
[DEBUG] Resolved 2 candidates to single vehicle with multiple model numbers (ignoring ['INTERIOR', 'EXTERIOR_COLOR']): ['TUCWDK2EPR00', 'TU4SAA25B200']
[DEBUG]   [OK] Found model_number(s)=['TUCWDK2EPR00', 'TU4SAA25B200'] confidence=0.23 for Hyundai 2024 Pref
[DEBUG] Group '2024_tucson' trim 'Trend': Searching with keywords=['tucson', 'trend']
[DEBUG] Translated keywords: ['tucson', 'trend'] \u2192 ['tucson', 'trend']
[DEBUG] Classified tokens: {'MODEL': ['tucson'], 'TRIM': ['trend']}
[DEBUG] After filtering ignored categories ['INTERIOR', 'EXTERIOR_COLOR']: {'MODEL': ['tucson'], 'TRIM': ['trend']}
[DEBUG] Score: 15 (minimum: 12)
[DEBUG] Database search returned 2 candidates
[DEBUG] Confidence: 0.00
[DEBUG] Resolved 2 candidates to single vehicle with multiple model numbers (ignoring ['INTERIOR', 'EXTERIOR_COLOR']): ['TUCWDK2EPRTR', 'TU4SAA25B241']
[DEBUG]   [OK] Found model_number(s)=['TUCWDK2EPRTR', 'TU4SAA25B241'] confidence=0.23 for Hyundai 2024 Trend
[DEBUG] Group '2024_tucson' trim 'Ult HEV': Searching with keywords=['tucson', 'ult', 'hev']
[DEBUG] Translated keywords: ['tucson', 'ult', 'hev'] \u2192 ['tucson', 'ultimate', 'hybrid']
[DEBUG] Classified tokens: {'MODEL': ['tucson'], 'TRIM': ['ultimate'], 'POWERTRAIN_TYPE': ['hybrid']}
[DEBUG] After filtering ignored categories ['INTERIOR', 'EXTERIOR_COLOR']: {'MODEL': ['tucson'], 'TRIM': ['ultimate'], 'POWERTRAIN_TYPE': ['hybrid']}
[DEBUG] Score: 25 (minimum: 12)
[DEBUG] Database search returned 2 candidates
[DEBUG] Confidence: 0.00
[DEBUG] Resolved 2 candidates to single vehicle with multiple model numbers (ignoring ['INTERIOR', 'EXTERIOR_COLOR']): ['TUHWDG1AULHE', 'TU4SAA16G4AA']
[DEBUG]   [OK] Found model_number(s)=['TUHWDG1AULHE', 'TU4SAA16G4AA'] confidence=0.39 for Hyundai 2024 Ult HEV
[DEBUG] Group '2024_tucson' trim 'Ult PHEV': Searching with keywords=['tucson', 'ult', 'phev']
[DEBUG] Translated keywords: ['tucson', 'ult', 'phev'] \u2192 ['tucson', 'ultimate', 'plug-in']
[DEBUG] Classified tokens: {'MODEL': ['tucson'], 'TRIM': ['ultimate'], 'POWERTRAIN_TYPE': ['plug-in']}
[DEBUG] After filtering ignored categories ['INTERIOR', 'EXTERIOR_COLOR']: {'MODEL': ['tucson'], 'TRIM': ['ultimate'], 'POWERTRAIN_TYPE': ['plug-in']}
[DEBUG] Score: 25 (minimum: 12)
[DEBUG] Database search returned 2 candidates
[DEBUG] Confidence: 0.00
[DEBUG] Resolved 2 candidates to single vehicle with multiple model numbers (ignoring ['INTERIOR', 'EXTERIOR_COLOR']): ['TUPWDG1AULPH', 'TU4SAA16J4AB']
[DEBUG]   [OK] Found model_number(s)=['TUPWDG1AULPH', 'TU4SAA16J4AB'] confidence=0.39 for Hyundai 2024 Ult PHEV
[DEBUG] Group '2024_tucson': 896 rows before, 172 excluded (missing trims: ['Lux', 'N-Line']), 724 rows in output
[DEBUG] Group '2024_tucson': 896 rows before, 172 excluded (missing trims: ['Lux', 'N-Line']), 724 rows in output
[INFO] SHEET COMPLETE | sheet=2024_tucson | records_in=113 | records_out=1448
[INFO] SHEET START | sheet=2024_venue
[DEBUG] Group '2024_venue' (model 'venue'): routed to manufacturer 'Hyundai'
[DEBUG] Column mapping for '2024_venue': {'Model_Year_From': 'year_from', 'Model_Year_To': None, 'Model': 'model', 'Trim_1': None, 'Trim_2': None, 'Trim_3': None, 'Accessory_Category_(EN)': None, 'Accessory_Group_(EN)': None, 'Accessory_Description_(EN)': 'english_description', 'Accessory_Category_(FR)': None, 'Accessory_Group_(FR)': None, 'Accessory_Description_(FR)': 'french_description', 'Part_Number': 'part_number', 'DNET': 'dnet', 'MSRP': 'msrp', 'Labour_Rate': 'labour_rate', 'Suggested_Labour_Hours': 'labour_hours', 'Suggested_Base_Retail_Price_w/labour': None, 'Yearly_Rate': None, 'Weekly_Rate': None, '#of_Payments': None, 'Weekly_Payment': None, 'Comments_(EN)': 'comments_en', 'Comments_(FR)': 'comments_fr', 'New_Part_SOS': None, 'Outgoing_Part_Flag': None}
[INFO] Group '2024_venue': identified 3 trim column(s): ['Trim_1', 'Trim_2', 'Trim_3']
[DEBUG] Valid trim cols for '2024_venue': ['Trim_1', 'Trim_2', 'Trim_3']
[DEBUG] Group '2024_venue': extracted vehicle_year=2024
[DEBUG] 82 records -> 229 after melt
[INFO] Step 4.5: model_lookup enrichment | sheet='2024_venue'
[DEBUG] Group '2024_venue': Unique trims identified: ['Ess', 'Pref', 'Ult']
[DEBUG] Group '2024_venue': model_keywords from data=['venue'], fuel_type=None
[DEBUG] Group '2024_venue' trim 'Ess': Searching with keywords=['venue', 'ess']
[DEBUG] Translated keywords: ['venue', 'ess'] \u2192 ['venue', 'essential']
[DEBUG] Classified tokens: {'MODEL': ['venue'], 'TRIM': ['essential']}
[DEBUG] After filtering ignored categories ['INTERIOR', 'EXTERIOR_COLOR']: {'MODEL': ['venue'], 'TRIM': ['essential']}
[DEBUG] Score: 15 (minimum: 12)
[DEBUG] Database search returned 4 candidates
[DEBUG] Confidence: 0.00
[DEBUG] Resolved 4 candidates to single vehicle with multiple model numbers (ignoring ['INTERIOR', 'EXTERIOR_COLOR']): ['VNCW5V1FES00', 'VNCW5V1FESTT', 'VN1SIF16A100', 'VN1SIF16A166']
[DEBUG]   [OK] Found model_number(s)=['VNCW5V1FES00', 'VNCW5V1FESTT', 'VN1SIF16A100', 'VN1SIF16A166'] confidence=0.23 for Hyundai 2024 Ess
[DEBUG] Group '2024_venue' trim 'Pref': Searching with keywords=['venue', 'pref']
[DEBUG] Translated keywords: ['venue', 'pref'] \u2192 ['venue', 'preferred']
[DEBUG] Classified tokens: {'MODEL': ['venue'], 'TRIM': ['preferred']}
[DEBUG] After filtering ignored categories ['INTERIOR', 'EXTERIOR_COLOR']: {'MODEL': ['venue'], 'TRIM': ['preferred']}
[DEBUG] Score: 15 (minimum: 12)
[DEBUG] Database search returned 4 candidates
[DEBUG] Confidence: 0.00
[DEBUG] Resolved 4 candidates to single vehicle with multiple model numbers (ignoring ['INTERIOR', 'EXTERIOR_COLOR']): ['VNCW5V1FPR00', 'VNCW5V1FPRTT', 'VN1SIF16A200', 'VN1SIF16A266']
[DEBUG]   [OK] Found model_number(s)=['VNCW5V1FPR00', 'VNCW5V1FPRTT', 'VN1SIF16A200', 'VN1SIF16A266'] confidence=0.23 for Hyundai 2024 Pref
[DEBUG] Group '2024_venue' trim 'Ult': Searching with keywords=['venue', 'ult']
[DEBUG] Translated keywords: ['venue', 'ult'] \u2192 ['venue', 'ultimate']
[DEBUG] Classified tokens: {'MODEL': ['venue'], 'TRIM': ['ultimate']}
[DEBUG] After filtering ignored categories ['INTERIOR', 'EXTERIOR_COLOR']: {'MODEL': ['venue'], 'TRIM': ['ultimate']}
[DEBUG] Score: 15 (minimum: 12)
[DEBUG] Database search returned 4 candidates
[DEBUG] Confidence: 0.00
[WARNING] Unclassified tokens: ['-']
[WARNING] Unclassified tokens: ['-']
[WARNING] Unclassified tokens: ['-']
[WARNING] Unclassified tokens: ['-']
[DEBUG] Resolved 4 candidates to single vehicle with multiple model numbers (ignoring ['INTERIOR', 'EXTERIOR_COLOR']): ['VNCW5V1FULCP', 'VNCW5V1FUL00', 'VN1SIF16A489', 'VN1SIF16A400']
[DEBUG]   [OK] Found model_number(s)=['VNCW5V1FULCP', 'VNCW5V1FUL00', 'VN1SIF16A489', 'VN1SIF16A400'] confidence=0.23 for Hyundai 2024 Ult
[DEBUG] Group '2024_venue': 916 rows before, 0 excluded (missing trims: []), 916 rows in output
[DEBUG] Group '2024_venue': 916 rows before, 0 excluded (missing trims: []), 916 rows in output
[INFO] SHEET COMPLETE | sheet=2024_venue | records_in=82 | records_out=1832
[INFO] SHEET START | sheet=2025_elantra
[DEBUG] Group '2025_elantra' (model 'elantra'): routed to manufacturer 'Hyundai'
[DEBUG] Column mapping for '2025_elantra': {'Model_Year_From': 'year_from', 'Model_Year_To': None, 'Model': 'model', 'Trim_1': None, 'Trim_2': None, 'Trim_3': None, 'Trim_4': None, 'Trim_5': None, 'Trim_6': None, 'Accessory_Category_(EN)': None, 'Accessory_Group_(EN)': None, 'Accessory_Description_(EN)': 'english_description', 'Accessory_Category_(FR)': None, 'Accessory_Group_(FR)': None, 'Accessory_Description_(FR)': 'french_description', 'Part_Number': 'part_number', 'DNET': 'dnet', 'MSRP': 'msrp', 'Labour_Rate': 'labour_rate', 'Suggested_Labour_Hours': 'labour_hours', 'Suggested_Base_Retail_Price_w/labour': None, 'Yearly_Rate': None, 'Weekly_Rate': None, '#of_Payments': None, 'Weekly_Payment': None, 'Comments_(EN)': 'comments_en', 'Comments_(FR)': 'comments_fr', 'New_Part_SOS': None, 'Outgoing_Part_Flag': None, 'MAF_Update': None}
[INFO] Group '2025_elantra': identified 6 trim column(s): ['Trim_1', 'Trim_2', 'Trim_3', 'Trim_4', 'Trim_5', 'Trim_6']
[DEBUG] Valid trim cols for '2025_elantra': ['Trim_1', 'Trim_2', 'Trim_3', 'Trim_4', 'Trim_5', 'Trim_6']
[DEBUG] Group '2025_elantra': extracted vehicle_year=2025
[DEBUG] 94 records -> 423 after melt
[INFO] Step 4.5: model_lookup enrichment | sheet='2025_elantra'
[DEBUG] Group '2025_elantra': Unique trims identified: ['Ess', 'HEV', 'Lux', 'N', 'N-Line', 'Pref']
[DEBUG] Group '2025_elantra': model_keywords from data=['elantra'], fuel_type=None
[DEBUG] Group '2025_elantra' trim 'Ess': Searching with keywords=['elantra', 'ess']
[DEBUG] Translated keywords: ['elantra', 'ess'] \u2192 ['elantra', 'essential']
[DEBUG] Classified tokens: {'MODEL': ['elantra'], 'TRIM': ['essential']}
[DEBUG] After filtering ignored categories ['INTERIOR', 'EXTERIOR_COLOR']: {'MODEL': ['elantra'], 'TRIM': ['essential']}
[DEBUG] Score: 15 (minimum: 12)
[DEBUG] Database search returned 2 candidates
[DEBUG] Confidence: 0.00
[DEBUG] Resolved 2 candidates to single vehicle with multiple model numbers (ignoring ['INTERIOR', 'EXTERIOR_COLOR']): ['ELCS4V2BES00', 'EL74IF20A100']
[DEBUG]   [OK] Found model_number(s)=['ELCS4V2BES00', 'EL74IF20A100'] confidence=0.23 for Hyundai 2025 Ess
[DEBUG] Group '2025_elantra' trim 'HEV': Searching with keywords=['elantra', 'hev']
[DEBUG] Translated keywords: ['elantra', 'hev'] \u2192 ['elantra', 'hybrid']
[DEBUG] Classified tokens: {'MODEL': ['elantra'], 'POWERTRAIN_TYPE': ['hybrid']}
[DEBUG] After filtering ignored categories ['INTERIOR', 'EXTERIOR_COLOR']: {'MODEL': ['elantra'], 'POWERTRAIN_TYPE': ['hybrid']}
[DEBUG] Score: 20 (minimum: 12)
[DEBUG] Database search returned 4 candidates
[DEBUG] Confidence: 0.00
[DEBUG] Resolved 4 candidates to single vehicle with multiple model numbers (ignoring ['INTERIOR', 'EXTERIOR_COLOR']): ['ELHS4T1BLUHE', 'ELHS4T1BLUHM', 'EL74DF16I3AA', 'EL74DF16I3AC']
[DEBUG]   [OK] Found model_number(s)=['ELHS4T1BLUHE', 'ELHS4T1BLUHM', 'EL74DF16I3AA', 'EL74DF16I3AC'] confidence=0.31 for Hyundai 2025 HEV
[DEBUG] Group '2025_elantra' trim 'Lux': Searching with keywords=['elantra', 'lux']
[DEBUG] Translated keywords: ['elantra', 'lux'] \u2192 ['elantra', 'luxury']
[DEBUG] Classified tokens: {'MODEL': ['elantra'], 'TRIM': ['luxury']}
[DEBUG] After filtering ignored categories ['INTERIOR', 'EXTERIOR_COLOR']: {'MODEL': ['elantra'], 'TRIM': ['luxury']}
[DEBUG] Score: 15 (minimum: 12)
[DEBUG] Database search returned 4 candidates
[DEBUG] Confidence: 0.00
[DEBUG] Resolved 4 candidates to single vehicle with multiple model numbers (ignoring ['INTERIOR', 'EXTERIOR_COLOR']): ['ELCS4V2BLU00', 'ELCS4V2BLUME', 'EL74IF20A300', 'EL74IF20A354']
[DEBUG]   [OK] Found model_number(s)=['ELCS4V2BLU00', 'ELCS4V2BLUME', 'EL74IF20A300', 'EL74IF20A354'] confidence=0.23 for Hyundai 2025 Lux
[DEBUG] Group '2025_elantra' trim 'N': Searching with keywords=['elantra', 'n']
[DEBUG] Translated keywords: ['elantra', 'n'] \u2192 ['elantra', 'n']
[DEBUG] Classified tokens: {'MODEL': ['elantra'], 'TRIM_VARIANT': ['n']}
[DEBUG] After filtering ignored categories ['INTERIOR', 'EXTERIOR_COLOR']: {'MODEL': ['elantra'], 'TRIM_VARIANT': ['n']}
[DEBUG] Score: 16 (minimum: 12)
[DEBUG] Database search returned 4 candidates
[DEBUG] Confidence: 0.00
[WARNING] Unclassified tokens: ['m/t']
[WARNING] Unclassified tokens: ['m/t']
[DEBUG] Accepted 4 candidates with unique model numbers (variant handling): ['ELCS472ANN00', 'ELCS4M2ANN00', 'EL74MF20DX39', 'EL74DF20DX39']
[DEBUG]   [OK] Found model_number(s)=['ELCS472ANN00', 'ELCS4M2ANN00', 'EL74MF20DX39', 'EL74DF20DX39'] confidence=0.00 for Hyundai 2025 N
[DEBUG] Group '2025_elantra' trim 'N-Line': Searching with keywords=['elantra', 'n-line']
[DEBUG] Translated keywords: ['elantra', 'n-line'] \u2192 ['elantra', 'n-line']
[DEBUG] Classified tokens: {'MODEL': ['elantra'], 'TRIM_VARIANT': ['n-line']}
[DEBUG] After filtering ignored categories ['INTERIOR', 'EXTERIOR_COLOR']: {'MODEL': ['elantra'], 'TRIM_VARIANT': ['n-line']}
[DEBUG] Score: 16 (minimum: 12)
[DEBUG] Database search returned 2 candidates
[DEBUG] Confidence: 0.00
[DEBUG] Resolved 2 candidates to single vehicle with multiple model numbers (ignoring ['INTERIOR', 'EXTERIOR_COLOR']): ['ELCS4U1ANLUL', 'EL74DF16DO20']
[DEBUG]   [OK] Found model_number(s)=['ELCS4U1ANLUL', 'EL74DF16DO20'] confidence=0.25 for Hyundai 2025 N-Line
[DEBUG] Group '2025_elantra' trim 'Pref': Searching with keywords=['elantra', 'pref']
[DEBUG] Translated keywords: ['elantra', 'pref'] \u2192 ['elantra', 'preferred']
[DEBUG] Classified tokens: {'MODEL': ['elantra'], 'TRIM': ['preferred']}
[DEBUG] After filtering ignored categories ['INTERIOR', 'EXTERIOR_COLOR']: {'MODEL': ['elantra'], 'TRIM': ['preferred']}
[DEBUG] Score: 15 (minimum: 12)
[DEBUG] Database search returned 2 candidates
[DEBUG] Confidence: 0.00
[DEBUG] Resolved 2 candidates to single vehicle with multiple model numbers (ignoring ['INTERIOR', 'EXTERIOR_COLOR']): ['ELCS4V2BPR00', 'EL74IF20A200']
[DEBUG]   [OK] Found model_number(s)=['ELCS4V2BPR00', 'EL74IF20A200'] confidence=0.23 for Hyundai 2025 Pref
[DEBUG] Group '2025_elantra': 1258 rows before, 0 excluded (missing trims: []), 1258 rows in output
[DEBUG] Group '2025_elantra': 1258 rows before, 0 excluded (missing trims: []), 1258 rows in output
[INFO] SHEET COMPLETE | sheet=2025_elantra | records_in=94 | records_out=2516
[INFO] SHEET START | sheet=2025_g70
[DEBUG] Group '2025_g70' (model 'g70'): routed to manufacturer 'Genesis'
[DEBUG] Column mapping for '2025_g70': {'Model_Year_From': 'year_from', 'Model_Year_To': None, 'Model': 'model', 'Trim_1': None, 'Trim_2': None, 'Trim_3': None, 'Trim_4': None, 'Accessory_Category_(EN)': None, 'Accessory_Group_(EN)': None, 'Accessory_Description_(EN)': 'english_description', 'Accessory_Category_(FR)': None, 'Accessory_Group_(FR)': None, 'Accessory_Description_(FR)': 'french_description', 'Part_Number': 'part_number', 'DNET': 'dnet', 'MSRP': 'msrp', 'Labour_Rate': 'labour_rate', 'Suggested_Labour_Hours': 'labour_hours', 'Suggested_Base_Retail_Price_w/labour': None, 'Yearly_Rate': None, 'Weekly_Rate': None, '#of_Payments': None, 'Weekly_Payment': None, 'Comments_(EN)': 'comments_en', 'Comments_(FR)': 'comments_fr', 'New_Part_SOS': None, 'Outgoing_Part_Flag': None}
[INFO] Group '2025_g70': identified 4 trim column(s): ['Trim_1', 'Trim_2', 'Trim_3', 'Trim_4']
[DEBUG] Valid trim cols for '2025_g70': ['Trim_1', 'Trim_2', 'Trim_3', 'Trim_4']
[DEBUG] Group '2025_g70': extracted vehicle_year=2025
[DEBUG] 40 records -> 138 after melt
[INFO] Step 4.5: model_lookup enrichment | sheet='2025_g70'
[DEBUG] Group '2025_g70': Unique trims identified: ['2.0T Advanced', '2.0T Prestige', '2.5T Advanced', '2.5T Prestige', '3.3T Advanced', '3.3T Sport']
[DEBUG] Group '2025_g70': model_keywords from data=['g70'], fuel_type=None
[DEBUG] Group '2025_g70' trim '2.0T Advanced': Searching with keywords=['g70', '2.0t', 'advanced']
[DEBUG] Translated keywords: ['g70', '2.0t', 'advanced'] \u2192 ['g70', '2.0t', 'advanced']
[DEBUG] Classified tokens: {'MODEL': ['g70'], 'ENGINE_TYPE': ['2.0t'], 'TRIM': ['advanced']}
[DEBUG] After filtering ignored categories ['INTERIOR', 'EXTERIOR_COLOR']: {'MODEL': ['g70'], 'ENGINE_TYPE': ['2.0t'], 'TRIM': ['advanced']}
[DEBUG] Score: 23 (minimum: 12)
[DEBUG] Database search returned 0 candidates
[DEBUG] Confidence: 0.00
[WARNING]   [NOT_FOUND] Genesis 2025 2.0T Advanced keywords=['g70', '2.0t', 'advanced']
[DEBUG] Group '2025_g70' trim '2.0T Prestige': Searching with keywords=['g70', '2.0t', 'prestige']
[DEBUG] Translated keywords: ['g70', '2.0t', 'prestige'] \u2192 ['g70', '2.0t', 'prestige']
[DEBUG] Classified tokens: {'MODEL': ['g70'], 'ENGINE_TYPE': ['2.0t'], 'TRIM': ['prestige']}
[DEBUG] After filtering ignored categories ['INTERIOR', 'EXTERIOR_COLOR']: {'MODEL': ['g70'], 'ENGINE_TYPE': ['2.0t'], 'TRIM': ['prestige']}
[DEBUG] Score: 23 (minimum: 12)
[DEBUG] Database search returned 0 candidates
[DEBUG] Confidence: 0.00
[WARNING]   [NOT_FOUND] Genesis 2025 2.0T Prestige keywords=['g70', '2.0t', 'prestige']
[DEBUG] Group '2025_g70' trim '2.5T Advanced': Searching with keywords=['g70', '2.5t', 'advanced']
[DEBUG] Translated keywords: ['g70', '2.5t', 'advanced'] \u2192 ['g70', '2.5t', 'advanced']
[DEBUG] Classified tokens: {'MODEL': ['g70'], 'ENGINE_TYPE': ['2.5t'], 'TRIM': ['advanced']}
[DEBUG] After filtering ignored categories ['INTERIOR', 'EXTERIOR_COLOR']: {'MODEL': ['g70'], 'ENGINE_TYPE': ['2.5t'], 'TRIM': ['advanced']}
[DEBUG] Score: 23 (minimum: 12)
[DEBUG] Database search returned 2 candidates
[DEBUG] Confidence: 0.00
[DEBUG] Resolved 2 candidates to single vehicle with multiple model numbers (ignoring ['INTERIOR', 'EXTERIOR_COLOR']): ['G7CS4K2DGA00', 'G714AA25DX61']
[DEBUG]   [OK] Found model_number(s)=['G7CS4K2DGA00', 'G714AA25DX61'] confidence=0.36 for Genesis 2025 2.5T Advanced
[DEBUG] Group '2025_g70' trim '2.5T Prestige': Searching with keywords=['g70', '2.5t', 'prestige']
[DEBUG] Translated keywords: ['g70', '2.5t', 'prestige'] \u2192 ['g70', '2.5t', 'prestige']
[DEBUG] Classified tokens: {'MODEL': ['g70'], 'ENGINE_TYPE': ['2.5t'], 'TRIM': ['prestige']}
[DEBUG] After filtering ignored categories ['INTERIOR', 'EXTERIOR_COLOR']: {'MODEL': ['g70'], 'ENGINE_TYPE': ['2.5t'], 'TRIM': ['prestige']}
[DEBUG] Score: 23 (minimum: 12)
[DEBUG] Database search returned 2 candidates
[DEBUG] Confidence: 0.00
[DEBUG] Resolved 2 candidates to single vehicle with multiple model numbers (ignoring ['INTERIOR', 'EXTERIOR_COLOR']): ['G7CS4K2DGP00', 'G714AA25DX63']
[DEBUG]   [OK] Found model_number(s)=['G7CS4K2DGP00', 'G714AA25DX63'] confidence=0.36 for Genesis 2025 2.5T Prestige
[DEBUG] Group '2025_g70' trim '3.3T Advanced': Searching with keywords=['g70', '3.3t', 'advanced']
[DEBUG] Translated keywords: ['g70', '3.3t', 'advanced'] \u2192 ['g70', '3.3t', 'advanced']
[DEBUG] Classified tokens: {'MODEL': ['g70'], 'ENGINE_TYPE': ['3.3t'], 'TRIM': ['advanced']}
[DEBUG] After filtering ignored categories ['INTERIOR', 'EXTERIOR_COLOR']: {'MODEL': ['g70'], 'ENGINE_TYPE': ['3.3t'], 'TRIM': ['advanced']}
[DEBUG] Score: 23 (minimum: 12)
[DEBUG] Database search returned 2 candidates
[DEBUG] Confidence: 0.00
[DEBUG] Resolved 2 candidates to single vehicle with multiple model numbers (ignoring ['INTERIOR', 'EXTERIOR_COLOR']): ['G7CS4K3AGA00', 'G714AA33DX61']
[DEBUG]   [OK] Found model_number(s)=['G7CS4K3AGA00', 'G714AA33DX61'] confidence=0.36 for Genesis 2025 3.3T Advanced
[DEBUG] Group '2025_g70' trim '3.3T Sport': Searching with keywords=['g70', '3.3t', 'sport']
[DEBUG] Translated keywords: ['g70', '3.3t', 'sport'] \u2192 ['g70', '3.3t', 'sport']
[DEBUG] Classified tokens: {'MODEL': ['g70'], 'ENGINE_TYPE': ['3.3t'], 'TRIM': ['sport']}
[DEBUG] After filtering ignored categories ['INTERIOR', 'EXTERIOR_COLOR']: {'MODEL': ['g70'], 'ENGINE_TYPE': ['3.3t'], 'TRIM': ['sport']}
[DEBUG] Score: 23 (minimum: 12)
[DEBUG] Database search returned 2 candidates
[DEBUG] Confidence: 0.00
[DEBUG] Resolved 2 candidates to single vehicle with multiple model numbers (ignoring ['INTERIOR', 'EXTERIOR_COLOR']): ['G7CS4K3AGS00', 'G714AA33DX60']
[DEBUG]   [OK] Found model_number(s)=['G7CS4K3AGS00', 'G714AA33DX60'] confidence=0.36 for Genesis 2025 3.3T Sport
[DEBUG] Group '2025_g70': 270 rows before, 6 excluded (missing trims: ['2.0T Advanced', '2.0T Prestige']), 264 rows in output
[DEBUG] Group '2025_g70': 270 rows before, 6 excluded (missing trims: ['2.0T Advanced', '2.0T Prestige']), 264 rows in output
[INFO] SHEET COMPLETE | sheet=2025_g70 | records_in=40 | records_out=528
[INFO] SHEET START | sheet=2025_g80
[DEBUG] Group '2025_g80' (model 'g80'): routed to manufacturer 'Genesis'
[DEBUG] Column mapping for '2025_g80': {'Model_Year_From': 'year_from', 'Model_Year_To': None, 'Model': 'model', 'Trim_1': None, 'Trim_2': None, 'Accessory_Category_(EN)': None, 'Accessory_Group_(EN)': None, 'Accessory_Description_(EN)': 'english_description', 'Accessory_Category_(FR)': None, 'Accessory_Group_(FR)': None, 'Accessory_Description_(FR)': 'french_description', 'Part_Number': 'part_number', 'DNET': 'dnet', 'MSRP': 'msrp', 'Labour_Rate': 'labour_rate', 'Suggested_Labour_Hours': 'labour_hours', 'Suggested_Base_Retail_Price_w/labour': None, 'Yearly_Rate': None, 'Weekly_Rate': None, '#of_Payments': None, 'Weekly_Payment': None, 'Comments_(EN)': 'comments_en', 'Comments_(FR)': 'comments_fr', 'New_Part_SOS': None, 'Outgoing_Part_Flag': None}
[INFO] Group '2025_g80': identified 2 trim column(s): ['Trim_1', 'Trim_2']
[DEBUG] Valid trim cols for '2025_g80': ['Trim_1', 'Trim_2']
[DEBUG] Group '2025_g80': extracted vehicle_year=2025
[DEBUG] 35 records -> 67 after melt
[INFO] Step 4.5: model_lookup enrichment | sheet='2025_g80'
[DEBUG] Group '2025_g80': Unique trims identified: ['2.5T Adv', '3.5T Sport Plus']
[DEBUG] Group '2025_g80': model_keywords from data=['g80'], fuel_type=None
[DEBUG] Group '2025_g80' trim '2.5T Adv': Searching with keywords=['g80', '2.5t', 'adv']
[DEBUG] Translated keywords: ['g80', '2.5t', 'adv'] \u2192 ['g80', '2.5t', 'advanced']
[DEBUG] Classified tokens: {'MODEL': ['g80'], 'ENGINE_TYPE': ['2.5t'], 'TRIM': ['advanced']}
[DEBUG] After filtering ignored categories ['INTERIOR', 'EXTERIOR_COLOR']: {'MODEL': ['g80'], 'ENGINE_TYPE': ['2.5t'], 'TRIM': ['advanced']}
[DEBUG] Score: 23 (minimum: 12)
[DEBUG] Database search returned 2 candidates
[DEBUG] Confidence: 0.00
[DEBUG] Resolved 2 candidates to single vehicle with multiple model numbers (ignoring ['INTERIOR', 'EXTERIOR_COLOR']): ['G8CS4K2DGA00', 'G834AA25DX58']
[DEBUG]   [OK] Found model_number(s)=['G8CS4K2DGA00', 'G834AA25DX58'] confidence=0.36 for Genesis 2025 2.5T Adv
[DEBUG] Group '2025_g80' trim '3.5T Sport Plus': Searching with keywords=['g80', '3.5t', 'sport', 'plus']
[DEBUG] Translated keywords: ['g80', '3.5t', 'sport', 'plus'] \u2192 ['g80', '3.5t', 'sport', 'plus']
[DEBUG] Classified tokens: {'MODEL': ['g80'], 'ENGINE_TYPE': ['3.5t'], 'TRIM': ['sport'], 'PACKAGE': ['plus']}
[DEBUG] After filtering ignored categories ['INTERIOR', 'EXTERIOR_COLOR']: {'MODEL': ['g80'], 'ENGINE_TYPE': ['3.5t'], 'TRIM': ['sport'], 'PACKAGE': ['plus']}
[DEBUG] Score: 24 (minimum: 12)
[DEBUG] Database search returned 2 candidates
[DEBUG] Confidence: 0.00
[DEBUG] Resolved 2 candidates to single vehicle with multiple model numbers (ignoring ['INTERIOR', 'EXTERIOR_COLOR']): ['G8CS4K3BGSAU', 'G834AA35DXAF']
[DEBUG]   [OK] Found model_number(s)=['G8CS4K3BGSAU', 'G834AA35DXAF'] confidence=0.38 for Genesis 2025 3.5T Sport Plus
[DEBUG] Group '2025_g80': 134 rows before, 0 excluded (missing trims: []), 134 rows in output
[DEBUG] Group '2025_g80': 134 rows before, 0 excluded (missing trims: []), 134 rows in output
[INFO] SHEET COMPLETE | sheet=2025_g80 | records_in=35 | records_out=268
[INFO] SHEET START | sheet=2025_g80_ev
[DEBUG] Group '2025_g80_ev' (model 'g80_ev'): routed to manufacturer 'Genesis'
[DEBUG] Column mapping for '2025_g80_ev': {'Model_Year_From': 'year_from', 'Model_Year_To': None, 'Model': 'model', 'Trim_1': None, 'Accessory_Category_(EN)': None, 'Accessory_Group_(EN)': None, 'Accessory_Description_(EN)': 'english_description', 'Accessory_Category_(FR)': None, 'Accessory_Group_(FR)': None, 'Accessory_Description_(FR)': 'french_description', 'Part_Number': 'part_number', 'DNET': 'dnet', 'MSRP': 'msrp', 'Labour_Rate': 'labour_rate', 'Suggested_Labour_Hours': 'labour_hours', 'Suggested_Base_Retail_Price_w/labour': None, 'Yearly_Rate': None, 'Weekly_Rate': None, '#of_Payments': None, 'Weekly_Payment': None, 'Comments_(EN)': 'comments_en', 'Comments_(FR)': 'comments_fr', 'New_Part_SOS': None, 'Outgoing_Part_Flag': None}
[INFO] Group '2025_g80_ev': identified 1 trim column(s): ['Trim_1']
[DEBUG] Valid trim cols for '2025_g80_ev': ['Trim_1']
[DEBUG] Group '2025_g80_ev': extracted vehicle_year=2025
[DEBUG] 33 records -> 33 after melt
[INFO] Step 4.5: model_lookup enrichment | sheet='2025_g80_ev'
[DEBUG] Group '2025_g80_ev': Unique trims identified: ['Prestige']
[DEBUG] Group '2025_g80_ev': model_keywords from data=['g80', 'ev'], fuel_type=None
[DEBUG] Group '2025_g80_ev' trim 'Prestige': Searching with keywords=['g80', 'ev', 'prestige']
[DEBUG] Translated keywords: ['g80', 'ev', 'prestige'] \u2192 ['g80', 'electric', 'prestige']
[DEBUG] Classified tokens: {'MODEL': ['g80'], 'ENGINE_TYPE': ['electric'], 'TRIM': ['prestige']}
[DEBUG] After filtering ignored categories ['INTERIOR', 'EXTERIOR_COLOR']: {'MODEL': ['g80'], 'ENGINE_TYPE': ['electric'], 'TRIM': ['prestige']}
[DEBUG] Score: 23 (minimum: 12)
[DEBUG] Database search returned 0 candidates
[DEBUG] Confidence: 0.00
[WARNING]   [NOT_FOUND] Genesis 2025 Prestige keywords=['g80', 'ev', 'prestige']
[DEBUG] Group '2025_g80_ev': 33 rows before, 33 excluded (missing trims: ['Prestige']), 0 rows in output
[DEBUG] Group '2025_g80_ev': 33 rows before, 33 excluded (missing trims: ['Prestige']), 0 rows in output
[INFO] SHEET COMPLETE | sheet=2025_g80_ev | records_in=33 | records_out=0
[INFO] SHEET START | sheet=2025_g90
[DEBUG] Group '2025_g90' (model 'g90'): routed to manufacturer 'Genesis'
[DEBUG] Column mapping for '2025_g90': {'Model_Year_From': 'year_from', 'Model_Year_To': None, 'Model': 'model', 'Trim_1': None, 'Accessory_Category_(EN)': None, 'Accessory_Group_(EN)': None, 'Accessory_Description_(EN)': 'english_description', 'Accessory_Category_(FR)': None, 'Accessory_Group_(FR)': None, 'Accessory_Description_(FR)': 'french_description', 'Part_Number': 'part_number', 'DNET': 'dnet', 'MSRP': 'msrp', 'Labour_Rate': 'labour_rate', 'Suggested_Labour_Hours': 'labour_hours', 'Suggested_Base_Retail_Price_w/labour': None, 'Yearly_Rate': None, 'Weekly_Rate': None, '#of_Payments': None, 'Weekly_Payment': None, 'Comments_(EN)': 'comments_en', 'Comments_(FR)': 'comments_fr', 'New_Part_SOS': None, 'Outgoing_Part_Flag': None}
[INFO] Group '2025_g90': identified 1 trim column(s): ['Trim_1']
[DEBUG] Valid trim cols for '2025_g90': ['Trim_1']
[DEBUG] Group '2025_g90': extracted vehicle_year=2025
[DEBUG] 30 records -> 30 after melt
[INFO] Step 4.5: model_lookup enrichment | sheet='2025_g90'
[DEBUG] Group '2025_g90': Unique trims identified: ['3.5T e-SC']
[DEBUG] Group '2025_g90': model_keywords from data=['g90'], fuel_type=None
[DEBUG] Group '2025_g90' trim '3.5T e-SC': Searching with keywords=['g90', '3.5t', 'e-sc']
[DEBUG] Translated keywords: ['g90', '3.5t', 'e-sc'] \u2192 ['g90', '3.5t', 'e-sc']
[DEBUG] Classified tokens: {'MODEL': ['g90'], 'ENGINE_TYPE': ['3.5t', 'e-sc']}
[DEBUG] After filtering ignored categories ['INTERIOR', 'EXTERIOR_COLOR']: {'MODEL': ['g90'], 'ENGINE_TYPE': ['3.5t', 'e-sc']}
[DEBUG] Score: 18 (minimum: 12)
[DEBUG] Database search returned 0 candidates
[DEBUG] Confidence: 0.00
[WARNING]   [NOT_FOUND] Genesis 2025 3.5T e-SC keywords=['g90', '3.5t', 'e-sc']
[DEBUG] Group '2025_g90': 30 rows before, 30 excluded (missing trims: ['3.5T e-SC']), 0 rows in output
[DEBUG] Group '2025_g90': 30 rows before, 30 excluded (missing trims: ['3.5T e-SC']), 0 rows in output
[INFO] SHEET COMPLETE | sheet=2025_g90 | records_in=30 | records_out=0
[INFO] SHEET START | sheet=2025_gv60
[DEBUG] Group '2025_gv60' (model 'gv60'): routed to manufacturer 'Genesis'
[DEBUG] Column mapping for '2025_gv60': {'Model_Year_From': 'year_from', 'Model_Year_To': None, 'Model': 'model', 'Trim_1': None, 'Trim_2': None, 'Accessory_Category_(EN)': None, 'Accessory_Group_(EN)': None, 'Accessory_Description_(EN)': 'english_description', 'Accessory_Category_(FR)': None, 'Accessory_Group_(FR)': None, 'Accessory_Description_(FR)': 'french_description', 'Part_Number': 'part_number', 'DNET': 'dnet', 'MSRP': 'msrp', 'Labour_Rate': 'labour_rate', 'Suggested_Labour_Hours': 'labour_hours', 'Suggested_Base_Retail_Price_w/labour': None, 'Yearly_Rate': None, 'Weekly_Rate': None, '#of_Payments': None, 'Weekly_Payment': None, 'Comments_(EN)': 'comments_en', 'Comments_(FR)': 'comments_fr', 'New_Part_SOS': None, 'Outgoing_Part_Flag': None}
[INFO] Group '2025_gv60': identified 2 trim column(s): ['Trim_1', 'Trim_2']
[DEBUG] Valid trim cols for '2025_gv60': ['Trim_1', 'Trim_2']
[DEBUG] Group '2025_gv60': extracted vehicle_year=2025
[DEBUG] 47 records -> 90 after melt
[INFO] Step 4.5: model_lookup enrichment | sheet='2025_gv60'
[DEBUG] Group '2025_gv60': Unique trims identified: ['Advanced', 'Performance']
[DEBUG] Group '2025_gv60': model_keywords from data=['gv60'], fuel_type=None
[DEBUG] Group '2025_gv60' trim 'Advanced': Searching with keywords=['gv60', 'advanced']
[DEBUG] Translated keywords: ['gv60', 'advanced'] \u2192 ['gv60', 'advanced']
[DEBUG] Classified tokens: {'MODEL': ['gv60'], 'TRIM': ['advanced']}
[DEBUG] After filtering ignored categories ['INTERIOR', 'EXTERIOR_COLOR']: {'MODEL': ['gv60'], 'TRIM': ['advanced']}
[DEBUG] Score: 15 (minimum: 12)
[DEBUG] Database search returned 2 candidates
[DEBUG] Confidence: 0.00
[DEBUG] Resolved 2 candidates to single vehicle with multiple model numbers (ignoring ['INTERIOR', 'EXTERIOR_COLOR']): ['V6EW5ZE227AD', 'V61SEAEMEL61']
[DEBUG]   [OK] Found model_number(s)=['V6EW5ZE227AD', 'V61SEAEMEL61'] confidence=0.23 for Genesis 2025 Advanced
[DEBUG] Group '2025_gv60' trim 'Performance': Searching with keywords=['gv60', 'performance']
[DEBUG] Translated keywords: ['gv60', 'performance'] \u2192 ['gv60', 'performance']
[DEBUG] Classified tokens: {'MODEL': ['gv60'], 'TRIM': ['performance']}
[DEBUG] After filtering ignored categories ['INTERIOR', 'EXTERIOR_COLOR']: {'MODEL': ['gv60'], 'TRIM': ['performance']}
[DEBUG] Score: 15 (minimum: 12)
[DEBUG] Database search returned 4 candidates
[DEBUG] Confidence: 0.00
[DEBUG] Accepted 4 candidates with unique model numbers (variant handling): ['V6EW5ZE127AR', 'V6EW5ZE127PF', 'V61SEAEMELAR', 'V61SEAEMELAQ']
[DEBUG]   [OK] Found model_number(s)=['V6EW5ZE127AR', 'V6EW5ZE127PF', 'V61SEAEMELAR', 'V61SEAEMELAQ'] confidence=0.00 for Genesis 2025 Performance
[DEBUG] Group '2025_gv60': 272 rows before, 0 excluded (missing trims: []), 272 rows in output
[DEBUG] Group '2025_gv60': 272 rows before, 0 excluded (missing trims: []), 272 rows in output
[INFO] SHEET COMPLETE | sheet=2025_gv60 | records_in=47 | records_out=544
[INFO] SHEET START | sheet=2025_gv70
[DEBUG] Group '2025_gv70' (model 'gv70'): routed to manufacturer 'Genesis'
[DEBUG] Column mapping for '2025_gv70': {'Model_Year_From': 'year_from', 'Model_Year_To': None, 'Model': 'model', 'Trim_1': None, 'Trim_2': None, 'Trim_3': None, 'Trim_4': None, 'Trim_5': None, 'Accessory_Category_(EN)': None, 'Accessory_Group_(EN)': None, 'Accessory_Description_(EN)': 'english_description', 'Accessory_Category_(FR)': None, 'Accessory_Group_(FR)': None, 'Accessory_Description_(FR)': 'french_description', 'Part_Number': 'part_number', 'DNET': 'dnet', 'MSRP': 'msrp', 'Labour_Rate': 'labour_rate', 'Suggested_Labour_Hours': 'labour_hours', 'Suggested_Base_Retail_Price_w/labour': None, 'Yearly_Rate': None, 'Weekly_Rate': None, '#of_Payments': None, 'Weekly_Payment': None, 'Comments_(EN)': 'comments_en', 'Comments_(FR)': 'comments_fr', 'New_Part_SOS': None, 'Outgoing_Part_Flag': None}
[INFO] Group '2025_gv70': identified 5 trim column(s): ['Trim_1', 'Trim_2', 'Trim_3', 'Trim_4', 'Trim_5']
[DEBUG] Valid trim cols for '2025_gv70': ['Trim_1', 'Trim_2', 'Trim_3', 'Trim_4', 'Trim_5']
[DEBUG] Group '2025_gv70': extracted vehicle_year=2025
[DEBUG] 71 records -> 339 after melt
[INFO] Step 4.5: model_lookup enrichment | sheet='2025_gv70'
[DEBUG] Group '2025_gv70': Unique trims identified: ['2.5T Advanced', '2.5T Advanced Plus', '2.5T Prestige', '3.5T Sport', '3.5T Sport Plus with eLSD']
[DEBUG] Group '2025_gv70': model_keywords from data=['gv70'], fuel_type=None
[DEBUG] Group '2025_gv70' trim '2.5T Advanced': Searching with keywords=['gv70', '2.5t', 'advanced']
[DEBUG] Translated keywords: ['gv70', '2.5t', 'advanced'] \u2192 ['gv70', '2.5t', 'advanced']
[DEBUG] Classified tokens: {'MODEL': ['gv70'], 'ENGINE_TYPE': ['2.5t'], 'TRIM': ['advanced']}
[DEBUG] After filtering ignored categories ['INTERIOR', 'EXTERIOR_COLOR']: {'MODEL': ['gv70'], 'ENGINE_TYPE': ['2.5t'], 'TRIM': ['advanced']}
[DEBUG] Score: 23 (minimum: 12)
[DEBUG] Database search returned 4 candidates
[DEBUG] Confidence: 0.00
[DEBUG] Accepted 4 candidates with unique model numbers (variant handling): ['V7CW5K2D27AD', 'V7CW5K2DGAAU', 'V71SAA25KL61', 'V71SAA25KXAE']
[DEBUG]   [OK] Found model_number(s)=['V7CW5K2D27AD', 'V7CW5K2DGAAU', 'V71SAA25KL61', 'V71SAA25KXAE'] confidence=0.00 for Genesis 2025 2.5T Advanced
[DEBUG] Group '2025_gv70' trim '2.5T Advanced Plus': Searching with keywords=['gv70', '2.5t', 'advanced', 'plus']
[DEBUG] Translated keywords: ['gv70', '2.5t', 'advanced', 'plus'] \u2192 ['gv70', '2.5t', 'advanced', 'plus']
[DEBUG] Classified tokens: {'MODEL': ['gv70'], 'ENGINE_TYPE': ['2.5t'], 'TRIM': ['advanced'], 'PACKAGE': ['plus']}
[DEBUG] After filtering ignored categories ['INTERIOR', 'EXTERIOR_COLOR']: {'MODEL': ['gv70'], 'ENGINE_TYPE': ['2.5t'], 'TRIM': ['advanced'], 'PACKAGE': ['plus']}
[DEBUG] Score: 24 (minimum: 12)
[DEBUG] Database search returned 2 candidates
[DEBUG] Confidence: 0.00
[DEBUG] Resolved 2 candidates to single vehicle with multiple model numbers (ignoring ['INTERIOR', 'EXTERIOR_COLOR']): ['V7CW5K2DGAAU', 'V71SAA25KXAE']
[DEBUG]   [OK] Found model_number(s)=['V7CW5K2DGAAU', 'V71SAA25KXAE'] confidence=0.38 for Genesis 2025 2.5T Advanced Plus
[DEBUG] Group '2025_gv70' trim '2.5T Prestige': Searching with keywords=['gv70', '2.5t', 'prestige']
[DEBUG] Translated keywords: ['gv70', '2.5t', 'prestige'] \u2192 ['gv70', '2.5t', 'prestige']
[DEBUG] Classified tokens: {'MODEL': ['gv70'], 'ENGINE_TYPE': ['2.5t'], 'TRIM': ['prestige']}
[DEBUG] After filtering ignored categories ['INTERIOR', 'EXTERIOR_COLOR']: {'MODEL': ['gv70'], 'ENGINE_TYPE': ['2.5t'], 'TRIM': ['prestige']}
[DEBUG] Score: 23 (minimum: 12)
[DEBUG] Database search returned 2 candidates
[DEBUG] Confidence: 0.00
[DEBUG] Resolved 2 candidates to single vehicle with multiple model numbers (ignoring ['INTERIOR', 'EXTERIOR_COLOR']): ['V7CW5K2DGP00', 'V71SAA25KX63']
[DEBUG]   [OK] Found model_number(s)=['V7CW5K2DGP00', 'V71SAA25KX63'] confidence=0.36 for Genesis 2025 2.5T Prestige
[DEBUG] Group '2025_gv70' trim '3.5T Sport': Searching with keywords=['gv70', '3.5t', 'sport']
[DEBUG] Translated keywords: ['gv70', '3.5t', 'sport'] \u2192 ['gv70', '3.5t', 'sport']
[DEBUG] Classified tokens: {'MODEL': ['gv70'], 'ENGINE_TYPE': ['3.5t'], 'TRIM': ['sport']}
[DEBUG] After filtering ignored categories ['INTERIOR', 'EXTERIOR_COLOR']: {'MODEL': ['gv70'], 'ENGINE_TYPE': ['3.5t'], 'TRIM': ['sport']}
[DEBUG] Score: 23 (minimum: 12)
[DEBUG] Database search returned 4 candidates
[DEBUG] Confidence: 0.00
[WARNING] Unclassified tokens: ['with-lsd']
[WARNING] Unclassified tokens: ['with-lsd']
[DEBUG] Accepted 4 candidates with unique model numbers (variant handling): ['V7CW5K3BGS00', 'V7CW5K3BGSBE', 'V71SAA35KX60', 'V71SAA35KXBE']
[DEBUG]   [OK] Found model_number(s)=['V7CW5K3BGS00', 'V7CW5K3BGSBE', 'V71SAA35KX60', 'V71SAA35KXBE'] confidence=0.00 for Genesis 2025 3.5T Sport
[DEBUG] Group '2025_gv70' trim '3.5T Sport Plus with eLSD': Searching with keywords=['gv70', '3.5t', 'sport', 'plus', 'with', 'elsd']
[DEBUG] Translated keywords: ['gv70', '3.5t', 'sport', 'plus', 'with', 'elsd'] \u2192 ['gv70', '3.5t', 'sport', 'plus', 'with', 'elsd']
[WARNING] Unclassified tokens: ['with', 'elsd']
[DEBUG] Classified tokens: {'MODEL': ['gv70'], 'ENGINE_TYPE': ['3.5t'], 'TRIM': ['sport'], 'PACKAGE': ['plus']}
[DEBUG] After filtering ignored categories ['INTERIOR', 'EXTERIOR_COLOR']: {'MODEL': ['gv70'], 'ENGINE_TYPE': ['3.5t'], 'TRIM': ['sport'], 'PACKAGE': ['plus']}
[DEBUG] Score: 24 (minimum: 12)
[DEBUG] Database search returned 2 candidates
[DEBUG] Confidence: 0.00
[WARNING] Unclassified tokens: ['with-lsd']
[WARNING] Unclassified tokens: ['with-lsd']
[DEBUG] Resolved 2 candidates to single vehicle with multiple model numbers (ignoring ['INTERIOR', 'EXTERIOR_COLOR']): ['V7CW5K3BGSBE', 'V71SAA35KXBE']
[DEBUG]   [OK] Found model_number(s)=['V7CW5K3BGSBE', 'V71SAA35KXBE'] confidence=0.38 for Genesis 2025 3.5T Sport Plus with eLSD
[DEBUG] Group '2025_gv70': 950 rows before, 0 excluded (missing trims: []), 950 rows in output
[DEBUG] Group '2025_gv70': 950 rows before, 0 excluded (missing trims: []), 950 rows in output
[INFO] SHEET COMPLETE | sheet=2025_gv70 | records_in=71 | records_out=1900
[INFO] SHEET START | sheet=2025_gv70_ev
[DEBUG] Group '2025_gv70_ev' (model 'gv70_ev'): routed to manufacturer 'Genesis'
[DEBUG] Column mapping for '2025_gv70_ev': {'Model_Year_From': 'year_from', 'Model_Year_To': None, 'Model': 'model', 'Trim_1': None, 'Accessory_Category_(EN)': None, 'Accessory_Group_(EN)': None, 'Accessory_Description_(EN)': 'english_description', 'Accessory_Category_(FR)': None, 'Accessory_Group_(FR)': None, 'Accessory_Description_(FR)': 'french_description', 'Part_Number': 'part_number', 'DNET': 'dnet', 'MSRP': 'msrp', 'Labour_Rate': 'labour_rate', 'Suggested_Labour_Hours': 'labour_hours', 'Suggested_Base_Retail_Price_w/labour': None, 'Yearly_Rate': None, 'Weekly_Rate': None, '#of_Payments': None, 'Weekly_Payment': None, 'Comments_(EN)': 'comments_en', 'Comments_(FR)': 'comments_fr', 'New_Part_SOS': None, 'Outgoing_Part_Flag': None, 'MAF_Update': None}
[INFO] Group '2025_gv70_ev': identified 1 trim column(s): ['Trim_1']
[DEBUG] Valid trim cols for '2025_gv70_ev': ['Trim_1']
[DEBUG] Group '2025_gv70_ev': extracted vehicle_year=2025
[DEBUG] 61 records -> 61 after melt
[INFO] Step 4.5: model_lookup enrichment | sheet='2025_gv70_ev'
[DEBUG] Group '2025_gv70_ev': Unique trims identified: ['Prestige']
[DEBUG] Group '2025_gv70_ev': model_keywords from data=['gv70', 'ev'], fuel_type=None
[DEBUG] Group '2025_gv70_ev' trim 'Prestige': Searching with keywords=['gv70', 'ev', 'prestige']
[DEBUG] Translated keywords: ['gv70', 'ev', 'prestige'] \u2192 ['gv70', 'electric', 'prestige']
[DEBUG] Classified tokens: {'MODEL': ['gv70'], 'ENGINE_TYPE': ['electric'], 'TRIM': ['prestige']}
[DEBUG] After filtering ignored categories ['INTERIOR', 'EXTERIOR_COLOR']: {'MODEL': ['gv70'], 'ENGINE_TYPE': ['electric'], 'TRIM': ['prestige']}
[DEBUG] Score: 23 (minimum: 12)
[DEBUG] Database search returned 2 candidates
[DEBUG] Confidence: 0.00
[DEBUG] Resolved 2 candidates to single vehicle with multiple model numbers (ignoring ['INTERIOR', 'EXTERIOR_COLOR']): ['V7EW5ZE1GP00', 'V71SEAEMEX63']
[DEBUG]   [OK] Found model_number(s)=['V7EW5ZE1GP00', 'V71SEAEMEX63'] confidence=0.36 for Genesis 2025 Prestige
[DEBUG] Group '2025_gv70_ev': 122 rows before, 0 excluded (missing trims: []), 122 rows in output
[DEBUG] Group '2025_gv70_ev': 122 rows before, 0 excluded (missing trims: []), 122 rows in output
[INFO] SHEET COMPLETE | sheet=2025_gv70_ev | records_in=61 | records_out=244
[INFO] SHEET START | sheet=2025_gv80
[DEBUG] Group '2025_gv80' (model 'gv80'): routed to manufacturer 'Genesis'
[DEBUG] Column mapping for '2025_gv80': {'Model_Year_From': 'year_from', 'Model_Year_To': None, 'Model': 'model', 'Trim_1': None, 'Trim_2': None, 'Trim_3': None, 'Trim_4': None, 'Accessory_Category_(EN)': None, 'Accessory_Group_(EN)': None, 'Accessory_Description_(EN)': 'english_description', 'Accessory_Category_(FR)': None, 'Accessory_Group_(FR)': None, 'Accessory_Description_(FR)': 'french_description', 'Part_Number': 'part_number', 'DNET': 'dnet', 'MSRP': 'msrp', 'Labour_Rate': 'labour_rate', 'Suggested_Labour_Hours': 'labour_hours', 'Suggested_Base_Retail_Price_w/labour': None, 'Yearly_Rate': None, 'Weekly_Rate': None, '#of_Payments': None, 'Weekly_Payment': None, 'Comments_(EN)': 'comments_en', 'Comments_(FR)': 'comments_fr', 'New_Part_SOS': None, 'Outgoing_Part_Flag': None, 'MAF_Update': None}
[INFO] Group '2025_gv80': identified 4 trim column(s): ['Trim_1', 'Trim_2', 'Trim_3', 'Trim_4']
[DEBUG] Valid trim cols for '2025_gv80': ['Trim_1', 'Trim_2', 'Trim_3', 'Trim_4']
[DEBUG] Group '2025_gv80': extracted vehicle_year=2025
[DEBUG] 79 records -> 282 after melt
[INFO] Step 4.5: model_lookup enrichment | sheet='2025_gv80'
[DEBUG] Group '2025_gv80': Unique trims identified: ['2.5T Advanced 5P', '2.5T Advanced Tech Pkg 5P', '3.5T Advanced Tech Pkg 7P', '3.5T Prestige 7P']
[DEBUG] Group '2025_gv80': model_keywords from data=['gv80'], fuel_type=None
[DEBUG] Group '2025_gv80' trim '2.5T Advanced 5P': Searching with keywords=['gv80', '2.5t', 'advanced', '5p']
[DEBUG] Translated keywords: ['gv80', '2.5t', 'advanced', '5p'] \u2192 ['gv80', '2.5t', 'advanced', '5-passenger']
[WARNING] Unclassified tokens: ['5-passenger']
[DEBUG] Classified tokens: {'MODEL': ['gv80'], 'ENGINE_TYPE': ['2.5t'], 'TRIM': ['advanced']}
[DEBUG] After filtering ignored categories ['INTERIOR', 'EXTERIOR_COLOR']: {'MODEL': ['gv80'], 'ENGINE_TYPE': ['2.5t'], 'TRIM': ['advanced']}
[DEBUG] Score: 23 (minimum: 12)
[DEBUG] Database search returned 4 candidates
[DEBUG] Confidence: 0.00
[WARNING] Unclassified tokens: ['5-passenger']
[WARNING] Unclassified tokens: ['with-technology', '5-passenger']
[WARNING] Unclassified tokens: ['5-passenger']
[WARNING] Unclassified tokens: ['with-technology', '5-passenger']
[DEBUG] Accepted 4 candidates with unique model numbers (variant handling): ['V8CW5K2DGA00', 'V8CW5K2DGA55', 'V81SAA25DX58', 'V81SAA25DXBK']
[DEBUG]   [OK] Found model_number(s)=['V8CW5K2DGA00', 'V8CW5K2DGA55', 'V81SAA25DX58', 'V81SAA25DXBK'] confidence=0.00 for Genesis 2025 2.5T Advanced 5P
[DEBUG] Group '2025_gv80' trim '2.5T Advanced Tech Pkg 5P': Searching with keywords=['gv80', '2.5t', 'advanced', 'tech', 'pkg', '5p']
[DEBUG] Translated keywords: ['gv80', '2.5t', 'advanced', 'tech', 'pkg', '5p'] \u2192 ['gv80', '2.5t', 'advanced', 'technology', 'package', '5-passenger']
[WARNING] Unclassified tokens: ['5-passenger']
[DEBUG] Classified tokens: {'MODEL': ['gv80'], 'ENGINE_TYPE': ['2.5t'], 'TRIM': ['advanced'], 'PACKAGE': ['technology', 'package']}
[DEBUG] After filtering ignored categories ['INTERIOR', 'EXTERIOR_COLOR']: {'MODEL': ['gv80'], 'ENGINE_TYPE': ['2.5t'], 'TRIM': ['advanced'], 'PACKAGE': ['technology', 'package']}
[DEBUG] Score: 24 (minimum: 12)
[DEBUG] Database search returned 2 candidates
[DEBUG] Confidence: 0.00
[WARNING] Unclassified tokens: ['with-technology', '5-passenger']
[WARNING] Unclassified tokens: ['with-technology', '5-passenger']
[DEBUG] Resolved 2 candidates to single vehicle with multiple model numbers (ignoring ['INTERIOR', 'EXTERIOR_COLOR']): ['V8CW5K2DGA55', 'V81SAA25DXBK']
[DEBUG]   [OK] Found model_number(s)=['V8CW5K2DGA55', 'V81SAA25DXBK'] confidence=0.38 for Genesis 2025 2.5T Advanced Tech Pkg 5P
[DEBUG] Group '2025_gv80' trim '3.5T Advanced Tech Pkg 7P': Searching with keywords=['gv80', '3.5t', 'advanced', 'tech', 'pkg', '7p']
[DEBUG] Translated keywords: ['gv80', '3.5t', 'advanced', 'tech', 'pkg', '7p'] \u2192 ['gv80', '3.5t', 'advanced', 'technology', 'package', '7-passenger']
[WARNING] Unclassified tokens: ['7-passenger']
[DEBUG] Classified tokens: {'MODEL': ['gv80'], 'ENGINE_TYPE': ['3.5t'], 'TRIM': ['advanced'], 'PACKAGE': ['technology', 'package']}
[DEBUG] After filtering ignored categories ['INTERIOR', 'EXTERIOR_COLOR']: {'MODEL': ['gv80'], 'ENGINE_TYPE': ['3.5t'], 'TRIM': ['advanced'], 'PACKAGE': ['technology', 'package']}
[DEBUG] Score: 24 (minimum: 12)
[DEBUG] Database search returned 2 candidates
[DEBUG] Confidence: 0.00
[WARNING] Unclassified tokens: ['with-technology', '7-passenger']
[WARNING] Unclassified tokens: ['with-technology', '7-passenger']
[DEBUG] Resolved 2 candidates to single vehicle with multiple model numbers (ignoring ['INTERIOR', 'EXTERIOR_COLOR']): ['V8CW7K3BGA55', 'V81SAA35DXBL']
[DEBUG]   [OK] Found model_number(s)=['V8CW7K3BGA55', 'V81SAA35DXBL'] confidence=0.38 for Genesis 2025 3.5T Advanced Tech Pkg 7P
[DEBUG] Group '2025_gv80' trim '3.5T Prestige 7P': Searching with keywords=['gv80', '3.5t', 'prestige', '7p']
[DEBUG] Translated keywords: ['gv80', '3.5t', 'prestige', '7p'] \u2192 ['gv80', '3.5t', 'prestige', '7-passenger']
[WARNING] Unclassified tokens: ['7-passenger']
[DEBUG] Classified tokens: {'MODEL': ['gv80'], 'ENGINE_TYPE': ['3.5t'], 'TRIM': ['prestige']}
[DEBUG] After filtering ignored categories ['INTERIOR', 'EXTERIOR_COLOR']: {'MODEL': ['gv80'], 'ENGINE_TYPE': ['3.5t'], 'TRIM': ['prestige']}
[DEBUG] Score: 23 (minimum: 12)
[DEBUG] Database search returned 2 candidates
[DEBUG] Confidence: 0.00
[WARNING] Unclassified tokens: ['7-passenger']
[WARNING] Unclassified tokens: ['7-passenger']
[DEBUG] Resolved 2 candidates to single vehicle with multiple model numbers (ignoring ['INTERIOR', 'EXTERIOR_COLOR']): ['V8CW7K3BGP00', 'V81SAA35DX75']
[DEBUG]   [OK] Found model_number(s)=['V8CW7K3BGP00', 'V81SAA35DX75'] confidence=0.36 for Genesis 2025 3.5T Prestige 7P
[DEBUG] Group '2025_gv80': 704 rows before, 0 excluded (missing trims: []), 704 rows in output
[DEBUG] Group '2025_gv80': 704 rows before, 0 excluded (missing trims: []), 704 rows in output
[INFO] SHEET COMPLETE | sheet=2025_gv80 | records_in=79 | records_out=1408
[INFO] SHEET START | sheet=2025_gv80_coupe
[DEBUG] Group '2025_gv80_coupe' (model 'gv80_coupe'): routed to manufacturer 'Genesis'
[DEBUG] Column mapping for '2025_gv80_coupe': {'Model_Year_From': 'year_from', 'Model_Year_To': None, 'Model': 'model', 'Trim_1': None, 'Accessory_Category_(EN)': None, 'Accessory_Group_(EN)': None, 'Accessory_Description_(EN)': 'english_description', 'Accessory_Category_(FR)': None, 'Accessory_Group_(FR)': None, 'Accessory_Description_(FR)': 'french_description', 'Part_Number': 'part_number', 'DNET': 'dnet', 'MSRP': 'msrp', 'Labour_Rate': 'labour_rate', 'Suggested_Labour_Hours': 'labour_hours', 'Suggested_Base_Retail_Price_w/labour': None, 'Yearly_Rate': None, 'Weekly_Rate': None, '#of_Payments': None, 'Weekly_Payment': None, 'Comments_(EN)': 'comments_en', 'Comments_(FR)': 'comments_fr', 'New_Part_SOS': None, 'Outgoing_Part_Flag': None, 'MAF_Update': None}
[INFO] Group '2025_gv80_coupe': identified 1 trim column(s): ['Trim_1']
[DEBUG] Valid trim cols for '2025_gv80_coupe': ['Trim_1']
[DEBUG] Group '2025_gv80_coupe': extracted vehicle_year=2025
[DEBUG] 57 records -> 57 after melt
[INFO] Step 4.5: model_lookup enrichment | sheet='2025_gv80_coupe'
[DEBUG] Group '2025_gv80_coupe': Unique trims identified: ['3.5T Coupe']
[DEBUG] Group '2025_gv80_coupe': model_keywords from data=['gv80', 'coupe'], fuel_type=None
[DEBUG] Group '2025_gv80_coupe' trim '3.5T Coupe': Searching with keywords=['gv80', 'coupe', '3.5t']
[DEBUG] Translated keywords: ['gv80', 'coupe', '3.5t'] \u2192 ['gv80', 'coupe', '3.5t']
[DEBUG] Classified tokens: {'MODEL': ['gv80', 'coupe'], 'ENGINE_TYPE': ['3.5t']}
[DEBUG] After filtering ignored categories ['INTERIOR', 'EXTERIOR_COLOR']: {'MODEL': ['gv80', 'coupe'], 'ENGINE_TYPE': ['3.5t']}
[DEBUG] Score: 18 (minimum: 12)
[DEBUG] Database search returned 2 candidates
[DEBUG] Confidence: 0.00
[DEBUG] Resolved 2 candidates to single vehicle with multiple model numbers (ignoring ['INTERIOR', 'EXTERIOR_COLOR']): ['V8CC7K3BGP00', 'V81CAA35LX63']
[DEBUG]   [OK] Found model_number(s)=['V8CC7K3BGP00', 'V81CAA35LX63'] confidence=0.28 for Genesis 2025 3.5T Coupe
[DEBUG] Group '2025_gv80_coupe': 114 rows before, 0 excluded (missing trims: []), 114 rows in output
[DEBUG] Group '2025_gv80_coupe': 114 rows before, 0 excluded (missing trims: []), 114 rows in output
[INFO] SHEET COMPLETE | sheet=2025_gv80_coupe | records_in=57 | records_out=228
[INFO] SHEET START | sheet=2025_ioniq_5
[DEBUG] Group '2025_ioniq_5' (model 'ioniq_5'): routed to manufacturer 'Hyundai'
[DEBUG] Column mapping for '2025_ioniq_5': {'Model_Year_From': 'year_from', 'Model_Year_To': None, 'Model': 'model', 'Trim_1': None, 'Trim_2': None, 'Trim_3': None, 'Accessory_Category_(EN)': None, 'Accessory_Group_(EN)': None, 'Accessory_Description_(EN)': 'english_description', 'Accessory_Category_(FR)': None, 'Accessory_Group_(FR)': None, 'Accessory_Description_(FR)': 'french_description', 'Part_Number': 'part_number', 'DNET': 'dnet', 'MSRP': 'msrp', 'Labour_Rate': 'labour_rate', 'Suggested_Labour_Hours': 'labour_hours', 'Suggested_Base_Retail_Price_w/labour': None, 'Yearly_Rate': None, 'Weekly_Rate': None, '#of_Payments': None, 'Weekly_Payment': None, 'Comments_(EN)': 'comments_en', 'Comments_(FR)': 'comments_fr', 'New_Part_SOS': None}
[INFO] Group '2025_ioniq_5': identified 3 trim column(s): ['Trim_1', 'Trim_2', 'Trim_3']
[DEBUG] Valid trim cols for '2025_ioniq_5': ['Trim_1', 'Trim_2', 'Trim_3']
[DEBUG] Group '2025_ioniq_5': extracted vehicle_year=2025
[DEBUG] 126 records -> 260 after melt
[INFO] Step 4.5: model_lookup enrichment | sheet='2025_ioniq_5'
[DEBUG] Group '2025_ioniq_5': Unique trims identified: ['N', 'Pref LR', 'Pref SR', 'Ult']
[DEBUG] Group '2025_ioniq_5': model_keywords from data=['ioniq', '5'], fuel_type=None
[DEBUG] Group '2025_ioniq_5' trim 'N': Searching with keywords=['ioniq', '5', 'n']
[DEBUG] Translated keywords: ['ioniq', '5', 'n'] \u2192 ['ioniq', '5', 'n']
[WARNING] Unclassified tokens: ['5']
[DEBUG] Classified tokens: {'MODEL': ['ioniq'], 'TRIM_VARIANT': ['n']}
[DEBUG] After filtering ignored categories ['INTERIOR', 'EXTERIOR_COLOR']: {'MODEL': ['ioniq'], 'TRIM_VARIANT': ['n']}
[DEBUG] Score: 16 (minimum: 12)
[DEBUG] Database search returned 2 candidates
[DEBUG] Confidence: 0.00
[WARNING] Unclassified tokens: ['5']
[WARNING] Unclassified tokens: ['5']
[DEBUG] Resolved 2 candidates to single vehicle with multiple model numbers (ignoring ['INTERIOR', 'EXTERIOR_COLOR']): ['I5EW5ZE3NN00', 'I51SEAEMEX39']
[DEBUG]   [OK] Found model_number(s)=['I5EW5ZE3NN00', 'I51SEAEMEX39'] confidence=0.25 for Hyundai 2025 N
[DEBUG] Group '2025_ioniq_5' trim 'Pref LR': Searching with keywords=['ioniq', '5', 'pref', 'lr']
[DEBUG] Translated keywords: ['ioniq', '5', 'pref', 'lr'] \u2192 ['ioniq', '5', 'preferred', 'lr']
[WARNING] Unclassified tokens: ['5', 'lr']
[DEBUG] Classified tokens: {'MODEL': ['ioniq'], 'TRIM': ['preferred']}
[DEBUG] After filtering ignored categories ['INTERIOR', 'EXTERIOR_COLOR']: {'MODEL': ['ioniq'], 'TRIM': ['preferred']}
[DEBUG] Score: 15 (minimum: 12)
[DEBUG] Database search returned 14 candidates
[DEBUG] Confidence: 0.00
[WARNING] Unclassified tokens: ['5', 'long', 'range']
[WARNING] Unclassified tokens: ['5', 'long', 'range']
[WARNING] Unclassified tokens: ['5', 'long', 'range', 'w/ultimate']
[WARNING] Unclassified tokens: ['5', 'standard', 'range']
[WARNING] Unclassified tokens: ['6', 'long', 'range']
[WARNING] Unclassified tokens: ['6', 'long', 'range']
[WARNING] Unclassified tokens: ['6', 'long', 'range', 'with']
[WARNING] Unclassified tokens: ['5', 'long', 'range']
[WARNING] Unclassified tokens: ['5', 'long', 'range']
[WARNING] Unclassified tokens: ['5', 'long', 'range', 'w/ultimate']
[WARNING] Unclassified tokens: ['5', 'standard', 'range']
[WARNING] Unclassified tokens: ['6', 'long', 'range']
[WARNING] Unclassified tokens: ['6', 'long', 'range']
[WARNING] Unclassified tokens: ['6', 'long', 'range', 'with']
[DEBUG] Accepted 14 candidates with unique model numbers (variant handling): ['I5EW5ZE4PRLR', 'I5EW5ZE2PRLR', 'I5EW5ZE2PRUP', 'I5EW5ZE4PRPR', 'I6ES4ZE4PRLR', 'I6ES4ZE2PRLR', 'I6ES4ZE2PRUP', 'I51SEREME2AK', 'I51SEAEME2AK', 'I51SEAEME2AV', 'I51SEREME242', 'I614EREME2AK', 'I614EAEME2AK', 'I614EAEME2AV']
[DEBUG]   [OK] Found model_number(s)=['I5EW5ZE4PRLR', 'I5EW5ZE2PRLR', 'I5EW5ZE2PRUP', 'I5EW5ZE4PRPR', 'I6ES4ZE4PRLR', 'I6ES4ZE2PRLR', 'I6ES4ZE2PRUP', 'I51SEREME2AK', 'I51SEAEME2AK', 'I51SEAEME2AV', 'I51SEREME242', 'I614EREME2AK', 'I614EAEME2AK', 'I614EAEME2AV'] confidence=0.00 for Hyundai 2025 Pref LR
[DEBUG] Group '2025_ioniq_5' trim 'Pref SR': Searching with keywords=['ioniq', '5', 'pref', 'sr']
[DEBUG] Translated keywords: ['ioniq', '5', 'pref', 'sr'] \u2192 ['ioniq', '5', 'preferred', 'sr']
[WARNING] Unclassified tokens: ['5', 'sr']
[DEBUG] Classified tokens: {'MODEL': ['ioniq'], 'TRIM': ['preferred']}
[DEBUG] After filtering ignored categories ['INTERIOR', 'EXTERIOR_COLOR']: {'MODEL': ['ioniq'], 'TRIM': ['preferred']}
[DEBUG] Score: 15 (minimum: 12)
[DEBUG] Database search returned 14 candidates
[DEBUG] Confidence: 0.00
[WARNING] Unclassified tokens: ['5', 'long', 'range']
[WARNING] Unclassified tokens: ['5', 'long', 'range']
[WARNING] Unclassified tokens: ['5', 'long', 'range', 'w/ultimate']
[WARNING] Unclassified tokens: ['5', 'standard', 'range']
[WARNING] Unclassified tokens: ['6', 'long', 'range']
[WARNING] Unclassified tokens: ['6', 'long', 'range']
[WARNING] Unclassified tokens: ['6', 'long', 'range', 'with']
[WARNING] Unclassified tokens: ['5', 'long', 'range']
[WARNING] Unclassified tokens: ['5', 'long', 'range']
[WARNING] Unclassified tokens: ['5', 'long', 'range', 'w/ultimate']
[WARNING] Unclassified tokens: ['5', 'standard', 'range']
[WARNING] Unclassified tokens: ['6', 'long', 'range']
[WARNING] Unclassified tokens: ['6', 'long', 'range']
[WARNING] Unclassified tokens: ['6', 'long', 'range', 'with']
[DEBUG] Accepted 14 candidates with unique model numbers (variant handling): ['I5EW5ZE4PRLR', 'I5EW5ZE2PRLR', 'I5EW5ZE2PRUP', 'I5EW5ZE4PRPR', 'I6ES4ZE4PRLR', 'I6ES4ZE2PRLR', 'I6ES4ZE2PRUP', 'I51SEREME2AK', 'I51SEAEME2AK', 'I51SEAEME2AV', 'I51SEREME242', 'I614EREME2AK', 'I614EAEME2AK', 'I614EAEME2AV']
[DEBUG]   [OK] Found model_number(s)=['I5EW5ZE4PRLR', 'I5EW5ZE2PRLR', 'I5EW5ZE2PRUP', 'I5EW5ZE4PRPR', 'I6ES4ZE4PRLR', 'I6ES4ZE2PRLR', 'I6ES4ZE2PRUP', 'I51SEREME2AK', 'I51SEAEME2AK', 'I51SEAEME2AV', 'I51SEREME242', 'I614EREME2AK', 'I614EAEME2AK', 'I614EAEME2AV'] confidence=0.00 for Hyundai 2025 Pref SR
[DEBUG] Group '2025_ioniq_5' trim 'Ult': Searching with keywords=['ioniq', '5', 'ult']
[DEBUG] Translated keywords: ['ioniq', '5', 'ult'] \u2192 ['ioniq', '5', 'ultimate']
[WARNING] Unclassified tokens: ['5']
[DEBUG] Classified tokens: {'MODEL': ['ioniq'], 'TRIM': ['ultimate']}
[DEBUG] After filtering ignored categories ['INTERIOR', 'EXTERIOR_COLOR']: {'MODEL': ['ioniq'], 'TRIM': ['ultimate']}
[DEBUG] Score: 15 (minimum: 12)
[DEBUG] Database search returned 4 candidates
[DEBUG] Confidence: 0.00
[WARNING] Unclassified tokens: ['5', 'long', 'range', 'w/ultimate']
[WARNING] Unclassified tokens: ['6', 'long', 'range', 'with']
[WARNING] Unclassified tokens: ['5', 'long', 'range', 'w/ultimate']
[WARNING] Unclassified tokens: ['6', 'long', 'range', 'with']
[DEBUG] Accepted 4 candidates with unique model numbers (variant handling): ['I5EW5ZE2PRUP', 'I6ES4ZE2PRUP', 'I51SEAEME2AV', 'I614EAEME2AV']
[DEBUG]   [OK] Found model_number(s)=['I5EW5ZE2PRUP', 'I6ES4ZE2PRUP', 'I51SEAEME2AV', 'I614EAEME2AV'] confidence=0.00 for Hyundai 2025 Ult
[DEBUG] Group '2025_ioniq_5': 2342 rows before, 0 excluded (missing trims: []), 2342 rows in output
[DEBUG] Group '2025_ioniq_5': 2342 rows before, 0 excluded (missing trims: []), 2342 rows in output
[INFO] SHEET COMPLETE | sheet=2025_ioniq_5 | records_in=126 | records_out=4684
[INFO] SHEET START | sheet=2025_ioniq_6
[DEBUG] Group '2025_ioniq_6' (model 'ioniq_6'): routed to manufacturer 'Hyundai'
[DEBUG] Column mapping for '2025_ioniq_6': {'Model_Year_From': 'year_from', 'Model_Year_To': None, 'Model': 'model', 'Trim_1': None, 'Trim_2': None, 'Accessory_Category_(EN)': None, 'Accessory_Group_(EN)': None, 'Accessory_Description_(EN)': 'english_description', 'Accessory_Category_(FR)': None, 'Accessory_Group_(FR)': None, 'Accessory_Description_(FR)': 'french_description', 'Part_Number': 'part_number', 'DNET': 'dnet', 'MSRP': 'msrp', 'Labour_Rate': 'labour_rate', 'Suggested_Labour_Hours': 'labour_hours', 'Suggested_Base_Retail_Price_w/labour': None, 'Yearly_Rate': None, 'Weekly_Rate': None, '#of_Payments': None, 'Weekly_Payment': None, 'Comments_(EN)': 'comments_en', 'Comments_(FR)': 'comments_fr', 'New_Part_SOS': None, 'Outgoing_Part_Flag': None}
[INFO] Group '2025_ioniq_6': identified 2 trim column(s): ['Trim_1', 'Trim_2']
[DEBUG] Valid trim cols for '2025_ioniq_6': ['Trim_1', 'Trim_2']
[DEBUG] Group '2025_ioniq_6': extracted vehicle_year=2025
[DEBUG] 40 records -> 79 after melt
[INFO] Step 4.5: model_lookup enrichment | sheet='2025_ioniq_6'
[DEBUG] Group '2025_ioniq_6': Unique trims identified: ['Pref', 'Ult']
[DEBUG] Group '2025_ioniq_6': model_keywords from data=['ioniq', '6'], fuel_type=None
[DEBUG] Group '2025_ioniq_6' trim 'Pref': Searching with keywords=['ioniq', '6', 'pref']
[DEBUG] Translated keywords: ['ioniq', '6', 'pref'] \u2192 ['ioniq', '6', 'preferred']
[WARNING] Unclassified tokens: ['6']
[DEBUG] Classified tokens: {'MODEL': ['ioniq'], 'TRIM': ['preferred']}
[DEBUG] After filtering ignored categories ['INTERIOR', 'EXTERIOR_COLOR']: {'MODEL': ['ioniq'], 'TRIM': ['preferred']}
[DEBUG] Score: 15 (minimum: 12)
[DEBUG] Database search returned 14 candidates
[DEBUG] Confidence: 0.00
[WARNING] Unclassified tokens: ['5', 'long', 'range']
[WARNING] Unclassified tokens: ['5', 'long', 'range']
[WARNING] Unclassified tokens: ['5', 'long', 'range', 'w/ultimate']
[WARNING] Unclassified tokens: ['5', 'standard', 'range']
[WARNING] Unclassified tokens: ['6', 'long', 'range']
[WARNING] Unclassified tokens: ['6', 'long', 'range']
[WARNING] Unclassified tokens: ['6', 'long', 'range', 'with']
[WARNING] Unclassified tokens: ['5', 'long', 'range']
[WARNING] Unclassified tokens: ['5', 'long', 'range']
[WARNING] Unclassified tokens: ['5', 'long', 'range', 'w/ultimate']
[WARNING] Unclassified tokens: ['5', 'standard', 'range']
[WARNING] Unclassified tokens: ['6', 'long', 'range']
[WARNING] Unclassified tokens: ['6', 'long', 'range']
[WARNING] Unclassified tokens: ['6', 'long', 'range', 'with']
[DEBUG] Accepted 14 candidates with unique model numbers (variant handling): ['I5EW5ZE4PRLR', 'I5EW5ZE2PRLR', 'I5EW5ZE2PRUP', 'I5EW5ZE4PRPR', 'I6ES4ZE4PRLR', 'I6ES4ZE2PRLR', 'I6ES4ZE2PRUP', 'I51SEREME2AK', 'I51SEAEME2AK', 'I51SEAEME2AV', 'I51SEREME242', 'I614EREME2AK', 'I614EAEME2AK', 'I614EAEME2AV']
[DEBUG]   [OK] Found model_number(s)=['I5EW5ZE4PRLR', 'I5EW5ZE2PRLR', 'I5EW5ZE2PRUP', 'I5EW5ZE4PRPR', 'I6ES4ZE4PRLR', 'I6ES4ZE2PRLR', 'I6ES4ZE2PRUP', 'I51SEREME2AK', 'I51SEAEME2AK', 'I51SEAEME2AV', 'I51SEREME242', 'I614EREME2AK', 'I614EAEME2AK', 'I614EAEME2AV'] confidence=0.00 for Hyundai 2025 Pref
[DEBUG] Group '2025_ioniq_6' trim 'Ult': Searching with keywords=['ioniq', '6', 'ult']
[DEBUG] Translated keywords: ['ioniq', '6', 'ult'] \u2192 ['ioniq', '6', 'ultimate']
[WARNING] Unclassified tokens: ['6']
[DEBUG] Classified tokens: {'MODEL': ['ioniq'], 'TRIM': ['ultimate']}
[DEBUG] After filtering ignored categories ['INTERIOR', 'EXTERIOR_COLOR']: {'MODEL': ['ioniq'], 'TRIM': ['ultimate']}
[DEBUG] Score: 15 (minimum: 12)
[DEBUG] Database search returned 4 candidates
[DEBUG] Confidence: 0.00
[WARNING] Unclassified tokens: ['5', 'long', 'range', 'w/ultimate']
[WARNING] Unclassified tokens: ['6', 'long', 'range', 'with']
[WARNING] Unclassified tokens: ['5', 'long', 'range', 'w/ultimate']
[WARNING] Unclassified tokens: ['6', 'long', 'range', 'with']
[DEBUG] Accepted 4 candidates with unique model numbers (variant handling): ['I5EW5ZE2PRUP', 'I6ES4ZE2PRUP', 'I51SEAEME2AV', 'I614EAEME2AV']
[DEBUG]   [OK] Found model_number(s)=['I5EW5ZE2PRUP', 'I6ES4ZE2PRUP', 'I51SEAEME2AV', 'I614EAEME2AV'] confidence=0.00 for Hyundai 2025 Ult
[DEBUG] Group '2025_ioniq_6': 716 rows before, 0 excluded (missing trims: []), 716 rows in output
[DEBUG] Group '2025_ioniq_6': 716 rows before, 0 excluded (missing trims: []), 716 rows in output
[INFO] SHEET COMPLETE | sheet=2025_ioniq_6 | records_in=40 | records_out=1432
[INFO] SHEET START | sheet=2025_kona
[DEBUG] Group '2025_kona' (model 'kona'): routed to manufacturer 'Hyundai'
[DEBUG] Column mapping for '2025_kona': {'Model_Year_From': 'year_from', 'Model_Year_To': None, 'Model': 'model', 'Trim_1': None, 'Trim_2': None, 'Trim_3': None, 'Trim_4': None, 'Trim_5': None, 'Trim_6': None, 'Accessory_Category_(EN)': None, 'Accessory_Group_(EN)': None, 'Accessory_Description_(EN)': 'english_description', 'Accessory_Category_(FR)': None, 'Accessory_Group_(FR)': None, 'Accessory_Description_(FR)': 'french_description', 'Part_Number': 'part_number', 'DNET': 'dnet', 'MSRP': 'msrp', 'Labour_Rate': 'labour_rate', 'Suggested_Labour_Hours': 'labour_hours', 'Suggested_Base_Retail_Price_w/labour': None, 'Yearly_Rate': None, 'Weekly_Rate': None, '#of_Payments': None, 'Weekly_Payment': None, 'Comments_(EN)': 'comments_en', 'Comments_(FR)': 'comments_fr', 'New_Part_SOS': None, 'Outgoing_Part_Flag': None}
[INFO] Group '2025_kona': identified 6 trim column(s): ['Trim_1', 'Trim_2', 'Trim_3', 'Trim_4', 'Trim_5', 'Trim_6']
[DEBUG] Valid trim cols for '2025_kona': ['Trim_1', 'Trim_2', 'Trim_3', 'Trim_4', 'Trim_5', 'Trim_6']
[DEBUG] Group '2025_kona': extracted vehicle_year=2025
[DEBUG] 90 records -> 485 after melt
[INFO] Step 4.5: model_lookup enrichment | sheet='2025_kona'
[DEBUG] Group '2025_kona': Unique trims identified: ['Ess', 'N-Line', 'N-Line Ult', 'Pref', 'Sport', 'Trend']
[DEBUG] Group '2025_kona': model_keywords from data=['kona'], fuel_type=None
[DEBUG] Group '2025_kona' trim 'Ess': Searching with keywords=['kona', 'ess']
[DEBUG] Translated keywords: ['kona', 'ess'] \u2192 ['kona', 'essential']
[DEBUG] Classified tokens: {'MODEL': ['kona'], 'TRIM': ['essential']}
[DEBUG] After filtering ignored categories ['INTERIOR', 'EXTERIOR_COLOR']: {'MODEL': ['kona'], 'TRIM': ['essential']}
[DEBUG] Score: 15 (minimum: 12)
[DEBUG] Database search returned 4 candidates
[DEBUG] Confidence: 0.00
[DEBUG] Accepted 4 candidates with unique model numbers (variant handling): ['KOCW5V2BES00', 'KOCW5Q2BES00', 'KO2SAF20A100', 'KO2SAA20A100']
[DEBUG]   [OK] Found model_number(s)=['KOCW5V2BES00', 'KOCW5Q2BES00', 'KO2SAF20A100', 'KO2SAA20A100'] confidence=0.00 for Hyundai 2025 Ess
[DEBUG] Group '2025_kona' trim 'N-Line': Searching with keywords=['kona', 'n-line']
[DEBUG] Translated keywords: ['kona', 'n-line'] \u2192 ['kona', 'n-line']
[DEBUG] Classified tokens: {'MODEL': ['kona'], 'TRIM_VARIANT': ['n-line']}
[DEBUG] After filtering ignored categories ['INTERIOR', 'EXTERIOR_COLOR']: {'MODEL': ['kona'], 'TRIM_VARIANT': ['n-line']}
[DEBUG] Score: 16 (minimum: 12)
[DEBUG] Database search returned 0 candidates
[DEBUG] Confidence: 0.00
[WARNING]   [NOT_FOUND] Hyundai 2025 N-Line keywords=['kona', 'n-line']
[DEBUG] Group '2025_kona' trim 'N-Line Ult': Searching with keywords=['kona', 'n-line', 'ult']
[DEBUG] Translated keywords: ['kona', 'n-line', 'ult'] \u2192 ['kona', 'n-line', 'ultimate']
[DEBUG] Classified tokens: {'MODEL': ['kona'], 'TRIM_VARIANT': ['n-line'], 'TRIM': ['ultimate']}
[DEBUG] After filtering ignored categories ['INTERIOR', 'EXTERIOR_COLOR']: {'MODEL': ['kona'], 'TRIM_VARIANT': ['n-line'], 'TRIM': ['ultimate']}
[DEBUG] Score: 21 (minimum: 12)
[DEBUG] Database search returned 0 candidates
[DEBUG] Confidence: 0.00
[WARNING]   [NOT_FOUND] Hyundai 2025 N-Line Ult keywords=['kona', 'n-line', 'ult']
[DEBUG] Group '2025_kona' trim 'Pref': Searching with keywords=['kona', 'pref']
[DEBUG] Translated keywords: ['kona', 'pref'] \u2192 ['kona', 'preferred']
[DEBUG] Classified tokens: {'MODEL': ['kona'], 'TRIM': ['preferred']}
[DEBUG] After filtering ignored categories ['INTERIOR', 'EXTERIOR_COLOR']: {'MODEL': ['kona'], 'TRIM': ['preferred']}
[DEBUG] Score: 15 (minimum: 12)
[DEBUG] Database search returned 8 candidates
[DEBUG] Confidence: 0.00
[WARNING] Unclassified tokens: ['with']
[WARNING] Unclassified tokens: ['with']
[DEBUG] Accepted 8 candidates with unique model numbers (variant handling): ['KOCW5V2BPR00', 'KOCW5Q2BPR00', 'KOCW5Q2BPRTR', 'KOCW5K1APRSP', 'KO2SAF20A200', 'KO2SAA20A200', 'KO2SAA20A241', 'KO2SAA16D260']
[DEBUG]   [OK] Found model_number(s)=['KOCW5V2BPR00', 'KOCW5Q2BPR00', 'KOCW5Q2BPRTR', 'KOCW5K1APRSP', 'KO2SAF20A200', 'KO2SAA20A200', 'KO2SAA20A241', 'KO2SAA16D260'] confidence=0.00 for Hyundai 2025 Pref
[DEBUG] Group '2025_kona' trim 'Sport': Searching with keywords=['kona', 'sport']
[DEBUG] Translated keywords: ['kona', 'sport'] \u2192 ['kona', 'sport']
[DEBUG] Classified tokens: {'MODEL': ['kona'], 'TRIM': ['sport']}
[DEBUG] After filtering ignored categories ['INTERIOR', 'EXTERIOR_COLOR']: {'MODEL': ['kona'], 'TRIM': ['sport']}
[DEBUG] Score: 15 (minimum: 12)
[DEBUG] Database search returned 2 candidates
[DEBUG] Confidence: 0.00
[DEBUG] Resolved 2 candidates to single vehicle with multiple model numbers (ignoring ['INTERIOR', 'EXTERIOR_COLOR']): ['KOCW5K1APRSP', 'KO2SAA16D260']
[DEBUG]   [OK] Found model_number(s)=['KOCW5K1APRSP', 'KO2SAA16D260'] confidence=0.23 for Hyundai 2025 Sport
[DEBUG] Group '2025_kona' trim 'Trend': Searching with keywords=['kona', 'trend']
[DEBUG] Translated keywords: ['kona', 'trend'] \u2192 ['kona', 'trend']
[DEBUG] Classified tokens: {'MODEL': ['kona'], 'TRIM': ['trend']}
[DEBUG] After filtering ignored categories ['INTERIOR', 'EXTERIOR_COLOR']: {'MODEL': ['kona'], 'TRIM': ['trend']}
[DEBUG] Score: 15 (minimum: 12)
[DEBUG] Database search returned 2 candidates
[DEBUG] Confidence: 0.00
[WARNING] Unclassified tokens: ['with']
[WARNING] Unclassified tokens: ['with']
[DEBUG] Resolved 2 candidates to single vehicle with multiple model numbers (ignoring ['INTERIOR', 'EXTERIOR_COLOR']): ['KOCW5Q2BPRTR', 'KO2SAA20A241']
[DEBUG]   [OK] Found model_number(s)=['KOCW5Q2BPRTR', 'KO2SAA20A241'] confidence=0.23 for Hyundai 2025 Trend
[DEBUG] Group '2025_kona': 1450 rows before, 164 excluded (missing trims: ['N-Line', 'N-Line Ult']), 1286 rows in output
[DEBUG] Group '2025_kona': 1450 rows before, 164 excluded (missing trims: ['N-Line', 'N-Line Ult']), 1286 rows in output
[INFO] SHEET COMPLETE | sheet=2025_kona | records_in=90 | records_out=2572
[INFO] SHEET START | sheet=2025_kona_ev
[DEBUG] Group '2025_kona_ev' (model 'kona_ev'): routed to manufacturer 'Hyundai'
[DEBUG] Column mapping for '2025_kona_ev': {'Model_Year_From': 'year_from', 'Model_Year_To': None, 'Model': 'model', 'Trim_1': None, 'Trim_2': None, 'Trim_3': None, 'Trim_4': None, 'Accessory_Category_(EN)': None, 'Accessory_Group_(EN)': None, 'Accessory_Description_(EN)': 'english_description', 'Accessory_Category_(FR)': None, 'Accessory_Group_(FR)': None, 'Accessory_Description_(FR)': 'french_description', 'Part_Number': 'part_number', 'DNET': 'dnet', 'MSRP': 'msrp', 'Labour_Rate': 'labour_rate', 'Suggested_Labour_Hours': 'labour_hours', 'Suggested_Base_Retail_Price_w/labour': None, 'Yearly_Rate': None, 'Weekly_Rate': None, '#of_Payments': None, 'Weekly_Payment': None, 'Comments_(EN)': 'comments_en', 'Comments_(FR)': 'comments_fr', 'New_Part_SOS': None, 'Outgoing_Part_Flag': None}
[INFO] Group '2025_kona_ev': identified 4 trim column(s): ['Trim_1', 'Trim_2', 'Trim_3', 'Trim_4']
[DEBUG] Valid trim cols for '2025_kona_ev': ['Trim_1', 'Trim_2', 'Trim_3', 'Trim_4']
[DEBUG] Group '2025_kona_ev': extracted vehicle_year=2025
[DEBUG] 77 records -> 286 after melt
[INFO] Step 4.5: model_lookup enrichment | sheet='2025_kona_ev'
[DEBUG] Group '2025_kona_ev': Unique trims identified: ['N-Line Ult', 'Pref', 'Trend', 'Ult']
[DEBUG] Group '2025_kona_ev': model_keywords from data=['kona', 'ev'], fuel_type=None
[DEBUG] Group '2025_kona_ev' trim 'N-Line Ult': Searching with keywords=['kona', 'ev', 'n-line', 'ult']
[DEBUG] Translated keywords: ['kona', 'ev', 'n-line', 'ult'] \u2192 ['kona', 'electric', 'n-line', 'ultimate']
[DEBUG] Classified tokens: {'MODEL': ['kona'], 'POWERTRAIN_TYPE': ['electric'], 'TRIM_VARIANT': ['n-line'], 'TRIM': ['ultimate']}
[DEBUG] After filtering ignored categories ['INTERIOR', 'EXTERIOR_COLOR']: {'MODEL': ['kona'], 'POWERTRAIN_TYPE': ['electric'], 'TRIM_VARIANT': ['n-line'], 'TRIM': ['ultimate']}
[DEBUG] Score: 31 (minimum: 12)
[DEBUG] Database search returned 2 candidates
[DEBUG] Confidence: 0.00
[WARNING] Unclassified tokens: ['with', 'pk']
[WARNING] Unclassified tokens: ['with', 'pk']
[DEBUG] Resolved 2 candidates to single vehicle with multiple model numbers (ignoring ['INTERIOR', 'EXTERIOR_COLOR']): ['KEEW5ZE4PRNU', 'KE2SEFEME2BO']
[DEBUG]   [OK] Found model_number(s)=['KEEW5ZE4PRNU', 'KE2SEFEME2BO'] confidence=0.48 for Hyundai 2025 N-Line Ult
[DEBUG] Group '2025_kona_ev' trim 'Pref': Searching with keywords=['kona', 'ev', 'pref']
[DEBUG] Translated keywords: ['kona', 'ev', 'pref'] \u2192 ['kona', 'electric', 'preferred']
[DEBUG] Classified tokens: {'MODEL': ['kona'], 'POWERTRAIN_TYPE': ['electric'], 'TRIM': ['preferred']}
[DEBUG] After filtering ignored categories ['INTERIOR', 'EXTERIOR_COLOR']: {'MODEL': ['kona'], 'POWERTRAIN_TYPE': ['electric'], 'TRIM': ['preferred']}
[DEBUG] Score: 25 (minimum: 12)
[DEBUG] Database search returned 12 candidates
[DEBUG] Confidence: 0.00
[WARNING] Unclassified tokens: ['with']
[WARNING] Unclassified tokens: ['with']
[WARNING] Unclassified tokens: ['with']
[WARNING] Unclassified tokens: ['with', 'green']
[WARNING] Unclassified tokens: ['with', 'pk']
[WARNING] Unclassified tokens: ['with']
[WARNING] Unclassified tokens: ['with']
[WARNING] Unclassified tokens: ['with']
[WARNING] Unclassified tokens: ['with', 'green']
[WARNING] Unclassified tokens: ['with', 'pk']
[DEBUG] Accepted 12 candidates with unique model numbers (variant handling): ['KEEW5ZE4PR00', 'KEEW5ZE4PRTR', 'KEEW5ZE4PRUP', 'KEEW5ZE4PRUT', 'KEEW5ZE4PRUG', 'KEEW5ZE4PRNU', 'KE2SEFEME200', 'KE2SEFEME241', 'KE2SEFEME2AV', 'KE2SEFEME2BM', 'KE2SEFEME2BN', 'KE2SEFEME2BO']
[DEBUG]   [OK] Found model_number(s)=['KEEW5ZE4PR00', 'KEEW5ZE4PRTR', 'KEEW5ZE4PRUP', 'KEEW5ZE4PRUT', 'KEEW5ZE4PRUG', 'KEEW5ZE4PRNU', 'KE2SEFEME200', 'KE2SEFEME241', 'KE2SEFEME2AV', 'KE2SEFEME2BM', 'KE2SEFEME2BN', 'KE2SEFEME2BO'] confidence=0.00 for Hyundai 2025 Pref
[DEBUG] Group '2025_kona_ev' trim 'Trend': Searching with keywords=['kona', 'ev', 'trend']
[DEBUG] Translated keywords: ['kona', 'ev', 'trend'] \u2192 ['kona', 'electric', 'trend']
[DEBUG] Classified tokens: {'MODEL': ['kona'], 'POWERTRAIN_TYPE': ['electric'], 'TRIM': ['trend']}
[DEBUG] After filtering ignored categories ['INTERIOR', 'EXTERIOR_COLOR']: {'MODEL': ['kona'], 'POWERTRAIN_TYPE': ['electric'], 'TRIM': ['trend']}
[DEBUG] Score: 25 (minimum: 12)
[DEBUG] Database search returned 2 candidates
[DEBUG] Confidence: 0.00
[WARNING] Unclassified tokens: ['with']
[WARNING] Unclassified tokens: ['with']
[DEBUG] Resolved 2 candidates to single vehicle with multiple model numbers (ignoring ['INTERIOR', 'EXTERIOR_COLOR']): ['KEEW5ZE4PRTR', 'KE2SEFEME241']
[DEBUG]   [OK] Found model_number(s)=['KEEW5ZE4PRTR', 'KE2SEFEME241'] confidence=0.39 for Hyundai 2025 Trend
[DEBUG] Group '2025_kona_ev' trim 'Ult': Searching with keywords=['kona', 'ev', 'ult']
[DEBUG] Translated keywords: ['kona', 'ev', 'ult'] \u2192 ['kona', 'electric', 'ultimate']
[DEBUG] Classified tokens: {'MODEL': ['kona'], 'POWERTRAIN_TYPE': ['electric'], 'TRIM': ['ultimate']}
[DEBUG] After filtering ignored categories ['INTERIOR', 'EXTERIOR_COLOR']: {'MODEL': ['kona'], 'POWERTRAIN_TYPE': ['electric'], 'TRIM': ['ultimate']}
[DEBUG] Score: 25 (minimum: 12)
[DEBUG] Database search returned 12 candidates
[DEBUG] Confidence: 0.00
[WARNING] Unclassified tokens: ['with']
[WARNING] Unclassified tokens: ['with']
[WARNING] Unclassified tokens: ['with', 'green']
[WARNING] Unclassified tokens: ['with', 'pk']
[WARNING] Unclassified tokens: ['w/two-tone']
[WARNING] Unclassified tokens: ['w/sage-green']
[WARNING] Unclassified tokens: ['line']
[WARNING] Unclassified tokens: ['with']
[WARNING] Unclassified tokens: ['with']
[WARNING] Unclassified tokens: ['with', 'green']
[WARNING] Unclassified tokens: ['with', 'pk']
[DEBUG] Accepted 12 candidates with unique model numbers (variant handling): ['KEEW5ZE4PRUP', 'KEEW5ZE4PRUT', 'KEEW5ZE4PRUG', 'KEEW5ZE4PRNU', 'KE2SEFEME400', 'KE2SEFEME466', 'KE2SEFEME4BF', 'KE2SEFEMEO20', 'KE2SEFEME2AV', 'KE2SEFEME2BM', 'KE2SEFEME2BN', 'KE2SEFEME2BO']
[DEBUG]   [OK] Found model_number(s)=['KEEW5ZE4PRUP', 'KEEW5ZE4PRUT', 'KEEW5ZE4PRUG', 'KEEW5ZE4PRNU', 'KE2SEFEME400', 'KE2SEFEME466', 'KE2SEFEME4BF', 'KE2SEFEMEO20', 'KE2SEFEME2AV', 'KE2SEFEME2BM', 'KE2SEFEME2BN', 'KE2SEFEME2BO'] confidence=0.00 for Hyundai 2025 Ult
[DEBUG] Group '2025_kona_ev': 2062 rows before, 0 excluded (missing trims: []), 2062 rows in output
[DEBUG] Group '2025_kona_ev': 2062 rows before, 0 excluded (missing trims: []), 2062 rows in output
[INFO] SHEET COMPLETE | sheet=2025_kona_ev | records_in=77 | records_out=4124
[INFO] SHEET START | sheet=2025_palisade
[DEBUG] Group '2025_palisade' (model 'palisade'): routed to manufacturer 'Hyundai'
[DEBUG] Column mapping for '2025_palisade': {'Model_Year_From': 'year_from', 'Model_Year_To': None, 'Model': 'model', 'Trim_1': None, 'Trim_2': None, 'Trim_3': None, 'Accessory_Category_(EN)': None, 'Accessory_Group_(EN)': None, 'Accessory_Description_(EN)': 'english_description', 'Accessory_Category_(FR)': None, 'Accessory_Group_(FR)': None, 'Accessory_Description_(FR)': 'french_description', 'Part_Number': 'part_number', 'DNET': 'dnet', 'MSRP': 'msrp', 'Labour_Rate': 'labour_rate', 'Suggested_Labour_Hours': 'labour_hours', 'Suggested_Base_Retail_Price_w/labour': None, 'Yearly_Rate': None, 'Weekly_Rate': None, '#of_Payments': None, 'Weekly_Payment': None, 'Comments_(EN)': 'comments_en', 'Comments_(FR)': 'comments_fr', 'New_Part_SOS': None, 'Outgoing_Part_Flag': None}
[INFO] Group '2025_palisade': identified 3 trim column(s): ['Trim_1', 'Trim_2', 'Trim_3']
[DEBUG] Valid trim cols for '2025_palisade': ['Trim_1', 'Trim_2', 'Trim_3']
[DEBUG] Group '2025_palisade': extracted vehicle_year=2025
[DEBUG] 95 records -> 270 after melt
[INFO] Step 4.5: model_lookup enrichment | sheet='2025_palisade'
[DEBUG] Group '2025_palisade': Unique trims identified: ['Calli', 'Pref', 'Urban']
[DEBUG] Group '2025_palisade': model_keywords from data=['palisade'], fuel_type=None
[DEBUG] Group '2025_palisade' trim 'Calli': Searching with keywords=['palisade', 'calli']
[DEBUG] Translated keywords: ['palisade', 'calli'] \u2192 ['palisade', 'calligraphy']
[DEBUG] Classified tokens: {'MODEL': ['palisade'], 'TRIM': ['calligraphy']}
[DEBUG] After filtering ignored categories ['INTERIOR', 'EXTERIOR_COLOR']: {'MODEL': ['palisade'], 'TRIM': ['calligraphy']}
[DEBUG] Score: 15 (minimum: 12)
[DEBUG] Database search returned 6 candidates
[DEBUG] Confidence: 0.00
[WARNING] Unclassified tokens: ['night']
[WARNING] Unclassified tokens: ['night']
[DEBUG] Accepted 6 candidates with unique model numbers (variant handling): ['PACW7K3DULC7', 'PACW7K3DULCB', 'PACW7K3DULCN', 'PA1LAA38B477', 'PA1LAA38B478', 'PA1LAA38B4BJ']
[DEBUG]   [OK] Found model_number(s)=['PACW7K3DULC7', 'PACW7K3DULCB', 'PACW7K3DULCN', 'PA1LAA38B477', 'PA1LAA38B478', 'PA1LAA38B4BJ'] confidence=0.00 for Hyundai 2025 Calli
[DEBUG] Group '2025_palisade' trim 'Pref': Searching with keywords=['palisade', 'pref']
[DEBUG] Translated keywords: ['palisade', 'pref'] \u2192 ['palisade', 'preferred']
[DEBUG] Classified tokens: {'MODEL': ['palisade'], 'TRIM': ['preferred']}
[DEBUG] After filtering ignored categories ['INTERIOR', 'EXTERIOR_COLOR']: {'MODEL': ['palisade'], 'TRIM': ['preferred']}
[DEBUG] Score: 15 (minimum: 12)
[DEBUG] Database search returned 2 candidates
[DEBUG] Confidence: 0.00
[DEBUG] Resolved 2 candidates to single vehicle with multiple model numbers (ignoring ['INTERIOR', 'EXTERIOR_COLOR']): ['PACW8K3DPR00', 'PA1LAA38B200']
[DEBUG]   [OK] Found model_number(s)=['PACW8K3DPR00', 'PA1LAA38B200'] confidence=0.23 for Hyundai 2025 Pref
[DEBUG] Group '2025_palisade' trim 'Urban': Searching with keywords=['palisade', 'urban']
[DEBUG] Translated keywords: ['palisade', 'urban'] \u2192 ['palisade', 'urban']
[DEBUG] Classified tokens: {'MODEL': ['palisade'], 'TRIM': ['urban']}
[DEBUG] After filtering ignored categories ['INTERIOR', 'EXTERIOR_COLOR']: {'MODEL': ['palisade'], 'TRIM': ['urban']}
[DEBUG] Score: 15 (minimum: 12)
[DEBUG] Database search returned 4 candidates
[DEBUG] Confidence: 0.00
[WARNING] Unclassified tokens: ['8', 'passenger']
[WARNING] Unclassified tokens: ['7', 'passenger']
[WARNING] Unclassified tokens: ['8', 'passenger']
[WARNING] Unclassified tokens: ['7', 'passenger']
[DEBUG] Resolved 4 candidates to single vehicle with multiple model numbers (ignoring ['INTERIOR', 'EXTERIOR_COLOR']): ['PACW8K3DUR00', 'PACW7K3DUR91', 'PA1LAA38BY00', 'PA1LAA38BY91']
[DEBUG]   [OK] Found model_number(s)=['PACW8K3DUR00', 'PACW7K3DUR91', 'PA1LAA38BY00', 'PA1LAA38BY91'] confidence=0.23 for Hyundai 2025 Urban
[DEBUG] Group '2025_palisade': 1086 rows before, 0 excluded (missing trims: []), 1086 rows in output
[DEBUG] Group '2025_palisade': 1086 rows before, 0 excluded (missing trims: []), 1086 rows in output
[INFO] SHEET COMPLETE | sheet=2025_palisade | records_in=95 | records_out=2172
[INFO] SHEET START | sheet=2025_santa_cruz
[DEBUG] Group '2025_santa_cruz' (model 'santa_cruz'): routed to manufacturer 'Hyundai'
[DEBUG] Column mapping for '2025_santa_cruz': {'Model_Year_From': 'year_from', 'Model_Year_To': None, 'Model': 'model', 'Trim_1': None, 'Trim_2': None, 'Trim_3': None, 'Accessory_Category_(EN)': None, 'Accessory_Group_(EN)': None, 'Accessory_Description_(EN)': 'english_description', 'Accessory_Category_(FR)': None, 'Accessory_Group_(FR)': None, 'Accessory_Description_(FR)': 'french_description', 'Part_Number': 'part_number', 'DNET': 'dnet', 'MSRP': 'msrp', 'Labour_Rate': 'labour_rate', 'Suggested_Labour_Hours': 'labour_hours', 'Suggested_Base_Retail_Price_w/labour': None, 'Yearly_Rate': None, 'Weekly_Rate': None, '#of_Payments': None, 'Weekly_Payment': None, 'Comments_(EN)': 'comments_en', 'Comments_(FR)': 'comments_fr', 'New_Part_SOS': None, 'Outgoing_Part_Flag': None}
[INFO] Group '2025_santa_cruz': identified 3 trim column(s): ['Trim_1', 'Trim_2', 'Trim_3']
[DEBUG] Valid trim cols for '2025_santa_cruz': ['Trim_1', 'Trim_2', 'Trim_3']
[DEBUG] Group '2025_santa_cruz': extracted vehicle_year=2025
[DEBUG] 97 records -> 282 after melt
[INFO] Step 4.5: model_lookup enrichment | sheet='2025_santa_cruz'
[DEBUG] Group '2025_santa_cruz': Unique trims identified: ['Pref', 'Ult', 'XRT']
[DEBUG] Group '2025_santa_cruz': model_keywords from data=['santa', 'cruz'], fuel_type=None
[DEBUG] Group '2025_santa_cruz' trim 'Pref': Searching with keywords=['santa', 'cruz', 'pref']
[DEBUG] Translated keywords: ['santa', 'cruz', 'pref'] \u2192 ['santa', 'cruz', 'preferred']
[WARNING] Unclassified tokens: ['santa', 'cruz']
[DEBUG] Classified tokens: {'TRIM': ['preferred']}
[DEBUG] After filtering ignored categories ['INTERIOR', 'EXTERIOR_COLOR']: {'TRIM': ['preferred']}
[DEBUG] Search validation failed: No MODEL token in search
[WARNING]   [NOT_FOUND] Hyundai 2025 Pref keywords=['santa', 'cruz', 'pref']
[DEBUG] Group '2025_santa_cruz' trim 'Ult': Searching with keywords=['santa', 'cruz', 'ult']
[DEBUG] Translated keywords: ['santa', 'cruz', 'ult'] \u2192 ['santa', 'cruz', 'ultimate']
[WARNING] Unclassified tokens: ['santa', 'cruz']
[DEBUG] Classified tokens: {'TRIM': ['ultimate']}
[DEBUG] After filtering ignored categories ['INTERIOR', 'EXTERIOR_COLOR']: {'TRIM': ['ultimate']}
[DEBUG] Search validation failed: No MODEL token in search
[WARNING]   [NOT_FOUND] Hyundai 2025 Ult keywords=['santa', 'cruz', 'ult']
[DEBUG] Group '2025_santa_cruz' trim 'XRT': Searching with keywords=['santa', 'cruz', 'xrt']
[DEBUG] Translated keywords: ['santa', 'cruz', 'xrt'] \u2192 ['santa', 'cruz', 'xrt']
[WARNING] Unclassified tokens: ['santa', 'cruz']
[DEBUG] Classified tokens: {'PACKAGE': ['xrt']}
[DEBUG] After filtering ignored categories ['INTERIOR', 'EXTERIOR_COLOR']: {'PACKAGE': ['xrt']}
[DEBUG] Search validation failed: No MODEL token in search
[WARNING]   [NOT_FOUND] Hyundai 2025 XRT keywords=['santa', 'cruz', 'xrt']
[DEBUG] Group '2025_santa_cruz': 282 rows before, 282 excluded (missing trims: ['Pref', 'Ult', 'XRT']), 0 rows in output
[DEBUG] Group '2025_santa_cruz': 282 rows before, 282 excluded (missing trims: ['Pref', 'Ult', 'XRT']), 0 rows in output
[INFO] SHEET COMPLETE | sheet=2025_santa_cruz | records_in=97 | records_out=0
[INFO] SHEET START | sheet=2025_santa_fe
[DEBUG] Group '2025_santa_fe' (model 'santa_fe'): routed to manufacturer 'Hyundai'
[DEBUG] Column mapping for '2025_santa_fe': {'Model_Year_From': 'year_from', 'Model_Year_To': None, 'Model': 'model', 'Trim_1': None, 'Trim_2': None, 'Trim_3': None, 'Trim_4': None, 'Trim_5': None, 'Accessory_Category_(EN)': None, 'Accessory_Group_(EN)': None, 'Accessory_Description_(EN)': 'english_description', 'Accessory_Category_(FR)': None, 'Accessory_Group_(FR)': None, 'Accessory_Description_(FR)': 'french_description', 'Part_Number': 'part_number', 'DNET': 'dnet', 'MSRP': 'msrp', 'Labour_Rate': 'labour_rate', 'Suggested_Labour_Hours': 'labour_hours', 'Suggested_Base_Retail_Price_w/labour': None, 'Yearly_Rate': None, 'Weekly_Rate': None, '#of_Payments': None, 'Weekly_Payment': None, 'Comments_(EN)': 'comments_en', 'Comments_(FR)': 'comments_fr', 'New_Part_SOS': None, 'Outgoing_Part_Flag': None, 'MAF_Update': None}
[INFO] Group '2025_santa_fe': identified 5 trim column(s): ['Trim_1', 'Trim_2', 'Trim_3', 'Trim_4', 'Trim_5']
[DEBUG] Valid trim cols for '2025_santa_fe': ['Trim_1', 'Trim_2', 'Trim_3', 'Trim_4', 'Trim_5']
[DEBUG] Group '2025_santa_fe': extracted vehicle_year=2025
[DEBUG] 108 records -> 456 after melt
[INFO] Step 4.5: model_lookup enrichment | sheet='2025_santa_fe'
[DEBUG] Group '2025_santa_fe': Unique trims identified: ['Lux', 'Pref HEV', 'Pref HEV w/ Trend', 'Ult Calli', 'XRT']
[DEBUG] Group '2025_santa_fe': model_keywords from data=['santa', 'fe'], fuel_type=None
[DEBUG] Group '2025_santa_fe' trim 'Lux': Searching with keywords=['santa', 'fe', 'lux']
[DEBUG] Translated keywords: ['santa', 'fe', 'lux'] \u2192 ['santa', 'fe', 'luxury']
[WARNING] Unclassified tokens: ['santa', 'fe']
[DEBUG] Classified tokens: {'TRIM': ['luxury']}
[DEBUG] After filtering ignored categories ['INTERIOR', 'EXTERIOR_COLOR']: {'TRIM': ['luxury']}
[DEBUG] Search validation failed: No MODEL token in search
[WARNING]   [NOT_FOUND] Hyundai 2025 Lux keywords=['santa', 'fe', 'lux']
[DEBUG] Group '2025_santa_fe' trim 'Pref HEV': Searching with keywords=['santa', 'fe', 'pref', 'hev']
[DEBUG] Translated keywords: ['santa', 'fe', 'pref', 'hev'] \u2192 ['santa', 'fe', 'preferred', 'hybrid']
[WARNING] Unclassified tokens: ['santa', 'fe']
[DEBUG] Classified tokens: {'TRIM': ['preferred'], 'POWERTRAIN_TYPE': ['hybrid']}
[DEBUG] After filtering ignored categories ['INTERIOR', 'EXTERIOR_COLOR']: {'TRIM': ['preferred'], 'POWERTRAIN_TYPE': ['hybrid']}
[DEBUG] Search validation failed: No MODEL token in search
[WARNING]   [NOT_FOUND] Hyundai 2025 Pref HEV keywords=['santa', 'fe', 'pref', 'hev']
[DEBUG] Group '2025_santa_fe' trim 'Pref HEV w/ Trend': Searching with keywords=['santa', 'fe', 'pref', 'hev', 'w/', 'trend']
[DEBUG] Translated keywords: ['santa', 'fe', 'pref', 'hev', 'w/', 'trend'] \u2192 ['santa', 'fe', 'preferred', 'hybrid', 'with', 'trend']
[WARNING] Unclassified tokens: ['santa', 'fe', 'with']
[DEBUG] Classified tokens: {'TRIM': ['preferred', 'trend'], 'POWERTRAIN_TYPE': ['hybrid']}
[DEBUG] After filtering ignored categories ['INTERIOR', 'EXTERIOR_COLOR']: {'TRIM': ['preferred', 'trend'], 'POWERTRAIN_TYPE': ['hybrid']}
[DEBUG] Search validation failed: No MODEL token in search
[WARNING]   [NOT_FOUND] Hyundai 2025 Pref HEV w/ Trend keywords=['santa', 'fe', 'pref', 'hev', 'w/', 'trend']
[DEBUG] Group '2025_santa_fe' trim 'Ult Calli': Searching with keywords=['santa', 'fe', 'ult', 'calli']
[DEBUG] Translated keywords: ['santa', 'fe', 'ult', 'calli'] \u2192 ['santa', 'fe', 'ultimate', 'calligraphy']
[WARNING] Unclassified tokens: ['santa', 'fe']
[DEBUG] Classified tokens: {'TRIM': ['ultimate', 'calligraphy']}
[DEBUG] After filtering ignored categories ['INTERIOR', 'EXTERIOR_COLOR']: {'TRIM': ['ultimate', 'calligraphy']}
[DEBUG] Search validation failed: No MODEL token in search
[WARNING]   [NOT_FOUND] Hyundai 2025 Ult Calli keywords=['santa', 'fe', 'ult', 'calli']
[DEBUG] Group '2025_santa_fe' trim 'XRT': Searching with keywords=['santa', 'fe', 'xrt']
[DEBUG] Translated keywords: ['santa', 'fe', 'xrt'] \u2192 ['santa', 'fe', 'xrt']
[WARNING] Unclassified tokens: ['santa', 'fe']
[DEBUG] Classified tokens: {'PACKAGE': ['xrt']}
[DEBUG] After filtering ignored categories ['INTERIOR', 'EXTERIOR_COLOR']: {'PACKAGE': ['xrt']}
[DEBUG] Search validation failed: No MODEL token in search
[WARNING]   [NOT_FOUND] Hyundai 2025 XRT keywords=['santa', 'fe', 'xrt']
[DEBUG] Group '2025_santa_fe': 456 rows before, 456 excluded (missing trims: ['Lux', 'Pref HEV', 'Pref HEV w/ Trend', 'Ult Calli', 'XRT']), 0 rows in output
[DEBUG] Group '2025_santa_fe': 456 rows before, 456 excluded (missing trims: ['Lux', 'Pref HEV', 'Pref HEV w/ Trend', 'Ult Calli', 'XRT']), 0 rows in output
[INFO] SHEET COMPLETE | sheet=2025_santa_fe | records_in=108 | records_out=0
[INFO] SHEET START | sheet=2025_sonata
[DEBUG] Group '2025_sonata' (model 'sonata'): routed to manufacturer 'Hyundai'
[DEBUG] Column mapping for '2025_sonata': {'Model_Year_From': 'year_from', 'Model_Year_To': None, 'Model': 'model', 'Trim_1': None, 'Trim_2': None, 'Trim_3': None, 'Accessory_Category_(EN)': None, 'Accessory_Group_(EN)': None, 'Accessory_Description_(EN)': 'english_description', 'Accessory_Category_(FR)': None, 'Accessory_Group_(FR)': None, 'Accessory_Description_(FR)': 'french_description', 'Part_Number': 'part_number', 'DNET': 'dnet', 'MSRP': 'msrp', 'Labour_Rate': 'labour_rate', 'Suggested_Labour_Hours': 'labour_hours', 'Suggested_Base_Retail_Price_w/labour': None, 'Yearly_Rate': None, 'Weekly_Rate': None, '#of_Payments': None, 'Weekly_Payment': None, 'Comments_(EN)': 'comments_en', 'Comments_(FR)': 'comments_fr', 'New_Part_SOS': None, 'Outgoing_Part_Flag': None, 'MAF_Update': None}
[INFO] Group '2025_sonata': identified 3 trim column(s): ['Trim_1', 'Trim_2', 'Trim_3']
[DEBUG] Valid trim cols for '2025_sonata': ['Trim_1', 'Trim_2', 'Trim_3']
[DEBUG] Group '2025_sonata': extracted vehicle_year=2025
[DEBUG] 83 records -> 208 after melt
[INFO] Step 4.5: model_lookup enrichment | sheet='2025_sonata'
[DEBUG] Group '2025_sonata': Unique trims identified: ['N-Line', 'Pref', 'Trend AWD']
[DEBUG] Group '2025_sonata': model_keywords from data=['sonata'], fuel_type=None
[DEBUG] Group '2025_sonata' trim 'N-Line': Searching with keywords=['sonata', 'n-line']
[DEBUG] Translated keywords: ['sonata', 'n-line'] \u2192 ['sonata', 'n-line']
[DEBUG] Classified tokens: {'MODEL': ['sonata'], 'TRIM_VARIANT': ['n-line']}
[DEBUG] After filtering ignored categories ['INTERIOR', 'EXTERIOR_COLOR']: {'MODEL': ['sonata'], 'TRIM_VARIANT': ['n-line']}
[DEBUG] Score: 16 (minimum: 12)
[DEBUG] Database search returned 2 candidates
[DEBUG] Confidence: 0.00
[DEBUG] Resolved 2 candidates to single vehicle with multiple model numbers (ignoring ['INTERIOR', 'EXTERIOR_COLOR']): ['SOCS4M2DNL00', 'SO84AA25B241']
[DEBUG]   [OK] Found model_number(s)=['SOCS4M2DNL00', 'SO84AA25B241'] confidence=0.25 for Hyundai 2025 N-Line
[DEBUG] Group '2025_sonata' trim 'Pref': Searching with keywords=['sonata', 'pref']
[DEBUG] Translated keywords: ['sonata', 'pref'] \u2192 ['sonata', 'preferred']
[DEBUG] Classified tokens: {'MODEL': ['sonata'], 'TRIM': ['preferred']}
[DEBUG] After filtering ignored categories ['INTERIOR', 'EXTERIOR_COLOR']: {'MODEL': ['sonata'], 'TRIM': ['preferred']}
[DEBUG] Score: 15 (minimum: 12)
[DEBUG] Database search returned 4 candidates
[DEBUG] Confidence: 0.00
[WARNING] Unclassified tokens: ['preferred-trend']
[WARNING] Unclassified tokens: ['preferred-trend']
[WARNING] Unclassified tokens: ['preferred-trend']
[WARNING] Unclassified tokens: ['preferred-trend']
[DEBUG] Accepted 4 candidates with unique model numbers (variant handling): ['SOCS4J2EPRTR', 'SOCS4K2EPRTR', 'SO84AF25B241', 'SO84DF25DO00']
[DEBUG]   [OK] Found model_number(s)=['SOCS4J2EPRTR', 'SOCS4K2EPRTR', 'SO84AF25B241', 'SO84DF25DO00'] confidence=0.00 for Hyundai 2025 Pref
[DEBUG] Group '2025_sonata' trim 'Trend AWD': Searching with keywords=['sonata', 'trend', 'awd']
[DEBUG] Translated keywords: ['sonata', 'trend', 'awd'] \u2192 ['sonata', 'trend', 'awd']
[DEBUG] Classified tokens: {'MODEL': ['sonata'], 'TRIM': ['trend'], 'DRIVETRAIN': ['awd']}
[DEBUG] After filtering ignored categories ['INTERIOR', 'EXTERIOR_COLOR']: {'MODEL': ['sonata'], 'TRIM': ['trend'], 'DRIVETRAIN': ['awd']}
[DEBUG] Score: 21 (minimum: 12)
[DEBUG] Database search returned 2 candidates
[DEBUG] Confidence: 0.00
[WARNING] Unclassified tokens: ['preferred-trend']
[WARNING] Unclassified tokens: ['preferred-trend']
[DEBUG] Resolved 2 candidates to single vehicle with multiple model numbers (ignoring ['INTERIOR', 'EXTERIOR_COLOR']): ['SOCS4K2EPRTR', 'SO84DF25DO00']
[DEBUG]   [OK] Found model_number(s)=['SOCS4K2EPRTR', 'SO84DF25DO00'] confidence=0.33 for Hyundai 2025 Trend AWD
[DEBUG] Group '2025_sonata': 570 rows before, 0 excluded (missing trims: []), 570 rows in output
[DEBUG] Group '2025_sonata': 570 rows before, 0 excluded (missing trims: []), 570 rows in output
[INFO] SHEET COMPLETE | sheet=2025_sonata | records_in=83 | records_out=1140
[INFO] SHEET START | sheet=2025_tucson
[DEBUG] Group '2025_tucson' (model 'tucson'): routed to manufacturer 'Hyundai'
[DEBUG] Column mapping for '2025_tucson': {'Model_Year_From': 'year_from', 'Model_Year_To': None, 'Model': 'model', 'Trim_1': None, 'Trim_2': None, 'Trim_3': None, 'Trim_4': None, 'Trim_5': None, 'Trim_6': None, 'Accessory_Category_(EN)': None, 'Accessory_Group_(EN)': None, 'Accessory_Description_(EN)': 'english_description', 'Accessory_Category_(FR)': None, 'Accessory_Group_(FR)': None, 'Accessory_Description_(FR)': 'french_description', 'Part_Number': 'part_number', 'DNET': 'dnet', 'MSRP': 'msrp', 'Labour_Rate': 'labour_rate', 'Suggested_Labour_Hours': 'labour_hours', 'Suggested_Base_Retail_Price_w/labour': None, 'Yearly_Rate': None, 'Weekly_Rate': None, '#of_Payments': None, 'Weekly_Payment': None, 'Comments_(EN)': 'comments_en', 'Comments_(FR)': 'comments_fr', 'New_Part_SOS': None, 'Outgoing_Part_Flag': None, 'MAF_Update': None}
[INFO] Group '2025_tucson': identified 6 trim column(s): ['Trim_1', 'Trim_2', 'Trim_3', 'Trim_4', 'Trim_5', 'Trim_6']
[DEBUG] Valid trim cols for '2025_tucson': ['Trim_1', 'Trim_2', 'Trim_3', 'Trim_4', 'Trim_5', 'Trim_6']
[DEBUG] Group '2025_tucson': extracted vehicle_year=2025
[DEBUG] 126 records -> 537 after melt
[INFO] Step 4.5: model_lookup enrichment | sheet='2025_tucson'
[DEBUG] Group '2025_tucson': Unique trims identified: ['N-Line', 'Pref', 'Pref*', 'Trend', 'Trend*', 'Ult HEV', 'Ult PHEV', 'XRT']
[DEBUG] Group '2025_tucson': model_keywords from data=['tucson'], fuel_type=None
[DEBUG] Group '2025_tucson' trim 'N-Line': Searching with keywords=['tucson', 'n-line']
[DEBUG] Translated keywords: ['tucson', 'n-line'] \u2192 ['tucson', 'n-line']
[DEBUG] Classified tokens: {'MODEL': ['tucson'], 'TRIM_VARIANT': ['n-line']}
[DEBUG] After filtering ignored categories ['INTERIOR', 'EXTERIOR_COLOR']: {'MODEL': ['tucson'], 'TRIM_VARIANT': ['n-line']}
[DEBUG] Score: 16 (minimum: 12)
[DEBUG] Database search returned 0 candidates
[DEBUG] Confidence: 0.00
[WARNING]   [NOT_FOUND] Hyundai 2025 N-Line keywords=['tucson', 'n-line']
[DEBUG] Group '2025_tucson' trim 'Pref': Searching with keywords=['tucson', 'pref']
[DEBUG] Translated keywords: ['tucson', 'pref'] \u2192 ['tucson', 'preferred']
[DEBUG] Classified tokens: {'MODEL': ['tucson'], 'TRIM': ['preferred']}
[DEBUG] After filtering ignored categories ['INTERIOR', 'EXTERIOR_COLOR']: {'MODEL': ['tucson'], 'TRIM': ['preferred']}
[DEBUG] Score: 15 (minimum: 12)
[DEBUG] Database search returned 4 candidates
[DEBUG] Confidence: 0.00
[DEBUG] Resolved 4 candidates to single vehicle with multiple model numbers (ignoring ['INTERIOR', 'EXTERIOR_COLOR']): ['TUCWDK2EPR00', 'TU4SAA25B200', 'TUCWDK2EPM00', 'TUCWDK2EPMTM']
[DEBUG]   [OK] Found model_number(s)=['TUCWDK2EPR00', 'TU4SAA25B200', 'TUCWDK2EPM00', 'TUCWDK2EPMTM'] confidence=0.23 for Hyundai 2025 Pref
[DEBUG] Group '2025_tucson' trim 'Pref*': Searching with keywords=['tucson', 'pref']
[DEBUG] Translated keywords: ['tucson', 'pref'] \u2192 ['tucson', 'preferred']
[DEBUG] Classified tokens: {'MODEL': ['tucson'], 'TRIM': ['preferred']}
[DEBUG] After filtering ignored categories ['INTERIOR', 'EXTERIOR_COLOR']: {'MODEL': ['tucson'], 'TRIM': ['preferred']}
[DEBUG] Score: 15 (minimum: 12)
[DEBUG] Database search returned 4 candidates
[DEBUG] Confidence: 0.00
[DEBUG] Resolved 4 candidates to single vehicle with multiple model numbers (ignoring ['INTERIOR', 'EXTERIOR_COLOR']): ['TUCWDK2EPR00', 'TU4SAA25B200', 'TUCWDK2EPM00', 'TUCWDK2EPMTM']
[DEBUG]   [OK] Found model_number(s)=['TUCWDK2EPR00', 'TU4SAA25B200', 'TUCWDK2EPM00', 'TUCWDK2EPMTM'] confidence=0.23 for Hyundai 2025 Pref*
[DEBUG] Group '2025_tucson' trim 'Trend': Searching with keywords=['tucson', 'trend']
[DEBUG] Translated keywords: ['tucson', 'trend'] \u2192 ['tucson', 'trend']
[DEBUG] Classified tokens: {'MODEL': ['tucson'], 'TRIM': ['trend']}
[DEBUG] After filtering ignored categories ['INTERIOR', 'EXTERIOR_COLOR']: {'MODEL': ['tucson'], 'TRIM': ['trend']}
[DEBUG] Score: 15 (minimum: 12)
[DEBUG] Database search returned 2 candidates
[DEBUG] Confidence: 0.00
[DEBUG] Resolved 2 candidates to single vehicle with multiple model numbers (ignoring ['INTERIOR', 'EXTERIOR_COLOR']): ['TUCWDK2EPRTR', 'TU4SAA25B241']
[DEBUG]   [OK] Found model_number(s)=['TUCWDK2EPRTR', 'TU4SAA25B241'] confidence=0.23 for Hyundai 2025 Trend
[DEBUG] Group '2025_tucson' trim 'Trend*': Searching with keywords=['tucson', 'trend']
[DEBUG] Translated keywords: ['tucson', 'trend'] \u2192 ['tucson', 'trend']
[DEBUG] Classified tokens: {'MODEL': ['tucson'], 'TRIM': ['trend']}
[DEBUG] After filtering ignored categories ['INTERIOR', 'EXTERIOR_COLOR']: {'MODEL': ['tucson'], 'TRIM': ['trend']}
[DEBUG] Score: 15 (minimum: 12)
[DEBUG] Database search returned 2 candidates
[DEBUG] Confidence: 0.00
[DEBUG] Resolved 2 candidates to single vehicle with multiple model numbers (ignoring ['INTERIOR', 'EXTERIOR_COLOR']): ['TUCWDK2EPRTR', 'TU4SAA25B241']
[DEBUG]   [OK] Found model_number(s)=['TUCWDK2EPRTR', 'TU4SAA25B241'] confidence=0.23 for Hyundai 2025 Trend*
[DEBUG] Group '2025_tucson' trim 'Ult HEV': Searching with keywords=['tucson', 'ult', 'hev']
[DEBUG] Translated keywords: ['tucson', 'ult', 'hev'] \u2192 ['tucson', 'ultimate', 'hybrid']
[DEBUG] Classified tokens: {'MODEL': ['tucson'], 'TRIM': ['ultimate'], 'POWERTRAIN_TYPE': ['hybrid']}
[DEBUG] After filtering ignored categories ['INTERIOR', 'EXTERIOR_COLOR']: {'MODEL': ['tucson'], 'TRIM': ['ultimate'], 'POWERTRAIN_TYPE': ['hybrid']}
[DEBUG] Score: 25 (minimum: 12)
[DEBUG] Database search returned 2 candidates
[DEBUG] Confidence: 0.00
[DEBUG] Resolved 2 candidates to single vehicle with multiple model numbers (ignoring ['INTERIOR', 'EXTERIOR_COLOR']): ['TUHWDG1AULHE', 'TU4SAA16G4AA']
[DEBUG]   [OK] Found model_number(s)=['TUHWDG1AULHE', 'TU4SAA16G4AA'] confidence=0.39 for Hyundai 2025 Ult HEV
[DEBUG] Group '2025_tucson' trim 'Ult PHEV': Searching with keywords=['tucson', 'ult', 'phev']
[DEBUG] Translated keywords: ['tucson', 'ult', 'phev'] \u2192 ['tucson', 'ultimate', 'plug-in']
[DEBUG] Classified tokens: {'MODEL': ['tucson'], 'TRIM': ['ultimate'], 'POWERTRAIN_TYPE': ['plug-in']}
[DEBUG] After filtering ignored categories ['INTERIOR', 'EXTERIOR_COLOR']: {'MODEL': ['tucson'], 'TRIM': ['ultimate'], 'POWERTRAIN_TYPE': ['plug-in']}
[DEBUG] Score: 25 (minimum: 12)
[DEBUG] Database search returned 2 candidates
[DEBUG] Confidence: 0.00
[DEBUG] Resolved 2 candidates to single vehicle with multiple model numbers (ignoring ['INTERIOR', 'EXTERIOR_COLOR']): ['TUPWDG1AULPH', 'TU4SAA16J4AB']
[DEBUG]   [OK] Found model_number(s)=['TUPWDG1AULPH', 'TU4SAA16J4AB'] confidence=0.39 for Hyundai 2025 Ult PHEV
[DEBUG] Group '2025_tucson' trim 'XRT': Searching with keywords=['tucson', 'xrt']
[DEBUG] Translated keywords: ['tucson', 'xrt'] \u2192 ['tucson', 'xrt']
[DEBUG] Classified tokens: {'MODEL': ['tucson'], 'PACKAGE': ['xrt']}
[DEBUG] After filtering ignored categories ['INTERIOR', 'EXTERIOR_COLOR']: {'MODEL': ['tucson'], 'PACKAGE': ['xrt']}
[DEBUG] Score: 11 (minimum: 12)
[DEBUG] Database search returned 2 candidates
[DEBUG] Score 11 below adaptive minimum 12 for 2 candidates
[WARNING]   [NOT_FOUND] Hyundai 2025 XRT keywords=['tucson', 'xrt']
[DEBUG] Group '2025_tucson': 1085 rows before, 175 excluded (missing trims: ['N-Line', 'XRT']), 910 rows in output
[DEBUG] Group '2025_tucson': 1085 rows before, 175 excluded (missing trims: ['N-Line', 'XRT']), 910 rows in output
[INFO] SHEET COMPLETE | sheet=2025_tucson | records_in=126 | records_out=1820
[INFO] SHEET START | sheet=2025_venue
[DEBUG] Group '2025_venue' (model 'venue'): routed to manufacturer 'Hyundai'
[DEBUG] Column mapping for '2025_venue': {'Model_Year_From': 'year_from', 'Model_Year_To': None, 'Model': 'model', 'Trim_1': None, 'Trim_2': None, 'Trim_3': None, 'Accessory_Category_(EN)': None, 'Accessory_Group_(EN)': None, 'Accessory_Description_(EN)': 'english_description', 'Accessory_Category_(FR)': None, 'Accessory_Group_(FR)': None, 'Accessory_Description_(FR)': 'french_description', 'Part_Number': 'part_number', 'DNET': 'dnet', 'MSRP': 'msrp', 'Labour_Rate': 'labour_rate', 'Suggested_Labour_Hours': 'labour_hours', 'Suggested_Base_Retail_Price_w/labour': None, 'Yearly_Rate': None, 'Weekly_Rate': None, '#of_Payments': None, 'Weekly_Payment': None, 'Comments_(EN)': 'comments_en', 'Comments_(FR)': 'comments_fr', 'New_Part_SOS': None, 'Outgoing_Part_Flag': None}
[INFO] Group '2025_venue': identified 3 trim column(s): ['Trim_1', 'Trim_2', 'Trim_3']
[DEBUG] Valid trim cols for '2025_venue': ['Trim_1', 'Trim_2', 'Trim_3']
[DEBUG] Group '2025_venue': extracted vehicle_year=2025
[DEBUG] 82 records -> 229 after melt
[INFO] Step 4.5: model_lookup enrichment | sheet='2025_venue'
[DEBUG] Group '2025_venue': Unique trims identified: ['Ess', 'Pref', 'Ult']
[DEBUG] Group '2025_venue': model_keywords from data=['venue'], fuel_type=None
[DEBUG] Group '2025_venue' trim 'Ess': Searching with keywords=['venue', 'ess']
[DEBUG] Translated keywords: ['venue', 'ess'] \u2192 ['venue', 'essential']
[DEBUG] Classified tokens: {'MODEL': ['venue'], 'TRIM': ['essential']}
[DEBUG] After filtering ignored categories ['INTERIOR', 'EXTERIOR_COLOR']: {'MODEL': ['venue'], 'TRIM': ['essential']}
[DEBUG] Score: 15 (minimum: 12)
[DEBUG] Database search returned 4 candidates
[DEBUG] Confidence: 0.00
[DEBUG] Resolved 4 candidates to single vehicle with multiple model numbers (ignoring ['INTERIOR', 'EXTERIOR_COLOR']): ['VNCW5V1FES00', 'VNCW5V1FESTT', 'VN1SIF16A100', 'VN1SIF16A166']
[DEBUG]   [OK] Found model_number(s)=['VNCW5V1FES00', 'VNCW5V1FESTT', 'VN1SIF16A100', 'VN1SIF16A166'] confidence=0.23 for Hyundai 2025 Ess
[DEBUG] Group '2025_venue' trim 'Pref': Searching with keywords=['venue', 'pref']
[DEBUG] Translated keywords: ['venue', 'pref'] \u2192 ['venue', 'preferred']
[DEBUG] Classified tokens: {'MODEL': ['venue'], 'TRIM': ['preferred']}
[DEBUG] After filtering ignored categories ['INTERIOR', 'EXTERIOR_COLOR']: {'MODEL': ['venue'], 'TRIM': ['preferred']}
[DEBUG] Score: 15 (minimum: 12)
[DEBUG] Database search returned 4 candidates
[DEBUG] Confidence: 0.00
[DEBUG] Resolved 4 candidates to single vehicle with multiple model numbers (ignoring ['INTERIOR', 'EXTERIOR_COLOR']): ['VNCW5V1FPR00', 'VNCW5V1FPRTT', 'VN1SIF16A200', 'VN1SIF16A266']
[DEBUG]   [OK] Found model_number(s)=['VNCW5V1FPR00', 'VNCW5V1FPRTT', 'VN1SIF16A200', 'VN1SIF16A266'] confidence=0.23 for Hyundai 2025 Pref
[DEBUG] Group '2025_venue' trim 'Ult': Searching with keywords=['venue', 'ult']
[DEBUG] Translated keywords: ['venue', 'ult'] \u2192 ['venue', 'ultimate']
[DEBUG] Classified tokens: {'MODEL': ['venue'], 'TRIM': ['ultimate']}
[DEBUG] After filtering ignored categories ['INTERIOR', 'EXTERIOR_COLOR']: {'MODEL': ['venue'], 'TRIM': ['ultimate']}
[DEBUG] Score: 15 (minimum: 12)
[DEBUG] Database search returned 4 candidates
[DEBUG] Confidence: 0.00
[WARNING] Unclassified tokens: ['-']
[WARNING] Unclassified tokens: ['-']
[WARNING] Unclassified tokens: ['-']
[WARNING] Unclassified tokens: ['-']
[DEBUG] Resolved 4 candidates to single vehicle with multiple model numbers (ignoring ['INTERIOR', 'EXTERIOR_COLOR']): ['VNCW5V1FULCP', 'VNCW5V1FUL00', 'VN1SIF16A489', 'VN1SIF16A400']
[DEBUG]   [OK] Found model_number(s)=['VNCW5V1FULCP', 'VNCW5V1FUL00', 'VN1SIF16A489', 'VN1SIF16A400'] confidence=0.23 for Hyundai 2025 Ult
[DEBUG] Group '2025_venue': 916 rows before, 0 excluded (missing trims: []), 916 rows in output
[DEBUG] Group '2025_venue': 916 rows before, 0 excluded (missing trims: []), 916 rows in output
[INFO] SHEET COMPLETE | sheet=2025_venue | records_in=82 | records_out=1832
[INFO] SHEET START | sheet=2026_elantra
[DEBUG] Group '2026_elantra' (model 'elantra'): routed to manufacturer 'Hyundai'
[DEBUG] Column mapping for '2026_elantra': {'Model_Year_From': 'year_from', 'Model_Year_To': None, 'Model': 'model', 'Trim_1': None, 'Trim_2': None, 'Trim_3': None, 'Trim_4': None, 'Trim_5': None, 'Trim_6': None, 'Accessory_Category_(EN)': None, 'Accessory_Group_(EN)': None, 'Accessory_Description_(EN)': 'english_description', 'Accessory_Category_(FR)': None, 'Accessory_Group_(FR)': None, 'Accessory_Description_(FR)': 'french_description', 'Part_Number': 'part_number', 'DNET': 'dnet', 'MSRP': 'msrp', 'Labour_Rate': 'labour_rate', 'Suggested_Labour_Hours': 'labour_hours', 'Suggested_Base_Retail_Price_w/labour': None, 'Yearly_Rate': None, 'Weekly_Rate': None, '#of_Payments': None, 'Weekly_Payment': None, 'Comments_(EN)': 'comments_en', 'Comments_(FR)': 'comments_fr', 'New_Part_SOS': None, 'Outgoing_Part_Flag': None, 'MAF_Update': None}
[INFO] Group '2026_elantra': identified 6 trim column(s): ['Trim_1', 'Trim_2', 'Trim_3', 'Trim_4', 'Trim_5', 'Trim_6']
[DEBUG] Valid trim cols for '2026_elantra': ['Trim_1', 'Trim_2', 'Trim_3', 'Trim_4', 'Trim_5', 'Trim_6']
[DEBUG] Group '2026_elantra': extracted vehicle_year=2026
[DEBUG] 94 records -> 423 after melt
[INFO] Step 4.5: model_lookup enrichment | sheet='2026_elantra'
[DEBUG] Group '2026_elantra': Unique trims identified: ['Ess', 'HEV', 'Lux', 'N', 'N-Line', 'Pref']
[DEBUG] Group '2026_elantra': model_keywords from data=['elantra'], fuel_type=None
[DEBUG] Group '2026_elantra' trim 'Ess': Searching with keywords=['elantra', 'ess']
[DEBUG] Translated keywords: ['elantra', 'ess'] \u2192 ['elantra', 'essential']
[DEBUG] Classified tokens: {'MODEL': ['elantra'], 'TRIM': ['essential']}
[DEBUG] After filtering ignored categories ['INTERIOR', 'EXTERIOR_COLOR']: {'MODEL': ['elantra'], 'TRIM': ['essential']}
[DEBUG] Score: 15 (minimum: 12)
[DEBUG] Database search returned 1 candidates
[DEBUG] Confidence: 0.23
[DEBUG]   [OK] Found model_number(s)=['ELCS4V2BES00'] confidence=0.23 for Hyundai 2026 Ess
[DEBUG] Group '2026_elantra' trim 'HEV': Searching with keywords=['elantra', 'hev']
[DEBUG] Translated keywords: ['elantra', 'hev'] \u2192 ['elantra', 'hybrid']
[DEBUG] Classified tokens: {'MODEL': ['elantra'], 'POWERTRAIN_TYPE': ['hybrid']}
[DEBUG] After filtering ignored categories ['INTERIOR', 'EXTERIOR_COLOR']: {'MODEL': ['elantra'], 'POWERTRAIN_TYPE': ['hybrid']}
[DEBUG] Score: 20 (minimum: 12)
[DEBUG] Database search returned 2 candidates
[DEBUG] Confidence: 0.00
[DEBUG] Resolved 2 candidates to single vehicle with multiple model numbers (ignoring ['INTERIOR', 'EXTERIOR_COLOR']): ['ELHS4T1BLUHE', 'ELHS4T1BLUHM']
[DEBUG]   [OK] Found model_number(s)=['ELHS4T1BLUHE', 'ELHS4T1BLUHM'] confidence=0.31 for Hyundai 2026 HEV
[DEBUG] Group '2026_elantra' trim 'Lux': Searching with keywords=['elantra', 'lux']
[DEBUG] Translated keywords: ['elantra', 'lux'] \u2192 ['elantra', 'luxury']
[DEBUG] Classified tokens: {'MODEL': ['elantra'], 'TRIM': ['luxury']}
[DEBUG] After filtering ignored categories ['INTERIOR', 'EXTERIOR_COLOR']: {'MODEL': ['elantra'], 'TRIM': ['luxury']}
[DEBUG] Score: 15 (minimum: 12)
[DEBUG] Database search returned 2 candidates
[DEBUG] Confidence: 0.00
[DEBUG] Resolved 2 candidates to single vehicle with multiple model numbers (ignoring ['INTERIOR', 'EXTERIOR_COLOR']): ['ELCS4V2BLU00', 'ELCS4V2BLUME']
[DEBUG]   [OK] Found model_number(s)=['ELCS4V2BLU00', 'ELCS4V2BLUME'] confidence=0.23 for Hyundai 2026 Lux
[DEBUG] Group '2026_elantra' trim 'N': Searching with keywords=['elantra', 'n']
[DEBUG] Translated keywords: ['elantra', 'n'] \u2192 ['elantra', 'n']
[DEBUG] Classified tokens: {'MODEL': ['elantra'], 'TRIM_VARIANT': ['n']}
[DEBUG] After filtering ignored categories ['INTERIOR', 'EXTERIOR_COLOR']: {'MODEL': ['elantra'], 'TRIM_VARIANT': ['n']}
[DEBUG] Score: 16 (minimum: 12)
[DEBUG] Database search returned 4 candidates
[DEBUG] Confidence: 0.00
[WARNING] Unclassified tokens: ['tcr']
[WARNING] Unclassified tokens: ['tcr']
[DEBUG] Accepted 4 candidates with unique model numbers (variant handling): ['ELCS472ANN00', 'ELCS4M2ANN00', 'ELCS472ANNTC', 'ELCS4M2ANNTC']
[DEBUG]   [OK] Found model_number(s)=['ELCS472ANN00', 'ELCS4M2ANN00', 'ELCS472ANNTC', 'ELCS4M2ANNTC'] confidence=0.00 for Hyundai 2026 N
[DEBUG] Group '2026_elantra' trim 'N-Line': Searching with keywords=['elantra', 'n-line']
[DEBUG] Translated keywords: ['elantra', 'n-line'] \u2192 ['elantra', 'n-line']
[DEBUG] Classified tokens: {'MODEL': ['elantra'], 'TRIM_VARIANT': ['n-line']}
[DEBUG] After filtering ignored categories ['INTERIOR', 'EXTERIOR_COLOR']: {'MODEL': ['elantra'], 'TRIM_VARIANT': ['n-line']}
[DEBUG] Score: 16 (minimum: 12)
[DEBUG] Database search returned 1 candidates
[DEBUG] Confidence: 0.25
[DEBUG]   [OK] Found model_number(s)=['ELCS4U1ANLUL'] confidence=0.25 for Hyundai 2026 N-Line
[DEBUG] Group '2026_elantra' trim 'Pref': Searching with keywords=['elantra', 'pref']
[DEBUG] Translated keywords: ['elantra', 'pref'] \u2192 ['elantra', 'preferred']
[DEBUG] Classified tokens: {'MODEL': ['elantra'], 'TRIM': ['preferred']}
[DEBUG] After filtering ignored categories ['INTERIOR', 'EXTERIOR_COLOR']: {'MODEL': ['elantra'], 'TRIM': ['preferred']}
[DEBUG] Score: 15 (minimum: 12)
[DEBUG] Database search returned 1 candidates
[DEBUG] Confidence: 0.23
[DEBUG]   [OK] Found model_number(s)=['ELCS4V2BPR00'] confidence=0.23 for Hyundai 2026 Pref
[DEBUG] Group '2026_elantra': 749 rows before, 0 excluded (missing trims: []), 749 rows in output
[DEBUG] Group '2026_elantra': 749 rows before, 0 excluded (missing trims: []), 749 rows in output
[INFO] SHEET COMPLETE | sheet=2026_elantra | records_in=94 | records_out=1498
[INFO] SHEET START | sheet=2026_g70
[DEBUG] Group '2026_g70' (model 'g70'): routed to manufacturer 'Genesis'
[DEBUG] Column mapping for '2026_g70': {'Model_Year_From': 'year_from', 'Model_Year_To': None, 'Model': 'model', 'Trim_1': None, 'Trim_2': None, 'Trim_3': None, 'Accessory_Category_(EN)': None, 'Accessory_Group_(EN)': None, 'Accessory_Description_(EN)': 'english_description', 'Accessory_Category_(FR)': None, 'Accessory_Group_(FR)': None, 'Accessory_Description_(FR)': 'french_description', 'Part_Number': 'part_number', 'DNET': 'dnet', 'MSRP': 'msrp', 'Labour_Rate': 'labour_rate', 'Suggested_Labour_Hours': 'labour_hours', 'Suggested_Base_Retail_Price_w/labour': None, 'Yearly_Rate': None, 'Weekly_Rate': None, '#of_Payments': None, 'Weekly_Payment': None, 'Comments_(EN)': 'comments_en', 'Comments_(FR)': 'comments_fr', 'New_Part_SOS': None, 'Outgoing_Part_Flag': None}
[INFO] Group '2026_g70': identified 3 trim column(s): ['Trim_1', 'Trim_2', 'Trim_3']
[DEBUG] Valid trim cols for '2026_g70': ['Trim_1', 'Trim_2', 'Trim_3']
[DEBUG] Group '2026_g70': extracted vehicle_year=2026
[DEBUG] 38 records -> 109 after melt
[INFO] Step 4.5: model_lookup enrichment | sheet='2026_g70'
[DEBUG] Group '2026_g70': Unique trims identified: ['2.5T Advanced', '2.5T Prestige', '3.3T Sport']
[DEBUG] Group '2026_g70': model_keywords from data=['g70'], fuel_type=None
[DEBUG] Group '2026_g70' trim '2.5T Advanced': Searching with keywords=['g70', '2.5t', 'advanced']
[DEBUG] Translated keywords: ['g70', '2.5t', 'advanced'] \u2192 ['g70', '2.5t', 'advanced']
[DEBUG] Classified tokens: {'MODEL': ['g70'], 'ENGINE_TYPE': ['2.5t'], 'TRIM': ['advanced']}
[DEBUG] After filtering ignored categories ['INTERIOR', 'EXTERIOR_COLOR']: {'MODEL': ['g70'], 'ENGINE_TYPE': ['2.5t'], 'TRIM': ['advanced']}
[DEBUG] Score: 23 (minimum: 12)
[DEBUG] Database search returned 1 candidates
[DEBUG] Confidence: 0.36
[DEBUG]   [OK] Found model_number(s)=['G7CS4K2DGA00'] confidence=0.36 for Genesis 2026 2.5T Advanced
[DEBUG] Group '2026_g70' trim '2.5T Prestige': Searching with keywords=['g70', '2.5t', 'prestige']
[DEBUG] Translated keywords: ['g70', '2.5t', 'prestige'] \u2192 ['g70', '2.5t', 'prestige']
[DEBUG] Classified tokens: {'MODEL': ['g70'], 'ENGINE_TYPE': ['2.5t'], 'TRIM': ['prestige']}
[DEBUG] After filtering ignored categories ['INTERIOR', 'EXTERIOR_COLOR']: {'MODEL': ['g70'], 'ENGINE_TYPE': ['2.5t'], 'TRIM': ['prestige']}
[DEBUG] Score: 23 (minimum: 12)
[DEBUG] Database search returned 1 candidates
[DEBUG] Confidence: 0.36
[DEBUG]   [OK] Found model_number(s)=['G7CS4K2DGP00'] confidence=0.36 for Genesis 2026 2.5T Prestige
[DEBUG] Group '2026_g70' trim '3.3T Sport': Searching with keywords=['g70', '3.3t', 'sport']
[DEBUG] Translated keywords: ['g70', '3.3t', 'sport'] \u2192 ['g70', '3.3t', 'sport']
[DEBUG] Classified tokens: {'MODEL': ['g70'], 'ENGINE_TYPE': ['3.3t'], 'TRIM': ['sport']}
[DEBUG] After filtering ignored categories ['INTERIOR', 'EXTERIOR_COLOR']: {'MODEL': ['g70'], 'ENGINE_TYPE': ['3.3t'], 'TRIM': ['sport']}
[DEBUG] Score: 23 (minimum: 12)
[DEBUG] Database search returned 1 candidates
[DEBUG] Confidence: 0.36
[DEBUG]   [OK] Found model_number(s)=['G7CS4K3AGS00'] confidence=0.36 for Genesis 2026 3.3T Sport
[DEBUG] Group '2026_g70': 109 rows before, 0 excluded (missing trims: []), 109 rows in output
[DEBUG] Group '2026_g70': 109 rows before, 0 excluded (missing trims: []), 109 rows in output
[INFO] SHEET COMPLETE | sheet=2026_g70 | records_in=38 | records_out=218
[INFO] SHEET START | sheet=2026_g80
[DEBUG] Group '2026_g80' (model 'g80'): routed to manufacturer 'Genesis'
[DEBUG] Column mapping for '2026_g80': {'Model_Year_From': 'year_from', 'Model_Year_To': None, 'Model': 'model', 'Trim_1': None, 'Trim_2': None, 'Trim_3': None, 'Accessory_Category_(EN)': None, 'Accessory_Group_(EN)': None, 'Accessory_Description_(EN)': 'english_description', 'Accessory_Category_(FR)': None, 'Accessory_Group_(FR)': None, 'Accessory_Description_(FR)': 'french_description', 'Part_Number': 'part_number', 'DNET': 'dnet', 'MSRP': 'msrp', 'Labour_Rate': 'labour_rate', 'Suggested_Labour_Hours': 'labour_hours', 'Suggested_Base_Retail_Price_w/labour': None, 'Yearly_Rate': None, 'Weekly_Rate': None, '#of_Payments': None, 'Weekly_Payment': None, 'Comments_(EN)': 'comments_en', 'Comments_(FR)': 'comments_fr', 'New_Part_SOS': None, 'Outgoing_Part_Flag': None}
[INFO] Group '2026_g80': identified 3 trim column(s): ['Trim_1', 'Trim_2', 'Trim_3']
[DEBUG] Valid trim cols for '2026_g80': ['Trim_1', 'Trim_2', 'Trim_3']
[DEBUG] Group '2026_g80': extracted vehicle_year=2026
[DEBUG] 36 records -> 98 after melt
[INFO] Step 4.5: model_lookup enrichment | sheet='2026_g80'
[DEBUG] Group '2026_g80': Unique trims identified: ['2.5T Advanced', '3.5T Prestige Black', '3.5T Sport']
[DEBUG] Group '2026_g80': model_keywords from data=['g80'], fuel_type=None
[DEBUG] Group '2026_g80' trim '2.5T Advanced': Searching with keywords=['g80', '2.5t', 'advanced']
[DEBUG] Translated keywords: ['g80', '2.5t', 'advanced'] \u2192 ['g80', '2.5t', 'advanced']
[DEBUG] Classified tokens: {'MODEL': ['g80'], 'ENGINE_TYPE': ['2.5t'], 'TRIM': ['advanced']}
[DEBUG] After filtering ignored categories ['INTERIOR', 'EXTERIOR_COLOR']: {'MODEL': ['g80'], 'ENGINE_TYPE': ['2.5t'], 'TRIM': ['advanced']}
[DEBUG] Score: 23 (minimum: 12)
[DEBUG] Database search returned 1 candidates
[DEBUG] Confidence: 0.36
[DEBUG]   [OK] Found model_number(s)=['G8CS4K2DGA00'] confidence=0.36 for Genesis 2026 2.5T Advanced
[DEBUG] Group '2026_g80' trim '3.5T Prestige Black': Searching with keywords=['g80', '3.5t', 'prestige', 'black']
[DEBUG] Translated keywords: ['g80', '3.5t', 'prestige', 'black'] \u2192 ['g80', '3.5t', 'prestige', 'black-package']
[WARNING] Unclassified tokens: ['black-package']
[DEBUG] Classified tokens: {'MODEL': ['g80'], 'ENGINE_TYPE': ['3.5t'], 'TRIM': ['prestige']}
[DEBUG] After filtering ignored categories ['INTERIOR', 'EXTERIOR_COLOR']: {'MODEL': ['g80'], 'ENGINE_TYPE': ['3.5t'], 'TRIM': ['prestige']}
[DEBUG] Score: 23 (minimum: 12)
[DEBUG] Database search returned 1 candidates
[DEBUG] Confidence: 0.36
[DEBUG]   [OK] Found model_number(s)=['G8CS4K3BGPBL'] confidence=0.36 for Genesis 2026 3.5T Prestige Black
[DEBUG] Group '2026_g80' trim '3.5T Sport': Searching with keywords=['g80', '3.5t', 'sport']
[DEBUG] Translated keywords: ['g80', '3.5t', 'sport'] \u2192 ['g80', '3.5t', 'sport']
[DEBUG] Classified tokens: {'MODEL': ['g80'], 'ENGINE_TYPE': ['3.5t'], 'TRIM': ['sport']}
[DEBUG] After filtering ignored categories ['INTERIOR', 'EXTERIOR_COLOR']: {'MODEL': ['g80'], 'ENGINE_TYPE': ['3.5t'], 'TRIM': ['sport']}
[DEBUG] Score: 23 (minimum: 12)
[DEBUG] Database search returned 1 candidates
[DEBUG] Confidence: 0.36
[DEBUG]   [OK] Found model_number(s)=['G8CS4K3BGS00'] confidence=0.36 for Genesis 2026 3.5T Sport
[DEBUG] Group '2026_g80': 98 rows before, 0 excluded (missing trims: []), 98 rows in output
[DEBUG] Group '2026_g80': 98 rows before, 0 excluded (missing trims: []), 98 rows in output
[INFO] SHEET COMPLETE | sheet=2026_g80 | records_in=36 | records_out=196
[INFO] SHEET START | sheet=2026_g90
[DEBUG] Group '2026_g90' (model 'g90'): routed to manufacturer 'Genesis'
[DEBUG] Column mapping for '2026_g90': {'Model_Year_From': 'year_from', 'Model_Year_To': None, 'Model': 'model', 'Trim_1': None, 'Trim_2': None, 'Accessory_Category_(EN)': None, 'Accessory_Group_(EN)': None, 'Accessory_Description_(EN)': 'english_description', 'Accessory_Category_(FR)': None, 'Accessory_Group_(FR)': None, 'Accessory_Description_(FR)': 'french_description', 'Part_Number': 'part_number', 'DNET': 'dnet', 'MSRP': 'msrp', 'Labour_Rate': 'labour_rate', 'Suggested_Labour_Hours': 'labour_hours', 'Suggested_Base_Retail_Price_w/labour': None, 'Yearly_Rate': None, 'Weekly_Rate': None, '#of_Payments': None, 'Weekly_Payment': None, 'Comments_(EN)': 'comments_en', 'Comments_(FR)': 'comments_fr', 'New_Part_SOS': None, 'Outgoing_Part_Flag': None}
[INFO] Group '2026_g90': identified 2 trim column(s): ['Trim_1', 'Trim_2']
[DEBUG] Valid trim cols for '2026_g90': ['Trim_1', 'Trim_2']
[DEBUG] Group '2026_g90': extracted vehicle_year=2026
[DEBUG] 28 records -> 49 after melt
[INFO] Step 4.5: model_lookup enrichment | sheet='2026_g90'
[DEBUG] Group '2026_g90': Unique trims identified: ['3.5T e-SC Prestige', '3.5T e-SC Prestige Black']
[DEBUG] Group '2026_g90': model_keywords from data=['g90'], fuel_type=None
[DEBUG] Group '2026_g90' trim '3.5T e-SC Prestige': Searching with keywords=['g90', '3.5t', 'e-sc', 'prestige']
[DEBUG] Translated keywords: ['g90', '3.5t', 'e-sc', 'prestige'] \u2192 ['g90', '3.5t', 'e-sc', 'prestige']
[DEBUG] Classified tokens: {'MODEL': ['g90'], 'ENGINE_TYPE': ['3.5t', 'e-sc'], 'TRIM': ['prestige']}
[DEBUG] After filtering ignored categories ['INTERIOR', 'EXTERIOR_COLOR']: {'MODEL': ['g90'], 'ENGINE_TYPE': ['3.5t', 'e-sc'], 'TRIM': ['prestige']}
[DEBUG] Score: 23 (minimum: 12)
[DEBUG] Database search returned 0 candidates
[DEBUG] Confidence: 0.00
[WARNING]   [NOT_FOUND] Genesis 2026 3.5T e-SC Prestige keywords=['g90', '3.5t', 'e-sc', 'prestige']
[DEBUG] Group '2026_g90' trim '3.5T e-SC Prestige Black': Searching with keywords=['g90', '3.5t', 'e-sc', 'prestige', 'black']
[DEBUG] Translated keywords: ['g90', '3.5t', 'e-sc', 'prestige', 'black'] \u2192 ['g90', '3.5t', 'e-sc', 'prestige', 'black-package']
[WARNING] Unclassified tokens: ['black-package']
[DEBUG] Classified tokens: {'MODEL': ['g90'], 'ENGINE_TYPE': ['3.5t', 'e-sc'], 'TRIM': ['prestige']}
[DEBUG] After filtering ignored categories ['INTERIOR', 'EXTERIOR_COLOR']: {'MODEL': ['g90'], 'ENGINE_TYPE': ['3.5t', 'e-sc'], 'TRIM': ['prestige']}
[DEBUG] Score: 23 (minimum: 12)
[DEBUG] Database search returned 0 candidates
[DEBUG] Confidence: 0.00
[WARNING]   [NOT_FOUND] Genesis 2026 3.5T e-SC Prestige Black keywords=['g90', '3.5t', 'e-sc', 'prestige', 'black']
[DEBUG] Group '2026_g90': 49 rows before, 49 excluded (missing trims: ['3.5T e-SC Prestige', '3.5T e-SC Prestige Black']), 0 rows in output
[DEBUG] Group '2026_g90': 49 rows before, 49 excluded (missing trims: ['3.5T e-SC Prestige', '3.5T e-SC Prestige Black']), 0 rows in output
[INFO] SHEET COMPLETE | sheet=2026_g90 | records_in=28 | records_out=0
[INFO] SHEET START | sheet=2026_gv70
[DEBUG] Group '2026_gv70' (model 'gv70'): routed to manufacturer 'Genesis'
[DEBUG] Column mapping for '2026_gv70': {'Model_Year_From': 'year_from', 'Model_Year_To': None, 'Model': 'model', 'Trim_1': None, 'Trim_2': None, 'Trim_3': None, 'Trim_4': None, 'Accessory_Category_(EN)': None, 'Accessory_Group_(EN)': None, 'Accessory_Description_(EN)': 'english_description', 'Accessory_Category_(FR)': None, 'Accessory_Group_(FR)': None, 'Accessory_Description_(FR)': 'french_description', 'Part_Number': 'part_number', 'DNET': 'dnet', 'MSRP': 'msrp', 'Labour_Rate': 'labour_rate', 'Suggested_Labour_Hours': 'labour_hours', 'Suggested_Base_Retail_Price_w/labour': None, 'Yearly_Rate': None, 'Weekly_Rate': None, '#of_Payments': None, 'Weekly_Payment': None, 'Comments_(EN)': 'comments_en', 'Comments_(FR)': 'comments_fr', 'New_Part_SOS': None, 'Outgoing_Part_Flag': None}
[INFO] Group '2026_gv70': identified 4 trim column(s): ['Trim_1', 'Trim_2', 'Trim_3', 'Trim_4']
[DEBUG] Valid trim cols for '2026_gv70': ['Trim_1', 'Trim_2', 'Trim_3', 'Trim_4']
[DEBUG] Group '2026_gv70': extracted vehicle_year=2026
[DEBUG] 73 records -> 279 after melt
[INFO] Step 4.5: model_lookup enrichment | sheet='2026_gv70'
[DEBUG] Group '2026_gv70': Unique trims identified: ['2.5T Advanced', '2.5T Advanced Tech', '2.5T Prestige', '3.5T Sport']
[DEBUG] Group '2026_gv70': model_keywords from data=['gv70'], fuel_type=None
[DEBUG] Group '2026_gv70' trim '2.5T Advanced': Searching with keywords=['gv70', '2.5t', 'advanced']
[DEBUG] Translated keywords: ['gv70', '2.5t', 'advanced'] \u2192 ['gv70', '2.5t', 'advanced']
[DEBUG] Classified tokens: {'MODEL': ['gv70'], 'ENGINE_TYPE': ['2.5t'], 'TRIM': ['advanced']}
[DEBUG] After filtering ignored categories ['INTERIOR', 'EXTERIOR_COLOR']: {'MODEL': ['gv70'], 'ENGINE_TYPE': ['2.5t'], 'TRIM': ['advanced']}
[DEBUG] Score: 23 (minimum: 12)
[DEBUG] Database search returned 2 candidates
[DEBUG] Confidence: 0.00
[DEBUG] Accepted 2 candidates with unique model numbers (variant handling): ['V7CW5K2DGA00', 'V7CW5K2DGA55']
[DEBUG]   [OK] Found model_number(s)=['V7CW5K2DGA00', 'V7CW5K2DGA55'] confidence=0.00 for Genesis 2026 2.5T Advanced
[DEBUG] Group '2026_gv70' trim '2.5T Advanced Tech': Searching with keywords=['gv70', '2.5t', 'advanced', 'tech']
[DEBUG] Translated keywords: ['gv70', '2.5t', 'advanced', 'tech'] \u2192 ['gv70', '2.5t', 'advanced', 'technology']
[DEBUG] Classified tokens: {'MODEL': ['gv70'], 'ENGINE_TYPE': ['2.5t'], 'TRIM': ['advanced'], 'PACKAGE': ['technology']}
[DEBUG] After filtering ignored categories ['INTERIOR', 'EXTERIOR_COLOR']: {'MODEL': ['gv70'], 'ENGINE_TYPE': ['2.5t'], 'TRIM': ['advanced'], 'PACKAGE': ['technology']}
[DEBUG] Score: 24 (minimum: 12)
[DEBUG] Database search returned 1 candidates
[DEBUG] Confidence: 0.38
[DEBUG]   [OK] Found model_number(s)=['V7CW5K2DGA55'] confidence=0.38 for Genesis 2026 2.5T Advanced Tech
[DEBUG] Group '2026_gv70' trim '2.5T Prestige': Searching with keywords=['gv70', '2.5t', 'prestige']
[DEBUG] Translated keywords: ['gv70', '2.5t', 'prestige'] \u2192 ['gv70', '2.5t', 'prestige']
[DEBUG] Classified tokens: {'MODEL': ['gv70'], 'ENGINE_TYPE': ['2.5t'], 'TRIM': ['prestige']}
[DEBUG] After filtering ignored categories ['INTERIOR', 'EXTERIOR_COLOR']: {'MODEL': ['gv70'], 'ENGINE_TYPE': ['2.5t'], 'TRIM': ['prestige']}
[DEBUG] Score: 23 (minimum: 12)
[DEBUG] Database search returned 1 candidates
[DEBUG] Confidence: 0.36
[DEBUG]   [OK] Found model_number(s)=['V7CW5K2DGP00'] confidence=0.36 for Genesis 2026 2.5T Prestige
[DEBUG] Group '2026_gv70' trim '3.5T Sport': Searching with keywords=['gv70', '3.5t', 'sport']
[DEBUG] Translated keywords: ['gv70', '3.5t', 'sport'] \u2192 ['gv70', '3.5t', 'sport']
[DEBUG] Classified tokens: {'MODEL': ['gv70'], 'ENGINE_TYPE': ['3.5t'], 'TRIM': ['sport']}
[DEBUG] After filtering ignored categories ['INTERIOR', 'EXTERIOR_COLOR']: {'MODEL': ['gv70'], 'ENGINE_TYPE': ['3.5t'], 'TRIM': ['sport']}
[DEBUG] Score: 23 (minimum: 12)
[DEBUG] Database search returned 2 candidates
[DEBUG] Confidence: 0.00
[DEBUG] Resolved 2 candidates to single vehicle with multiple model numbers (ignoring ['INTERIOR', 'EXTERIOR_COLOR']): ['V7CW5K3BGS00', 'V7CW5K3BGSAU']
[DEBUG]   [OK] Found model_number(s)=['V7CW5K3BGS00', 'V7CW5K3BGSAU'] confidence=0.36 for Genesis 2026 3.5T Sport
[DEBUG] Group '2026_gv70': 418 rows before, 0 excluded (missing trims: []), 418 rows in output
[DEBUG] Group '2026_gv70': 418 rows before, 0 excluded (missing trims: []), 418 rows in output
[INFO] SHEET COMPLETE | sheet=2026_gv70 | records_in=73 | records_out=836
[INFO] SHEET START | sheet=2026_gv70_ev
[DEBUG] Group '2026_gv70_ev' (model 'gv70_ev'): routed to manufacturer 'Genesis'
[DEBUG] Column mapping for '2026_gv70_ev': {'Model_Year_From': 'year_from', 'Model_Year_To': None, 'Model': 'model', 'Trim_1': None, 'Trim_2': None, 'Accessory_Category_(EN)': None, 'Accessory_Group_(EN)': None, 'Accessory_Description_(EN)': 'english_description', 'Accessory_Category_(FR)': None, 'Accessory_Group_(FR)': None, 'Accessory_Description_(FR)': 'french_description', 'Part_Number': 'part_number', 'DNET': 'dnet', 'MSRP': 'msrp', 'Labour_Rate': 'labour_rate', 'Suggested_Labour_Hours': 'labour_hours', 'Suggested_Base_Retail_Price_w/labour': None, 'Yearly_Rate': None, 'Weekly_Rate': None, '#of_Payments': None, 'Weekly_Payment': None, 'Comments_(EN)': 'comments_en', 'Comments_(FR)': 'comments_fr', 'New_Part_SOS': None, 'Outgoing_Part_Flag': None}
[INFO] Group '2026_gv70_ev': identified 2 trim column(s): ['Trim_1', 'Trim_2']
[DEBUG] Valid trim cols for '2026_gv70_ev': ['Trim_1', 'Trim_2']
[DEBUG] Group '2026_gv70_ev': extracted vehicle_year=2026
[DEBUG] 61 records -> 119 after melt
[INFO] Step 4.5: model_lookup enrichment | sheet='2026_gv70_ev'
[DEBUG] Group '2026_gv70_ev': Unique trims identified: ['Advanced', 'Prestige']
[DEBUG] Group '2026_gv70_ev': model_keywords from data=['gv70', 'ev'], fuel_type=None
[DEBUG] Group '2026_gv70_ev' trim 'Advanced': Searching with keywords=['gv70', 'ev', 'advanced']
[DEBUG] Translated keywords: ['gv70', 'ev', 'advanced'] \u2192 ['gv70', 'electric', 'advanced']
[DEBUG] Classified tokens: {'MODEL': ['gv70'], 'ENGINE_TYPE': ['electric'], 'TRIM': ['advanced']}
[DEBUG] After filtering ignored categories ['INTERIOR', 'EXTERIOR_COLOR']: {'MODEL': ['gv70'], 'ENGINE_TYPE': ['electric'], 'TRIM': ['advanced']}
[DEBUG] Score: 23 (minimum: 12)
[DEBUG] Database search returned 1 candidates
[DEBUG] Confidence: 0.36
[DEBUG]   [OK] Found model_number(s)=['V7EW5ZE1GA00'] confidence=0.36 for Genesis 2026 Advanced
[DEBUG] Group '2026_gv70_ev' trim 'Prestige': Searching with keywords=['gv70', 'ev', 'prestige']
[DEBUG] Translated keywords: ['gv70', 'ev', 'prestige'] \u2192 ['gv70', 'electric', 'prestige']
[DEBUG] Classified tokens: {'MODEL': ['gv70'], 'ENGINE_TYPE': ['electric'], 'TRIM': ['prestige']}
[DEBUG] After filtering ignored categories ['INTERIOR', 'EXTERIOR_COLOR']: {'MODEL': ['gv70'], 'ENGINE_TYPE': ['electric'], 'TRIM': ['prestige']}
[DEBUG] Score: 23 (minimum: 12)
[DEBUG] Database search returned 1 candidates
[DEBUG] Confidence: 0.36
[DEBUG]   [OK] Found model_number(s)=['V7EW5ZE1GP00'] confidence=0.36 for Genesis 2026 Prestige
[DEBUG] Group '2026_gv70_ev': 119 rows before, 0 excluded (missing trims: []), 119 rows in output
[DEBUG] Group '2026_gv70_ev': 119 rows before, 0 excluded (missing trims: []), 119 rows in output
[INFO] SHEET COMPLETE | sheet=2026_gv70_ev | records_in=61 | records_out=238
[INFO] SHEET START | sheet=2026_gv80
[DEBUG] Group '2026_gv80' (model 'gv80'): routed to manufacturer 'Genesis'
[DEBUG] Column mapping for '2026_gv80': {'Model_Year_From': 'year_from', 'Model_Year_To': None, 'Model': 'model', 'Trim_1': None, 'Trim_2': None, 'Trim_3': None, 'Trim_4': None, 'Trim_5': None, 'Accessory_Category_(EN)': None, 'Accessory_Group_(EN)': None, 'Accessory_Description_(EN)': 'english_description', 'Accessory_Category_(FR)': None, 'Accessory_Group_(FR)': None, 'Accessory_Description_(FR)': 'french_description', 'Part_Number': 'part_number', 'DNET': 'dnet', 'MSRP': 'msrp', 'Labour_Rate': 'labour_rate', 'Suggested_Labour_Hours': 'labour_hours', 'Suggested_Base_Retail_Price_w/labour': None, 'Yearly_Rate': None, 'Weekly_Rate': None, '#of_Payments': None, 'Weekly_Payment': None, 'Comments_(EN)': 'comments_en', 'Comments_(FR)': 'comments_fr', 'New_Part_SOS': None, 'Outgoing_Part_Flag': None}
[INFO] Group '2026_gv80': identified 5 trim column(s): ['Trim_1', 'Trim_2', 'Trim_3', 'Trim_4', 'Trim_5']
[DEBUG] Valid trim cols for '2026_gv80': ['Trim_1', 'Trim_2', 'Trim_3', 'Trim_4', 'Trim_5']
[DEBUG] Group '2026_gv80': extracted vehicle_year=2026
[DEBUG] 74 records -> 337 after melt
[INFO] Step 4.5: model_lookup enrichment | sheet='2026_gv80'
[DEBUG] Group '2026_gv80': Unique trims identified: ['2.5T Advanced', '2.5T Advanced Tech', '3.5T Advanced Tech', '3.5T Prestige', '3.5T Prestige Black']
[DEBUG] Group '2026_gv80': model_keywords from data=['gv80'], fuel_type=None
[DEBUG] Group '2026_gv80' trim '2.5T Advanced': Searching with keywords=['gv80', '2.5t', 'advanced']
[DEBUG] Translated keywords: ['gv80', '2.5t', 'advanced'] \u2192 ['gv80', '2.5t', 'advanced']
[DEBUG] Classified tokens: {'MODEL': ['gv80'], 'ENGINE_TYPE': ['2.5t'], 'TRIM': ['advanced']}
[DEBUG] After filtering ignored categories ['INTERIOR', 'EXTERIOR_COLOR']: {'MODEL': ['gv80'], 'ENGINE_TYPE': ['2.5t'], 'TRIM': ['advanced']}
[DEBUG] Score: 23 (minimum: 12)
[DEBUG] Database search returned 2 candidates
[DEBUG] Confidence: 0.00
[WARNING] Unclassified tokens: ['5-passenger']
[WARNING] Unclassified tokens: ['with-technology', '5-passenger']
[DEBUG] Accepted 2 candidates with unique model numbers (variant handling): ['V8CW5K2DGA00', 'V8CW5K2DGA55']
[DEBUG]   [OK] Found model_number(s)=['V8CW5K2DGA00', 'V8CW5K2DGA55'] confidence=0.00 for Genesis 2026 2.5T Advanced
[DEBUG] Group '2026_gv80' trim '2.5T Advanced Tech': Searching with keywords=['gv80', '2.5t', 'advanced', 'tech']
[DEBUG] Translated keywords: ['gv80', '2.5t', 'advanced', 'tech'] \u2192 ['gv80', '2.5t', 'advanced', 'technology']
[DEBUG] Classified tokens: {'MODEL': ['gv80'], 'ENGINE_TYPE': ['2.5t'], 'TRIM': ['advanced'], 'PACKAGE': ['technology']}
[DEBUG] After filtering ignored categories ['INTERIOR', 'EXTERIOR_COLOR']: {'MODEL': ['gv80'], 'ENGINE_TYPE': ['2.5t'], 'TRIM': ['advanced'], 'PACKAGE': ['technology']}
[DEBUG] Score: 24 (minimum: 12)
[DEBUG] Database search returned 1 candidates
[DEBUG] Confidence: 0.38
[DEBUG]   [OK] Found model_number(s)=['V8CW5K2DGA55'] confidence=0.38 for Genesis 2026 2.5T Advanced Tech
[DEBUG] Group '2026_gv80' trim '3.5T Advanced Tech': Searching with keywords=['gv80', '3.5t', 'advanced', 'tech']
[DEBUG] Translated keywords: ['gv80', '3.5t', 'advanced', 'tech'] \u2192 ['gv80', '3.5t', 'advanced', 'technology']
[DEBUG] Classified tokens: {'MODEL': ['gv80'], 'ENGINE_TYPE': ['3.5t'], 'TRIM': ['advanced'], 'PACKAGE': ['technology']}
[DEBUG] After filtering ignored categories ['INTERIOR', 'EXTERIOR_COLOR']: {'MODEL': ['gv80'], 'ENGINE_TYPE': ['3.5t'], 'TRIM': ['advanced'], 'PACKAGE': ['technology']}
[DEBUG] Score: 24 (minimum: 12)
[DEBUG] Database search returned 1 candidates
[DEBUG] Confidence: 0.38
[DEBUG]   [OK] Found model_number(s)=['V8CW7K3BGA55'] confidence=0.38 for Genesis 2026 3.5T Advanced Tech
[DEBUG] Group '2026_gv80' trim '3.5T Prestige': Searching with keywords=['gv80', '3.5t', 'prestige']
[DEBUG] Translated keywords: ['gv80', '3.5t', 'prestige'] \u2192 ['gv80', '3.5t', 'prestige']
[DEBUG] Classified tokens: {'MODEL': ['gv80'], 'ENGINE_TYPE': ['3.5t'], 'TRIM': ['prestige']}
[DEBUG] After filtering ignored categories ['INTERIOR', 'EXTERIOR_COLOR']: {'MODEL': ['gv80'], 'ENGINE_TYPE': ['3.5t'], 'TRIM': ['prestige']}
[DEBUG] Score: 23 (minimum: 12)
[DEBUG] Database search returned 3 candidates
[DEBUG] Confidence: 0.00
[WARNING] Unclassified tokens: ['7-passenger']
[WARNING] Unclassified tokens: ['7-passenger', 'black-package']
[WARNING] Unclassified tokens: ['black-package']
[DEBUG] Accepted 3 candidates with unique model numbers (variant handling): ['V8CW7K3BGP00', 'V8CW7K3BGPBL', 'V8CC7K3BGPBL']
[DEBUG]   [OK] Found model_number(s)=['V8CW7K3BGP00', 'V8CW7K3BGPBL', 'V8CC7K3BGPBL'] confidence=0.00 for Genesis 2026 3.5T Prestige
[DEBUG] Group '2026_gv80' trim '3.5T Prestige Black': Searching with keywords=['gv80', '3.5t', 'prestige', 'black']
[DEBUG] Translated keywords: ['gv80', '3.5t', 'prestige', 'black'] \u2192 ['gv80', '3.5t', 'prestige', 'black-package']
[WARNING] Unclassified tokens: ['black-package']
[DEBUG] Classified tokens: {'MODEL': ['gv80'], 'ENGINE_TYPE': ['3.5t'], 'TRIM': ['prestige']}
[DEBUG] After filtering ignored categories ['INTERIOR', 'EXTERIOR_COLOR']: {'MODEL': ['gv80'], 'ENGINE_TYPE': ['3.5t'], 'TRIM': ['prestige']}
[DEBUG] Score: 23 (minimum: 12)
[DEBUG] Database search returned 3 candidates
[DEBUG] Confidence: 0.00
[WARNING] Unclassified tokens: ['7-passenger']
[WARNING] Unclassified tokens: ['7-passenger', 'black-package']
[WARNING] Unclassified tokens: ['black-package']
[DEBUG] Accepted 3 candidates with unique model numbers (variant handling): ['V8CW7K3BGP00', 'V8CW7K3BGPBL', 'V8CC7K3BGPBL']
[DEBUG]   [OK] Found model_number(s)=['V8CW7K3BGP00', 'V8CW7K3BGPBL', 'V8CC7K3BGPBL'] confidence=0.00 for Genesis 2026 3.5T Prestige Black
[DEBUG] Group '2026_gv80': 676 rows before, 0 excluded (missing trims: []), 676 rows in output
[DEBUG] Group '2026_gv80': 676 rows before, 0 excluded (missing trims: []), 676 rows in output
[INFO] SHEET COMPLETE | sheet=2026_gv80 | records_in=74 | records_out=1352
[INFO] SHEET START | sheet=2026_gv80_coupe
[DEBUG] Group '2026_gv80_coupe' (model 'gv80_coupe'): routed to manufacturer 'Genesis'
[DEBUG] Column mapping for '2026_gv80_coupe': {'Model_Year_From': 'year_from', 'Model_Year_To': None, 'Model': 'model', 'Trim_1': None, 'Trim_2': None, 'Accessory_Category_(EN)': None, 'Accessory_Group_(EN)': None, 'Accessory_Description_(EN)': 'english_description', 'Accessory_Category_(FR)': None, 'Accessory_Group_(FR)': None, 'Accessory_Description_(FR)': 'french_description', 'Part_Number': 'part_number', 'DNET': 'dnet', 'MSRP': 'msrp', 'Labour_Rate': 'labour_rate', 'Suggested_Labour_Hours': 'labour_hours', 'Suggested_Base_Retail_Price_w/labour': None, 'Yearly_Rate': None, 'Weekly_Rate': None, '#of_Payments': None, 'Weekly_Payment': None, 'Comments_(EN)': 'comments_en', 'Comments_(FR)': 'comments_fr', 'New_Part_SOS': None, 'Outgoing_Part_Flag': None}
[INFO] Group '2026_gv80_coupe': identified 2 trim column(s): ['Trim_1', 'Trim_2']
[DEBUG] Valid trim cols for '2026_gv80_coupe': ['Trim_1', 'Trim_2']
[DEBUG] Group '2026_gv80_coupe': extracted vehicle_year=2026
[DEBUG] 57 records -> 104 after melt
[INFO] Step 4.5: model_lookup enrichment | sheet='2026_gv80_coupe'
[DEBUG] Group '2026_gv80_coupe': Unique trims identified: ['3.5T e-SC', '3.5T e-SC Prestige Black']
[DEBUG] Group '2026_gv80_coupe': model_keywords from data=['gv80', 'coupe'], fuel_type=None
[DEBUG] Group '2026_gv80_coupe' trim '3.5T e-SC': Searching with keywords=['gv80', 'coupe', '3.5t', 'e-sc']
[DEBUG] Translated keywords: ['gv80', 'coupe', '3.5t', 'e-sc'] \u2192 ['gv80', 'coupe', '3.5t', 'e-sc']
[DEBUG] Classified tokens: {'MODEL': ['gv80', 'coupe'], 'ENGINE_TYPE': ['3.5t', 'e-sc']}
[DEBUG] After filtering ignored categories ['INTERIOR', 'EXTERIOR_COLOR']: {'MODEL': ['gv80', 'coupe'], 'ENGINE_TYPE': ['3.5t', 'e-sc']}
[DEBUG] Score: 18 (minimum: 12)
[DEBUG] Database search returned 1 candidates
[DEBUG] Confidence: 0.28
[DEBUG]   [OK] Found model_number(s)=['V8CC7K3BGP00'] confidence=0.28 for Genesis 2026 3.5T e-SC
[DEBUG] Group '2026_gv80_coupe' trim '3.5T e-SC Prestige Black': Searching with keywords=['gv80', 'coupe', '3.5t', 'e-sc', 'prestige', 'black']
[DEBUG] Translated keywords: ['gv80', 'coupe', '3.5t', 'e-sc', 'prestige', 'black'] \u2192 ['gv80', 'coupe', '3.5t', 'e-sc', 'prestige', 'black-package']
[WARNING] Unclassified tokens: ['black-package']
[DEBUG] Classified tokens: {'MODEL': ['gv80', 'coupe'], 'ENGINE_TYPE': ['3.5t', 'e-sc'], 'TRIM': ['prestige']}
[DEBUG] After filtering ignored categories ['INTERIOR', 'EXTERIOR_COLOR']: {'MODEL': ['gv80', 'coupe'], 'ENGINE_TYPE': ['3.5t', 'e-sc'], 'TRIM': ['prestige']}
[DEBUG] Score: 23 (minimum: 12)
[DEBUG] Database search returned 1 candidates
[DEBUG] Confidence: 0.36
[DEBUG]   [OK] Found model_number(s)=['V8CC7K3BGPBL'] confidence=0.36 for Genesis 2026 3.5T e-SC Prestige Black
[DEBUG] Group '2026_gv80_coupe': 104 rows before, 0 excluded (missing trims: []), 104 rows in output
[DEBUG] Group '2026_gv80_coupe': 104 rows before, 0 excluded (missing trims: []), 104 rows in output
[INFO] SHEET COMPLETE | sheet=2026_gv80_coupe | records_in=57 | records_out=208
[INFO] SHEET START | sheet=2026_ioniq_5
[DEBUG] Group '2026_ioniq_5' (model 'ioniq_5'): routed to manufacturer 'Hyundai'
[DEBUG] Column mapping for '2026_ioniq_5': {'Model_Year_From': 'year_from', 'Model_Year_To': None, 'Model': 'model', 'Trim_1': None, 'Trim_2': None, 'Accessory_Category_(EN)': None, 'Accessory_Group_(EN)': None, 'Accessory_Description_(EN)': 'english_description', 'Accessory_Category_(FR)': None, 'Accessory_Group_(FR)': None, 'Accessory_Description_(FR)': 'french_description', 'Part_Number': 'part_number', 'DNET': 'dnet', 'MSRP': 'msrp', 'Labour_Rate': 'labour_rate', 'Suggested_Labour_Hours': 'labour_hours', 'Suggested_Base_Retail_Price_w/labour': None, 'Yearly_Rate': None, 'Weekly_Rate': None, '#of_Payments': None, 'Weekly_Payment': None, 'Comments_(EN)': 'comments_en', 'Comments_(FR)': 'comments_fr', 'New_Part_SOS': None}
[INFO] Group '2026_ioniq_5': identified 2 trim column(s): ['Trim_1', 'Trim_2']
[DEBUG] Valid trim cols for '2026_ioniq_5': ['Trim_1', 'Trim_2']
[DEBUG] Group '2026_ioniq_5': extracted vehicle_year=2026
[DEBUG] 126 records -> 191 after melt
[INFO] Step 4.5: model_lookup enrichment | sheet='2026_ioniq_5'
[DEBUG] Group '2026_ioniq_5': Unique trims identified: ['N', 'Pref LR', 'Ult']
[DEBUG] Group '2026_ioniq_5': model_keywords from data=['ioniq', '5'], fuel_type=None
[DEBUG] Group '2026_ioniq_5' trim 'N': Searching with keywords=['ioniq', '5', 'n']
[DEBUG] Translated keywords: ['ioniq', '5', 'n'] \u2192 ['ioniq', '5', 'n']
[WARNING] Unclassified tokens: ['5']
[DEBUG] Classified tokens: {'MODEL': ['ioniq'], 'TRIM_VARIANT': ['n']}
[DEBUG] After filtering ignored categories ['INTERIOR', 'EXTERIOR_COLOR']: {'MODEL': ['ioniq'], 'TRIM_VARIANT': ['n']}
[DEBUG] Score: 16 (minimum: 12)
[DEBUG] Database search returned 0 candidates
[DEBUG] Confidence: 0.00
[WARNING]   [NOT_FOUND] Hyundai 2026 N keywords=['ioniq', '5', 'n']
[DEBUG] Group '2026_ioniq_5' trim 'Pref LR': Searching with keywords=['ioniq', '5', 'pref', 'lr']
[DEBUG] Translated keywords: ['ioniq', '5', 'pref', 'lr'] \u2192 ['ioniq', '5', 'preferred', 'lr']
[WARNING] Unclassified tokens: ['5', 'lr']
[DEBUG] Classified tokens: {'MODEL': ['ioniq'], 'TRIM': ['preferred']}
[DEBUG] After filtering ignored categories ['INTERIOR', 'EXTERIOR_COLOR']: {'MODEL': ['ioniq'], 'TRIM': ['preferred']}
[DEBUG] Score: 15 (minimum: 12)
[DEBUG] Database search returned 7 candidates
[DEBUG] Confidence: 0.00
[WARNING] Unclassified tokens: ['5', 'long', 'range']
[WARNING] Unclassified tokens: ['5', 'long', 'range']
[WARNING] Unclassified tokens: ['5', 'long', 'range', 'w/ultimate']
[WARNING] Unclassified tokens: ['9']
[WARNING] Unclassified tokens: ['9', '+']
[WARNING] Unclassified tokens: ['9', 'w/luxury']
[WARNING] Unclassified tokens: ['9', '+', 'w/ultimate']
[DEBUG] Accepted 7 candidates with unique model numbers (variant handling): ['I5EW5ZE4PRLR', 'I5EW5ZE2PRLR', 'I5EW5ZE2PRUP', 'I9EW7ZE2PR00', 'I9EW7ZE1PR00', 'I9EW7ZE2PRLP', 'I9EW6ZE1PRBG']
[DEBUG]   [OK] Found model_number(s)=['I5EW5ZE4PRLR', 'I5EW5ZE2PRLR', 'I5EW5ZE2PRUP', 'I9EW7ZE2PR00', 'I9EW7ZE1PR00', 'I9EW7ZE2PRLP', 'I9EW6ZE1PRBG'] confidence=0.00 for Hyundai 2026 Pref LR
[DEBUG] Group '2026_ioniq_5' trim 'Ult': Searching with keywords=['ioniq', '5', 'ult']
[DEBUG] Translated keywords: ['ioniq', '5', 'ult'] \u2192 ['ioniq', '5', 'ultimate']
[WARNING] Unclassified tokens: ['5']
[DEBUG] Classified tokens: {'MODEL': ['ioniq'], 'TRIM': ['ultimate']}
[DEBUG] After filtering ignored categories ['INTERIOR', 'EXTERIOR_COLOR']: {'MODEL': ['ioniq'], 'TRIM': ['ultimate']}
[DEBUG] Score: 15 (minimum: 12)
[DEBUG] Database search returned 2 candidates
[DEBUG] Confidence: 0.00
[WARNING] Unclassified tokens: ['5', 'long', 'range', 'w/ultimate']
[WARNING] Unclassified tokens: ['9', '+', 'w/ultimate']
[DEBUG] Accepted 2 candidates with unique model numbers (variant handling): ['I5EW5ZE2PRUP', 'I9EW6ZE1PRBG']
[DEBUG]   [OK] Found model_number(s)=['I5EW5ZE2PRUP', 'I9EW6ZE1PRBG'] confidence=0.00 for Hyundai 2026 Ult
[DEBUG] Group '2026_ioniq_5': 688 rows before, 49 excluded (missing trims: ['N']), 639 rows in output
[DEBUG] Group '2026_ioniq_5': 688 rows before, 49 excluded (missing trims: ['N']), 639 rows in output
[INFO] SHEET COMPLETE | sheet=2026_ioniq_5 | records_in=126 | records_out=1278
[INFO] SHEET START | sheet=2026_ioniq_9
[DEBUG] Group '2026_ioniq_9' (model 'ioniq_9'): routed to manufacturer 'Hyundai'
[DEBUG] Column mapping for '2026_ioniq_9': {'Model_Year_From': 'year_from', 'Model_Year_To': None, 'Model': 'model', 'Trim_1': None, 'Trim_2': None, 'Trim_3': None, 'Trim_4': None, 'Accessory_Category_(EN)': None, 'Accessory_Group_(EN)': None, 'Accessory_Description_(EN)': 'english_description', 'Accessory_Category_(FR)': None, 'Accessory_Group_(FR)': None, 'Accessory_Description_(FR)': 'french_description', 'Part_Number': 'part_number', 'DNET': 'dnet', 'MSRP': 'msrp', 'Labour_Rate': 'labour_rate', 'Suggested_Labour_Hours': 'labour_hours', 'Suggested_Base_Retail_Price_w/labour': None, 'Yearly_Rate': None, 'Weekly_Rate': None, '#of_Payments': None, 'Weekly_Payment': None, 'Comments_(EN)': 'comments_en', 'Comments_(FR)': 'comments_fr', 'New_Part_SOS': None, 'MAF_Update': None}
[INFO] Group '2026_ioniq_9': identified 4 trim column(s): ['Trim_1', 'Trim_2', 'Trim_3', 'Trim_4']
[DEBUG] Valid trim cols for '2026_ioniq_9': ['Trim_1', 'Trim_2', 'Trim_3', 'Trim_4']
[DEBUG] Group '2026_ioniq_9': extracted vehicle_year=2026
[DEBUG] 75 records -> 284 after melt
[INFO] Step 4.5: model_lookup enrichment | sheet='2026_ioniq_9'
[DEBUG] Group '2026_ioniq_9': Unique trims identified: ['Ess', 'Lux', 'Pref', 'Ult Calli']
[DEBUG] Group '2026_ioniq_9': model_keywords from data=['ioniq', '9'], fuel_type=None
[DEBUG] Group '2026_ioniq_9' trim 'Ess': Searching with keywords=['ioniq', '9', 'ess']
[DEBUG] Translated keywords: ['ioniq', '9', 'ess'] \u2192 ['ioniq', '9', 'essential']
[WARNING] Unclassified tokens: ['9']
[DEBUG] Classified tokens: {'MODEL': ['ioniq'], 'TRIM': ['essential']}
[DEBUG] After filtering ignored categories ['INTERIOR', 'EXTERIOR_COLOR']: {'MODEL': ['ioniq'], 'TRIM': ['essential']}
[DEBUG] Score: 15 (minimum: 12)
[DEBUG] Database search returned 1 candidates
[DEBUG] Confidence: 0.23
[DEBUG]   [OK] Found model_number(s)=['I9EW7ZE4ES00'] confidence=0.23 for Hyundai 2026 Ess
[DEBUG] Group '2026_ioniq_9' trim 'Lux': Searching with keywords=['ioniq', '9', 'lux']
[DEBUG] Translated keywords: ['ioniq', '9', 'lux'] \u2192 ['ioniq', '9', 'luxury']
[WARNING] Unclassified tokens: ['9']
[DEBUG] Classified tokens: {'MODEL': ['ioniq'], 'TRIM': ['luxury']}
[DEBUG] After filtering ignored categories ['INTERIOR', 'EXTERIOR_COLOR']: {'MODEL': ['ioniq'], 'TRIM': ['luxury']}
[DEBUG] Score: 15 (minimum: 12)
[DEBUG] Database search returned 1 candidates
[DEBUG] Confidence: 0.23
[DEBUG]   [OK] Found model_number(s)=['I9EW7ZE2PRLP'] confidence=0.23 for Hyundai 2026 Lux
[DEBUG] Group '2026_ioniq_9' trim 'Pref': Searching with keywords=['ioniq', '9', 'pref']
[DEBUG] Translated keywords: ['ioniq', '9', 'pref'] \u2192 ['ioniq', '9', 'preferred']
[WARNING] Unclassified tokens: ['9']
[DEBUG] Classified tokens: {'MODEL': ['ioniq'], 'TRIM': ['preferred']}
[DEBUG] After filtering ignored categories ['INTERIOR', 'EXTERIOR_COLOR']: {'MODEL': ['ioniq'], 'TRIM': ['preferred']}
[DEBUG] Score: 15 (minimum: 12)
[DEBUG] Database search returned 7 candidates
[DEBUG] Confidence: 0.00
[WARNING] Unclassified tokens: ['5', 'long', 'range']
[WARNING] Unclassified tokens: ['5', 'long', 'range']
[WARNING] Unclassified tokens: ['5', 'long', 'range', 'w/ultimate']
[WARNING] Unclassified tokens: ['9']
[WARNING] Unclassified tokens: ['9', '+']
[WARNING] Unclassified tokens: ['9', 'w/luxury']
[WARNING] Unclassified tokens: ['9', '+', 'w/ultimate']
[DEBUG] Accepted 7 candidates with unique model numbers (variant handling): ['I5EW5ZE4PRLR', 'I5EW5ZE2PRLR', 'I5EW5ZE2PRUP', 'I9EW7ZE2PR00', 'I9EW7ZE1PR00', 'I9EW7ZE2PRLP', 'I9EW6ZE1PRBG']
[DEBUG]   [OK] Found model_number(s)=['I5EW5ZE4PRLR', 'I5EW5ZE2PRLR', 'I5EW5ZE2PRUP', 'I9EW7ZE2PR00', 'I9EW7ZE1PR00', 'I9EW7ZE2PRLP', 'I9EW6ZE1PRBG'] confidence=0.00 for Hyundai 2026 Pref
[DEBUG] Group '2026_ioniq_9' trim 'Ult Calli': Searching with keywords=['ioniq', '9', 'ult', 'calli']
[DEBUG] Translated keywords: ['ioniq', '9', 'ult', 'calli'] \u2192 ['ioniq', '9', 'ultimate', 'calligraphy']
[WARNING] Unclassified tokens: ['9']
[DEBUG] Classified tokens: {'MODEL': ['ioniq'], 'TRIM': ['ultimate', 'calligraphy']}
[DEBUG] After filtering ignored categories ['INTERIOR', 'EXTERIOR_COLOR']: {'MODEL': ['ioniq'], 'TRIM': ['ultimate', 'calligraphy']}
[DEBUG] Score: 15 (minimum: 12)
[DEBUG] Database search returned 1 candidates
[DEBUG] Confidence: 0.23
[DEBUG]   [OK] Found model_number(s)=['I9EW6ZE1PRBG'] confidence=0.23 for Hyundai 2026 Ult Calli
[DEBUG] Group '2026_ioniq_9': 710 rows before, 0 excluded (missing trims: []), 710 rows in output
[DEBUG] Group '2026_ioniq_9': 710 rows before, 0 excluded (missing trims: []), 710 rows in output
[INFO] SHEET COMPLETE | sheet=2026_ioniq_9 | records_in=75 | records_out=1420
[INFO] SHEET START | sheet=2026_kona
[DEBUG] Group '2026_kona' (model 'kona'): routed to manufacturer 'Hyundai'
[DEBUG] Column mapping for '2026_kona': {'Model_Year_From': 'year_from', 'Model_Year_To': None, 'Model': 'model', 'Trim_1': None, 'Trim_2': None, 'Trim_3': None, 'Trim_4': None, 'Trim_5': None, 'Accessory_Category_(EN)': None, 'Accessory_Group_(EN)': None, 'Accessory_Description_(EN)': 'english_description', 'Accessory_Category_(FR)': None, 'Accessory_Group_(FR)': None, 'Accessory_Description_(FR)': 'french_description', 'Part_Number': 'part_number', 'DNET': 'dnet', 'MSRP': 'msrp', 'Labour_Rate': 'labour_rate', 'Suggested_Labour_Hours': 'labour_hours', 'Suggested_Base_Retail_Price_w/labour': None, 'Yearly_Rate': None, 'Weekly_Rate': None, '#of_Payments': None, 'Weekly_Payment': None, 'Comments_(EN)': 'comments_en', 'Comments_(FR)': 'comments_fr', 'New_Part_SOS': None, 'Outgoing_Part_Flag': None}
[INFO] Group '2026_kona': identified 5 trim column(s): ['Trim_1', 'Trim_2', 'Trim_3', 'Trim_4', 'Trim_5']
[DEBUG] Valid trim cols for '2026_kona': ['Trim_1', 'Trim_2', 'Trim_3', 'Trim_4', 'Trim_5']
[DEBUG] Group '2026_kona': extracted vehicle_year=2026
[DEBUG] 90 records -> 406 after melt
[INFO] Step 4.5: model_lookup enrichment | sheet='2026_kona'
[DEBUG] Group '2026_kona': Unique trims identified: ['Ess', 'N-Line', 'N-Line Ult', 'Pref', 'Trend']
[DEBUG] Group '2026_kona': model_keywords from data=['kona'], fuel_type=None
[DEBUG] Group '2026_kona' trim 'Ess': Searching with keywords=['kona', 'ess']
[DEBUG] Translated keywords: ['kona', 'ess'] \u2192 ['kona', 'essential']
[DEBUG] Classified tokens: {'MODEL': ['kona'], 'TRIM': ['essential']}
[DEBUG] After filtering ignored categories ['INTERIOR', 'EXTERIOR_COLOR']: {'MODEL': ['kona'], 'TRIM': ['essential']}
[DEBUG] Score: 15 (minimum: 12)
[DEBUG] Database search returned 2 candidates
[DEBUG] Confidence: 0.00
[DEBUG] Accepted 2 candidates with unique model numbers (variant handling): ['KOCW5V2BES00', 'KOCW5Q2BES00']
[DEBUG]   [OK] Found model_number(s)=['KOCW5V2BES00', 'KOCW5Q2BES00'] confidence=0.00 for Hyundai 2026 Ess
[DEBUG] Group '2026_kona' trim 'N-Line': Searching with keywords=['kona', 'n-line']
[DEBUG] Translated keywords: ['kona', 'n-line'] \u2192 ['kona', 'n-line']
[DEBUG] Classified tokens: {'MODEL': ['kona'], 'TRIM_VARIANT': ['n-line']}
[DEBUG] After filtering ignored categories ['INTERIOR', 'EXTERIOR_COLOR']: {'MODEL': ['kona'], 'TRIM_VARIANT': ['n-line']}
[DEBUG] Score: 16 (minimum: 12)
[DEBUG] Database search returned 0 candidates
[DEBUG] Confidence: 0.00
[WARNING]   [NOT_FOUND] Hyundai 2026 N-Line keywords=['kona', 'n-line']
[DEBUG] Group '2026_kona' trim 'N-Line Ult': Searching with keywords=['kona', 'n-line', 'ult']
[DEBUG] Translated keywords: ['kona', 'n-line', 'ult'] \u2192 ['kona', 'n-line', 'ultimate']
[DEBUG] Classified tokens: {'MODEL': ['kona'], 'TRIM_VARIANT': ['n-line'], 'TRIM': ['ultimate']}
[DEBUG] After filtering ignored categories ['INTERIOR', 'EXTERIOR_COLOR']: {'MODEL': ['kona'], 'TRIM_VARIANT': ['n-line'], 'TRIM': ['ultimate']}
[DEBUG] Score: 21 (minimum: 12)
[DEBUG] Database search returned 0 candidates
[DEBUG] Confidence: 0.00
[WARNING]   [NOT_FOUND] Hyundai 2026 N-Line Ult keywords=['kona', 'n-line', 'ult']
[DEBUG] Group '2026_kona' trim 'Pref': Searching with keywords=['kona', 'pref']
[DEBUG] Translated keywords: ['kona', 'pref'] \u2192 ['kona', 'preferred']
[DEBUG] Classified tokens: {'MODEL': ['kona'], 'TRIM': ['preferred']}
[DEBUG] After filtering ignored categories ['INTERIOR', 'EXTERIOR_COLOR']: {'MODEL': ['kona'], 'TRIM': ['preferred']}
[DEBUG] Score: 15 (minimum: 12)
[DEBUG] Database search returned 3 candidates
[DEBUG] Confidence: 0.00
[WARNING] Unclassified tokens: ['w/trend']
[DEBUG] Accepted 3 candidates with unique model numbers (variant handling): ['KOCW5V2BPR00', 'KOCW5Q2BPR00', 'KOCW5Q2BPRTR']
[DEBUG]   [OK] Found model_number(s)=['KOCW5V2BPR00', 'KOCW5Q2BPR00', 'KOCW5Q2BPRTR'] confidence=0.00 for Hyundai 2026 Pref
[DEBUG] Group '2026_kona' trim 'Trend': Searching with keywords=['kona', 'trend']
[DEBUG] Translated keywords: ['kona', 'trend'] \u2192 ['kona', 'trend']
[DEBUG] Classified tokens: {'MODEL': ['kona'], 'TRIM': ['trend']}
[DEBUG] After filtering ignored categories ['INTERIOR', 'EXTERIOR_COLOR']: {'MODEL': ['kona'], 'TRIM': ['trend']}
[DEBUG] Score: 15 (minimum: 12)
[DEBUG] Database search returned 1 candidates
[DEBUG] Confidence: 0.23
[DEBUG]   [OK] Found model_number(s)=['KOCW5Q2BPRTR'] confidence=0.23 for Hyundai 2026 Trend
[DEBUG] Group '2026_kona': 647 rows before, 164 excluded (missing trims: ['N-Line', 'N-Line Ult']), 483 rows in output
[DEBUG] Group '2026_kona': 647 rows before, 164 excluded (missing trims: ['N-Line', 'N-Line Ult']), 483 rows in output
[INFO] SHEET COMPLETE | sheet=2026_kona | records_in=90 | records_out=966
[INFO] SHEET START | sheet=2026_kona_ev
[DEBUG] Group '2026_kona_ev' (model 'kona_ev'): routed to manufacturer 'Hyundai'
[DEBUG] Column mapping for '2026_kona_ev': {'Model_Year_From': 'year_from', 'Model_Year_To': None, 'Model': 'model', 'Trim_1': None, 'Trim_2': None, 'Trim_3': None, 'Accessory_Category_(EN)': None, 'Accessory_Group_(EN)': None, 'Accessory_Description_(EN)': 'english_description', 'Accessory_Category_(FR)': None, 'Accessory_Group_(FR)': None, 'Accessory_Description_(FR)': 'french_description', 'Part_Number': 'part_number', 'DNET': 'dnet', 'MSRP': 'msrp', 'Labour_Rate': 'labour_rate', 'Suggested_Labour_Hours': 'labour_hours', 'Suggested_Base_Retail_Price_w/labour': None, 'Yearly_Rate': None, 'Weekly_Rate': None, '#of_Payments': None, 'Weekly_Payment': None, 'Comments_(EN)': 'comments_en', 'Comments_(FR)': 'comments_fr', 'New_Part_SOS': None, 'Outgoing_Part_Flag': None}
[INFO] Group '2026_kona_ev': identified 3 trim column(s): ['Trim_1', 'Trim_2', 'Trim_3']
[DEBUG] Valid trim cols for '2026_kona_ev': ['Trim_1', 'Trim_2', 'Trim_3']
[DEBUG] Group '2026_kona_ev': extracted vehicle_year=2026
[DEBUG] 76 records -> 224 after melt
[INFO] Step 4.5: model_lookup enrichment | sheet='2026_kona_ev'
[DEBUG] Group '2026_kona_ev': Unique trims identified: ['Pref', 'Trend', 'Ult']
[DEBUG] Group '2026_kona_ev': model_keywords from data=['kona', 'ev'], fuel_type=None
[DEBUG] Group '2026_kona_ev' trim 'Pref': Searching with keywords=['kona', 'ev', 'pref']
[DEBUG] Translated keywords: ['kona', 'ev', 'pref'] \u2192 ['kona', 'electric', 'preferred']
[DEBUG] Classified tokens: {'MODEL': ['kona'], 'POWERTRAIN_TYPE': ['electric'], 'TRIM': ['preferred']}
[DEBUG] After filtering ignored categories ['INTERIOR', 'EXTERIOR_COLOR']: {'MODEL': ['kona'], 'POWERTRAIN_TYPE': ['electric'], 'TRIM': ['preferred']}
[DEBUG] Score: 25 (minimum: 12)
[DEBUG] Database search returned 4 candidates
[DEBUG] Confidence: 0.00
[WARNING] Unclassified tokens: ['w/']
[WARNING] Unclassified tokens: ['w/ult']
[WARNING] Unclassified tokens: ['w/ult']
[DEBUG] Accepted 4 candidates with unique model numbers (variant handling): ['KEEW5ZE4PR00', 'KEEW5ZE4PRTR', 'KEEW5ZE4PRUP', 'KEEW5ZE4PRUT']
[DEBUG]   [OK] Found model_number(s)=['KEEW5ZE4PR00', 'KEEW5ZE4PRTR', 'KEEW5ZE4PRUP', 'KEEW5ZE4PRUT'] confidence=0.00 for Hyundai 2026 Pref
[DEBUG] Group '2026_kona_ev' trim 'Trend': Searching with keywords=['kona', 'ev', 'trend']
[DEBUG] Translated keywords: ['kona', 'ev', 'trend'] \u2192 ['kona', 'electric', 'trend']
[DEBUG] Classified tokens: {'MODEL': ['kona'], 'POWERTRAIN_TYPE': ['electric'], 'TRIM': ['trend']}
[DEBUG] After filtering ignored categories ['INTERIOR', 'EXTERIOR_COLOR']: {'MODEL': ['kona'], 'POWERTRAIN_TYPE': ['electric'], 'TRIM': ['trend']}
[DEBUG] Score: 25 (minimum: 12)
[DEBUG] Database search returned 1 candidates
[DEBUG] Confidence: 0.39
[DEBUG]   [OK] Found model_number(s)=['KEEW5ZE4PRTR'] confidence=0.39 for Hyundai 2026 Trend
[DEBUG] Group '2026_kona_ev' trim 'Ult': Searching with keywords=['kona', 'ev', 'ult']
[DEBUG] Translated keywords: ['kona', 'ev', 'ult'] \u2192 ['kona', 'electric', 'ultimate']
[DEBUG] Classified tokens: {'MODEL': ['kona'], 'POWERTRAIN_TYPE': ['electric'], 'TRIM': ['ultimate']}
[DEBUG] After filtering ignored categories ['INTERIOR', 'EXTERIOR_COLOR']: {'MODEL': ['kona'], 'POWERTRAIN_TYPE': ['electric'], 'TRIM': ['ultimate']}
[DEBUG] Score: 25 (minimum: 12)
[DEBUG] Database search returned 0 candidates
[DEBUG] Confidence: 0.00
[WARNING]   [NOT_FOUND] Hyundai 2026 Ult keywords=['kona', 'ev', 'ult']
[DEBUG] Group '2026_kona_ev': 443 rows before, 76 excluded (missing trims: ['Ult']), 367 rows in output
[DEBUG] Group '2026_kona_ev': 443 rows before, 76 excluded (missing trims: ['Ult']), 367 rows in output
[INFO] SHEET COMPLETE | sheet=2026_kona_ev | records_in=77 | records_out=734
[INFO] SHEET START | sheet=2026_palisade
[DEBUG] Group '2026_palisade' (model 'palisade'): routed to manufacturer 'Hyundai'
[DEBUG] Column mapping for '2026_palisade': {'Model_Year_From': 'year_from', 'Model_Year_To': None, 'Model': 'model', 'Trim_1': None, 'Trim_2': None, 'Trim_3': None, 'Trim_4': None, 'Trim_5': None, 'Accessory_Category_(EN)': None, 'Accessory_Group_(EN)': None, 'Accessory_Description_(EN)': 'english_description', 'Accessory_Category_(FR)': None, 'Accessory_Group_(FR)': None, 'Accessory_Description_(FR)': 'french_description', 'Part_Number': 'part_number', 'DNET': 'dnet', 'MSRP': 'msrp', 'Labour_Rate': 'labour_rate', 'Suggested_Labour_Hours': 'labour_hours', 'Suggested_Base_Retail_Price_w/labour': None, 'Yearly_Rate': None, 'Weekly_Rate': None, '#of_Payments': None, 'Weekly_Payment': None, 'Comments_(EN)': 'comments_en', 'Comments_(FR)': 'comments_fr', 'New_Part_SOS': None, 'Outgoing_Part_Flag': None}
[INFO] Group '2026_palisade': identified 5 trim column(s): ['Trim_1', 'Trim_2', 'Trim_3', 'Trim_4', 'Trim_5']
[DEBUG] Valid trim cols for '2026_palisade': ['Trim_1', 'Trim_2', 'Trim_3', 'Trim_4', 'Trim_5']
[DEBUG] Group '2026_palisade': extracted vehicle_year=2026
[DEBUG] 91 records -> 391 after melt
[INFO] Step 4.5: model_lookup enrichment | sheet='2026_palisade'
[DEBUG] Group '2026_palisade': Unique trims identified: ['Calli HEV', 'Calli ICE', 'Lux HEV', 'Pref Trend', 'XRT']
[DEBUG] Group '2026_palisade': model_keywords from data=['palisade'], fuel_type=None
[DEBUG] Group '2026_palisade' trim 'Calli HEV': Searching with keywords=['palisade', 'calli', 'hev']
[DEBUG] Translated keywords: ['palisade', 'calli', 'hev'] \u2192 ['palisade', 'calligraphy', 'hybrid']
[DEBUG] Classified tokens: {'MODEL': ['palisade'], 'TRIM': ['calligraphy'], 'POWERTRAIN_TYPE': ['hybrid']}
[DEBUG] After filtering ignored categories ['INTERIOR', 'EXTERIOR_COLOR']: {'MODEL': ['palisade'], 'TRIM': ['calligraphy'], 'POWERTRAIN_TYPE': ['hybrid']}
[DEBUG] Score: 25 (minimum: 12)
[DEBUG] Database search returned 1 candidates
[DEBUG] Confidence: 0.39
[DEBUG]   [OK] Found model_number(s)=['PAHW7G2DULCH'] confidence=0.39 for Hyundai 2026 Calli HEV
[DEBUG] Group '2026_palisade' trim 'Calli ICE': Searching with keywords=['palisade', 'calli', 'ice']
[DEBUG] Translated keywords: ['palisade', 'calli', 'ice'] \u2192 ['palisade', 'calligraphy', 'ice']
[WARNING] Unclassified tokens: ['ice']
[DEBUG] Classified tokens: {'MODEL': ['palisade'], 'TRIM': ['calligraphy']}
[DEBUG] After filtering ignored categories ['INTERIOR', 'EXTERIOR_COLOR']: {'MODEL': ['palisade'], 'TRIM': ['calligraphy']}
[DEBUG] Score: 15 (minimum: 12)
[DEBUG] Database search returned 1 candidates
[DEBUG] Confidence: 0.23
[DEBUG]   [OK] Found model_number(s)=['PACW7K3FULCA'] confidence=0.23 for Hyundai 2026 Calli ICE
[DEBUG] Group '2026_palisade' trim 'Lux HEV': Searching with keywords=['palisade', 'lux', 'hev']
[DEBUG] Translated keywords: ['palisade', 'lux', 'hev'] \u2192 ['palisade', 'luxury', 'hybrid']
[DEBUG] Classified tokens: {'MODEL': ['palisade'], 'TRIM': ['luxury'], 'POWERTRAIN_TYPE': ['hybrid']}
[DEBUG] After filtering ignored categories ['INTERIOR', 'EXTERIOR_COLOR']: {'MODEL': ['palisade'], 'TRIM': ['luxury'], 'POWERTRAIN_TYPE': ['hybrid']}
[DEBUG] Score: 25 (minimum: 12)
[DEBUG] Database search returned 2 candidates
[DEBUG] Confidence: 0.00
[WARNING] Unclassified tokens: ['8-pass']
[WARNING] Unclassified tokens: ['7-pass']
[DEBUG] Resolved 2 candidates to single vehicle with multiple model numbers (ignoring ['INTERIOR', 'EXTERIOR_COLOR']): ['PAHW8G2DLU8H', 'PAHW7G2DLU7H']
[DEBUG]   [OK] Found model_number(s)=['PAHW8G2DLU8H', 'PAHW7G2DLU7H'] confidence=0.39 for Hyundai 2026 Lux HEV
[DEBUG] Group '2026_palisade' trim 'Pref Trend': Searching with keywords=['palisade', 'pref', 'trend']
[DEBUG] Translated keywords: ['palisade', 'pref', 'trend'] \u2192 ['palisade', 'preferred', 'trend']
[DEBUG] Classified tokens: {'MODEL': ['palisade'], 'TRIM': ['preferred', 'trend']}
[DEBUG] After filtering ignored categories ['INTERIOR', 'EXTERIOR_COLOR']: {'MODEL': ['palisade'], 'TRIM': ['preferred', 'trend']}
[DEBUG] Score: 15 (minimum: 12)
[DEBUG] Database search returned 1 candidates
[DEBUG] Confidence: 0.23
[DEBUG]   [OK] Found model_number(s)=['PACW8K3FPRTR'] confidence=0.23 for Hyundai 2026 Pref Trend
[DEBUG] Group '2026_palisade' trim 'XRT': Searching with keywords=['palisade', 'xrt']
[DEBUG] Translated keywords: ['palisade', 'xrt'] \u2192 ['palisade', 'xrt']
[DEBUG] Classified tokens: {'MODEL': ['palisade'], 'PACKAGE': ['xrt']}
[DEBUG] After filtering ignored categories ['INTERIOR', 'EXTERIOR_COLOR']: {'MODEL': ['palisade'], 'PACKAGE': ['xrt']}
[DEBUG] Score: 11 (minimum: 12)
[DEBUG] Database search returned 1 candidates
[DEBUG] Confidence: 0.00
[DEBUG]   [OK] Found model_number(s)=['PACW7K3FXP00'] confidence=0.00 for Hyundai 2026 XRT
[DEBUG] Group '2026_palisade': 467 rows before, 0 excluded (missing trims: []), 467 rows in output
[DEBUG] Group '2026_palisade': 467 rows before, 0 excluded (missing trims: []), 467 rows in output
[INFO] SHEET COMPLETE | sheet=2026_palisade | records_in=91 | records_out=934
[INFO] SHEET START | sheet=2026_santa_cruz
[DEBUG] Group '2026_santa_cruz' (model 'santa_cruz'): routed to manufacturer 'Hyundai'
[DEBUG] Column mapping for '2026_santa_cruz': {'Model_Year_From': 'year_from', 'Model_Year_To': None, 'Model': 'model', 'Trim_1': None, 'Trim_2': None, 'Trim_3': None, 'Accessory_Category_(EN)': None, 'Accessory_Group_(EN)': None, 'Accessory_Description_(EN)': 'english_description', 'Accessory_Category_(FR)': None, 'Accessory_Group_(FR)': None, 'Accessory_Description_(FR)': 'french_description', 'Part_Number': 'part_number', 'DNET': 'dnet', 'MSRP': 'msrp', 'Labour_Rate': 'labour_rate', 'Suggested_Labour_Hours': 'labour_hours', 'Suggested_Base_Retail_Price_w/labour': None, 'Yearly_Rate': None, 'Weekly_Rate': None, '#of_Payments': None, 'Weekly_Payment': None, 'Comments_(EN)': 'comments_en', 'Comments_(FR)': 'comments_fr', 'New_Part_SOS': None, 'Outgoing_Part_Flag': None}
[INFO] Group '2026_santa_cruz': identified 3 trim column(s): ['Trim_1', 'Trim_2', 'Trim_3']
[DEBUG] Valid trim cols for '2026_santa_cruz': ['Trim_1', 'Trim_2', 'Trim_3']
[DEBUG] Group '2026_santa_cruz': extracted vehicle_year=2026
[DEBUG] 97 records -> 282 after melt
[INFO] Step 4.5: model_lookup enrichment | sheet='2026_santa_cruz'
[DEBUG] Group '2026_santa_cruz': Unique trims identified: ['Pref', 'Ult', 'XRT']
[DEBUG] Group '2026_santa_cruz': model_keywords from data=['santa', 'cruz'], fuel_type=None
[DEBUG] Group '2026_santa_cruz' trim 'Pref': Searching with keywords=['santa', 'cruz', 'pref']
[DEBUG] Translated keywords: ['santa', 'cruz', 'pref'] \u2192 ['santa', 'cruz', 'preferred']
[WARNING] Unclassified tokens: ['santa', 'cruz']
[DEBUG] Classified tokens: {'TRIM': ['preferred']}
[DEBUG] After filtering ignored categories ['INTERIOR', 'EXTERIOR_COLOR']: {'TRIM': ['preferred']}
[DEBUG] Search validation failed: No MODEL token in search
[WARNING]   [NOT_FOUND] Hyundai 2026 Pref keywords=['santa', 'cruz', 'pref']
[DEBUG] Group '2026_santa_cruz' trim 'Ult': Searching with keywords=['santa', 'cruz', 'ult']
[DEBUG] Translated keywords: ['santa', 'cruz', 'ult'] \u2192 ['santa', 'cruz', 'ultimate']
[WARNING] Unclassified tokens: ['santa', 'cruz']
[DEBUG] Classified tokens: {'TRIM': ['ultimate']}
[DEBUG] After filtering ignored categories ['INTERIOR', 'EXTERIOR_COLOR']: {'TRIM': ['ultimate']}
[DEBUG] Search validation failed: No MODEL token in search
[WARNING]   [NOT_FOUND] Hyundai 2026 Ult keywords=['santa', 'cruz', 'ult']
[DEBUG] Group '2026_santa_cruz' trim 'XRT': Searching with keywords=['santa', 'cruz', 'xrt']
[DEBUG] Translated keywords: ['santa', 'cruz', 'xrt'] \u2192 ['santa', 'cruz', 'xrt']
[WARNING] Unclassified tokens: ['santa', 'cruz']
[DEBUG] Classified tokens: {'PACKAGE': ['xrt']}
[DEBUG] After filtering ignored categories ['INTERIOR', 'EXTERIOR_COLOR']: {'PACKAGE': ['xrt']}
[DEBUG] Search validation failed: No MODEL token in search
[WARNING]   [NOT_FOUND] Hyundai 2026 XRT keywords=['santa', 'cruz', 'xrt']
[DEBUG] Group '2026_santa_cruz': 282 rows before, 282 excluded (missing trims: ['Pref', 'Ult', 'XRT']), 0 rows in output
[DEBUG] Group '2026_santa_cruz': 282 rows before, 282 excluded (missing trims: ['Pref', 'Ult', 'XRT']), 0 rows in output
[INFO] SHEET COMPLETE | sheet=2026_santa_cruz | records_in=97 | records_out=0
[INFO] SHEET START | sheet=2026_santa_fe
[DEBUG] Group '2026_santa_fe' (model 'santa_fe'): routed to manufacturer 'Hyundai'
[DEBUG] Column mapping for '2026_santa_fe': {'Model_Year_From': 'year_from', 'Model_Year_To': None, 'Model': 'model', 'Trim_1': None, 'Trim_2': None, 'Trim_3': None, 'Trim_4': None, 'Trim_5': None, 'Trim_6': None, 'Trim_7': None, 'Accessory_Category_(EN)': None, 'Accessory_Group_(EN)': None, 'Accessory_Description_(EN)': 'english_description', 'Accessory_Category_(FR)': None, 'Accessory_Group_(FR)': None, 'Accessory_Description_(FR)': 'french_description', 'Part_Number': 'part_number', 'DNET': 'dnet', 'MSRP': 'msrp', 'Labour_Rate': 'labour_rate', 'Suggested_Labour_Hours': 'labour_hours', 'Suggested_Base_Retail_Price_w/labour': None, 'Yearly_Rate': None, 'Weekly_Rate': None, '#of_Payments': None, 'Weekly_Payment': None, 'Comments_(EN)': 'comments_en', 'Comments_(FR)': 'comments_fr', 'New_Part_SOS': None, 'Outgoing_Part_Flag': None, 'MAF_Update': None}
[INFO] Group '2026_santa_fe': identified 7 trim column(s): ['Trim_1', 'Trim_2', 'Trim_3', 'Trim_4', 'Trim_5', 'Trim_6', 'Trim_7']
[DEBUG] Valid trim cols for '2026_santa_fe': ['Trim_1', 'Trim_2', 'Trim_3', 'Trim_4', 'Trim_5', 'Trim_6', 'Trim_7']
[DEBUG] Group '2026_santa_fe': extracted vehicle_year=2026
[DEBUG] 111 records -> 615 after melt
[INFO] Step 4.5: model_lookup enrichment | sheet='2026_santa_fe'
[DEBUG] Group '2026_santa_fe': Unique trims identified: ['Calli HEV', 'Calli ICE', 'Lux HEV', 'Lux ICE', 'Pref HEV', 'Pref HEV w/ Trend', 'XRT']
[DEBUG] Group '2026_santa_fe': model_keywords from data=['santa', 'fe'], fuel_type=None
[DEBUG] Group '2026_santa_fe' trim 'Calli HEV': Searching with keywords=['santa', 'fe', 'calli', 'hev']
[DEBUG] Translated keywords: ['santa', 'fe', 'calli', 'hev'] \u2192 ['santa', 'fe', 'calligraphy', 'hybrid']
[WARNING] Unclassified tokens: ['santa', 'fe']
[DEBUG] Classified tokens: {'TRIM': ['calligraphy'], 'POWERTRAIN_TYPE': ['hybrid']}
[DEBUG] After filtering ignored categories ['INTERIOR', 'EXTERIOR_COLOR']: {'TRIM': ['calligraphy'], 'POWERTRAIN_TYPE': ['hybrid']}
[DEBUG] Search validation failed: No MODEL token in search
[WARNING]   [NOT_FOUND] Hyundai 2026 Calli HEV keywords=['santa', 'fe', 'calli', 'hev']
[DEBUG] Group '2026_santa_fe' trim 'Calli ICE': Searching with keywords=['santa', 'fe', 'calli', 'ice']
[DEBUG] Translated keywords: ['santa', 'fe', 'calli', 'ice'] \u2192 ['santa', 'fe', 'calligraphy', 'ice']
[WARNING] Unclassified tokens: ['santa', 'fe', 'ice']
[DEBUG] Classified tokens: {'TRIM': ['calligraphy']}
[DEBUG] After filtering ignored categories ['INTERIOR', 'EXTERIOR_COLOR']: {'TRIM': ['calligraphy']}
[DEBUG] Search validation failed: No MODEL token in search
[WARNING]   [NOT_FOUND] Hyundai 2026 Calli ICE keywords=['santa', 'fe', 'calli', 'ice']
[DEBUG] Group '2026_santa_fe' trim 'Lux HEV': Searching with keywords=['santa', 'fe', 'lux', 'hev']
[DEBUG] Translated keywords: ['santa', 'fe', 'lux', 'hev'] \u2192 ['santa', 'fe', 'luxury', 'hybrid']
[WARNING] Unclassified tokens: ['santa', 'fe']
[DEBUG] Classified tokens: {'TRIM': ['luxury'], 'POWERTRAIN_TYPE': ['hybrid']}
[DEBUG] After filtering ignored categories ['INTERIOR', 'EXTERIOR_COLOR']: {'TRIM': ['luxury'], 'POWERTRAIN_TYPE': ['hybrid']}
[DEBUG] Search validation failed: No MODEL token in search
[WARNING]   [NOT_FOUND] Hyundai 2026 Lux HEV keywords=['santa', 'fe', 'lux', 'hev']
[DEBUG] Group '2026_santa_fe' trim 'Lux ICE': Searching with keywords=['santa', 'fe', 'lux', 'ice']
[DEBUG] Translated keywords: ['santa', 'fe', 'lux', 'ice'] \u2192 ['santa', 'fe', 'luxury', 'ice']
[WARNING] Unclassified tokens: ['santa', 'fe', 'ice']
[DEBUG] Classified tokens: {'TRIM': ['luxury']}
[DEBUG] After filtering ignored categories ['INTERIOR', 'EXTERIOR_COLOR']: {'TRIM': ['luxury']}
[DEBUG] Search validation failed: No MODEL token in search
[WARNING]   [NOT_FOUND] Hyundai 2026 Lux ICE keywords=['santa', 'fe', 'lux', 'ice']
[DEBUG] Group '2026_santa_fe' trim 'Pref HEV': Searching with keywords=['santa', 'fe', 'pref', 'hev']
[DEBUG] Translated keywords: ['santa', 'fe', 'pref', 'hev'] \u2192 ['santa', 'fe', 'preferred', 'hybrid']
[WARNING] Unclassified tokens: ['santa', 'fe']
[DEBUG] Classified tokens: {'TRIM': ['preferred'], 'POWERTRAIN_TYPE': ['hybrid']}
[DEBUG] After filtering ignored categories ['INTERIOR', 'EXTERIOR_COLOR']: {'TRIM': ['preferred'], 'POWERTRAIN_TYPE': ['hybrid']}
[DEBUG] Search validation failed: No MODEL token in search
[WARNING]   [NOT_FOUND] Hyundai 2026 Pref HEV keywords=['santa', 'fe', 'pref', 'hev']
[DEBUG] Group '2026_santa_fe' trim 'Pref HEV w/ Trend': Searching with keywords=['santa', 'fe', 'pref', 'hev', 'w/', 'trend']
[DEBUG] Translated keywords: ['santa', 'fe', 'pref', 'hev', 'w/', 'trend'] \u2192 ['santa', 'fe', 'preferred', 'hybrid', 'with', 'trend']
[WARNING] Unclassified tokens: ['santa', 'fe', 'with']
[DEBUG] Classified tokens: {'TRIM': ['preferred', 'trend'], 'POWERTRAIN_TYPE': ['hybrid']}
[DEBUG] After filtering ignored categories ['INTERIOR', 'EXTERIOR_COLOR']: {'TRIM': ['preferred', 'trend'], 'POWERTRAIN_TYPE': ['hybrid']}
[DEBUG] Search validation failed: No MODEL token in search
[WARNING]   [NOT_FOUND] Hyundai 2026 Pref HEV w/ Trend keywords=['santa', 'fe', 'pref', 'hev', 'w/', 'trend']
[DEBUG] Group '2026_santa_fe' trim 'XRT': Searching with keywords=['santa', 'fe', 'xrt']
[DEBUG] Translated keywords: ['santa', 'fe', 'xrt'] \u2192 ['santa', 'fe', 'xrt']
[WARNING] Unclassified tokens: ['santa', 'fe']
[DEBUG] Classified tokens: {'PACKAGE': ['xrt']}
[DEBUG] After filtering ignored categories ['INTERIOR', 'EXTERIOR_COLOR']: {'PACKAGE': ['xrt']}
[DEBUG] Search validation failed: No MODEL token in search
[WARNING]   [NOT_FOUND] Hyundai 2026 XRT keywords=['santa', 'fe', 'xrt']
[DEBUG] Group '2026_santa_fe': 615 rows before, 615 excluded (missing trims: ['Calli HEV', 'Calli ICE', 'Lux HEV', 'Lux ICE', 'Pref HEV', 'Pref HEV w/ Trend', 'XRT']), 0 rows in output
[DEBUG] Group '2026_santa_fe': 615 rows before, 615 excluded (missing trims: ['Calli HEV', 'Calli ICE', 'Lux HEV', 'Lux ICE', 'Pref HEV', 'Pref HEV w/ Trend', 'XRT']), 0 rows in output
[INFO] SHEET COMPLETE | sheet=2026_santa_fe | records_in=111 | records_out=0
[INFO] SHEET START | sheet=2026_sonata
[DEBUG] Group '2026_sonata' (model 'sonata'): routed to manufacturer 'Hyundai'
[DEBUG] Column mapping for '2026_sonata': {'Model_Year_From': 'year_from', 'Model_Year_To': None, 'Model': 'model', 'Trim_1': None, 'Trim_2': None, 'Trim_3': None, 'Trim_4': None, 'Accessory_Category_(EN)': None, 'Accessory_Group_(EN)': None, 'Accessory_Description_(EN)': 'english_description', 'Accessory_Category_(FR)': None, 'Accessory_Group_(FR)': None, 'Accessory_Description_(FR)': 'french_description', 'Part_Number': 'part_number', 'DNET': 'dnet', 'MSRP': 'msrp', 'Labour_Rate': 'labour_rate', 'Suggested_Labour_Hours': 'labour_hours', 'Suggested_Base_Retail_Price_w/labour': None, 'Yearly_Rate': None, 'Weekly_Rate': None, '#of_Payments': None, 'Weekly_Payment': None, 'Comments_(EN)': 'comments_en', 'Comments_(FR)': 'comments_fr', 'New_Part_SOS': None, 'Outgoing_Part_Flag': None, 'MAF_Update': None}
[INFO] Group '2026_sonata': identified 4 trim column(s): ['Trim_1', 'Trim_2', 'Trim_3', 'Trim_4']
[DEBUG] Valid trim cols for '2026_sonata': ['Trim_1', 'Trim_2', 'Trim_3', 'Trim_4']
[DEBUG] Group '2026_sonata': extracted vehicle_year=2026
[DEBUG] 83 records -> 268 after melt
[INFO] Step 4.5: model_lookup enrichment | sheet='2026_sonata'
[DEBUG] Group '2026_sonata': Unique trims identified: ['HEV', 'N-Line', 'Pref', 'Trend AWD']
[DEBUG] Group '2026_sonata': model_keywords from data=['sonata'], fuel_type=None
[DEBUG] Group '2026_sonata' trim 'HEV': Searching with keywords=['sonata', 'hev']
[DEBUG] Translated keywords: ['sonata', 'hev'] \u2192 ['sonata', 'hybrid']
[DEBUG] Classified tokens: {'MODEL': ['sonata'], 'POWERTRAIN_TYPE': ['hybrid']}
[DEBUG] After filtering ignored categories ['INTERIOR', 'EXTERIOR_COLOR']: {'MODEL': ['sonata'], 'POWERTRAIN_TYPE': ['hybrid']}
[DEBUG] Score: 20 (minimum: 12)
[DEBUG] Database search returned 1 candidates
[DEBUG] Confidence: 0.31
[DEBUG]   [OK] Found model_number(s)=['SHHS4F2FPRTH'] confidence=0.31 for Hyundai 2026 HEV
[DEBUG] Group '2026_sonata' trim 'N-Line': Searching with keywords=['sonata', 'n-line']
[DEBUG] Translated keywords: ['sonata', 'n-line'] \u2192 ['sonata', 'n-line']
[DEBUG] Classified tokens: {'MODEL': ['sonata'], 'TRIM_VARIANT': ['n-line']}
[DEBUG] After filtering ignored categories ['INTERIOR', 'EXTERIOR_COLOR']: {'MODEL': ['sonata'], 'TRIM_VARIANT': ['n-line']}
[DEBUG] Score: 16 (minimum: 12)
[DEBUG] Database search returned 0 candidates
[DEBUG] Confidence: 0.00
[WARNING]   [NOT_FOUND] Hyundai 2026 N-Line keywords=['sonata', 'n-line']
[DEBUG] Group '2026_sonata' trim 'Pref': Searching with keywords=['sonata', 'pref']
[DEBUG] Translated keywords: ['sonata', 'pref'] \u2192 ['sonata', 'preferred']
[DEBUG] Classified tokens: {'MODEL': ['sonata'], 'TRIM': ['preferred']}
[DEBUG] After filtering ignored categories ['INTERIOR', 'EXTERIOR_COLOR']: {'MODEL': ['sonata'], 'TRIM': ['preferred']}
[DEBUG] Score: 15 (minimum: 12)
[DEBUG] Database search returned 1 candidates
[DEBUG] Confidence: 0.23
[DEBUG]   [OK] Found model_number(s)=['SOCS4K2EPRTR'] confidence=0.23 for Hyundai 2026 Pref
[DEBUG] Group '2026_sonata' trim 'Trend AWD': Searching with keywords=['sonata', 'trend', 'awd']
[DEBUG] Translated keywords: ['sonata', 'trend', 'awd'] \u2192 ['sonata', 'trend', 'awd']
[DEBUG] Classified tokens: {'MODEL': ['sonata'], 'TRIM': ['trend'], 'DRIVETRAIN': ['awd']}
[DEBUG] After filtering ignored categories ['INTERIOR', 'EXTERIOR_COLOR']: {'MODEL': ['sonata'], 'TRIM': ['trend'], 'DRIVETRAIN': ['awd']}
[DEBUG] Score: 21 (minimum: 12)
[DEBUG] Database search returned 1 candidates
[DEBUG] Confidence: 0.33
[DEBUG]   [OK] Found model_number(s)=['SOCS4K2EPRTR'] confidence=0.33 for Hyundai 2026 Trend AWD
[DEBUG] Group '2026_sonata': 268 rows before, 54 excluded (missing trims: ['N-Line']), 214 rows in output
[DEBUG] Group '2026_sonata': 268 rows before, 54 excluded (missing trims: ['N-Line']), 214 rows in output
[INFO] SHEET COMPLETE | sheet=2026_sonata | records_in=83 | records_out=428
[INFO] SHEET START | sheet=2026_tucson
[DEBUG] Group '2026_tucson' (model 'tucson'): routed to manufacturer 'Hyundai'
[DEBUG] Column mapping for '2026_tucson': {'Model_Year_From': 'year_from', 'Model_Year_To': None, 'Model': 'model', 'Trim_1': None, 'Trim_2': None, 'Trim_3': None, 'Trim_4': None, 'Trim_5': None, 'Trim_6': None, 'Accessory_Category_(EN)': None, 'Accessory_Group_(EN)': None, 'Accessory_Description_(EN)': 'english_description', 'Accessory_Category_(FR)': None, 'Accessory_Group_(FR)': None, 'Accessory_Description_(FR)': 'french_description', 'Part_Number': 'part_number', 'DNET': 'dnet', 'MSRP': 'msrp', 'Labour_Rate': 'labour_rate', 'Suggested_Labour_Hours': 'labour_hours', 'Suggested_Base_Retail_Price_w/labour': None, 'Yearly_Rate': None, 'Weekly_Rate': None, '#of_Payments': None, 'Weekly_Payment': None, 'Comments_(EN)': 'comments_en', 'Comments_(FR)': 'comments_fr', 'New_Part_SOS': None, 'Outgoing_Part_Flag': None, 'MAF_Update': None}
[INFO] Group '2026_tucson': identified 6 trim column(s): ['Trim_1', 'Trim_2', 'Trim_3', 'Trim_4', 'Trim_5', 'Trim_6']
[DEBUG] Valid trim cols for '2026_tucson': ['Trim_1', 'Trim_2', 'Trim_3', 'Trim_4', 'Trim_5', 'Trim_6']
[DEBUG] Group '2026_tucson': extracted vehicle_year=2026
[DEBUG] 127 records -> 540 after melt
[INFO] Step 4.5: model_lookup enrichment | sheet='2026_tucson'
[DEBUG] Group '2026_tucson': Unique trims identified: ['N-Line', 'Pref', 'Pref*', 'Trend', 'Trend*', 'Ult HEV', 'Ult PHEV', 'XRT']
[DEBUG] Group '2026_tucson': model_keywords from data=['tucson'], fuel_type=None
[DEBUG] Group '2026_tucson' trim 'N-Line': Searching with keywords=['tucson', 'n-line']
[DEBUG] Translated keywords: ['tucson', 'n-line'] \u2192 ['tucson', 'n-line']
[DEBUG] Classified tokens: {'MODEL': ['tucson'], 'TRIM_VARIANT': ['n-line']}
[DEBUG] After filtering ignored categories ['INTERIOR', 'EXTERIOR_COLOR']: {'MODEL': ['tucson'], 'TRIM_VARIANT': ['n-line']}
[DEBUG] Score: 16 (minimum: 12)
[DEBUG] Database search returned 0 candidates
[DEBUG] Confidence: 0.00
[WARNING]   [NOT_FOUND] Hyundai 2026 N-Line keywords=['tucson', 'n-line']
[DEBUG] Group '2026_tucson' trim 'Pref': Searching with keywords=['tucson', 'pref']
[DEBUG] Translated keywords: ['tucson', 'pref'] \u2192 ['tucson', 'preferred']
[DEBUG] Classified tokens: {'MODEL': ['tucson'], 'TRIM': ['preferred']}
[DEBUG] After filtering ignored categories ['INTERIOR', 'EXTERIOR_COLOR']: {'MODEL': ['tucson'], 'TRIM': ['preferred']}
[DEBUG] Score: 15 (minimum: 12)
[DEBUG] Database search returned 4 candidates
[DEBUG] Confidence: 0.00
[WARNING] Unclassified tokens: ['w/trend']
[WARNING] Unclassified tokens: ['w/trend']
[DEBUG] Accepted 4 candidates with unique model numbers (variant handling): ['TUCWDK2EPR00', 'TUCWDK2EPRTR', 'TUCWDK2EPM00', 'TUCWDK2EPMTM']
[DEBUG]   [OK] Found model_number(s)=['TUCWDK2EPR00', 'TUCWDK2EPRTR', 'TUCWDK2EPM00', 'TUCWDK2EPMTM'] confidence=0.00 for Hyundai 2026 Pref
[DEBUG] Group '2026_tucson' trim 'Pref*': Searching with keywords=['tucson', 'pref']
[DEBUG] Translated keywords: ['tucson', 'pref'] \u2192 ['tucson', 'preferred']
[DEBUG] Classified tokens: {'MODEL': ['tucson'], 'TRIM': ['preferred']}
[DEBUG] After filtering ignored categories ['INTERIOR', 'EXTERIOR_COLOR']: {'MODEL': ['tucson'], 'TRIM': ['preferred']}
[DEBUG] Score: 15 (minimum: 12)
[DEBUG] Database search returned 4 candidates
[DEBUG] Confidence: 0.00
[WARNING] Unclassified tokens: ['w/trend']
[WARNING] Unclassified tokens: ['w/trend']
[DEBUG] Accepted 4 candidates with unique model numbers (variant handling): ['TUCWDK2EPR00', 'TUCWDK2EPRTR', 'TUCWDK2EPM00', 'TUCWDK2EPMTM']
[DEBUG]   [OK] Found model_number(s)=['TUCWDK2EPR00', 'TUCWDK2EPRTR', 'TUCWDK2EPM00', 'TUCWDK2EPMTM'] confidence=0.00 for Hyundai 2026 Pref*
[DEBUG] Group '2026_tucson' trim 'Trend': Searching with keywords=['tucson', 'trend']
[DEBUG] Translated keywords: ['tucson', 'trend'] \u2192 ['tucson', 'trend']
[DEBUG] Classified tokens: {'MODEL': ['tucson'], 'TRIM': ['trend']}
[DEBUG] After filtering ignored categories ['INTERIOR', 'EXTERIOR_COLOR']: {'MODEL': ['tucson'], 'TRIM': ['trend']}
[DEBUG] Score: 15 (minimum: 12)
[DEBUG] Database search returned 2 candidates
[DEBUG] Confidence: 0.00
[WARNING] Unclassified tokens: ['w/trend']
[WARNING] Unclassified tokens: ['w/trend']
[DEBUG] Resolved 2 candidates to single vehicle with multiple model numbers (ignoring ['INTERIOR', 'EXTERIOR_COLOR']): ['TUCWDK2EPRTR', 'TUCWDK2EPMTM']
[DEBUG]   [OK] Found model_number(s)=['TUCWDK2EPRTR', 'TUCWDK2EPMTM'] confidence=0.23 for Hyundai 2026 Trend
[DEBUG] Group '2026_tucson' trim 'Trend*': Searching with keywords=['tucson', 'trend']
[DEBUG] Translated keywords: ['tucson', 'trend'] \u2192 ['tucson', 'trend']
[DEBUG] Classified tokens: {'MODEL': ['tucson'], 'TRIM': ['trend']}
[DEBUG] After filtering ignored categories ['INTERIOR', 'EXTERIOR_COLOR']: {'MODEL': ['tucson'], 'TRIM': ['trend']}
[DEBUG] Score: 15 (minimum: 12)
[DEBUG] Database search returned 2 candidates
[DEBUG] Confidence: 0.00
[WARNING] Unclassified tokens: ['w/trend']
[WARNING] Unclassified tokens: ['w/trend']
[DEBUG] Resolved 2 candidates to single vehicle with multiple model numbers (ignoring ['INTERIOR', 'EXTERIOR_COLOR']): ['TUCWDK2EPRTR', 'TUCWDK2EPMTM']
[DEBUG]   [OK] Found model_number(s)=['TUCWDK2EPRTR', 'TUCWDK2EPMTM'] confidence=0.23 for Hyundai 2026 Trend*
[DEBUG] Group '2026_tucson' trim 'Ult HEV': Searching with keywords=['tucson', 'ult', 'hev']
[DEBUG] Translated keywords: ['tucson', 'ult', 'hev'] \u2192 ['tucson', 'ultimate', 'hybrid']
[DEBUG] Classified tokens: {'MODEL': ['tucson'], 'TRIM': ['ultimate'], 'POWERTRAIN_TYPE': ['hybrid']}
[DEBUG] After filtering ignored categories ['INTERIOR', 'EXTERIOR_COLOR']: {'MODEL': ['tucson'], 'TRIM': ['ultimate'], 'POWERTRAIN_TYPE': ['hybrid']}
[DEBUG] Score: 25 (minimum: 12)
[DEBUG] Database search returned 2 candidates
[DEBUG] Confidence: 0.00
[DEBUG] Accepted 2 candidates with unique model numbers (variant handling): ['TUHWDG1AULHE', 'TUPWDG1AULPH']
[DEBUG]   [OK] Found model_number(s)=['TUHWDG1AULHE', 'TUPWDG1AULPH'] confidence=0.00 for Hyundai 2026 Ult HEV
[DEBUG] Group '2026_tucson' trim 'Ult PHEV': Searching with keywords=['tucson', 'ult', 'phev']
[DEBUG] Translated keywords: ['tucson', 'ult', 'phev'] \u2192 ['tucson', 'ultimate', 'plug-in']
[DEBUG] Classified tokens: {'MODEL': ['tucson'], 'TRIM': ['ultimate'], 'POWERTRAIN_TYPE': ['plug-in']}
[DEBUG] After filtering ignored categories ['INTERIOR', 'EXTERIOR_COLOR']: {'MODEL': ['tucson'], 'TRIM': ['ultimate'], 'POWERTRAIN_TYPE': ['plug-in']}
[DEBUG] Score: 25 (minimum: 12)
[DEBUG] Database search returned 1 candidates
[DEBUG] Confidence: 0.39
[DEBUG]   [OK] Found model_number(s)=['TUPWDG1AULPH'] confidence=0.39 for Hyundai 2026 Ult PHEV
[DEBUG] Group '2026_tucson' trim 'XRT': Searching with keywords=['tucson', 'xrt']
[DEBUG] Translated keywords: ['tucson', 'xrt'] \u2192 ['tucson', 'xrt']
[DEBUG] Classified tokens: {'MODEL': ['tucson'], 'PACKAGE': ['xrt']}
[DEBUG] After filtering ignored categories ['INTERIOR', 'EXTERIOR_COLOR']: {'MODEL': ['tucson'], 'PACKAGE': ['xrt']}
[DEBUG] Score: 11 (minimum: 12)
[DEBUG] Database search returned 0 candidates
[DEBUG] Score 11 below adaptive minimum 12 for 0 candidates
[WARNING]   [NOT_FOUND] Hyundai 2026 XRT keywords=['tucson', 'xrt']
[DEBUG] Group '2026_tucson': 1002 rows before, 176 excluded (missing trims: ['N-Line', 'XRT']), 826 rows in output
[DEBUG] Group '2026_tucson': 1002 rows before, 176 excluded (missing trims: ['N-Line', 'XRT']), 826 rows in output
[INFO] SHEET COMPLETE | sheet=2026_tucson | records_in=127 | records_out=1652
[INFO] SHEET START | sheet=2026_venue
[DEBUG] Group '2026_venue' (model 'venue'): routed to manufacturer 'Hyundai'
[DEBUG] Column mapping for '2026_venue': {'Model_Year_From': 'year_from', 'Model_Year_To': None, 'Model': 'model', 'Trim_1': None, 'Trim_2': None, 'Trim_3': None, 'Accessory_Category_(EN)': None, 'Accessory_Group_(EN)': None, 'Accessory_Description_(EN)': 'english_description', 'Accessory_Category_(FR)': None, 'Accessory_Group_(FR)': None, 'Accessory_Description_(FR)': 'french_description', 'Part_Number': 'part_number', 'DNET': 'dnet', 'MSRP': 'msrp', 'Labour_Rate': 'labour_rate', 'Suggested_Labour_Hours': 'labour_hours', 'Suggested_Base_Retail_Price_w/labour': None, 'Yearly_Rate': None, 'Weekly_Rate': None, '#of_Payments': None, 'Weekly_Payment': None, 'Comments_(EN)': 'comments_en', 'Comments_(FR)': 'comments_fr', 'New_Part_SOS': None, 'Outgoing_Part_Flag': None}
[INFO] Group '2026_venue': identified 3 trim column(s): ['Trim_1', 'Trim_2', 'Trim_3']
[DEBUG] Valid trim cols for '2026_venue': ['Trim_1', 'Trim_2', 'Trim_3']
[DEBUG] Group '2026_venue': extracted vehicle_year=2026
[DEBUG] 83 records -> 230 after melt
[INFO] Step 4.5: model_lookup enrichment | sheet='2026_venue'
[DEBUG] Group '2026_venue': Unique trims identified: ['Ess', 'Pref', 'Ult']
[DEBUG] Group '2026_venue': model_keywords from data=['venue'], fuel_type=None
[DEBUG] Group '2026_venue' trim 'Ess': Searching with keywords=['venue', 'ess']
[DEBUG] Translated keywords: ['venue', 'ess'] \u2192 ['venue', 'essential']
[DEBUG] Classified tokens: {'MODEL': ['venue'], 'TRIM': ['essential']}
[DEBUG] After filtering ignored categories ['INTERIOR', 'EXTERIOR_COLOR']: {'MODEL': ['venue'], 'TRIM': ['essential']}
[DEBUG] Score: 15 (minimum: 12)
[DEBUG] Database search returned 2 candidates
[DEBUG] Confidence: 0.00
[WARNING] Unclassified tokens: ['w/two-tone']
[DEBUG] Resolved 2 candidates to single vehicle with multiple model numbers (ignoring ['INTERIOR', 'EXTERIOR_COLOR']): ['VNCW5V1FES00', 'VNCW5V1FESTT']
[DEBUG]   [OK] Found model_number(s)=['VNCW5V1FES00', 'VNCW5V1FESTT'] confidence=0.23 for Hyundai 2026 Ess
[DEBUG] Group '2026_venue' trim 'Pref': Searching with keywords=['venue', 'pref']
[DEBUG] Translated keywords: ['venue', 'pref'] \u2192 ['venue', 'preferred']
[DEBUG] Classified tokens: {'MODEL': ['venue'], 'TRIM': ['preferred']}
[DEBUG] After filtering ignored categories ['INTERIOR', 'EXTERIOR_COLOR']: {'MODEL': ['venue'], 'TRIM': ['preferred']}
[DEBUG] Score: 15 (minimum: 12)
[DEBUG] Database search returned 2 candidates
[DEBUG] Confidence: 0.00
[WARNING] Unclassified tokens: ['w/two-tone']
[DEBUG] Resolved 2 candidates to single vehicle with multiple model numbers (ignoring ['INTERIOR', 'EXTERIOR_COLOR']): ['VNCW5V1FPR00', 'VNCW5V1FPRTT']
[DEBUG]   [OK] Found model_number(s)=['VNCW5V1FPR00', 'VNCW5V1FPRTT'] confidence=0.23 for Hyundai 2026 Pref
[DEBUG] Group '2026_venue' trim 'Ult': Searching with keywords=['venue', 'ult']
[DEBUG] Translated keywords: ['venue', 'ult'] \u2192 ['venue', 'ultimate']
[DEBUG] Classified tokens: {'MODEL': ['venue'], 'TRIM': ['ultimate']}
[DEBUG] After filtering ignored categories ['INTERIOR', 'EXTERIOR_COLOR']: {'MODEL': ['venue'], 'TRIM': ['ultimate']}
[DEBUG] Score: 15 (minimum: 12)
[DEBUG] Database search returned 2 candidates
[DEBUG] Confidence: 0.00
[WARNING] Unclassified tokens: ['w/black']
[WARNING] Unclassified tokens: ['w/denim']
[DEBUG] Resolved 2 candidates to single vehicle with multiple model numbers (ignoring ['INTERIOR', 'EXTERIOR_COLOR']): ['VNCW5V1FUL00', 'VNCW5V1FULCP']
[DEBUG]   [OK] Found model_number(s)=['VNCW5V1FUL00', 'VNCW5V1FULCP'] confidence=0.23 for Hyundai 2026 Ult
[DEBUG] Group '2026_venue': 460 rows before, 0 excluded (missing trims: []), 460 rows in output
[DEBUG] Group '2026_venue': 460 rows before, 0 excluded (missing trims: []), 460 rows in output
[INFO] SHEET COMPLETE | sheet=2026_venue | records_in=83 | records_out=920
[INFO] Combined output saved: accy_v2\output\ready_to_upload\hyundai\hyundai_0fb9b364_20260724_162349.xlsx
[INFO] RUN COMPLETE | sheets_processed=57 | sheets_skipped=0
Using: C:\Users\paxm\OneDrive - PBS SYSTEMS\Desktop\Office\Projects\OEM Accessory project\OEM_Accessories_v1\accy_v2\data\landing_zone\hyundai\Hyundai Canada - 2025-9-1 HACC MAF DIST - Final 09082025 (1).xlsx
