Manufacturer,ModelYear,ModelNumber,Description,Description2,Package,Style_ID
HYUNDAI,2025,ELCS4V2BES00,Elantra Essential,,,
HYUNDAI,2025,ELCS4V2BPR00,Elantra Preferred,,,
HYUNDAI,2025,ELCS4V2BPRTE,Elantra With Tech Package,,,
HYUNDAI,2025,ELCS4V2BLU00,Elantra Luxury,,,
HYUNDAI,2025,ELCS4V2BLUME,Elantra Luxury Two-Tone Interior,,,
HYUNDAI,2025,ELCS4U1ANLUL,Elantra N-Line Ultimate,,,
HYUNDAI,2025,ELHS4T1BLUHE,Elantra Hybrid Luxury,,,
HYUNDAI,2025,ELHS4T1BLUHM,Elantra Hybrid Luxury Two-Tone Interior,,,
HYUNDAI,2025,ELCS472ANN00,Elantra N M/t,,,
HYUNDAI,2025,ELCS4M2ANN00,Elantra N Dct,,,
HYUNDAI,2025,SOCS4J2EPRTR,Sonata Preferred-Trend Fwd,,,
HYUNDAI,2025,SOCS4K2EPRTR,Sonata Preferred-Trend Awd,,,
HYUNDAI,2025,SOCS4M2DNL00,Sonata N-Line,,,
HYUNDAI,2025,VNCW5V1FES00,Venue Essential,,,
HYUNDAI,2025,VNCW5V1FESTT,Venue Essential Two-Tone,,,
HYUNDAI,2025,VNCW5V1FPR00,Venue Preferred,,,
HYUNDAI,2025,VNCW5V1FPRTT,Venue Preferred Two-Tone,,,
HYUNDAI,2025,VNCW5V1FULCP,Venue Ultimate  Denim Interior,,,
HYUNDAI,2025,VNCW5V1FUL00,Venue Ultimate  Black Interior,,,
HYUNDAI,2025,KOCW5V2BES00,Kona 2.0l Essential Fwd,,,
HYUNDAI,2025,KOCW5Q2BES00,Kona 2.0l Essential Awd,,,
HYUNDAI,2025,KOCW5V2BPR00,Kona 2.0l Preferred Fwd,,,
HYUNDAI,2025,KOCW5Q2BPR00,Kona 2.0l Preferred Awd,,,
HYUNDAI,2025,KOCW5Q2BPRTR,Kona 2.0l Preferred Awd With Trend Package,,,
HYUNDAI,2025,KOCW5K1APRSP,Kona 1.6t Preferred Sport Awd,,,
HYUNDAI,2025,KOCW5K1ANL00,Kona 1.6t N-Line Awd,,,
HYUNDAI,2025,KOCW5K1ANLTT,Kona 1.6t N-Line Awd With Two-Tone,,,
HYUNDAI,2025,KOCW5K1ANLUL,Kona 1.6t N-Line Ultimate Awd,,,
HYUNDAI,2025,KOCW5K1ANLBA,Kona 1.6t N-Line Ultimate Awd With Two-Tone,,,
HYUNDAI,2025,KEEW5ZE4PR00,Kona Electric Preferred,,,
HYUNDAI,2025,KEEW5ZE4PRTR,Kona Electric Preferred With Trend Package,,,
HYUNDAI,2025,KEEW5ZE4PRUP,Kona Electric Preferred With Ultimate Package,,,
HYUNDAI,2025,KEEW5ZE4PRUT,Kona Electric Preferred With Ultimate Package Two-Tone,,,
HYUNDAI,2025,KEEW5ZE4PRUG,Kona Electric Preferred With Ultimate Package Green Interior,,,
HYUNDAI,2025,KEEW5ZE4PRNU,Kona Electric Preferred N-Line With Ultimate Pk,,,
HYUNDAI,2025,KE2SEFEME400,Kona Electric Ultimate,,,
HYUNDAI,2025,KE2SEFEME466,Kona Electric Ultimate W/two-Tone Interior,,,
HYUNDAI,2025,KE2SEFEME4BF,Kona Electric Ultimate W/sage-Green Interior,,,
HYUNDAI,2025,KE2SEFEMEO20,Kona Electric N-Line Ultimate,,,
HYUNDAI,2025,TUCWDK2EPR00,Tucson Preferred,,,
HYUNDAI,2025,TUCWDK2EPRTR,Tucson Trend,,,
HYUNDAI,2025,TUCWDK2EXR00,Tucson Xrt,,,
HYUNDAI,2025,TUHWDG1ANLHE,Tucson Hybrid N-Line,,,
HYUNDAI,2025,TUHWDG1AULHE,Tucson Hybrid Ultimate,,,
HYUNDAI,2025,TUPWDG1AULPH,Tucson Plug-In Ultimate,,,
HYUNDAI,2025,SAHW7G1APRHE,Santa Fe 1.6t Preferred Hybrid Awd 7-Pass,,,
HYUNDAI,2025,SAHW7G1APRTH,Santa Fe 1.6t Preferred Hybrid W/trend Package Awd 7-Pass,,,
HYUNDAI,2025,SACW7N2DXR00,Santa Fe 2.5t Xrt Awd 7-Pass,,,
HYUNDAI,2025,SACW7N2DLU00,Santa Fe 2.5t Luxury Awd 7-Pass,,,
HYUNDAI,2025,SACW6N2DULBG,Santa Fe 2.5t Ultimate Calligraphy Awd 6-Pass,,,
HYUNDAI,2025,SACW6N2DULBH,Santa Fe 2.5t Ultimate Calligraphy Awd 6-Pass Beige,,,
HYUNDAI,2025,SZCP5N2DPR00,Santa Cruz 2.5t Preferred Awd,,,
HYUNDAI,2025,SZCP5N2DXR00,Santa Cruz 2.5t Xrt,,,
HYUNDAI,2025,SZCP5N2DUL00,Santa Cruz Ultimate Awd,,,
HYUNDAI,2025,SZCP5N2DUL95,Santa Cruz 2.5t Ultimate Awd With Colour Pack,,,
HYUNDAI,2025,PACW8K3DPR00,Palisade Preferred,,,
HYUNDAI,2025,PACW8K3DUR00,Palisade Urban 8 Passenger,,,
HYUNDAI,2025,PACW7K3DUR91,Palisade Urban 7 Passenger,,,
HYUNDAI,2025,PACW7K3DULC7,Palisade Ultimate Calligraphy,,,
HYUNDAI,2025,PACW7K3DULCB,Palisade Ultimate Calligraphy Beige Interior,,,
HYUNDAI,2025,PACW7K3DULCN,Palisade Calligraphy Night,,,
HYUNDAI,2025,I5EW5ZE4PRLR,Ioniq 5 Preferred Rwd Long Range,,,
HYUNDAI,2025,I5EW5ZE2PRLR,Ioniq 5 Preferred Awd Long Range,,,
HYUNDAI,2025,I5EW5ZE2PRUP,Ioniq 5 Preferred Awd Long Range W/ultimate Package,,,
HYUNDAI,2025,I5EW5ZE4PRPR,Ioniq 5 Preferred Rwd Standard Range,,,
HYUNDAI,2025,I6ES4ZE4PRLR,Ioniq 6 Preferred Rwd Long Range,,,
HYUNDAI,2025,I6ES4ZE2PRLR,Ioniq 6 Preferred Awd Long Range,,,
HYUNDAI,2025,I6ES4ZE2PRUP,Ioniq 6 Preferred Awd Long Range With Ultimate Package,,,
HYUNDAI,2025,I5EW5ZE3NN00,Ioniq 5 N,,,
HYUNDAI,2025,NXFW5ZH1PR00,Nexo Preferred Fwd,,,
HYUNDAI,2025,NXFW5ZH1UL00,Nexo Ultimate Fwd,,,
HYUNDAI,2024,ELCS4V2BES00,Elantra Essential Ivt,,,
HYUNDAI,2024,ELCS4V2BPR00,Elantra Preferred Ivt,,,
HYUNDAI,2024,ELCS4V2BPRTE,Elantra Preferred With Sun & Tech Package Ivt,,,
HYUNDAI,2024,ELCS4V2BLU00,Elantra Luxury Ivt,,,
HYUNDAI,2024,ELCS4V2BLUME,Elantra Luxury Ivt Two-Tone Interior,,,
HYUNDAI,2024,ELCS4U1ANLUL,Elantra N-Line Dct,,,
HYUNDAI,2024,ELHS4T1BLUHE,Elantra Hybrid Luxury,,,
HYUNDAI,2024,ELHS4T1BLUHM,Elantra Hybrid Luxury Two-Tone Interior,,,
HYUNDAI,2024,ELCS472ANN00,Elantra N Mt,,,
HYUNDAI,2024,ELCS4M2ANN00,Elantra N Dct,,,
HYUNDAI,2024,SOCS4J2EPRTR,Sonata Preferred-Trend Fwd,,,
HYUNDAI,2024,SOCS4K2EPRTR,Sonata Preferred-Trend Awd,,,
HYUNDAI,2024,SOCS4M2DNL00,Sonata N-Line,,,
HYUNDAI,2024,VNCW5V1FES00,Venue Essential,,,
HYUNDAI,2024,VNCW5V1FESTT,Venue Essential Two-Tone,,,
HYUNDAI,2024,VNCW5V1FPR00,Venue Preferred,,,
HYUNDAI,2024,VNCW5V1FPRTT,Venue Preferred Two-Tone,,,
HYUNDAI,2024,VNCW5V1FULCP,Venue Ultimate  Denim Interior,,,
HYUNDAI,2024,VNCW5V1FUL00,Venue Ultimate  Black Interior,,,
HYUNDAI,2024,KOCW5V2BES00,Kona 2.0l Essential Fwd,,,
HYUNDAI,2024,KOCW5Q2BES00,Kona 2.0l Essential Awd,,,
HYUNDAI,2024,KOCW5V2BPR00,Kona 2.0l Preferred Fwd,,,
HYUNDAI,2024,KOCW5Q2BPR00,Kona 2.0l Preferred Awd,,,
HYUNDAI,2024,KOCW5Q2BPRTR,Kona 2.0l Preferred Awd With Trend Package,,,
HYUNDAI,2024,KOCW5K1ANL00,Kona 1.6t N-Line Awd,,,
HYUNDAI,2024,KOCW5K1ANLTT,Kona 1.6t N-Line Awd With Two-Tone,,,
HYUNDAI,2024,KOCW5K1ANLUL,Kona 1.6t N-Line Ultimate Awd,,,
HYUNDAI,2024,KOCW5K1ANLBA,Kona 1.6t N-Line Ultimate Awd With Two-Tone,,,
HYUNDAI,2024,KEEW5ZE4PR00,Kona Electric Preferred,,,
HYUNDAI,2024,KEEW5ZE4UL00,Kona Electric Ultimate,,,
HYUNDAI,2024,KEEW5ZE4ULTT,Kona Electric Ultimate With Two-Tone Ext.,,,
HYUNDAI,2024,KEEW5ZE4ULBF,Kona Electric Ultimate With Sage-Green Int.,,,
HYUNDAI,2024,TUCWDK2EPR00,Tucson Preferred,,,
HYUNDAI,2024,TUCWDK2EPRTR,Tucson Trend,,,
HYUNDAI,2024,TUHWDG1ALUHE,Tucson Hybrid Luxury,,,
HYUNDAI,2024,TUHWDG1ANLHE,Tucson Hybrid N-Line,,,
HYUNDAI,2024,TUHWDG1AULHE,Tucson Hybrid Ultimate,,,
HYUNDAI,2024,TUPWDG1AULPH,Tucson Plug-In Ultimate,,,
HYUNDAI,2024,SAHW7G1APRHE,Santa Fe Hybrid 1.6t Preferred Awd 7-Pass,,,
HYUNDAI,2024,SAHW7G1APRTH,Santa Fe Hybrid 1.6t Preferred W/trend Package Awd 7-Pass,,,
HYUNDAI,2024,SAHW6G1AULCS,Santa Fe Hybrid 1.6t Ultimate Calligraphy 6p Special Edition Nhl,,,
HYUNDAI,2024,SACW7N2DXR00,Santa Fe 2.5t Xrt Awd 7-Pass,,,
HYUNDAI,2024,SACW7N2DLU00,Santa Fe 2.5t Luxury Awd 7-Pass,,,
HYUNDAI,2024,SACW6N2DULBG,Santa Fe 2.5t Ultimate Calligraphy Awd 6-Pass,,,
HYUNDAI,2024,SACW6N2DULBH,Santa Fe 2.5t Ultimate Calligraphy Awd 6-Pass Beige,,,
HYUNDAI,2024,SZCP5N2DPR00,Santa Cruz Preferred Rsab,,,
HYUNDAI,2024,SZCP5N2DPRTR,Santa Cruz Trend Rsab,,,
HYUNDAI,2024,SZCP5N2DUL00,Santa Cruz Ultimate Rsab,,,
HYUNDAI,2024,SZCP5N2DUL95,Santa Cruz Ultimate With Colour Package Rsab,,,
HYUNDAI,2024,SZCP5N2DPRBB,Santa Cruz Preferred Awd,,,
HYUNDAI,2024,SZCP5N2DPRBC,Santa Cruz Preferred Awd W/trend,,,
HYUNDAI,2024,SZCP5N2DULBB,Santa Cruz Ultimate Awd,,,
HYUNDAI,2024,SZCP5N2DULBD,Santa Cruz Ultimate Awd With Colour Pack,,,
HYUNDAI,2024,PACW8K3DPR00,Palisade Preferred Awd,,,
HYUNDAI,2024,PACW8K3DUR00,Palisade Urban Awd 8-Pass,,,
HYUNDAI,2024,PACW7K3DUR91,Palisade Urban Awd 7-Pass,,,
HYUNDAI,2024,PACW7K3DULC7,Palisade Ultimate Caligraphy Awd,,,
HYUNDAI,2024,PACW7K3DULCB,Palisade Ultimate Caligraphy Awd Beige Int.,,,
HYUNDAI,2024,I5EW5ZE4PRLR,Ioniq 5 Preferred Long Range,,,
HYUNDAI,2024,I5EW5ZE2PRLR,Ioniq 5 Preferred Awd Long Range,,,
HYUNDAI,2024,I5EW5ZE2PRLP,Ioniq 5 Preferred Awd Long Range With Luxury Package,,,
HYUNDAI,2024,I5EW5ZE2PRUP,Ioniq 5 Preferred Awd Long Range With Ultimate Package,,,
HYUNDAI,2024,I6ES4ZE4PRLR,Ioniq 6 Preferred Rwd Long Range,,,
HYUNDAI,2024,I6ES4ZE2PRLR,Ioniq 6 Preferred Awd Long Range,,,
HYUNDAI,2024,I6ES4ZE4PRUP,Ioniq 6 Preferred Rwd Long Range With Ultimate Package,,,
HYUNDAI,2024,I6ES4ZE2PRUP,Ioniq 6 Preferred Awd Long Range With Ultimate Package,,,
HYUNDAI,2024,NXFW5ZH1PR00,Nexo Preferred Fwd,,,
HYUNDAI,2024,NXFW5ZH1UL00,Nexo Ultimate Fwd,,,
HYUNDAI,2025,EL74IF20A100,Elantra Essential,,,
HYUNDAI,2025,EL74IF20A200,Elantra Preferred,,,
HYUNDAI,2025,EL74IF20A283,Elantra With Tech Package,,,
HYUNDAI,2025,EL74IF20A300,Elantra Luxury,,,
HYUNDAI,2025,EL74IF20A354,Elantra Luxury Two-Tone Interior,,,
HYUNDAI,2025,EL74DF16DO20,Elantra N-Line Ultimate,,,
HYUNDAI,2025,EL74DF16I3AA,Elantra Hybrid Luxury,,,
HYUNDAI,2025,EL74DF16I3AC,Elantra Hybrid Luxury Two-Tone Interior,,,
HYUNDAI,2025,EL74MF20DX39,Elantra N M/t,,,
HYUNDAI,2025,EL74DF20DX39,Elantra N Dct,,,
HYUNDAI,2025,SO84AF25B241,Sonata Preferred-Trend Fwd,,,
HYUNDAI,2025,SO84DF25DO00,Sonata Preferred-Trend Awd,,,
HYUNDAI,2025,SO84AA25B241,Sonata N-Line,,,
HYUNDAI,2025,VN1SIF16A100,Venue Essential,,,
HYUNDAI,2025,VN1SIF16A166,Venue Essential Two-Tone,,,
HYUNDAI,2025,VN1SIF16A200,Venue Preferred,,,
HYUNDAI,2025,VN1SIF16A266,Venue Preferred Two-Tone,,,
HYUNDAI,2025,VN1SIF16A489,Venue Ultimate  Denim Interior,,,
HYUNDAI,2025,VN1SIF16A400,Venue Ultimate  Black Interior,,,
HYUNDAI,2025,KO2SAF20A100,Kona 2.0l Essential Fwd,,,
HYUNDAI,2025,KO2SAA20A100,Kona 2.0l Essential Awd,,,
HYUNDAI,2025,KO2SAF20A200,Kona 2.0l Preferred Fwd,,,
HYUNDAI,2025,KO2SAA20A200,Kona 2.0l Preferred Awd,,,
HYUNDAI,2025,KO2SAA20A241,Kona 2.0l Preferred Awd With Trend Package,,,
HYUNDAI,2025,KO2SAA16D260,Kona 1.6t Preferred Sport Awd,,,
HYUNDAI,2025,KO2SAA16DO00,Kona 1.6t N-Line Awd,,,
HYUNDAI,2025,KO2SAA16DO66,Kona 1.6t N-Line Awd With Two-Tone,,,
HYUNDAI,2025,KO2SAA16DO20,Kona 1.6t N-Line Ultimate Awd,,,
HYUNDAI,2025,KO2SAA16DOBA,Kona 1.6t N-Line Ultimate Awd With Two-Tone,,,
HYUNDAI,2025,KE2SEFEME200,Kona Electric Preferred,,,
HYUNDAI,2025,KE2SEFEME241,Kona Electric Preferred With Trend Package,,,
HYUNDAI,2025,KE2SEFEME2AV,Kona Electric Preferred With Ultimate Package,,,
HYUNDAI,2025,KE2SEFEME2BM,Kona Electric Preferred With Ultimate Package Two-Tone,,,
HYUNDAI,2025,KE2SEFEME2BN,Kona Electric Preferred With Ultimate Package Green Interior,,,
HYUNDAI,2025,KE2SEFEME2BO,Kona Electric Preferred N-Line With Ultimate Pk,,,
HYUNDAI,2025,TU4SAA25B200,Tucson Preferred,,,
HYUNDAI,2025,TU4SAA25B241,Tucson Trend,,,
HYUNDAI,2025,TU4SAA25BN00,Tucson Xrt,,,
HYUNDAI,2025,TU4SAA16GOAA,Tucson Hybrid N-Line,,,
HYUNDAI,2025,TU4SAA16G4AA,Tucson Hybrid Ultimate,,,
HYUNDAI,2025,TU4SAA16J4AB,Tucson Plug-In Ultimate,,,
HYUNDAI,2025,SA5SAA16G2AA,Santa Fe 1.6t Preferred Hybrid Awd 7-Pass,,,
HYUNDAI,2025,SA5SAA16G2AD,Santa Fe 1.6t Preferred Hybrid W/trend Package Awd 7-Pass,,,
HYUNDAI,2025,SA5SDA25DN00,Santa Fe 2.5t Xrt Awd 7-Pass,,,
HYUNDAI,2025,SA5SDA25D300,Santa Fe 2.5t Luxury Awd 7-Pass,,,
HYUNDAI,2025,SA5SDA25D4BG,Santa Fe 2.5t Ultimate Calligraphy Awd 6-Pass,,,
HYUNDAI,2025,SA5SDA25D4BH,Santa Fe 2.5t Ultimate Calligraphy Awd 6-Pass Beige,,,
HYUNDAI,2025,SZ1SDA25D200,Santa Cruz 2.5t Preferred Awd,,,
HYUNDAI,2025,SZ1SDA25DN00,Santa Cruz 2.5t Xrt,,,
HYUNDAI,2025,SZ1SDA25D400,Santa Cruz Ultimate Awd,,,
HYUNDAI,2025,SZ1SDA25D495,Santa Cruz 2.5t Ultimate Awd With Colour Pack,,,
HYUNDAI,2025,PA1LAA38B200,Palisade Preferred,,,
HYUNDAI,2025,PA1LAA38BY00,Palisade Urban 8 Passenger,,,
HYUNDAI,2025,PA1LAA38BY91,Palisade Urban 7 Passenger,,,
HYUNDAI,2025,PA1LAA38B477,Palisade Ultimate Calligraphy,,,
HYUNDAI,2025,PA1LAA38B478,Palisade Ultimate Calligraphy Beige Interior,,,
HYUNDAI,2025,PA1LAA38B4BJ,Palisade Calligraphy Night,,,
HYUNDAI,2025,I51SEREME2AK,Ioniq 5 Preferred Rwd Long Range,,,
HYUNDAI,2025,I51SEAEME2AK,Ioniq 5 Preferred Awd Long Range,,,
HYUNDAI,2025,I51SEAEME2AV,Ioniq 5 Preferred Awd Long Range W/ultimate Package,,,
HYUNDAI,2025,I51SEREME242,Ioniq 5 Preferred Rwd Standard Range,,,
HYUNDAI,2025,I614EREME2AK,Ioniq 6 Preferred Rwd Long Range,,,
HYUNDAI,2025,I614EAEME2AK,Ioniq 6 Preferred Awd Long Range,,,
HYUNDAI,2025,I614EAEME2AV,Ioniq 6 Preferred Awd Long Range With Ultimate Package,,,
HYUNDAI,2025,I51SEAEMEX39,Ioniq 5 N,,,
HYUNDAI,2025,NX1SEFEMF200,Nexo Preferred Fwd,,,
HYUNDAI,2025,NX1SEFEMF400,Nexo Ultimate Fwd,,,
HYUNDAI,2024,EL74IF20A100,Elantra Essential Ivt,,,
HYUNDAI,2024,EL74IF20A200,Elantra Preferred Ivt,,,
HYUNDAI,2024,EL74IF20A283,Elantra Preferred With Sun & Tech Package Ivt,,,
HYUNDAI,2024,EL74IF20A300,Elantra Luxury Ivt,,,
HYUNDAI,2024,EL74IF20A354,Elantra Luxury Ivt Two-Tone Interior,,,
HYUNDAI,2024,EL74DF16DO20,Elantra N-Line Dct,,,
HYUNDAI,2024,EL74DF16I3AA,Elantra Hybrid Luxury,,,
HYUNDAI,2024,EL74DF16I3AC,Elantra Hybrid Luxury Two-Tone Interior,,,
HYUNDAI,2024,EL74MF20DX39,Elantra N Mt,,,
HYUNDAI,2024,EL74DF20DX39,Elantra N Dct,,,
HYUNDAI,2024,SO84AF25B241,Sonata Preferred-Trend Fwd,,,
HYUNDAI,2024,SO84AA25B241,Sonata Preferred-Trend Awd,,,
HYUNDAI,2024,SO84DF25DO00,Sonata N-Line,,,
HYUNDAI,2024,VN1SIF16A100,Venue Essential,,,
HYUNDAI,2024,VN1SIF16A166,Venue Essential Two-Tone,,,
HYUNDAI,2024,VN1SIF16A200,Venue Preferred,,,
HYUNDAI,2024,VN1SIF16A266,Venue Preferred Two-Tone,,,
HYUNDAI,2024,VN1SIF16A489,Venue Ultimate  Denim Interior,,,
HYUNDAI,2024,VN1SIF16A400,Venue Ultimate  Black Interior,,,
HYUNDAI,2024,KO2SAF20A100,Kona 2.0l Essential Fwd,,,
HYUNDAI,2024,KO2SAA20A100,Kona 2.0l Essential Awd,,,
HYUNDAI,2024,KO2SAF20A200,Kona 2.0l Preferred Fwd,,,
HYUNDAI,2024,KO2SAA20A200,Kona 2.0l Preferred Awd,,,
HYUNDAI,2024,KO2SAA20A241,Kona 2.0l Preferred Awd With Trend Package,,,
HYUNDAI,2024,KO2SDA16DO00,Kona 1.6t N-Line Awd,,,
HYUNDAI,2024,KO2SDA16DO66,Kona 1.6t N-Line Awd With Two-Tone,,,
HYUNDAI,2024,KO2SDA16DO20,Kona 1.6t N-Line Ultimate Awd,,,
HYUNDAI,2024,KO2SAA16DOBA,Kona 1.6t N-Line Ultimate Awd With Two-Tone,,,
HYUNDAI,2024,KE1SEFEME200,Kona Electric Preferred,,,
HYUNDAI,2024,KE1SEFEME400,Kona Electric Ultimate,,,
HYUNDAI,2024,KE2SEFEME466,Kona Electric Ultimate With Two-Tone Ext.,,,
HYUNDAI,2024,KE2SEFEME4BF,Kona Electric Ultimate With Sage-Green Int.,,,
HYUNDAI,2024,TU4SAA25B200,Tucson Preferred,,,
HYUNDAI,2024,TU4SAA25B241,Tucson Trend,,,
HYUNDAI,2024,TU4SAA16G3AA,Tucson Hybrid Luxury,,,
HYUNDAI,2024,TU4SAA16GOAA,Tucson Hybrid N-Line,,,
HYUNDAI,2024,TU4SAA16G4AA,Tucson Hybrid Ultimate,,,
HYUNDAI,2024,TU4SAA16J4AB,Tucson Plug-In Ultimate,,,
HYUNDAI,2024,SA5SAA16G2AA,Santa Fe Hybrid 1.6t Preferred Awd 7-Pass,,,
HYUNDAI,2024,SA5SAA16G2AD,Santa Fe Hybrid 1.6t Preferred W/trend Package Awd 7-Pass,,,
HYUNDAI,2024,SA5SAA16G4BI,Santa Fe Hybrid 1.6t Ultimate Calligraphy 6p Special Edition Nhl,,,
HYUNDAI,2024,SA5SDA25DN00,Santa Fe 2.5t Xrt Awd 7-Pass,,,
HYUNDAI,2024,SA5SDA25D300,Santa Fe 2.5t Luxury Awd 7-Pass,,,
HYUNDAI,2024,SA5SDA25D4BG,Santa Fe 2.5t Ultimate Calligraphy Awd 6-Pass,,,
HYUNDAI,2024,SA5SDA25D4BH,Santa Fe 2.5t Ultimate Calligraphy Awd 6-Pass Beige,,,
HYUNDAI,2024,SZ1SDA25D200,Santa Cruz Preferred Rsab,,,
HYUNDAI,2024,SZ1SDA25D241,Santa Cruz Trend Rsab,,,
HYUNDAI,2024,SZ1SDA25D400,Santa Cruz Ultimate Rsab,,,
HYUNDAI,2024,SZ1SDA25D495,Santa Cruz Ultimate With Colour Package Rsab,,,
HYUNDAI,2024,SZ1SDA25D2BB,Santa Cruz Preferred Awd,,,
HYUNDAI,2024,SZ1SDA25D2BC,Santa Cruz Preferred Awd W/trend,,,
HYUNDAI,2024,SZ1SDA25D4BB,Santa Cruz Ultimate Awd,,,
HYUNDAI,2024,SZ1SDA25D4BD,Santa Cruz Ultimate Awd With Colour Pack,,,
HYUNDAI,2024,PA1LAA38B200,Palisade Preferred Awd,,,
HYUNDAI,2024,PA1LAA38BY00,Palisade Urban Awd 8-Pass,,,
HYUNDAI,2024,PA1LAA38BY91,Palisade Urban Awd 7-Pass,,,
HYUNDAI,2024,PA1LAA38B477,Palisade Ultimate Caligraphy Awd,,,
HYUNDAI,2024,PA1LAA38B478,Palisade Ultimate Caligraphy Awd Beige Int.,,,
HYUNDAI,2024,I51SEREME2AK,Ioniq 5 Preferred Long Range,,,
HYUNDAI,2024,I51SEAEME2AK,Ioniq 5 Preferred Awd Long Range,,,
HYUNDAI,2024,I51SEAEME2AZ,Ioniq 5 Preferred Awd Long Range With Luxury Package,,,
HYUNDAI,2024,I51SEAEME2AV,Ioniq 5 Preferred Awd Long Range With Ultimate Package,,,
HYUNDAI,2024,I614EREME2AK,Ioniq 6 Preferred Rwd Long Range,,,
HYUNDAI,2024,I614EAEME2AK,Ioniq 6 Preferred Awd Long Range,,,
HYUNDAI,2024,I614EREME2AV,Ioniq 6 Preferred Rwd Long Range With Ultimate Package,,,
HYUNDAI,2024,I614EAEME2AV,Ioniq 6 Preferred Awd Long Range With Ultimate Package,,,
HYUNDAI,2024,NX1SEFEMF200,Nexo Preferred Fwd,,,
HYUNDAI,2024,NX1SEFEMF400,Nexo Ultimate Fwd,,,
HYUNDAI,2020,AC55MF16A100,Accent 5 Door Essential Manual,,,
HYUNDAI,2020,AC55IF16A193,Accent 5 Door Essential W/comfort Package Ivt,,,
HYUNDAI,2020,AC55MF16A200,Accent 5 Door Preferred Manual,,,
HYUNDAI,2020,AC55IF16A200,Accent 5 Door Preferred Ivt,,,
HYUNDAI,2020,AC55IF16A400,Accent 5 Door Ultimate Ivt,,,
HYUNDAI,2020,EL64MF20A100,Elantra Essential Manual,,,
HYUNDAI,2020,EL64IF20A100,Elantra Essential Ivt,,,
HYUNDAI,2020,EL64IF20A200,Elantra Preferred Ivt,,,
HYUNDAI,2020,EL64IF20A265,Elantra Preferred W/sun & Safety Package Ivt,,,
HYUNDAI,2020,EL64IF20A300,Elantra Luxury Ivt,,,
HYUNDAI,2020,EL64IF20A400,Elantra Ultimate Ivt,,,
HYUNDAI,2020,EL64MF16DS00,Elantra Sport Manual,,,
HYUNDAI,2020,EL64DF16DS00,Elantra Sport Dct,,,
HYUNDAI,2020,EG35MF20B200,Elantra Gt Preferred Manual,,,
HYUNDAI,2020,EG35AF20B200,Elantra Gt Preferred Auto,,,
HYUNDAI,2020,EG35AF20B300,Elantra Gt Luxury Auto,,,
HYUNDAI,2020,EG35MF16DO00,Elantra Gt N-Line Manual,,,
HYUNDAI,2020,EG35DF16DO20,Elantra Gt N-Line Ultimate Dct,,,
HYUNDAI,2020,EG35DF16DO00,Elantra Gt N-Line Dct,,,
HYUNDAI,2020,IO15EFEME800,Ioniq Electric Preferred Hatchback,,,
HYUNDAI,2020,IO15EFEME900,Ioniq Electric Ultimate Hatchback,,,
HYUNDAI,2020,IO15DF16I100,Ioniq Hybrid Essential Hatchback,,,
HYUNDAI,2020,IO15DF16I200,Ioniq Hybrid Preferred Hatchback,,,
HYUNDAI,2020,IO15DF16I400,Ioniq Hybrid Ultimate Hatchback,,,
HYUNDAI,2020,KO1SAF20B100,Kona 2.0l Essential Fwd,,,
HYUNDAI,2020,KO1SAF20B200,Kona 2.0l Preferred Fwd,,,
HYUNDAI,2020,KO1SAA20B100,Kona 2.0l Essential Awd,,,
HYUNDAI,2020,KO1SAA20B200,Kona 2.0l Preferred Awd,,,
HYUNDAI,2020,KO1SAA20B300,Kona 2.0l Luxury Awd,,,
HYUNDAI,2020,KO1SDA16D241,Kona 1.6t Trend Awd,,,
HYUNDAI,2020,KO1SDA16D287,Kona 1.6t Trend Awd W/two-Tone Roof,,,
HYUNDAI,2020,KO1SDA16D400,Kona 1.6t Ultimate Awd,,,
HYUNDAI,2020,KO1SDA16D495,Kona 1.6t Ultimate Awd W/lime Colour Pack,,,
HYUNDAI,2020,KO1SDA16D489,Kona 1.6t Ultimate Awd W/red Colour Pack,,,
HYUNDAI,2020,KO1SDA16D474,Kona 1.6t Ultimate Awd W/orange Colour Pack,,,
HYUNDAI,2020,KE1SEFEME200,Kona Electric Preferred Fwd,,,
HYUNDAI,2020,KE1SEFEME266,Kona Electric Preferred W/two-Tone Roof Fwd,,,
HYUNDAI,2020,KE1SEFEME400,Kona Electric Ultimate Fwd,,,
HYUNDAI,2020,KE1SEFEMEX51,Kona Electric Essential Fwd,,,
HYUNDAI,2020,NX1SEFEMF400,Nexo Ultimate Fwd,,,
HYUNDAI,2020,PA1LAF38B100,Palisade Essential 8-Passenger Fwd,,,
HYUNDAI,2020,PA1LAA38B100,Palisade Essential 8-Passenger Awd,,,
HYUNDAI,2020,PA1LAA38B200,Palisade Preferred 8-Passenger Awd,,,
HYUNDAI,2020,PA1LAA38B300,Palisade Luxury 7-Passenger Awd,,,
HYUNDAI,2020,PA1LAA38B391,Palisade Ultimate 7-Passenger Awd,,,
HYUNDAI,2020,PA1LAA38B449,Palisade Ultimate 7-Passenger Cp Awd,,,
HYUNDAI,2020,SA4SAF24B100,Santa Fe 2.4l Essential Fwd,,,
HYUNDAI,2020,SA4SAF24B500,Santa Fe 2.4l Essential Fwd W/safety Package,,,
HYUNDAI,2020,SA4SAA24B500,Santa Fe 2.4l Essential Awd W/safety Package,,,
HYUNDAI,2020,SA4SAA24B200,Santa Fe 2.4l Preferred Awd,,,
HYUNDAI,2020,SA4SAA24B268,Santa Fe 2.4l Preferred Awd W/sun/leather Package,,,
HYUNDAI,2020,SA4SAA20DV68,Santa Fe 2.0t Preferred Awd W/sun/leather Package,,,
HYUNDAI,2020,SA4SAA20D300,Santa Fe 2.0t Luxury Awd,,,
HYUNDAI,2020,SA4SAA20D400,Santa Fe 2.0t Ultimate Awd,,,
HYUNDAI,2020,SO84AF25B200,Sonata 2.5l Preferred,,,
HYUNDAI,2020,SO84AF16D300,Sonata 1.6t Luxury,,,
HYUNDAI,2020,SO84AF16D400,Sonata 1.6t Ultimate,,,
HYUNDAI,2020,SO84AF16DS00,Sonata 1.6t Sport,,,
HYUNDAI,2020,SH84AF20I400,Sonata Hybrid Ultimate Sedan,,,
HYUNDAI,2020,TU3SAF20B100,Tucson Essential Fwd,,,
HYUNDAI,2020,TU3SAF20B200,Tucson Preferred Fwd,,,
HYUNDAI,2020,TU3SAA20B100,Tucson Essential Awd,,,
HYUNDAI,2020,TU3SAA20B200,Tucson Preferred Awd,,,
HYUNDAI,2020,TU3SAA24B241,Tucson Preferred Awd W/trend Package,,,
HYUNDAI,2020,TU3SAA24B300,Tucson Luxury Awd,,,
HYUNDAI,2020,TU3SAA24B400,Tucson Ultimate Awd,,,
HYUNDAI,2020,TU3SAA20B268,Tucson Preferred Awd W/sun & Leather Package,,,
HYUNDAI,2020,TU3SAA24BX43,Tucson Urban Edition Awd,,,
HYUNDAI,2020,VE23MF16DG00,Veloster Turbo Manual,,,
HYUNDAI,2020,VE23AF20A200,Veloster Preferred Auto,,,
HYUNDAI,2020,VE23AF20A300,Veloster Luxury Auto,,,
HYUNDAI,2020,VE23MF16DG66,Veloster Turbo Manual W/two-Tone Paint,,,
HYUNDAI,2020,VE23MF16DG56,Veloster Turbo Manual W/sandstorm Leather,,,
HYUNDAI,2020,VE23DF16DG00,Veloster Turbo Dct,,,
HYUNDAI,2020,VE23DF16DG66,Veloster Turbo Dct W/two-Tone Paint,,,
HYUNDAI,2020,VE23DF16DG56,Veloster Turbo Dct W/sandstorm Leather,,,
HYUNDAI,2020,VE23MF20DX39,Veloster N Manual,,,
HYUNDAI,2020,VN1SMF16AX40,Venue Essential Manual,,,
HYUNDAI,2020,VN1SIF16AX40,Venue Essential Ivt,,,
HYUNDAI,2020,VN1SIF16AX42,Venue Preferred Ivt,,,
HYUNDAI,2020,VN1SIF16AX41,Venue Trend Ivt,,,
HYUNDAI,2020,VN1SIF16AD85,Venue Trend W/urban Pkg/black Interior Ivt,,,
HYUNDAI,2020,VN1SIF16AD89,Venue Trend W/urban Pkg/denim Interior Ivt,,,
HYUNDAI,2020,VN1SIF16AD74,Venue Trend W/urban Pkg/grey-Lime Interior Ivt,,,
HYUNDAI,2020,VN1SIF16A485,Venue Ultimate W/black Interior Ivt,,,
HYUNDAI,2020,VN1SIF16A489,Venue Ultimate W/denim Interior Ivt,,,
HYUNDAI,2020,VN1SIF16A474,Venue Ultimate W/grey-Lime Interior Ivt,,,
HYUNDAI,2021,EL74MF20A100,Elantra Essential Manual,,,
HYUNDAI,2021,EL74IF20A100,Elantra Essential Ivt,,,
HYUNDAI,2021,EL74IF20A200,Elantra Preferred Ivt,,,
HYUNDAI,2021,EL74IF20A283,Elantra Preferred W/sun & Safety Package Ivt,,,
HYUNDAI,2021,EL74IF20A400,Elantra Ultimate Ivt,,,
HYUNDAI,2021,EL74IF20A454,Elantra Ultimate Ivt W/two-Tone Interior,,,
HYUNDAI,2021,EL74IF20A483,Elantra Ultimate Tech Ivt,,,
HYUNDAI,2021,EL74IF20A479,Elantra Ultimate Tech Ivt W/two-Tone Interior,,,
HYUNDAI,2021,EL74DF16DO00,Elantra N-Line Dct,,,
HYUNDAI,2021,EL74DF16I200,Elantra Hybrid Preferred Dct *ltd Avail*,,,
HYUNDAI,2021,EL74DF16I400,Elantra Hybrid Ultimate Dct *ltd Avail*,,,
HYUNDAI,2021,EL74DF16I2AA,Elantra Hybrid Preferred Dct,,,
HYUNDAI,2021,EL74DF16I4AA,Elantra Hybrid Ultimate Dct,,,
HYUNDAI,2021,EL74DF16I4AC,Elantra Hybrid Ultimate Dct W/two-Tone Interior,,,
HYUNDAI,2021,IO15EFEME800,Ioniq Electric Preferred Hatchback,,,
HYUNDAI,2021,IO15EFEME900,Ioniq Electric Ultimate Hatchback,,,
HYUNDAI,2021,IO15DF16I100,Ioniq Hybrid Essential Hatchback,,,
HYUNDAI,2021,IO15DF16I200,Ioniq Hybrid Preferred Hatchback,,,
HYUNDAI,2021,IO15DF16I400,Ioniq Hybrid Ultimate Hatchback,,,
HYUNDAI,2021,IO15DF16P600,Ioniq Plug-In Hybrid Preferred Hatchback,,,
HYUNDAI,2021,IO15DF16P700,Ioniq Plug-In Hybrid Ultimate Hatchback,,,
HYUNDAI,2021,IO15DF16PX52,Ioniq Plug-In Hybrid Essential Hatchback,,,
HYUNDAI,2021,KO1SAF20B100,Kona 2.0l Essential Fwd,,,
HYUNDAI,2021,KO1SAF20B200,Kona 2.0l Preferred Fwd,,,
HYUNDAI,2021,KO1SAA20B100,Kona 2.0l Essential Awd,,,
HYUNDAI,2021,KO1SAA20B200,Kona 2.0l Preferred Awd,,,
HYUNDAI,2021,KO1SAA20B300,Kona 2.0l Luxury Awd,,,
HYUNDAI,2021,KO1SDA16D241,Kona 1.6t Trend Awd,,,
HYUNDAI,2021,KO1SDA16D287,Kona 1.6t Trend Awd W/two-Tone Roof,,,
HYUNDAI,2021,KO1SDA16D400,Kona 1.6t Ultimate Awd,,,
HYUNDAI,2021,KO1SDA16D489,Kona 1.6t Ultimate Awd W/red Colour Pack,,,
HYUNDAI,2021,KO1SDA16DX76,Kona 1.6t Urban Edition,,,
HYUNDAI,2021,KO1SDA16DX43,Kona 1.6t Limited Edition Awd,,,
HYUNDAI,2021,KE1SEFEMEX51,Kona Electric Essential Fwd,,,
HYUNDAI,2021,KE1SEFEME200,Kona Electric Preferred Fwd,,,
HYUNDAI,2021,KE1SEFEME266,Kona Electric Preferred W/two-Tone Roof Fwd,,,
HYUNDAI,2021,KE1SEFEME400,Kona Electric Ultimate Fwd,,,
HYUNDAI,2021,NX1SEFEMF400,Nexo Ultimate Fwd,,,
HYUNDAI,2021,NX1SEFEMF200,Nexo Preferred Fwd,,,
HYUNDAI,2021,PA1LAF38B100,Palisade Essential 8-Passenger Fwd,,,
HYUNDAI,2021,PA1LAA38B100,Palisade Essential 8-Passenger Awd,,,
HYUNDAI,2021,PA1LAA38B200,Palisade Preferred 8-Passenger Awd,,,
HYUNDAI,2021,PA1LAA38B300,Palisade Luxury 8-Passenger Awd,,,
HYUNDAI,2021,PA1LAA38B391,Palisade Luxury 7-Passenger Awd,,,
HYUNDAI,2021,PA1LAA38B477,Palisade Ultimate Calligraphy 7-Passenger Awd,,,
HYUNDAI,2021,PA1LAA38B478,Palisade Ultimate Calligraphy W/beige 7-Passenger Awd,,,
HYUNDAI,2021,SA4SAF25B100,Santa Fe Essential Fwd,,,
HYUNDAI,2021,SA4SAA25B100,Santa Fe Essential Awd,,,
HYUNDAI,2021,SA4SAA25B200,Santa Fe Preferred Awd,,,
HYUNDAI,2021,SA4SAA25B241,Santa Fe Preferred Awd W/trend Package,,,
HYUNDAI,2021,SA4SAA25D469,Santa Fe Ultimate Calligraphy Awd,,,
HYUNDAI,2021,SA4SAA16G2AD,Santa Fe Hybrid Preferred Awd W/trend Package,,,
HYUNDAI,2021,SA4SAA16G3AA,Santa Fe Hybrid Luxury Awd,,,
HYUNDAI,2021,SO84AF25B200,Sonata 2.5l Preferred,,,
HYUNDAI,2021,SO84AF16D300,Sonata 1.6t Luxury,,,
HYUNDAI,2021,SO84AF16D400,Sonata 1.6t Ultimate,,,
HYUNDAI,2021,SO84AF16DS00,Sonata 1.6t Sport,,,
HYUNDAI,2021,SO84DF25DO00,Sonata 2.5t N-Line,,,
HYUNDAI,2021,SH84AF20I400,Sonata Hybrid Ultimate Sedan,,,
HYUNDAI,2021,TU3SAF20B100,Tucson Essential Fwd,,,
HYUNDAI,2021,TU3SAF20B200,Tucson Preferred Fwd,,,
HYUNDAI,2021,TU3SAA20B100,Tucson Essential Awd,,,
HYUNDAI,2021,TU3SAA20B200,Tucson Preferred Awd,,,
HYUNDAI,2021,TU3SAA24B241,Tucson Preferred Awd W/trend Package,,,
HYUNDAI,2021,TU3SAA24B300,Tucson Luxury Awd,,,
HYUNDAI,2021,TU3SAA24B400,Tucson Ultimate Awd,,,
HYUNDAI,2021,TU3SAA20B268,Tucson Preferred Awd W/sun & Leather Package,,,
HYUNDAI,2021,TU3SAA24BX76,Tucson Urban Edition Awd,,,
HYUNDAI,2021,VE23MF20DX39,Veloster N Manual,,,
HYUNDAI,2021,VE23DF20DX39,Veloster N Dct,,,
HYUNDAI,2021,VN1SMF16AX40,Venue Essential Manual,,,
HYUNDAI,2021,VN1SIF16AX40,Venue Essential Ivt,,,
HYUNDAI,2021,VN1SIF16AX42,Venue Preferred Ivt,,,
HYUNDAI,2021,VN1SIF16AX41,Venue Trend Ivt,,,
HYUNDAI,2021,VN1SIF16AY85,Venue Trend Ivt W/urban Pkg/black Interior,,,
HYUNDAI,2021,VN1SIF16AY89,Venue Trend Ivt W/urban Pkg/denim Interior,,,
HYUNDAI,2021,VN1SIF16AY74,Venue Trend Ivt W/urban Pkg/grey-Lime Interior,,,
HYUNDAI,2021,VN1SIF16A485,Venue Ultimate Ivt W/black Interior,,,
HYUNDAI,2021,VN1SIF16A489,Venue Ultimate Ivt W/denim Interior,,,
HYUNDAI,2021,VN1SIF16A474,Venue Ultimate Ivt W/grey-Lime Interior,,,
HYUNDAI,2021,VN1SIF16A166,Venue Essential Ivt W/two-Tone,,,
HYUNDAI,2021,VN1SIF16A266,Venue Preferred Ivt W/two-Tone,,,
HYUNDAI,2022,EL74MF20A100,Elantra Essential Manual,,,
HYUNDAI,2022,EL74IF20A100,Elantra Essential Ivt,,,
HYUNDAI,2022,EL74IF20A200,Elantra Preferred Ivt,,,
HYUNDAI,2022,EL74IF20A283,Elantra Preferred W/sun & Safety Package Ivt,,,
HYUNDAI,2022,EL74IF20A400,Elantra Ultimate Ivt,,,
HYUNDAI,2022,EL74IF20A454,Elantra Ultimate Ivt W/two-Tone Interior,,,
HYUNDAI,2022,EL74IF20A483,Elantra Ultimate Tech Ivt,,,
HYUNDAI,2022,EL74IF20A479,Elantra Ultimate Tech Ivt W/two-Tone Interior,,,
HYUNDAI,2022,EL74DF16DO00,Elantra N-Line Dct,,,
HYUNDAI,2022,EL74DF16I2AA,Elantra Hybrid Preferred Dct,,,
HYUNDAI,2022,EL74DF16I4AA,Elantra Hybrid Ultimate Dct,,,
HYUNDAI,2022,EL74DF16I4AC,Elantra Hybrid Ultimate Dct W/two-Tone Interior,,,
HYUNDAI,2022,EL74MF20DX39,Elantra N Manual,,,
HYUNDAI,2022,EL74DF20DX39,Elantra N Dct,,,
HYUNDAI,2022,I51SEREME100,Ioniq 5 Essential Rwd,,,
HYUNDAI,2022,I51SEREME200,Ioniq 5 Preferred Rwd,,,
HYUNDAI,2022,I51SEREME2AK,Ioniq 5 Preferred Rwd Long Range,,,
HYUNDAI,2022,I51SEAEME2AK,Ioniq 5 Preferred Awd Long Range,,,
HYUNDAI,2022,I51SEAEME400,Ioniq 5 Preferred Awd Long Range Ultimate Package *ltd Avail*,,,
HYUNDAI,2022,I51SEAEME2AV,Ioniq 5 Preferred Awd Long Range Ultimate Package,,,
HYUNDAI,2022,IO15DF16I100,Ioniq Hybrid Essential Hatchback,,,
HYUNDAI,2022,IO15DF16I200,Ioniq Hybrid Preferred Hatchback,,,
HYUNDAI,2022,IO15DF16I400,Ioniq Hybrid Ultimate Hatchback,,,
HYUNDAI,2022,IO15DF16PX52,Ioniq Plug-In Hybrid Essential Hatchback,,,
HYUNDAI,2022,IO15DF16P600,Ioniq Plug-In Hybrid Preferred Hatchback,,,
HYUNDAI,2022,IO15DF16P700,Ioniq Plug-In Hybrid Ultimate Hatchback,,,
HYUNDAI,2022,KO1SAF20A100,Kona 2.0l Essential Fwd,,,
HYUNDAI,2022,KO1SAF20A200,Kona 2.0l Preferred Fwd,,,
HYUNDAI,2022,KO1SAA20A100,Kona 2.0l Essential Awd,,,
HYUNDAI,2022,KO1SAA20A200,Kona 2.0l Preferred Awd,,,
HYUNDAI,2022,KO1SAA20A268,Kona 2.0l Preferred Awd W/sun & Leather Package,,,
HYUNDAI,2022,KO1SDA16DO00,Kona 1.6t N-Line Awd,,,
HYUNDAI,2022,KO1SDA16DO66,Kona 1.6t N-Line Awd W/two-Tone Roof,,,
HYUNDAI,2022,KO1SDA16DO20,Kona 1.6t N-Line Awd W/ultimate Package,,,
HYUNDAI,2022,KO1SAF20A1AL,Kona 2.0l Essential Value Edition Fwd,,,
HYUNDAI,2022,KO1SAF20A235,Kona 2.0l Preferred Special Edition Fwd,,,
HYUNDAI,2022,KO1SAA20A1AL,Kona 2.0l Essential Value Edition Awd,,,
HYUNDAI,2022,KO1SAA20A235,Kona 2.0l Preferred Special Edition Awd,,,
HYUNDAI,2022,KO1SAF20AW00,Kona 2.0l Le Fwd,,,
HYUNDAI,2022,KO1SAF20AWAU,Kona 2.0l Le Plus Fwd,,,
HYUNDAI,2022,KO1SDF16DWAT,Kona 1.6t Le N-Line Fwd,,,
HYUNDAI,2022,KO1SAA20AW00,Kona 2.0l Le Awd,,,
HYUNDAI,2022,KO1SAA20AWAU,Kona 2.0l Le Plus Awd,,,
HYUNDAI,2022,KO1SDA16DWAT,Kona 1.6t Le N-Line Awd,,,
HYUNDAI,2022,KE1SEFEME200,Kona Electric Preferred Fwd,,,
HYUNDAI,2022,KE1SEFEME266,Kona Electric Preferred Fwd W/two-Tone Roof,,,
HYUNDAI,2022,KE1SEFEME400,Kona Electric Ultimate Fwd,,,
HYUNDAI,2022,KO1SDF20DX39,Kona N 2.0t Fwd,,,
HYUNDAI,2022,PA1LAA38B100,Palisade Essential 8-Passenger Awd,,,
HYUNDAI,2022,PA1LAA38B200,Palisade Preferred 8-Passenger Awd,,,
HYUNDAI,2022,PA1LAA38B300,Palisade Luxury 8-Passenger Awd,,,
HYUNDAI,2022,PA1LAA38B391,Palisade Luxury 7-Passenger Awd,,,
HYUNDAI,2022,PA1LAA38B477,Palisade Ultimate Calligraphy 7-Passenger Awd,,,
HYUNDAI,2022,PA1LAA38B478,Palisade Ultimate Calligraphy W/beige 7-Passenger Awd,,,
HYUNDAI,2022,SZ1SDA25D200,Santa Cruz Preferred Awd,,,
HYUNDAI,2022,SZ1SDA25D241,Santa Cruz Preferred Awd W/trend Package,,,
HYUNDAI,2022,SZ1SDA25D400,Santa Cruz Ultimate Awd,,,
HYUNDAI,2022,SZ1SDA25D495,Santa Cruz Ultimate Awd W/colour Package,,,
HYUNDAI,2022,SA4SAA25B100,Santa Fe Essential Awd,,,
HYUNDAI,2022,SA4SAA25B200,Santa Fe Preferred Awd,,,
HYUNDAI,2022,SA4SAA25B241,Santa Fe Preferred Awd W/trend Package,,,
HYUNDAI,2022,SA4SAA25D469,Santa Fe Ultimate Calligraphy Awd,,,
HYUNDAI,2022,SA4SAA25DX43,Santa Fe Urban Awd,,,
HYUNDAI,2022,SA4SAA16G2AD,Santa Fe Hybrid Preferred Awd W/trend Package,,,
HYUNDAI,2022,SA4SAA16G3AA,Santa Fe Hybrid Luxury Awd,,,
HYUNDAI,2022,SA4SAA16J2AB,Santa Fe Plug-In Hybrid Preferred Awd,,,
HYUNDAI,2022,SA4SAA16J3AB,Santa Fe Plug-In Hybrid Luxury Awd,,,
HYUNDAI,2022,SO84AF25B200,Sonata 2.5l Preferred,,,
HYUNDAI,2022,SO84AF16DS00,Sonata 1.6t Sport,,,
HYUNDAI,2022,SO84AF16D300,Sonata 1.6t Luxury,,,
HYUNDAI,2022,SO84DF25DO00,Sonata 2.5t N-Line,,,
HYUNDAI,2022,SH84AF20I4AI,Sonata Hybrid Ultimate Sedan,,,
HYUNDAI,2022,SH84AF20I4AJ,Sonata Hybrid Ultimate Sedan W/solar Roof,,,
HYUNDAI,2022,TU4SAF25B100,Tucson Essential Fwd,,,
HYUNDAI,2022,TU4SAF25B200,Tucson Preferred Fwd,,,
HYUNDAI,2022,TU4SAA25B100,Tucson Essential Awd,,,
HYUNDAI,2022,TU4SAA25B200,Tucson Preferred Awd,,,
HYUNDAI,2022,TU4SAA25B241,Tucson Preferred Awd W/trend Package,,,
HYUNDAI,2022,TU4SAA25BO00,Tucson N-Line Awd,,,
HYUNDAI,2022,TU4SAA25BY76,Tucson Urban Edition Awd,,,
HYUNDAI,2022,VE23MF20DX39,Veloster N Manual,,,
HYUNDAI,2022,VE23DF20DX39,Veloster N Dct,,,
HYUNDAI,2022,VN1SMF16AX40,Venue Essential Manual,,,
HYUNDAI,2022,VN1SIF16AX40,Venue Essential Ivt,,,
HYUNDAI,2022,VN1SIF16A166,Venue Essential Ivt W/two-Tone,,,
HYUNDAI,2022,VN1SIF16AX42,Venue Preferred Ivt,,,
HYUNDAI,2022,VN1SIF16A266,Venue Preferred Ivt W/two-Tone,,,
HYUNDAI,2022,VN1SIF16AX41,Venue Trend Ivt,,,
HYUNDAI,2022,VN1SIF16A485,Venue Ultimate Ivt W/black Interior,,,
HYUNDAI,2022,VN1SIF16A489,Venue Ultimate Ivt W/denim Interior,,,
HYUNDAI,2022,VN1SIF16AY85,Venue Urban Ivt W/black Interior,,,
HYUNDAI,2022,VN1SIF16AY89,Venue Urban Ivt W/denim Interior,,,
HYUNDAI,2023,EL74IF20A100,Elantra Essential Ivt,,,
HYUNDAI,2023,EL74IF20A200,Elantra Preferred Ivt,,,
HYUNDAI,2023,EL74IF20A283,Elantra Preferred With Sun & Tech Package Ivt,,,
HYUNDAI,2023,EL74IF20A300,Elantra Luxury Ivt,,,
HYUNDAI,2023,EL74IF20A354,Elantra Luxury Ivt Two-Tone Int.,,,
HYUNDAI,2023,EL74DF16DO20,Elantra N-Line Dct,,,
HYUNDAI,2023,EL74DF16I3AA,Elantra Hybrid Luxury,,,
HYUNDAI,2023,EL74DF16I3AC,Elantra Hybrid Luxury Two-Tone Int.,,,
HYUNDAI,2023,EL74MF20DX39,Elantra N M/t,,,
HYUNDAI,2023,EL74DF20DX39,Elantra N Dct,,,
HYUNDAI,2023,SO84AF25B200,Sonata Preferred,,,
HYUNDAI,2023,SO84AF16DS00,Sonata Preferred Sport,,,
HYUNDAI,2023,SO84DF25DO00,Sonata N-Line,,,
HYUNDAI,2023,SH84AF20I4AA,Sonata Hybrid Ultimate,,,
HYUNDAI,2023,I614EREME2AK,Ioniq 6 Preferred Rwd Long Range,,,
HYUNDAI,2023,I614EAEME2AK,Ioniq 6 Preferred Awd Long Range,,,
HYUNDAI,2023,I614EAEME2AV,Ioniq 6 Ultimate Awd Long Range,,,
HYUNDAI,2023,VN1SIF16A100,Venue Essential Ivt,,,
HYUNDAI,2023,VN1SIF16A166,Venue Essential Ivt Two-Tone,,,
HYUNDAI,2023,VN1SIF16A200,Venue Preferred Ivt,,,
HYUNDAI,2023,VN1SIF16A266,Venue Preferred Ivt Two-Tone,,,
HYUNDAI,2023,VN1SIF16A400,Venue Ultimate Ivt Black,,,
HYUNDAI,2023,VN1SIF16A489,Venue Ultimate Ivt Denim,,,
HYUNDAI,2023,KO1SAF20A100,Kona Essential Fwd,,,
HYUNDAI,2023,KO1SAA20A100,Kona Essential Awd,,,
HYUNDAI,2023,KO1SAF20A200,Kona Preferred Fwd,,,
HYUNDAI,2023,KO1SAA20A200,Kona Preferred Awd,,,
HYUNDAI,2023,KO1SAA20A268,Kona Preferred With Sun And Leather Package,,,
HYUNDAI,2023,KO1SDA16DO00,Kona N-Line,,,
HYUNDAI,2023,KO1SDA16DO66,Kona N-Line W/two-Tone,,,
HYUNDAI,2023,KO1SDA16DO20,Kona N-Line Ultimate Package,,,
HYUNDAI,2023,KE1SEFEME200,Kona Electric Preferred,,,
HYUNDAI,2023,KE1SEFEME266,Kona Electric Preferred Two-Tone,,,
HYUNDAI,2023,KE1SEFEME400,Kona Electric Ultimate,,,
HYUNDAI,2023,KO1SDF20DX39,Kona N Dct,,,
HYUNDAI,2023,I51SEREME200,Ioniq 5 Preferred,,,
HYUNDAI,2023,I51SEREME2AK,Ioniq 5 Preferred Long Range,,,
HYUNDAI,2023,I51SEAEME2AK,Ioniq 5 Preferred Awd Long Range,,,
HYUNDAI,2023,I51SEAEME2AZ,Ioniq 5 Preferred Awd Long Range With Luxury Package,,,
HYUNDAI,2023,I51SEAEME2AV,Ioniq 5 Preferred Awd Long Range With Ultimate Package,,,
HYUNDAI,2023,TU4SAF25B100,Tucson Essential Fwd,,,
HYUNDAI,2023,TU4SAA25B100,Tucson Essential Awd,,,
HYUNDAI,2023,TU4SAF25B200,Tucson Preferred Fwd,,,
HYUNDAI,2023,TU4SAA25B200,Tucson Preferred Awd,,,
HYUNDAI,2023,TU4SAA25B241,Tucson Preferred Awd With Trend Package,,,
HYUNDAI,2023,TU4SAA25BY00,Tucson Urban Awd,,,
HYUNDAI,2023,TU4SAA25BO00,Tucson N-Line Awd,,,
HYUNDAI,2023,TU4SAA16G3AA,Tucson Hybrid 1.6t Luxury Awd,,,
HYUNDAI,2023,TU4SAA16G4AA,Tucson Hybrid 1.6t Ultimate Awd,,,
HYUNDAI,2023,TU4SAA16J3AB,Tucson Plug-In Luxury Awd,,,
HYUNDAI,2023,TU4SAA16J4AB,Tucson Plug-In Ultimate Awd,,,
HYUNDAI,2023,SZ1SDA25D200,Santa Cruz Preferred Awd,,,
HYUNDAI,2023,SZ1SDA25D241,Santa Cruz Preferred Awd W/trend,,,
HYUNDAI,2023,SZ1SDA25D400,Santa Cruz Ultimate Awd,,,
HYUNDAI,2023,SZ1SDA25D495,Santa Cruz Ultimate Awd With Colour Pack,,,
HYUNDAI,2023,SA4SAA25B200,Santa Fe 2.5l Preferred Awd,,,
HYUNDAI,2023,SA4SAA25B241,Santa Fe 2.5l Preferred Awd With Trend,,,
HYUNDAI,2023,SA4SAA25DY00,Santa Fe 2.5t Preferred Awd Urban Package,,,
HYUNDAI,2023,SA4SAA25D469,Santa Fe 2.5t Ultimate Calligraphy Awd,,,
HYUNDAI,2023,SA4SAA16G3AA,Santa Fe Hybrid 1.6t Luxury Awd,,,
HYUNDAI,2023,SA4SAA16J3AB,Santa Fe Plug-In Luxury Awd,,,
HYUNDAI,2023,PA1LAA38B200,Palisade Preferred Awd,,,
HYUNDAI,2023,PA1LAA38BY00,Palisade Urban Awd 8-Pass,,,
HYUNDAI,2023,PA1LAA38BY91,Palisade Urban Awd 7-Pass,,,
HYUNDAI,2023,PA1LAA38B477,Palisade Ultimate Caligraphy Awd,,,
HYUNDAI,2023,PA1LAA38B478,Palisade Ultimate Caligraphy Awd Beige Int.,,,
HYUNDAI,2025,TUCWDK2EPM00,Tucson Preferred,,,
HYUNDAI,2025,TUCWDK2EPMTM,Tucson Preferred,,,
HYUNDAI,2026,ELCS4V2BES00,Elantra Essential,,,
HYUNDAI,2026,ELCS4V2BPR00,Elantra Preferred,,,
HYUNDAI,2026,ELCS4V2BPRTE,Elantra With Tech Package,,,
HYUNDAI,2026,ELCS4V2BLU00,Elantra Luxury,,,
HYUNDAI,2026,ELCS4V2BLUME,Elantra Luxury Two-Tone Interior,,,
HYUNDAI,2026,ELCS4U1ANLUL,Elantra N-Line Ultimate,,,
HYUNDAI,2026,ELHS4T1BLUHE,Elantra Hybrid Luxury,,,
HYUNDAI,2026,ELHS4T1BLUHM,Elantra Hybrid Luxury Two-Tone Interior,,,
HYUNDAI,2026,ELCS472ANN00,Elantra N Manual,,,
HYUNDAI,2026,ELCS4M2ANN00,Elantra N Dct,,,
HYUNDAI,2026,ELCS472ANNTC,Elantra N Tcr Manual,,,
HYUNDAI,2026,ELCS4M2ANNTC,Elantra N Tcr Dct,,,
HYUNDAI,2026,SOCS4M2DNL00,Sonata N-Line Ultimate Fwd,,,
HYUNDAI,2026,SOCS4K2EPRTR,Sonata Preferred-Trend Awd,,,
HYUNDAI,2026,SHHS4F2FPRTH,Sonata Hybrid Preferred-Trend Fwd,,,
HYUNDAI,2026,VNCW5V1FES00,Venue Essential Ivt,,,
HYUNDAI,2026,VNCW5V1FESTT,Venue Essential Ivt W/two-Tone,,,
HYUNDAI,2026,VNCW5V1FPR00,Venue Preferred Ivt,,,
HYUNDAI,2026,VNCW5V1FPRTT,Venue Preferred Ivt W/two-Tone,,,
HYUNDAI,2026,VNCW5V1FUL00,Venue Ultimate Ivt W/black Interior,,,
HYUNDAI,2026,VNCW5V1FULCP,Venue Ultimate Ivt W/denim Interior,,,
HYUNDAI,2026,KOCW5V2BES00,Kona 2.0l Essential Fwd,,,
HYUNDAI,2026,KOCW5Q2BES00,Kona 2.0l Essential Awd,,,
HYUNDAI,2026,KOCW5V2BPR00,Kona 2.0l Preferred Fwd,,,
HYUNDAI,2026,KOCW5Q2BPR00,Kona 2.0l Preferred Awd,,,
HYUNDAI,2026,KOCW5Q2BPRTR,Kona 2.0l Preferred Awd W/trend Package,,,
HYUNDAI,2026,KOCW5K1ANL00,Kona 1.6t N-Line Awd,,,
HYUNDAI,2026,KOCW5K1ANLTT,Kona 1.6t N-Line Awd W/two-Tone Roof,,,
HYUNDAI,2026,KOCW5K1ANLUL,Kona 1.6t N-Line Ultimate Awd,,,
HYUNDAI,2026,KOCW5K1ANLBA,Kona 1.6t N-Line Ultimate Awd W/two-Tone Roof,,,
HYUNDAI,2026,KEEW5ZE4PR00,Kona Electric Preferred,,,
HYUNDAI,2026,KEEW5ZE4PRTR,Kona Electric Preferred With Trend Package,,,
HYUNDAI,2026,KEEW5ZE4PRUP,Kona Electric Preferred W/ult Package,,,
HYUNDAI,2026,KEEW5ZE4PRUT,Kona Electric Preferred W/ult Package Two-Tone,,,
HYUNDAI,2026,TUCWDK2EPR00,Tucson Preferred Awd,,,
HYUNDAI,2026,TUCWDK2EPRTR,Tucson Preferred Awd W/trend Package,,,
HYUNDAI,2026,TUCWDK2EPM00,Tucson Preferred Awd,,,
HYUNDAI,2026,TUCWDK2EPMTM,Tucson Preferred Awd W/trend Package,,,
HYUNDAI,2026,TUHWDG1ANLHE,Tucson Hybrid N-Line Awd,,,
HYUNDAI,2026,TUHWDG1AULHE,Tucson Hybrid Ultimate Awd,,,
HYUNDAI,2026,TUPWDG1AULPH,Tucson Plug-In Hybrid Ultimate Awd,,,
HYUNDAI,2026,SAHW7G1APRHE,Santa Fe 1.6t Preferred Hybrid Awd 7-Pass,,,
HYUNDAI,2026,SAHW7G1APRTH,Santa Fe 1.6t Preferred Hybrid W/trend Package Awd 7-Pass,,,
HYUNDAI,2026,SAHW7G1ALUHE,Santa Fe 1.6t Luxury Hybrid Awd 7-Pass,,,
HYUNDAI,2026,SAHW6G1AULBG,Santa Fe 1.6t Ultimate Calligraphy Hybrid Awd 6-Pass,,,
HYUNDAI,2026,SAHW6G1AULBH,Santa Fe 1.6t Ultimate Calligraphy Hybrid Awd 6-Pass Beige,,,
HYUNDAI,2026,PACW8K3FPRTR,Palisade 3.5l Preferred Trend 8-Pass,,,
HYUNDAI,2026,PACW7K3FXP00,Palisade 3.5l Xrt Pro 7-Pass,,,
HYUNDAI,2026,PACW7K3FULCA,Palisade 3.5l Ultimate Calligraphy 7-Pass,,,
HYUNDAI,2026,PAHW8G2DLU8H,Palisade 2.5t Luxury Hybrid 8-Pass,,,
HYUNDAI,2026,PAHW7G2DLU7H,Palisade 2.5t Luxury Hybrid 7-Pass,,,
HYUNDAI,2026,PAHW7G2DULCH,Palisade 2.5t Ultimate Calligraphy Hybrid 7-Pass,,,
HYUNDAI,2026,I5EW5ZE4PRLR,Ioniq 5 Preferred Rwd Long Range,,,
HYUNDAI,2026,I5EW5ZE2PRLR,Ioniq 5 Preferred Awd Long Range,,,
HYUNDAI,2026,I5EW5ZE2PRUP,Ioniq 5 Preferred Awd Long Range W/ultimate Package,,,
HYUNDAI,2026,I9EW7ZE4ES00,Ioniq 9 Essential Rwd,,,
HYUNDAI,2026,I9EW7ZE2PR00,Ioniq 9 Preferred Awd,,,
HYUNDAI,2026,I9EW7ZE1PR00,Ioniq 9 Preferred + Awd,,,
HYUNDAI,2026,I9EW7ZE2PRLP,Ioniq 9 Preferred Awd W/luxury Package,,,
HYUNDAI,2026,I9EW6ZE1PRBG,Ioniq 9 Preferred + Awd W/ultimate Calligraphy Package,,,
HYUNDAI,2026,TUHWDG1ANE00,Tucson 1.6t Night Edition Hybrid Awd,,,
HYUNDAI,2027,I5EW5ZE3NN00,Ioniq 5 N Awd,,,
HONDA,2025,FE2F2SE,"CIVIC, 4D LX CVT",,,
HONDA,2025,FE2F5SJ,"CIVIC, 4D SPORT CVT",,,
HONDA,2025,FE4F8SJ,"CIVIC, 4D SPORT HYBRID",,,
HONDA,2025,FE4F8SKN,"CIVIC, 4D SPORT TOURING HYBRID",,,
HONDA,2025,FE1E5SK,"CIVIC, 4D Si MT",,,
HONDA,2025,FL2H8SE,"CIVIC, 5D SPORT CVT",,,
HONDA,2025,FL4H8SJ,"CIVIC, 5D SPORT HYBRID",,,
HONDA,2025,FL4H9SKN,"CIVIC, 5D SPORT TOURING HYBRID",,,
HONDA,2025,FL5G4SG,"CIVIC, TYPE R MT",,,
HONDA,2025,CY1F4SJ,"ACCORD, SE CVT",,,
HONDA,2025,CY2F7SJN,"ACCORD, SPORT-L HYBRID",,,
HONDA,2025,CY2F8SKN,"ACCORD, TOURING HYBRID",,,
HONDA,2025,RZ1H3SE,HR-V LX CVT 2WD,,,
HONDA,2025,RZ2H3SE,HR-V LX CVT 4WD,,,
HONDA,2025,RZ2H5SJ,HR-V SPORT CVT 4WD,,,
HONDA,2025,RZ2H7SK,HR-V EX-L NAVI CVT 4WD,,,
HONDA,2025,RS3H2SES,"CR-V, LX 2WD",,,
HONDA,2025,RS4H2SES,"CR-V, LX 4WD",,,
HONDA,2025,RS4H5SJS,"CR-V, SPORT 4WD",,,
HONDA,2025,RS6H7SJSX,"CR-V, EXL HYBRID 4WD",,,
HONDA,2025,RS6H9SKSX,"CR-V, TOURING HYBRID 4WD",,,
HONDA,2025,RL6H4SJ,"ODYSSEY, SPORT",,,
HONDA,2025,RL6H7SJN,"ODYSSEY, SPORT-L",,,
HONDA,2025,RL6H8SKN,"ODYSSEY, TOURING",,,
HONDA,2025,RL6H0SKN,"ODYSSEY, BLACK EDITION",,,
HONDA,2025,YF8H2SJ,"PASSPORT, SPORT",,,
HONDA,2025,YF8H6SJN,"PASSPORT, TRAILSPORT",,,
HONDA,2025,YF8H8SKN,"PASSPORT, BLACK EDITION",,,
HONDA,2025,YG1H3SE,"PILOT, SPORT",,,
HONDA,2025,YG1H4SEN,"PILOT, EX-L",,,
HONDA,2025,YG1H6SJ,"PILOT, TRAILSPORT",,,
HONDA,2025,YG1H7SKN,"PILOT, TOURING",,,
HONDA,2025,YG1H9SKN,"PILOT, BLACK EDITION",,,
HONDA,2025,YK3F1SJ,"RIDGELINE, SPORT",,,
HONDA,2025,YK3F6SJN,"RIDGELINE, TRAILSPORT",,,
HONDA,2025,YK3F8SKN,"RIDGELINE, BLACK EDITION",,,
HONDA,2024,FE1E5RK,"CIVIC, 4D Si MT",,,
HONDA,2024,FL5G4RG,"CIVIC, TYPE R MT",,,
HONDA,2024,CY1F3RJ,"ACCORD, EX CVT",,,
HONDA,2024,CY2F5RJ,"ACCORD, SPORT HYBRID",,,
HONDA,2024,CY2F8RKN,"ACCORD, TOURING HYBRID",,,
HONDA,2024,3B4H2RE,"PROLOGUE, EX",,,
HONDA,2024,3B4H4RJ,"PROLOGUE, EX-L",,,
HONDA,2024,3B4H6RJ,"PROLOGUE,TOURING",,,
HONDA,2024,FL1H8RJ,"CIVIC, 5D SPORT CVT",,,
HONDA,2024,FE2F3RJ,"CIVIC, EX CVT",,,
HONDA,2024,FE2F5RJ,"CIVIC, Sport CVT",,,
HONDA,2024,FE1F9RKN,"CIVIC, Touring CVT",,,
HONDA,2024,FE2F2RET,"CIVIC, LX-B CVT",,,
HONDA,2024,RS4H5RJS,"CR-V, Sport AWD",,,
HONDA,2024,RS4H7RJS,"CR-V, EX-L AWD",,,
HONDA,2024,RS4H2RESX,"CR-V, LX-B AWD",,,
HONDA,2024,RS3H2RESX,"CR-V, LX-B 2WD",,,
HONDA,2024,RS6H9RKSX,"CR-V Hybrid, Touring AWD",,,
HONDA,2024,RS6H7RJSX,"CR-V Hybrid, EX-L AWD",,,
HONDA,2024,RZ2H7RK,"HR-V, EX-L Navi AWD CVT",,,
HONDA,2024,RZ2H3REX,"HR-V, LX-B AWD CVT",,,
HONDA,2024,RZ2H5RJX,"HR-V, Sport-B AWD CVT",,,
HONDA,2024,RZ1H3REX,"HR-V, LX-B 2WD CVT",,,
HONDA,2024,YG1H3RE,"Pilot, Sport AWD",,,
HONDA,2024,YG1H4REN,"Pilot, EX-L AWD",,,
HONDA,2024,YG1H6RJ,"Pilot, TrailSport AWD",,,
HONDA,2024,YG1H7RKN,"Pilot, Touring AWD",,,
HONDA,2024,YG1H8RKN,"Pilot, Black Edition AWD",,,
HONDA,2024,FL1G8RKN,"CIVIC, 5D SPORT TOURING MT",,,
HONDA,2024,FL1H8RKN,"CIVIC, 5D SPORT TOURING CVT",,,
HONDA,2024,RL6H6RJN,"ODYSSEY, EX-L",,,
HONDA,2024,RL6H8RKN,"ODYSSEY, TOURING",,,
HONDA,2024,RL6H0RKN,"ODYSSEY, BLACK EDITION",,,
HONDA,2024,YF8H2RJ,"PASSPORT, SPORT",,,
HONDA,2024,YF8H6RJN,"PASSPORT, TRAILSPORT",,,
HONDA,2024,YF8H8RKN,"PASSPORT, BLACK EDITION",,,
HONDA,2024,YK3F1RJ,"RIDGELINE, SPORT",,,
HONDA,2024,YK3F6RJN,"RIDGELINE, TRAILSPORT",,,
HONDA,2024,YK3F8RKN,"RIDGELINE, BLACK EDITION",,,
HONDA,2025,FL4H8SJY,"CIVIC, 5D SPORT HYBRID",,,
HONDA,2025,FL4H9SKNY,"CIVIC, 5D SPORT TOURING HYBRID",,,
HONDA,2025,3B4H2SE,"PROLOGUE, EX",,,
HONDA,2025,3B4H4SJ,"PROLOGUE, EX-L",,,
HONDA,2025,3B4H6SJ,"PROLOGUE, TOURING",,,
HONDA,2026,RZ1H3TE,HR-V LX CVT 2WD,,,
HONDA,2026,RZ2H3TE,HR-V LX CVT 4WD,,,
HONDA,2026,RZ2H5TJ,HR-V SPORT CVT 4WD,,,
HONDA,2026,RZ2H7TKY,"HR-V EX-L, CVT 4WD",,,
HONDA,2026,RS3H2TES,"CR-V, LX 2WD",,,
HONDA,2026,RS4H2TES,"CR-V, LX 4WD",,,
HONDA,2026,RS4H5TJS,"CR-V, SPORT 4WD",,,
HONDA,2026,RS6H5TJGX,"CR-V, SPORT HYBRID 4WD",,,
HONDA,2026,RS6H6TJG,"CR-V, TRAILSPORT HYBRID 4WD",,,
HONDA,2026,RS6H7TJGX,"CR-V, EX-L HYBRID 4WD",,,
HONDA,2026,RS6H9TKGX,"CR-V, TOURING HYBRID 4WD",,,
HONDA,2026,YF9H5TK,"PASSPORT, TRAILSPORT",,,
HONDA,2026,YF9H5TKX,"PASSPORT, TRAILSPORT BLACKOUT",,,
HONDA,2026,YF9H8TKN,"PASSPORT, TRAILSPORT TOURING",,,
HONDA,2026,YF9H8TKNX,"PASSPORT, TRAILSPORT TOURING BLACKOUT",,,
HONDA,2026,FE2F2TE,"CIVIC SEDAN, 4D LX CVT",,,
HONDA,2026,FE2F5TJ,"CIVIC SEDAN, 4D SPORT CVT",,,
HONDA,2026,FE4F8TJ,"CIVIC SEDAN HYBRID, 4D SPORT",,,
HONDA,2026,FE4F8TKN,"CIVIC SEDAN HYBRID, 4D SPORT TOURING",,,
HONDA,2026,FE1E5TK,"CIVIC Si SEDAN, 4D Si MT",,,
HONDA,2026,FL2H8TE,CIVIC HATCHBACK 5D SPORT CVT,,,
HONDA,2026,FL4H8TJ,CIVIC HATCHBACK 5D SPORT FHEV,,,
HONDA,2026,FL4H9TKN,CIVIC HATCHBACK 5D SPORT TOURING FHEV,,,
HONDA,2026,FL4H9TKNY,CIVIC HATCHBACK 5D SPORT TOURING FHEV,,,
HONDA,2026,FL4H8TJY,CIVIC HATCHBACK 5D SPORT FHEV,,,
HONDA,2026,RL6H4TJ,ODYSSEY SPORT,,,
HONDA,2026,RL6H7TJN,ODYSSEY SPORT-L,,,
HONDA,2026,RL6H8TKN,ODYSSEY TOURING,,,
HONDA,2026,RL6H0TKN,ODYSSEY BLACK EDITION,,,
HONDA,2026,YK3F1TJ,RIDGELINE SPORT,,,
HONDA,2026,YK3F6TJN,RIDGELINE TRAILSPORT,,,
HONDA,2026,YK3F8TKN,RIDGELINE BLACK EDITION,,,
HONDA,2026,YG1H3TE,PILOT SPORT AWD,,,
HONDA,2026,YG1H4TEN,PILOT EX-L AWD,,,
HONDA,2026,YG1H6TJ,PILOT TRAILSPORT AWD,,,
HONDA,2026,YG1H7TKN,PILOT TOURING AWD,,,
HONDA,2026,YG1H9TKN,PILOT BLACK EDITION AWD,,,
HONDA,2026,CY1F4TJV,"ACCORD, SE CVT",,,
HONDA,2026,CY2F7TJVN,"ACCORD, SPORT-L HYBRID",,,
HONDA,2026,CY2F8TKVN,"ACCORD, TOURING HYBRID",,,
HONDA,2026,BF1D6TE,PRELUDE 3D HYBRID,,,
HONDA,2026,3B4H2TE,"PROLOGUE, EX",,,
HONDA,2026,3B4H4TJ,"PROLOGUE, EX-L",,,
HONDA,2026,3B4H6TJ,"PROLOGUE, TOURING",,,
HONDA,2026,FL5G4TG,"CIVIC, TYPE R MT",,,
HONDA,2027,RZ1H3VE,HR-V LX CVT 2WD,,,
HONDA,2027,RZ2H3VE,HR-V LX CVT 4WD,,,
HONDA,2027,RZ2H5VJ,HR-V SPORT CVT 4WD,,,
HONDA,2027,RZ2H7VKY,"HR-V EX-L, CVT 4WD",,,
KIA,2019,F6S4J5A1JGG005,Cadenza Premium Sedan,,,404251
KIA,2019,F6S4J5A1JGGAJH,Cadenza Limited Sedan,,,404252
KIA,2019,DLS42G617DD075,Forte LX Manual,,,403995
KIA,2019,DLS42G61VDD076,Forte LX IVT,,,403996
KIA,2019,DLS42G61VHH129,Forte EX IVT,,,403997
KIA,2019,DLS42G61VHH130,Forte EX+ IVT,,,403998
KIA,2019,DLS42G61VHH131,Forte EX Premium IVT,,,403999
KIA,2019,DLS42G61VHH132,Forte EX Limited IVT,,,404000
KIA,2019,G5W5K6A1TEV1DD000,Niro L FWD,,,404160
KIA,2019,G5W5K6A1TEV1GG041,Niro EX FWD,,,404161
KIA,2019,G5W5K6A1TEV1GG609,Niro EX Premium FWD,,,404162
KIA,2019,G5W5K6A1TEV1HH001,Niro SX Touring FWD,,,404163
KIA,2019,DQW5ZGZ7ZHH018,Niro EV SX Touring FWD,,,407205
KIA,2019,DQW5ZGZ7ZGG111,Niro EV EX FWD,,,407762
KIA,2019,G5W5K6A1TEV2KK210,Niro Plug-In Hybrid EX Premium FWD,,,404245
KIA,2019,G5W5K6A1TEV2JJ015,Niro Plug-In Hybrid SX FWD,,,404246
KIA,2019,D5S4L6A1FDD149,Optima LX Auto,,,402795
KIA,2019,D5S4L6A1FDD150,Optima LX+ Auto,,,402796
KIA,2019,D5S4L6A1FGG146,Optima EX Auto,,,402797
KIA,2019,D5S4L6A1FGG147,Optima EX Tech Auto,,,402798
KIA,2019,D5S4L5G1FHH106,Optima SX Turbo Auto,,,402799
KIA,2019,D5S4L5G1FKK046,Optima SXL Turbo Auto,,,402800
KIA,2019,A8S42GA1FEV1DD014,Optima Hybrid LX Auto,,,403656
KIA,2019,A8S42GA1FEV1GG505,Optima Hybrid EX Auto,,,403657
KIA,2019,A8S42GA1FEV1GG267,Optima Hybrid EX Premium Auto,,,403658
KIA,2019,A8S42GA1FEV2KK004,Optima PHEV EX Auto,,,408463
KIA,2019,A8S42GA1FEV2KK102,Optima PHEV EX Premium Auto,,,408464
KIA,2019,H9S4D2A17DD422,Rio LX Manual,,,404330
KIA,2019,H9S4D2A17DD423,Rio LX+ Manual,,,404331
KIA,2019,H9S4D2A1FDD445,Rio LX+ Auto,,,404332
KIA,2019,H9S4D2A1FGG890,Rio EX Auto,,,404333
KIA,2019,H9S4D2A1FGG891,Rio EX Sport Auto,,,404334
KIA,2019,H9S4D2A1FGG892,Rio EX Tech Auto w/Navigation,,,404335
KIA,2019,H9S6D2A17DD422,Rio 5-door LX Manual,,,404336
KIA,2019,H9S6D2A17DD423,Rio 5-door LX+ Manual,,,404337
KIA,2019,H9S6D2A1FDD445,Rio 5-door LX+ Auto,,,404338
KIA,2019,H9S6D2A1FGG890,Rio 5-door EX Auto,,,404339
KIA,2019,H9S6D2A1FGG893,Rio 5-door EX Sport Auto,,,404340
KIA,2019,H9S6D2A1FGG894,Rio 5-door EX Tech Auto w/Navigation,,,404341
KIA,2019,A9B7J5A1JSS001,Sedona L FWD,,,400942
KIA,2019,A9B8J5A1JDD359,Sedona LX FWD,,,400943
KIA,2019,A9B8J5A1JDD360,Sedona LX+ FWD,,,400944
KIA,2019,A9B8J5A1JGGAFA,Sedona SX+ FWD,,,400945
KIA,2019,A9B7J5A1JHH311,Sedona SXL FWD,,,400946
KIA,2019,A9B7J5A1JHH343,Sedona SXL+ FWD,,,400947
KIA,2019,A9B8J5A1JGGABN,Sedona SX FWD,,,400948
KIA,2019,C6W5L6A1GDD168,Sorento LX AWD,,,399925
KIA,2019,C6W7J5A1KGG146,Sorento EX AWD,,,399926
KIA,2019,C6W7J5A1KHH249,Sorento SX AWD,,,399927
KIA,2019,C6W5L6A1FDD165,Sorento LX FWD,,,399928
KIA,2019,C6W7J5A1KDD167,Sorento LX V6 Premium AWD,,,399929
KIA,2019,C6W7J5A1KGG145,Sorento EX Premium AWD,,,399930
KIA,2019,C6W7J5A1KHH250,Sorento SXL Limited AWD w/Black Nappa,,,399931
KIA,2019,C6W7J5A1KHH251,Sorento SXL Limited AWD w/Brown Nappa,,,399932
KIA,2019,C6W7L6A1GGG163,Sorento EX 2.4 AWD,,,401883
KIA,2019,B2W5D2A1FDD379,Soul LX Auto,,,401370
KIA,2019,B2W52GA1FGGBTP,Soul EX Auto,,,401371
KIA,2019,B2W52GA1FGGBTW,Soul EX+ Auto,,,401372
KIA,2019,B2W52GA1FGGBTY,Soul EX Premium Auto,,,401373
KIA,2019,B2W52GA1FGGBV0,Soul EX Tech Auto,,,401374
KIA,2019,B2W5D2G1UHH250,Soul SX Turbo Auto,,,401375
KIA,2019,B2W5D2G1UHH251,Soul SX Turbo Tech Auto *Ltd Avail*,,,401376
KIA,2019,E4W5ZDZ7ZGG065,Soul EV EV Auto,,,403661
KIA,2019,E4W5ZDZ7ZGG066,Soul EV EV Auto w/Black/Red Exterior,,,403662
KIA,2019,E4W5ZDZ7ZHH077,Soul EV EV Luxury Auto,,,403663
KIA,2019,E4W5ZDZ7ZHH085,Soul EV EV Luxury Auto w/Black/Red Exterior,,,403664
KIA,2019,E4W5ZDZ7ZKK000,Soul EV EV Luxury Auto w/Sunroof,,,403665
KIA,2019,D9W5L6A1FDD002,Sportage LX FWD,,,401746
KIA,2019,D9W5L6A1GDD197,Sportage LX AWD,,,401747
KIA,2019,D9W5L6A1GGG741,Sportage EX AWD,,,401748
KIA,2019,D9W5L6A1GGG725,Sportage EX Premium AWD w/Black,,,401749
KIA,2019,D9W5L6A1GGG726,Sportage EX Premium AWD w/Dark Brown,,,401750
KIA,2019,D9W5L6A1GGG804,Sportage EX Tech AWD w/Black,,,401751
KIA,2019,D9W5L6A1GGG805,Sportage EX Tech AWD w/Dark Brown,,,401752
KIA,2019,D9W5L5G1GHH765,Sportage SX Turbo AWD w/Black,,,401753
KIA,2019,D9W5L5G1GHH766,Sportage SX Turbo AWD w/Canyon Beige,,,401754
KIA,2019,J5S6J5G1KGGZZZ,Stinger GT AWD,,,403652
KIA,2019,J5S6J5G1KHH062,Stinger GT Limited AWD,,,403653
KIA,2019,J5S6J5G1KHH296,Stinger GT Limited AWD w/Red Interior,,,403654
KIA,2019,J5S6L8G1KDD000,Stinger GT-Line AWD,,,403655
KIA,2019,J5S6J5G1KHH610,Stinger 20th Anniversary Edition AWD,,,406702
KIA,2020,DLS42G617DD075,Forte LX Manual,,,409917
KIA,2020,DLS42G61VDD075,Forte LX IVT,,,409918
KIA,2020,DLS42G61VHH148,Forte EX IVT,,,409919
KIA,2020,DLS42G61VHH130,Forte EX+ IVT,,,409920
KIA,2020,DLS42G61VHH151,Forte EX Premium IVT,,,409921
KIA,2020,DLS42G61VHH132,Forte EX Limited IVT,,,409922
KIA,2020,DLS4D2G1UKK067,Forte GT DCT,,,409923
KIA,2020,DJS62G61VMM017,Forte5 EX IVT,,,410827
KIA,2020,DLS6D2G1ULL158,Forte5 GT DCT,,,410828
KIA,2020,DLS6D2G1ULL159,Forte5 GT Limited DCT,,,410829
KIA,2020,G5W5K6A1TEV1DD342,Niro L FWD,,,412553
KIA,2020,G5W5K6A1TEV1GG041,Niro EX FWD,,,412554
KIA,2020,G5W5K6A1TEV1GGAU6,Niro EX Premium FWD,,,412555
KIA,2020,G5W5K6A1TEV1HH174,Niro SX Touring FWD,,,412556
KIA,2020,DQW5ZGZ7ZHH033,Niro EV SX Touring FWD,,,412572
KIA,2020,DQW5ZGZ7ZGG479,Niro EV EX FWD,,,412573
KIA,2020,G5W5K6A1TEV2KK500,Niro Plug-In Hybrid EX Premium FWD,,,412560
KIA,2020,G5W5K6A1TEV2JJ030,Niro Plug-In Hybrid SX Touring FWD,,,412561
KIA,2020,D5S4L6A1FGG159,Optima EX Auto,,,410203
KIA,2020,D5S4L6A1FGG158,Optima EX+ Auto,,,410204
KIA,2020,A8S42GA1FEV1DD206,Optima Hybrid LX Auto,,,408311
KIA,2020,A8S42GA1FEV1GG534,Optima Hybrid EX Auto,,,408312
KIA,2020,A8S42GA1FEV1GG535,Optima Hybrid EX Premium Auto,,,408313
KIA,2020,A8S42GA1FEV2KK464,Optima PHEV EX Auto,,,408472
KIA,2020,A8S42GA1FEV2KK465,Optima PHEV EX Premium Auto,,,408473
KIA,2020,H9S4D561VDD445,Rio LX+ IVT,,,408877
KIA,2020,H9S4D561VGG890,Rio EX IVT,,,408878
KIA,2020,H9S6D5617DD422,Rio 5-door LX Manual,,,408879
KIA,2020,H9S6D5617DD423,Rio 5-door LX+ Manual,,,408880
KIA,2020,H9S6D561VDD445,Rio 5-door LX+ Auto,,,408881
KIA,2020,H9S6D561VGG890,Rio 5-door EX Auto,,,408882
KIA,2020,H9S6D561VGG893,Rio 5-door EX Sport Auto,,,408883
KIA,2020,A9B8J5A1JDD359,Sedona LX FWD,,,408026
KIA,2020,A9B8J5A1JDD360,Sedona LX+ FWD,,,408027
KIA,2020,A9B8J5A1JGGABN,Sedona SX FWD,,,408028
KIA,2020,A9B8J5A1JGGANW,Sedona SX Tech FWD,,,408029
KIA,2020,C6W5L6A1GDD215,Sorento LX AWD,,,410572
KIA,2020,C6W7J5A1KGG188,Sorento EX V6 AWD *Ltd Avail*,,,410573
KIA,2020,C6W7J5A1KHH270,Sorento SX V6 AWD *Ltd Avail*,,,410574
KIA,2020,C6W5L6A1GDD225,Sorento LX+ AWD,,,410575
KIA,2020,C6W7J5A1KDD221,Sorento LX+ V6 AWD *Ltd Avail*,,,410576
KIA,2020,C6W7J5A1KDD222,Sorento LX+ V6 AWD,,,410577
KIA,2020,C6W7J5A1KGG189,Sorento EX V6 AWD,,,410578
KIA,2020,C6W7J5A1KGG186,Sorento EX+ V6 AWD *Ltd Avail*,,,410579
KIA,2020,C6W7J5A1KGG187,Sorento EX+ V6 AWD,,,410580
KIA,2020,C6W7J5A1KHH272,Sorento SX V6 AWD,,,410581
KIA,2020,C6W7J5A1KDD227,Sorento Black Line V6 AWD,,,412349
KIA,2020,SKW52G61VDD095,Soul LX IVT,,,406032
KIA,2020,SKW52G61VGG312,Soul EX IVT *Ltd Avail*,,,406033
KIA,2020,SKW52G61VGG313,Soul EX+ IVT *Ltd Avail*,,,406034
KIA,2020,SKW52G61VGG314,Soul EX Premium IVT *Ltd Avail*,,,406035
KIA,2020,SKW52G61VGG435,Soul GT-Line Premium IVT,,,406036
KIA,2020,SKW52G61VGG315,Soul EX Limited IVT,,,406037
KIA,2020,SKW52G61VGG436,Soul GT-Line Limited IVT,,,406038
KIA,2020,SKW52G61VGG414,Soul EX Anniversary Edition IVT,,,406793
KIA,2020,SKW52G61VGG492,Soul EX IVT,,,417135
KIA,2020,SKW52G61VGG493,Soul EX+ IVT,,,417136
KIA,2020,SKW52G61VGG494,Soul EX Premium IVT,,,417137
KIA,2020,J2W5ZGZ7ZDD157,Soul EV EV Premium Auto,,,406862
KIA,2020,J2W5ZGZ7ZGG188,Soul EV EV Limited Auto,,,406863
KIA,2020,D9W5L6A1FDD002,Sportage LX FWD *Ltd Avail*,,,406068
KIA,2020,D9W5L6A1GDD002,Sportage LX AWD *Ltd Avail*,,,406069
KIA,2020,D9W5L6A1GGGADI,Sportage EX AWD *Ltd Avail*,,,406070
KIA,2020,D9W5L6A1GGGADJ,Sportage EX Premium AWD *Ltd Avail*,,,406071
KIA,2020,D9W5L6A1GGGADK,Sportage EX Tech AWD *Ltd Avail*,,,406072
KIA,2020,D9W5L5G1GHH002,Sportage SX AWD,,,406073
KIA,2020,D9W5L6A1FDDAD6,Sportage LX FWD,,,407736
KIA,2020,D9W5L6A1FDD002,Sportage LX Anniversary FWD,,,407737
KIA,2020,D9W5L6A1GDDAD6,Sportage LX AWD,,,407738
KIA,2020,D9W5L6A1GDD002,Sportage LX Anniversary AWD,,,407739
KIA,2020,D9W5L6A1GDDAG5,Sportage LX S AWD,,,412489
KIA,2020,D9W5L6A1GGGAFY,Sportage EX S AWD,,,412490
KIA,2020,D9W5L6A1GGGAFZ,Sportage EX Premium S AWD,,,412491
KIA,2020,J5S6J5G1KGGZZZ,Stinger GT AWD,,,410299
KIA,2020,J5S6J5G1KHH062,Stinger GT Limited AWD,,,410300
KIA,2020,J5S6J5G1KHH296,Stinger GT Limited AWD w/Red Interior,,,410301
KIA,2020,S9W8J6A1KGG061,Telluride EX AWD,,,406411
KIA,2020,S9W8J6A1KHH007,Telluride SX AWD,,,406412
KIA,2020,S9W7J6A1KHH176,Telluride SX Limited w/Nappa AWD,,,406413
KIA,2020,S9W7J6A1KHH183,Telluride SX Limited AWD,,,408647
KIA,2021,DLS42G617DD075,Forte LX Manual,,,416569
KIA,2021,DLS42G61VDD075,Forte LX IVT,,,416570
KIA,2021,DLS42G61VHH169,Forte EX IVT,,,416571
KIA,2021,DLS42G61VHH170,Forte EX+ IVT,,,416572
KIA,2021,DLS42G61VHH171,Forte EX Premium IVT,,,416573
KIA,2021,DLS4D2G1UKK080,Forte GT DCT,,,416574
KIA,2021,DLS4D2G1UKK051,Forte GT Limited DCT,,,416575
KIA,2021,DJS62G61VMM022,Forte5 EX IVT,,,417529
KIA,2021,DJS6D2G1ULL222,Forte5 GT DCT,,,417530
KIA,2021,DJS6D2G1ULL223,Forte5 GT Limited DCT,,,417531
KIA,2021,DJS6D2G17LL221,Forte5 GT Manual,,,417532
KIA,2021,EYS4L9G1MKK024,K5 GT DCT FWD,,,418342
KIA,2021,EYS4D5G1KDD028,K5 LX Auto AWD,,,418343
KIA,2021,EYS4D5G1KGG042,K5 EX Auto AWD,,,418344
KIA,2021,EYS4D5G1KPP018,K5 GT-Line Auto AWD,,,418345
KIA,2021,G5W5K6A1TEV1DDAGH,Niro L FWD,,,420749
KIA,2021,G5W5K6A1TEV1GGBGG,Niro EX FWD,,,420750
KIA,2021,G5W5K6A1TEV1HH208,Niro SX Touring FWD,,,420751
KIA,2021,DQW5ZGZ7ZHH040,Niro EV SX Touring FWD,,,420641
KIA,2021,DQW5ZGZ7ZGGAMS,Niro EV EX FWD,,,420640
KIA,2021,DQW5ZGZ7ZGGAMT,Niro EV EX+ FWD,,,420642
KIA,2021,G5W5K6A1TEV2KK770,Niro Plug-In Hybrid EX Premium FWD,,,420665
KIA,2021,G5W5K6A1TEV2JJ034,Niro Plug-In Hybrid SX Touring FWD,,,420666
KIA,2021,G5W5K6A1TEV2KK769,Niro Plug-In Hybrid EX FWD,,,420667
KIA,2021,H9S6D5617DD636,Rio 5-door LX+ Manual,,,419040
KIA,2021,H9S6D561VDD636,Rio 5-door LX+ IVT,,,419041
KIA,2021,H9S6D561VDD637,Rio 5-door LX Premium IVT,,,419042
KIA,2021,H9S6D561VGGAA6,Rio 5-door EX Premium IVT,,,419043
KIA,2021,A9B8J5A1JDD359,Sedona LX FWD,,,413353
KIA,2021,A9B8J5A1JDD360,Sedona LX+ FWD,,,413354
KIA,2021,A9B8J5A1JGGABN,Sedona SX FWD,,,413355
KIA,2021,A9B8J5A1JGGASR,Sedona SX Tech FWD,,,413356
KIA,2021,THW52G61VDD069,Seltos LX FWD,,,412453
KIA,2021,THW52G61QDD122,Seltos LX AWD,,,412454
KIA,2021,THW52G61QPP068,Seltos EX AWD,,,412455
KIA,2021,THW52G61QGG434,Seltos EX Premium AWD,,,412456
KIA,2021,THW5D2G1XHH225,Seltos SX Turbo AWD,,,412457
KIA,2021,HYW7L9A1KDD006,Sorento LX+ AWD,,,419012
KIA,2021,HYW7L9A1KDD015,Sorento LX Premium AWD,,,419013
KIA,2021,HYW6L9G1NDD016,Sorento X-Line AWD,,,419014
KIA,2021,HYW6L9G1NGG015,Sorento EX AWD,,,419015
KIA,2021,HYW6L9G1NGG025,Sorento EX+ AWD,,,419016
KIA,2021,HYW6L9G1NHH017,Sorento SX AWD w/Black Leather,,,419017
KIA,2021,HYW6L9G1NHH032,Sorento SX AWD w/Burgundy Leather,,,419018
KIA,2021,SKW52G61VDD184,Soul LX IVT,,,412667
KIA,2021,SKW52G61VGG502,Soul EX IVT *Ltd Avail*,,,412668
KIA,2021,SKW52G61VGG505,Soul EX+ IVT *Ltd Avail*,,,412669
KIA,2021,SKW52G61VGG506,Soul EX Premium IVT *Ltd Avail*,,,412670
KIA,2021,SKW52G61VGG507,Soul GT-Line Limited IVT *Ltd Avail*,,,412671
KIA,2021,SKW52G61VDD095,Soul LX IVT,,,418209
KIA,2021,SKW52G61VGG501,Soul EX IVT,,,418210
KIA,2021,SKW52G61VGG589,Soul EX+ IVT,,,418211
KIA,2021,SKW52G61VGG590,Soul EX Premium IVT,,,418212
KIA,2021,SKW52G61VGG591,Soul GT-Line Limited IVT,,,418213
KIA,2021,J2W5ZGZ7ZDD231,Soul EV EV Premium Auto,,,413403
KIA,2021,J2W5ZGZ7ZGG188,Soul EV EV Limited Auto,,,413404
KIA,2021,D9W5L6A1FDDAGS,Sportage LX FWD,,,415927
KIA,2021,D9W5L6A1GDDAGS,Sportage LX AWD,,,415928
KIA,2021,D9W5L5G1GHHAJ2,Sportage SX AWD,,,415929
KIA,2021,D9W5L6A1GDDAGT,Sportage LX S AWD,,,415930
KIA,2021,D9W5L6A1GGGAGD,Sportage EX S AWD,,,415931
KIA,2021,D9W5L6A1GGGAGE,Sportage EX Premium S AWD,,,415932
KIA,2021,J5S6J5G1KGGAIS,Stinger GT AWD,,,416810
KIA,2021,J5S6J5G1KHH794,Stinger GT Limited AWD,,,416811
KIA,2021,J5S6J5G1KHH796,Stinger GT Limited AWD w/Red Interior,,,416812
KIA,2021,J5S6J5G1KHH802,Stinger GT Limited AWD Neon Orange,,,416813
KIA,2021,S9W8J6A1KGG097,Telluride EX AWD,,,416734
KIA,2021,S9W8J6A1KHH189,Telluride SX AWD,,,416735
KIA,2021,S9W7J6A1KHH202,Telluride SX Limited AWD,,,416736
KIA,2021,S9W7J6A1KHH229,Telluride SX Nightsky AWD,,,416737
KIA,2022,HSB8J9A1JDD001,Carnival LX FWD *Ltd Avail*,,,420217
KIA,2022,HSB8J9A1JDD113,Carnival LX+ FWD *Ltd Avail*,,,420218
KIA,2022,HSB8J9A1JGG380,Carnival EX FWD *Ltd Avail*,,,420219
KIA,2022,HSB8J9A1JGG411,Carnival EX+ FWD *Ltd Avail*,,,420220
KIA,2022,HSB7J9A1JHH204,Carnival SX FWD *Ltd Avail*,,,420221
KIA,2022,HSB8J9A1JDD122,Carnival LX FWD,,,423029
KIA,2022,HSB8J9A1JDD123,Carnival LX+ FWD,,,423030
KIA,2022,HSB8J9A1JGG453,Carnival EX FWD,,,423031
KIA,2022,HSB8J9A1JGG454,Carnival EX+ FWD,,,423032
KIA,2022,HSB7J9A1JHH210,Carnival SX FWD,,,423033
KIA,2022,ASW5ZHZ7ZDD000,EV6 RWD Standard Range,,,426911
KIA,2022,ASW5ZHZ7ZGG907,EV6 RWD Long Range,,,426912
KIA,2022,ASW5YCZ7ZGG907,EV6 AWD Long Range,,,426913
KIA,2022,ASW5YCZ7ZKK385,EV6 AWD Long Range w/GT-Line Pkg 1,,,426914
KIA,2022,ASW5YCZ7ZKK386,EV6 AWD Long Range w/GT-Line Pkg 2,,,426915
KIA,2022,DLS42G617DD00D,Forte LX Manual,,,424940
KIA,2022,DLS42G61VDD00D,Forte LX IVT,,,424941
KIA,2022,DLS42G61VGG00F,Forte EX IVT,,,424942
KIA,2022,DLS42G61VGG270,Forte EX+ IVT,,,424943
KIA,2022,DLS42G61VGG271,Forte EX Premium IVT,,,424944
KIA,2022,DLS4D2G1UKK091,Forte GT Limited DCT,,,424945
KIA,2022,DLS42G61VHH00K,Forte GT Line IVT,,,424946
KIA,2022,DJS62G61VMM032,Forte5 EX IVT,,,426114
KIA,2022,DJS6D2G1ULL034,Forte5 GT DCT,,,426115
KIA,2022,DJS6D2G1ULL300,Forte5 GT Limited DCT,,,426116
KIA,2022,EYS4L9G1MKK00A,K5 GT DCT FWD,,,423148
KIA,2022,EYS4D5G1KDD00A,K5 LX Auto AWD,,,423149
KIA,2022,EYS4D5G1KGG00A,K5 EX Auto AWD,,,423150
KIA,2022,EYS4D5G1KPP00A,K5 GT-Line Auto AWD,,,423151
KIA,2022,EYS4L9G1MKK00B,K5 GT DCT FWD w/Brown Interior,,,423152
KIA,2022,G5W5K6A1TEV1DD021,Niro L FWD,,,424852
KIA,2022,G5W5K6A1TEV1GG06B,Niro EX FWD,,,424853
KIA,2022,G5W5K6A1TEV1HH210,Niro SX Touring FWD,,,424854
KIA,2022,DQW5ZGZ7ZHH043,Niro EV SX Touring FWD,,,424860
KIA,2022,DQW5ZGZ7ZGG09O,Niro EV EX FWD,,,424858
KIA,2022,DQW5ZGZ7ZGG09P,Niro EV EX+ FWD,,,424859
KIA,2022,G5W5K6A1TEV2KK854,Niro Plug-In Hybrid EX Premium FWD,,,424856
KIA,2022,G5W5K6A1TEV2JJ036,Niro Plug-In Hybrid SX Touring FWD,,,424857
KIA,2022,G5W5K6A1TEV2KK779,Niro Plug-In Hybrid EX FWD,,,424855
KIA,2022,H9S6D5617DD729,Rio 5-door LX+ Manual,,,424881
KIA,2022,H9S6D561VDD729,Rio 5-door LX+ IVT,,,424882
KIA,2022,H9S6D561VDD730,Rio 5-door LX Premium IVT,,,424883
KIA,2022,H9S6D561VGG02F,Rio 5-door EX Premium IVT,,,424884
KIA,2022,THW52G61VDD069,Seltos LX FWD,,,422654
KIA,2022,THW52G61QDD122,Seltos LX AWD,,,422655
KIA,2022,THW52G61QPP068,Seltos EX AWD,,,422656
KIA,2022,THW52G61QGG434,Seltos EX Premium AWD,,,422657
KIA,2022,THW5D2G1XHH587,Seltos SX Turbo AWD w/ Black Interior,,,422658
KIA,2022,THW5D2G1XHH588,Seltos SX Turbo AWD w/ Burgundy Interior,,,422659
KIA,2022,HYW7L9A1KDD00A,Sorento LX+ AWD,,,425871
KIA,2022,HYW7L9A1KDD025,Sorento LX Premium AWD,,,425872
KIA,2022,HYW6L9G1NDD00D,Sorento X-Line AWD,,,425873
KIA,2022,HYW6L9G1NGG00M,Sorento EX AWD,,,425874
KIA,2022,HYW6L9G1NGG00N,Sorento EX+ AWD,,,425875
KIA,2022,HYW6L9G1NHH00F,Sorento SX AWD w/Black Leather,,,425876
KIA,2022,HYW6L9G1NHH00G,Sorento SX AWD w/Burgundy Leather,,,425877
KIA,2022,HCW6D5G1GEV1DD000,Sorento Hybrid LX AWD,,,424886
KIA,2022,HCW6D5G1GEV1GG000,Sorento Hybrid EX AWD,,,424887
KIA,2022,HCW6D5G1GEV2KK079,Sorento Plug-In Hybrid EX AWD,,,424888
KIA,2022,HCW6D5G1GEV2KK080,Sorento Plug-In Hybrid EX+ AWD,,,424889
KIA,2022,HCW6D5G1GEV2AA317,Sorento Plug-In Hybrid SX AWD w/Grey Interior,,,424890
KIA,2022,HCW6D5G1GEV2AA318,Sorento Plug-In Hybrid SX AWD w/Navy Blue Interior,,,424891
KIA,2022,SKW52G61VDD222,Soul LX IVT,,,423034
KIA,2022,SKW52G61VGG625,Soul EX IVT,,,423035
KIA,2022,SKW52G61VGG631,Soul EX+ IVT,,,423036
KIA,2022,SKW52G61VGG634,Soul EX Premium IVT,,,423037
KIA,2022,SKW52G61VGG635,Soul GT-Line Limited IVT,,,423038
KIA,2022,J2W5ZGZ7ZDD294,Soul EV EV Premium Auto,,,423415
KIA,2022,J2W5ZGZ7ZGG707,Soul EV EV Limited Auto,,,423416
KIA,2022,D9W5L6A1FDD00C,Sportage LX FWD,,,421538
KIA,2022,D9W5L6A1GDD00C,Sportage LX AWD,,,421539
KIA,2022,D9W5L6A1GGG00F,Sportage EX S AWD,,,421540
KIA,2022,D9W5L6A1GGG00G,Sportage EX Premium S AWD,,,421541
KIA,2022,D9W5L5G1GHH00E,Sportage SX AWD,,,421542
KIA,2022,D9W5L6A1GDD01S,Sportage LX Nightsky Edition,,,421543
KIA,2022,J5S6J5G1KHH062,Stinger GT Limited AWD,,,420752
KIA,2022,J5S6J5G1KHHABC,Stinger GT Elite AWD w/Black Interior,,,420753
KIA,2022,J5S6J5G1KHHABD,Stinger GT Elite AWD w/Red Interior,,,420754
KIA,2022,J5S6J5G1KHHABE,Stinger GT Elite AWD w/Suede Package,,,420755
KIA,2022,J5S6J5G1KHH07M,Stinger Scorpion AWD,,,424583
KIA,2022,S9W8J6A1KGG146,Telluride EX AWD,,,424012
KIA,2022,S9W8J6A1KHH00A,Telluride SX AWD,,,424013
KIA,2022,S9W7J6A1KHH00U,Telluride SX Limited AWD,,,424014
KIA,2022,S9W7J6A1KHH00X,Telluride SX Nightsky AWD,,,424015
KIA,2023,H9S6D5617DD636,Rio5 LX+ MT,,,432536
KIA,2023,H9S6D561VDD636,Rio5 LX+ IVT,,,432537
KIA,2023,H9S6D561VDD637,Rio5 LX Premium,,,432538
KIA,2023,H9S6D561VGG07G,Rio5 EX Premium,,,432539
KIA,2023,DLS42G61VDD186,Forte4 LX IVT,,,430571
KIA,2023,DLS42G61VGG288,Forte4 EX IVT,,,430572
KIA,2023,DLS42G61VGG289,Forte4 EX+ IVT,,,430573
KIA,2023,DLS42G61VGG290,Forte4 EX Prem. IVT,,,430574
KIA,2023,DLS42G61VHH220,Forte4 GT-Line IVT,,,430575
KIA,2023,DLS4D2G1UKK103,Forte4 GT Limited DCT,,,430576
KIA,2023,DJS62G61VMM035,Forte5 EX IVT,,,430599
KIA,2023,DJS6D2G1ULL305,Forte5 GT DCT,,,430600
KIA,2023,DJS6D2G1ULL306,Forte5 GT Limited DCT,,,430601
KIA,2023,SKW52G61VDD000,Soul LX,,,430548
KIA,2023,SKW52G61VGG823,Soul EX,,,430549
KIA,2023,SKW52G61VGG824,Soul EX+,,,430550
KIA,2023,SKW52G61VGG825,Soul EX Premium,,,430551
KIA,2023,SKW52G61VHH246,Soul GT-Line Limited,,,430552
KIA,2023,J2W5ZGZ7ZDD487,Soul EV EV Premium,,,433094
KIA,2023,J2W5ZGZ7ZGG05Z,Soul EV EV Limited,,,433095
KIA,2023,J5S6J5G1KHH08A,Stinger GT Limited,,,428944
KIA,2023,J5S6J5G1KHH0B2,Stinger GT Elite,,,428945
KIA,2023,J5S6J5G1KHH0B3,Stinger GT Elite Red,,,428946
KIA,2023,J5S6J5G1KHH0B4,Stinger GT Elite -Suede Package,,,428947
KIA,2023,J5S6J5G1KHH0BM,Stinger Tribute Edition,,,437863
KIA,2023,0TW5K9A1TEV1DD013,Niro LX,,,435402
KIA,2023,0TW5K9A1TEV1GG936,Niro EX,,,435403
KIA,2023,0TW5K9A1TEV1GG964,Niro EX Premium,,,435404
KIA,2023,0TW5K9A1TEV1HH994,Niro SX,,,435405
KIA,2023,0TW5K9A1TEV1HH993,Niro SX FWD Cityscape Green/Aurora Black Pearl,,,435406
KIA,2023,0TW5K9A1TEV2KK000,Niro PHEV EX,,,435371
KIA,2023,TOW5ZHZ7ZDD523,Niro EV Premium,,,435407
KIA,2023,TOW5ZHZ7ZGG923,Niro EV Premium+,,,435408
KIA,2023,TOW5ZHZ7ZHH605,Niro EV Limited,,,435409
KIA,2023,TOW5ZHZ7ZHH606,Niro EV Limited FWD Snow White Pearl/Steel Grey,,,435410
KIA,2023,THW52G61VDD069,Seltos LX FWD,,,429087
KIA,2023,THW52G61QDD122,Seltos LX AWD,,,429088
KIA,2023,THW52G61VPP234,Seltos EX FWD,,,432706
KIA,2023,THW52G61QPP068,Seltos EX AWD,,,429089
KIA,2023,THW52G61QGG434,Seltos EX Prem. AWD,,,429090
KIA,2023,THW5D2G1XHH587,Seltos SX Turbo AWD Black Int.,,,429091
KIA,2023,THW5D2G1XHH588,Seltos SX Turbo AWD Burgundy Int.,,,429092
KIA,2023,ASW5ZHZ7ZDD0J0,EV6 RWD (SR),,,433927
KIA,2023,ASW5ZHZ7ZGG0O3,EV6 RWD (LR),,,433928
KIA,2023,ASW5YCZ7ZGG0O3,EV6 AWD (LR),,,433929
KIA,2023,ASW5YCZ7ZKK937,"EV6 AWD (LR)
w/ GT Line Pkg 1",,,433930
KIA,2023,ASW5YCZ7ZKK938,"EV6 AWD LR
w/ GT Line Pkg 2",,,433931
KIA,2023,ASW5YDZ7ZHH229,EV6 GT,,,434560
KIA,2023,GYWDL9A1JDD016,Sportage LX FWD,,,427312
KIA,2023,GYWDL9A1KDD016,Sportage LX AWD,,,427313
KIA,2023,GYWDL9A1KDD257,Sportage X-Line,,,427314
KIA,2023,GYWDL9A1KGG736,Sportage EX AWD,,,427315
KIA,2023,GYWDL9A1KGG737,Sportage EX Prem. AWD,,,427316
KIA,2023,GYWDL9A1KGG738,Sportage EX Prem. AWD,,,427317
KIA,2023,GYWDL9A1KHH718,Sportage X-Line Limited,,,427318
KIA,2023,GYWDL9A1KHH741,Sportage X-Line Limited,,,427319
KIA,2023,JWWDD5G1GEV2GG276,Sportage PHEV EX AWD,,,431462
KIA,2023,JWWDD5G1GEV2HH263,Sportage PHEV SX AWD,,,431463
KIA,2023,JWWDD5G1GEV2HH264,Sportage PHEV SX AWD,,,431464
KIA,2023,JWWDD5G1GEV1GG274,Sportage HEV EX AWD,,,428826
KIA,2023,JWWDD5G1GEV1HH029,Sportage HEV SX AWD,,,428827
KIA,2023,JWWDD5G1GEV1HH160,Sportage HEV SX AWD,,,428828
KIA,2023,HYW7L9A1KDD031,Sorento LX+,,,435005
KIA,2023,HYW7L9A1KDD032,Sorento LX Premium,,,435006
KIA,2023,HYW6L9G1NDD033,Sorento X-Line,,,435007
KIA,2023,HYW6L9G1NGG062,Sorento EX,,,435008
KIA,2023,HYW6L9G1NGG065,Sorento EX+,,,435009
KIA,2023,HYW6L9G1NHH063,Sorento SX,,,435010
KIA,2023,HYW6L9G1NHH064,Sorento SX,,,435011
KIA,2023,HCW6D5G1GEV1DD079,Sorento HEV LX HEV AWD,,,432757
KIA,2023,HCW6D5G1GEV1GG906,Sorento HEV EX HEV AWD,,,432758
KIA,2023,HCW6D5G1GEV2KK119,Sorento PHEV EX PHEV AWD,,,432759
KIA,2023,HCW6D5G1GEV2KK120,Sorento PHEV EX+ PHEV AWD,,,432760
KIA,2023,HCW6D5G1GEV2AA579,Sorento PHEV SX PHEV AWD,,,432761
KIA,2023,HCW6D5G1GEV2AA580,Sorento PHEV SX PHEV AWD,,,432762
KIA,2023,S9W8J6A1KGG209,Telluride EX,,,434328
KIA,2023,S9W8J6A1KHH007,Telluride SX AWD,,,434329
KIA,2023,S9W7J6A1KHH358,Telluride SX LIMITED,,,434330
KIA,2023,S9W7J6A1KHH359,Telluride SX LIMITED,,,434331
KIA,2023,S9W7J6A1KHH360,Telluride X-LINE,,,434332
KIA,2023,S9W7J6A1KHH361,Telluride X-LINE Terracotta,,,434333
KIA,2023,S9W7J6A1KHH363,Telluride X-PRO,,,434334
KIA,2023,S9W7J6A1KHH364,Telluride X-PRO,,,434335
KIA,2023,S9W7J6A1KHH365,Telluride X-PRO,,,434336
KIA,2023,HSB8J9A1JDD001,Carnival LX,,,429956
KIA,2023,HSB8J9A1JDD113,Carnival LX+,,,429957
KIA,2023,HSB8J9A1JGG380,Carnival EX,,,429958
KIA,2023,HSB8J9A1JGG411,Carnival EX+,,,429959
KIA,2023,HSB7J9A1JHH204,Carnival SX,,,429960
KIA,2024,DLS42G61VDD208,FORTE4 LX IVT,,,448868
KIA,2024,DLS42G61VGG316,FORTE4 EX IVT,,,448869
KIA,2024,DLS42G61VGG317,FORTE4 EX+ IVT,,,448870
KIA,2024,DLS42G61VGG318,FORTE4 EX Prem. IVT,,,448871
KIA,2024,DLS42G61VHH226,FORTE4 GT-Line IVT,,,448872
KIA,2024,DLS4D2G1UKK111,FORTE4 GT Limited DCT,,,448873
KIA,2024,DJS62G61VMM040,FORTE5 EX IVT,,,448874
KIA,2024,DJS6D2G1ULL341,FORTE5 GT DCT,,,448875
KIA,2024,DJS6D2G1ULL342,FORTE5 GT Limited DCT,,,448876
KIA,2024,SKW52G61VDD314,SOUL LX,,,442495
KIA,2024,SKW52G61VGG864,SOUL EX,,,442496
KIA,2024,SKW52G61VGG865,SOUL EX+,,,442497
KIA,2024,SKW52G61VGG866,SOUL EX Premium,,,442498
KIA,2024,SKW52G61VHH292,SOUL GT-Line Limited,,,442499
KIA,2024,0TW5K9A1TEV1DD210,NIRO LX,,,445965
KIA,2024,0TW5K9A1TEV1GG0QL,NIRO EX,,,445966
KIA,2024,0TW5K9A1TEV1GG0QM,NIRO EX Premium,,,445967
KIA,2024,0TW5K9A1TEV1HH0PA,NIRO SX,,,445968
KIA,2024,0TW5K9A1TEV1HH0PB,Niro SX FWD Cityscape Green/Aurora Black Pearl,,,445969
KIA,2024,0TW5K9A1TEV2KK493,NIRO PHEV EX,,,445970
KIA,2024,TOW5ZHZ7ZDD0CO,NIRO EV Wind,,,442573
KIA,2024,TOW5ZHZ7ZGG0Q4,NIRO EV Wind+,,,442574
KIA,2024,TOW5ZHZ7ZHH01N,NIRO EV Wave,,,442575
KIA,2024,TOW5ZHZ7ZHH01O,NIRO EV Wave FWD Snow White Pearl/Steel Grey,,,442576
KIA,2024,THW52G61VDD330,SELTOS LX FWD,,,439766
KIA,2024,THW52G61QDD247,SELTOS LX AWD,,,439767
KIA,2024,THW52G61VPP000,SELTOS EX FWD,,,443388
KIA,2024,THW52G61QPP245,SELTOS EX AWD,,,439768
KIA,2024,THW52G61QGG05I,SELTOS Ex Prem. AWD,,,439769
KIA,2024,THW5D5G1KHH0MB,SELTOS SX AWD (BLI),,,439770
KIA,2024,THW5D5G1KHH0MC,SELTOS SX AWD (BRI),,,439771
KIA,2024,THW5D5G1KHH0MD,SELTOS X-Line AWD,,,439772
KIA,2024,ASW5ZHZ7ZGG1AN,EV6 Wind RWD,,,447965
KIA,2024,ASW5YCZ7ZGG1AN,EV6 Land AWD,,,447966
KIA,2024,ASW5YCZ7ZKKOE7,EV6 Land AWD w/GT-Line Pkg 1,,,447967
KIA,2024,ASW5YCZ7ZKKOE8,EV6 Land AWD w/GT-Line Pkg 2,,,447968
KIA,2024,ASW5YDZ7ZHH309,EV6 GT AWD,,,447969
KIA,2024,DOW7ZHZ7ZSS013,EV9 Light RWD,,,451213
KIA,2024,DOW7ZHZ7ZDD167,EV9 Wind RWD,,,451214
KIA,2024,DOW7YBZ7ZPP146,EV9 Land AWD,,,451215
KIA,2024,E915ZR,EV9 Land w/Premium Package (MB),,,
KIA,2024,DOW6YBZ7ZKK120,EV9 Land w/Premium Package,,,451216
KIA,2024,DOW6YBZ7ZHH127,EV9 Land w/GT-Line,,,451217
KIA,2024,GYWDL9A1JDD420,Sportage LX FWD,,,447469
KIA,2024,GYWDL9A1KDD420,Sportage LX AWD,,,447470
KIA,2024,GYWDL9A1KDD466,Sportage X-Line AWD,,,447471
KIA,2024,GYWDL9A1KGG0EK,Sportage EX AWD,,,447472
KIA,2024,GYWDL9A1KGG0EL,Sportage EX Premium AWD w/Black Interior,,,447473
KIA,2024,GYWDL9A1KGG0EM,Sportage EX Premium AWD w/Red Interior,,,447474
KIA,2024,GYWDL9A1KHH08A,Sportage X-Line Limited AWD w/Black Interior,,,447475
KIA,2024,GYWDL9A1KHH08B,Sportage X-Line Limited AWD w/Green Interior,,,447475
KIA,2024,JWWDD5G1GEV2GG576,Sportage PHEV EX Premium AWD,,,448865
KIA,2024,JWWDD5G1GEV2HH560,Sportage PHEV SX AWD w/Black Interior,,,448866
KIA,2024,JWWDD5G1GEV2HH561,Sportage PHEV SX AWD w/Red Interior,,,448867
KIA,2024,JWWDD5G1GEV1GG575,Sportage HEV EX AWD,,,448965
KIA,2024,JWWDD5G1GEV1HH412,Sportage HEV SX AWD w/Black Interior,,,448966
KIA,2024,JWWDD5G1GEV1HH559,Sportage HEV SX AWD w/Red Interior,,,448967
KIA,2024,HYW7L9A1KDD047,Sorento LX,,,454110
KIA,2024,HYW6L9G1NGG091,Sorento EX,,,454112
KIA,2024,HYW6L9G1NGG103,Sorento X-Line,,,454111
KIA,2024,HYW6L9G1NHH137,Sorento X-Line Ltd. (Black Int.),,,454113
KIA,2024,HYW6L9G1NHH138,Sorento X-Line Ltd. (Olive Brown Int.),,,454114
KIA,2024,HYW6L9G1NHH135,Sorento X-Pro (Black Int.),,,454115
KIA,2024,HYW6L9G1NHH136,Sorento X-Pro (Olive Brown Int.),,,454116
KIA,2024,HCW6D5G1GEV1DD151,Sorento HEV LX HEV AWD,,,451521
KIA,2024,HCW6D5G1GEV1GG05N,Sorento HEV EX HEV AWD,,,451522
KIA,2024,HCW6D5G1GEV2KK122,Sorento PHEV EX PHEV AWD,,,451517
KIA,2024,HCW6D5G1GEV2KK123,Sorento PHEV EX+ PHEV AWD,,,451518
KIA,2024,HCW6D5G1GEV2AA658,Sorento PHEV SX PHEV AWD,,,451519
KIA,2024,S9W8J6A1KGG219,Telluride EX,,,442765
KIA,2024,S9W8J6A1KHH384,Telluride SX AWD,,,442766
KIA,2024,S9W7J6A1KHH385,Telluride SX Limited w/Black Interior AWD,,,442767
KIA,2024,S9W7J6A1KHH386,Telluride SX Limited w/Mahogany Interior AWD,,,442768
KIA,2024,S9W7J6A1KHH387,Telluride X-LINE,,,442769
KIA,2024,S9W7J6A1KHH388,Telluride X-Line w/Terracotta Brown Interior AWD,,,442770
KIA,2024,S9W7J6A1KHH390,Telluride X-PRO,,,442771
KIA,2024,S9W7J6A1KHH391,Telluride X-Pro w/Terracotta Brown Interior AWD,,,442772
KIA,2024,S9W7J6A1KHH392,Telluride X-Pro w/Sage Green Interior AWD,,,442773
KIA,2024,HSB8J9A1JDD218,Carnival LX,,,439800
KIA,2024,HSB8J9A1JDD219,Carnival LX+,,,439801
KIA,2024,HSB8J9A1JGG0AF,Carnival EX,,,439802
KIA,2024,HSB8J9A1JGG0AG,Carnival EX+,,,439803
KIA,2024,HSB7J9A1JHH345,Carnival SX,,,439804
KIA,2024,EYS4D5G1KDD035,K5 LX,,,442886
KIA,2024,EYS4D5G1KGG060,K5 EX,,,442887
KIA,2024,EYS4D5G1KPP046,K5 GT Line,,,442888
KIA,2024,EYS4L9G1MKK038,K5 GT (BLI),,,442884
KIA,2024,EYS4L9G1MKK039,K5 GT (BRI),,,442885
KIA,2025,8GS42J61VDD027,K4 LX IVT,,,
KIA,2025,8GS42J61VGG116,K4 EX IVT,,,
KIA,2025,8GS42J61VGG230,K4 EX+ IVT,,,
KIA,2025,8GS4D5G1JHH117,K4 GT-Line Turbo,,,
KIA,2025,8GS4D5G1JHH253,K4 GT-Line Turbo Limited,,,
KIA,2025,SKW52G61VDD349,Soul LX,,,
KIA,2025,SKW52G61VGG901,Soul EX,,,
KIA,2025,SKW52G61VGG902,Soul EX+,,,
KIA,2025,SKW52G61VGG903,Soul EX Premium,,,
KIA,2025,SKW52G61VHH297,Soul GT-Line Limited,,,
KIA,2025,0TW5K9A1TEV1DD326,Niro LX,,,
KIA,2025,0TW5K9A1TEV1GG14H,Niro EX,,,
KIA,2025,0TW5K9A1TEV1GG14I,Niro EX Premium,,,
KIA,2025,0TW5K9A1TEV1HH12W,Niro SX,,,
KIA,2025,0TW5K9A1TEV1HH12X,Niro SX FWD Cityscape Green/Aurora Black Pearl,,,
KIA,2025,0TW5K9A1TEV2PP202,Niro PHEV LX,,,
KIA,2025,0TW5K9A1TEV2KK508,Niro PHEV EX,,,
KIA,2025,0TW5K9A1TEV1KK772,Niro PHEV EX Premium,,,
KIA,2025,TOW5ZHZ7ZDD0SY,Niro EV Wind,,,
KIA,2025,TOW5ZHZ7ZGG1B9,Niro EV Wind+,,,
KIA,2025,TOW5ZHZ7ZHH0IS,Niro EV Wave,,,
KIA,2025,TOW5ZHZ7ZHH0IT,Niro EV Wave FWD Snow White Pearl/Steel Grey,,,
KIA,2025,THW52G61VDD388,Seltos LX FWD,,,
KIA,2025,THW52G61QDD389,Seltos LX AWD,,,
KIA,2025,THW52G61VPP276,Seltos EX FWD,,,
KIA,2025,THW52G61QPP277,Seltos EX AWD,,,
KIA,2025,THW52G61QGG0B8,Seltos EX Premium AWD,,,
KIA,2025,THW5D5G1KHH1BY,Seltos SX AWD (Black int.),,,
KIA,2025,THW5D5G1KHH1BZ,Seltos SX AWD (Brown int.),,,
KIA,2025,THW5D5G1KHH1C0,Seltos X-LINE AWD,,,
KIA,2025,7GW5ZHZ7ZDD000,EV6 Light RWD,,,
KIA,2025,7GW5ZHZ7ZGG096,EV6 Wind RWD,,,
KIA,2025,7GW5YCZ7ZGG097,EV6 Land AWD,,,
KIA,2025,7GW5YCZ7ZGG098,EV6 Land w/Premium Package,,,
KIA,2025,7GW5YCZ7ZKK013,EV6 Land w/ GT-Line Package,,,
KIA,2025,7GW5YCZ7ZKK019,EV6 Land w/ GT-Line Limited Package,,,
KIA,2025,DOW7ZHZ7ZSS026,EV9 Light RWD,,,
KIA,2025,DOW7ZHZ7ZDD303,EV9 Wind RWD,,,
KIA,2025,DOW7YBZ7ZPP276,EV9 Land AWD,,,
KIA,2025,DOW7YBZ7ZKK174,EV9 Land AWD w/Plus Pkg,,,
KIA,2025,DOW6YBZ7ZKK175,EV9 Land AWD w/Prem Pkg,,,
KIA,2025,DOW6YBZ7ZHH290,EV9 Land w/GT-Line Pkg,,,
KIA,2025,GYWDL9A1JDD568,Sportage LX FWD,,,
KIA,2025,GYWDL9A1KDD568,Sportage LX AWD,,,
KIA,2025,GYWDL9A1KDD595,Sportage X-Line AWD,,,
KIA,2025,GYWDL9A1KDD650,Sportage X-Line AWD,,,
KIA,2025,GYWDL9A1KGG0M8,Sportage EX AWD,,,
KIA,2025,GYWDL9A1KGG0M9,Sportage EX Premium AWD (Black Int.),,,
KIA,2025,GYWDL9A1KGG0MA,Sportage EX Premium AWD (Red Int.),,,
KIA,2025,GYWDL9A1KHH0IJ,Sportage X-Line Limited (Black Int.),,,
KIA,2025,GYWDL9A1KHH0IK,Sportage X-Line Limited (Green Int.),,,
KIA,2025,GYWDL9A1KHH0M3,Sportage X-Line Limited (Black Int.),,,
KIA,2025,GYWDL9A1KHH0M4,Sportage X-Line Limited (Green Int.),,,
KIA,2025,JWWDD5G1GEV2GG612,Sportage PHEV EX Premium AWD,,,
KIA,2025,JWWDD5G1GEV2HH614,Sportage PHEV SX AWD (Black Int.),,,
KIA,2025,JWWDD5G1GEV2HH615,Sportage PHEV SX AWD (Red Int.),,,
KIA,2025,JWWDD5G1GEV1GG611,Sportage HEV EX AWD,,,
KIA,2025,JWWDD5G1GEV1HH612,Sportage HEV SX AWD (Black int.),,,
KIA,2025,JWWDD5G1GEV1HH613,Sportage HEV SX AWD (Burg. int.),,,
KIA,2025,HYW7L9A1KDD050,Sorento LX,,,
KIA,2025,HYW6L9G1NGG111,Sorento EX,,,
KIA,2025,HYW6L9G1NGG108,Sorento X-Line,,,
KIA,2025,HYW6L9G1NHH148,Sorento X-Line Ltd. (Black Int.),,,
KIA,2025,HYW6L9G1NHH149,Sorento X-Line Ltd. (Olive Brown Int.),,,
KIA,2025,HYW6L9G1NHH150,Sorento X-Pro (Black Int.),,,
KIA,2025,HYW6L9G1NHH151,Sorento X-Pro (Olive Brown Int.),,,
KIA,2025,HCW6D5G1GEV1DD166,Sorento HEV EX HEV AWD,,,
KIA,2025,HCW6D5G1GEV1GG0EQ,Sorento HEV SX HEV AWD,,,
KIA,2025,HCW6D5G1GEV2KK079,Sorento PHEV EX PHEV AWD,,,
KIA,2025,HCW6D5G1GEV2AA807,Sorento PHEV SX PHEV AWD,,,
KIA,2025,S9W8J6A1KGG262,Telluride EX,,,
KIA,2025,S9W8J6A1KHH462,Telluride SX AWD,,,
KIA,2025,S9W7J6A1KHH463,Telluride SX LIMITED,,,
KIA,2025,S9W7J6A1KHH464,Telluride SX LIMITED w/Mahogany Interior,,,
KIA,2025,S9W7J6A1KHH465,Telluride X-Line AWD w/Black Interior,,,
KIA,2025,S9W7J6A1KHH466,Telluride X-Line AWD w/Terracotta Brown Interior,,,
KIA,2025,S9W7J6A1KHH467,Telluride X-Pro AWD w/Black Interior,,,
KIA,2025,S9W7J6A1KHH468,Telluride X-Pro AWD w/Terracotta Brown Interior,,,
KIA,2025,HSB8J9A1JDD265,Carnival LX,,,
KIA,2025,HSB8J9A1JDD266,Carnival LX+,,,
KIA,2025,HSB8J9A1JGG0NY,Carnival EX,,,
KIA,2025,HSB8J9A1JGG0NR,Carnival EX+,,,
KIA,2025,HSB8J9A1JHH380,Carnival SX,,,
KIA,2025,HSB7J9A1JHH383,Carnival SX+,,,
KIA,2025,8SB8D5G1FEV1DD015,Carnival HEV LX+,,,
KIA,2025,8SB8D5G1FEV1GG051,Carnival HEV EX,,,
KIA,2025,8SB7D5G1FEV1HH030,Carnival HEV SX+,,,
KIA,2025,8GS42J61VBS0DD027,K4 LX IVT,,,
KIA,2025,8GS42J61VBS0GG116,K4 EX IVT,,,
KIA,2025,8GS42J61VBS0GG230,K4 EX+ IVT,,,
KIA,2025,8GS4D5G1JBS0HH117,K4 GT-Line Turbo,,,
KIA,2025,8GS4D5G1JBS0HH294,K4 GT-Line Turbo Limited,,,
KIA,2025,SKW52G61VBS0DD349,Soul LX,,,
KIA,2025,SKW52G61VBS0GG912,Soul EX,,,
KIA,2025,SKW52G61VBS0GG913,Soul EX+,,,
KIA,2025,SKW52G61VBS0GG914,Soul EX Premium,,,
KIA,2025,SKW52G61VBS0HH297,Soul GT-Line Limited,,,
KIA,2025,TOW5ZHZ7ZBS0DD0SY,Niro EV Wind,,,
KIA,2025,TOW5ZHZ7ZBS0GG1B9,Niro EV Wind+,,,
KIA,2025,TOW5ZHZ7ZBS0HH0IS,Niro EV Wave,,,
KIA,2025,TOW5ZHZ7ZBS0HH0IT,Niro EV Wave FWD Snow White Pearl/Steel Grey,,,
KIA,2025,THW52G61VBS0DD388,Seltos LX FWD,,,
KIA,2025,THW52G61QBS0DD389,Seltos LX AWD,,,
KIA,2025,THW52G61VBS0PP276,Seltos EX FWD,,,
KIA,2025,THW52G61QBS0PP277,Seltos EX AWD,,,
KIA,2025,THW52G61QBS0GG0B8,Seltos EX Premium AWD,,,
KIA,2025,THW5D5G1KBS0HH1BY,Seltos SX AWD (Black int.),,,
KIA,2025,THW5D5G1KBS0HH1BZ,Seltos SX AWD (Brown int.),,,
KIA,2025,THW5D5G1KBS0HH1C0,Seltos X-LINE AWD,,,
KIA,2025,7GW5ZHZ7ZBS0DD000,EV6 Light RWD,,,
KIA,2025,7GW5ZHZ7ZBS0GG096,EV6 Wind RWD,,,
KIA,2025,7GW5YCZ7ZBS0GG097,EV6 Land AWD,,,
KIA,2025,7GW5YCZ7ZBS0GG098,EV6 Land w/Premium Package,,,
KIA,2025,7GW5YCZ7ZBS0KK013,EV6 Land w/ GT-Line Package,,,
KIA,2025,7GW5YCZ7ZBS0KK019,EV6 Land w/ GT-Line Limited Package,,,
KIA,2025,DOW7ZHZ7ZBS0SS026,EV9 Light RWD,,,
KIA,2025,DOW7ZHZ7ZBS0DD303,EV9 Wind RWD,,,
KIA,2025,DOW7YBZ7ZBS0PP276,EV9 Land AWD,,,
KIA,2025,DOW7YBZ7ZBS0KK174,EV9 Land AWD w/Plus Pkg,,,
KIA,2025,DOW6YBZ7ZBS0KK175,EV9 Land AWD w/Prem Pkg,,,
KIA,2025,DOW6YBZ7ZBS0HH290,EV9 Land w/GT-Line Pkg,,,
KIA,2025,GYWDL9A1JBS0DD568,Sportage LX FWD,,,
KIA,2025,GYWDL9A1KBS0DD568,Sportage LX AWD,,,
KIA,2025,GYWDL9A1KBS0DD650,Sportage X-Line AWD,,,
KIA,2025,GYWDL9A1KBS0GG0M8,Sportage EX AWD,,,
KIA,2025,GYWDL9A1KBS0GG0M9,Sportage EX Premium AWD (Black Int.),,,
KIA,2025,GYWDL9A1KBS0GG0MA,Sportage EX Premium AWD (Red Int.),,,
KIA,2025,GYWDL9A1KBS0HH0M3,Sportage X-Line Limited (Black Int.),,,
KIA,2025,GYWDL9A1KBS0HH0M4,Sportage X-Line Limited (Green Int.),,,
KIA,2025,HYW7L9A1KBS0DD050,Sorento LX,,,
KIA,2025,HYW6L9G1NBS0GG111,Sorento EX,,,
KIA,2025,HYW6L9G1NBS0GG108,Sorento X-Line,,,
KIA,2025,HYW6L9G1NBS0HH148,Sorento X-Line Ltd. (Black Int.),,,
KIA,2025,HYW6L9G1NBS0HH149,Sorento X-Line Ltd. (Olive Brown Int.),,,
KIA,2025,HYW6L9G1NBS0HH150,Sorento X-Pro (Black Int.),,,
KIA,2025,HYW6L9G1NBS0HH151,Sorento X-Pro (Olive Brown Int.),,,
KIA,2025,S9W8J6A1KBS0GG262,Telluride EX,,,
KIA,2025,S9W8J6A1KBS0HH462,Telluride SX AWD,,,
KIA,2025,S9W7J6A1KBS0HH463,Telluride SX LIMITED,,,
KIA,2025,S9W7J6A1KBS0HH464,Telluride SX LIMITED w/Mahogany Interior,,,
KIA,2025,S9W7J6A1KBS0HH465,Telluride X-Line AWD w/Black Interior,,,
KIA,2025,S9W7J6A1KBS0HH466,Telluride X-Line AWD w/Terracotta Brown Interior,,,
KIA,2025,S9W7J6A1KBS0HH467,Telluride X-Pro AWD w/Black Interior,,,
KIA,2025,S9W7J6A1KBS0HH468,Telluride X-Pro AWD w/Terracotta Brown Interior,,,
KIA,2025,HSB8J9A1JBS0DD265,Carnival LX,,,
KIA,2025,HSB8J9A1JBS0DD266,Carnival LX+,,,
KIA,2025,HSB8J9A1JBS0GG0NY,Carnival EX,,,
KIA,2025,HSB8J9A1JBS0GG0NR,Carnival EX+,,,
KIA,2025,HSB8J9A1JBS0HH408,Carnival SX,,,
KIA,2025,HSB7J9A1JBS0HH383,Carnival SX+,,,
KIA,2026,8GS42J61VBS0DD079,K4 LX IVT,,,
KIA,2026,8GS42J61VBS0GG286,K4 EX IVT,,,
KIA,2026,8GS42J61VBS0GG328,K4 EX+ IVT,,,
KIA,2026,8GS42J61VBS0GG370,K4 EX Premium IVT,,,
KIA,2026,8GS4D5G1JBS0HH328,K4 GT-Line Turbo,,,
KIA,2026,8GS4D5G1JBS0HH329,K4 GT-Line Turbo Limited,,,
KIA,2026,8GS4D5G1JBS0HH373,K4 GT-Line Turbo w/ Red Interior,,,
KIA,2026,8GS4D5G1JBS0HH401,K4 GT-Line Turbo Limited w/ Red Interior,,,
KIA,2026,8GS62J61VBS0CC073,K4 (HB) LX IVT,,,
KIA,2026,8GS62J61VBS0EE318,K4 (HB) EX IVT,,,
KIA,2026,8GS62J61VBS0EE320,K4 (HB) EX+ IVT,,,
KIA,2026,8GS62J61VBS0EE431,K4 (HB) EX Premium IVT,,,
KIA,2026,8GS6D5G1JBS0FF326,K4 (HB) GT-Line Turbo,,,
KIA,2026,8GS6D5G1JBS0FF327,K4 (HB) GT-Line Turbo Limited,,,
KIA,2026,8GS6D5G1JBS0FF440,K4 (HB) GT-Line Turbo w/ Red Interior,,,
KIA,2026,8GS6D5G1JBS0FF441,K4 (HB) GT-Line Turbo Limited w/ Red Interior,,,
KIA,2026,0TW5K9A1TEV1DD567,Niro LX,,,
KIA,2026,0TW5K9A1TEV1GG24L,Niro EX,,,
KIA,2026,0TW5K9A1TEV1GG24M,Niro EX Premium,,,
KIA,2026,0TW5K9A1TEV1HH1XK,Niro SX,,,
KIA,2026,0TW5K9A1TEV1HH1XL,Niro SX Cityscape Green/Black,,,
KIA,2026,0TW5K9A1TEV2PP234,Niro PHEV LX,,,
KIA,2026,0TW5K9A1TEV2KK02H,Niro PHEV EX,,,
KIA,2026,0TW5K9A1TEV2KK02I,Niro PHEV EX Premium,,,
KIA,2026,TOW5ZHZBS0DD1MO,Niro EV Wind,,,
KIA,2026,TOW5ZHZ7ZBS0GG2CT,Niro EV Wind+,,,
KIA,2026,TOW5ZHZ7ZBS0HH0ZC,Niro EV Wave,,,
KIA,2026,TOW5ZHZ7ZBS0HH0ZD,Niro EV Wave Snow White Pearl / Grey,,,
KIA,2026,THW52G61VBS0DD425,Seltos LX FWD,,,
KIA,2026,THW52G61QBS0DD426,Seltos LX AWD,,,
KIA,2026,THW52G61VBS0PP288,Seltos EX FWD,,,
KIA,2026,THW52G61QBS0PP289,Seltos EX AWD,,,
KIA,2026,THW52G61QBS0GG0DQ,Seltos EX PREMIUM AWD,,,
KIA,2026,THW5D5G1KBS0HH1M1,Seltos SX AWD (BLK INT),,,
KIA,2026,THW5D5G1KBS0HH1M2,Seltos SX AWD (BRWN INT),,,
KIA,2026,THW5D5G1KBS0HH1M3,Seltos X-LINE AWD,,,
KIA,2026,1ZS4ZHZ7ZBS0DD055,EV4 Light FWD,,,
KIA,2026,1ZS4ZHZ7ZBS0DD056,EV4 Wind FWD,,,
KIA,2026,1ZS4ZHZ7ZBS0GG696,EV4 Wind Premium FWD,,,
KIA,2026,1ZS4ZHZ7ZBS0HH328,EV4 GT-Line FWD,,,
KIA,2026,1ZS4ZHZ7ZBS0HH329,EV4 GT-Line Limited FWD,,,
KIA,2026,DOW7ZHZ7ZBS0SS052,EV9 Light RWD,,,
KIA,2026,DOW7ZHZ7ZBS0DD435,EV9 Wind RWD,,,
KIA,2026,DOW7YBZ7ZBS0PP408,EV9 Land AWD,,,
KIA,2026,DOW7YBZ7ZBS0KK237,EV9 Land AWD w/Plus Pkg,,,
KIA,2026,DOW6YBZ7ZBS0KK243,EV9 Land AWD w/Prem Pkg,,,
KIA,2026,DOW6YBZ7ZBS0HH467,EV9 Land w/GT-Line Pkg,,,
KIA,2026,DOW6YDZ7ZBS0BB0IE,EV9 GT,,,
KIA,2026,GYWDL9A1JBS0DD016,Sportage LX FWD,,,
KIA,2026,GYWDL9A1KBS0DD016,Sportage LX AWD,,,
KIA,2026,GYWDL9A1KBS0DD681,Sportage X-LINE AWD,,,
KIA,2026,GYWDL9A1KBS0GG0TD,Sportage EX AWD,,,
KIA,2026,GYWDL9A1KBS0GG0T4,Sportage EX Premium AWD (Blk Int),,,
KIA,2026,GYWDL9A1KBS0GG0TE,Sportage EX Premium AWD (Red Int),,,
KIA,2026,GYWDL9A1KBS0HH0N4,Sportage X-LINE Limited (BLK Int),,,
KIA,2026,GYWDL9A1KBS0HH0NG,Sportage X-LINE Limited (Brown  Int),,,
KIA,2026,JWWDD5G1GEV2GG751,Sportage Plug-In Hybrid EX AWD,,,
KIA,2026,JWWDD5G1GEV2GG752,Sportage Plug-In Hybrid EX Premium AWD,,,
KIA,2026,JWWDD5G1GEV2HH898,Sportage Plug-In Hybrid SX AWD w/Black Interior,,,
KIA,2026,JWWDD5G1GEV2HH899,Sportage Plug-In Hybrid SX AWD w/Red Interior,,,
KIA,2026,JWWDD5G1GEV1GG749,Sportage Hybrid EX AWD,,,
KIA,2026,JWWDD5G1GEV1GG750,Sportage Hybrid EX Premium AWD,,,
KIA,2026,JWWDD5G1GEV1HH896,Sportage Hybrid SX AWD w/Black Interior,,,
KIA,2026,JWWDD5G1GEV1HH897,Sportage Hybrid SX AWD w/Red Interior,,,
KIA,2026,HCW6D5G1GEV1SS000,Sorento Hybrid LX PHEV AWD,,,
KIA,2026,HCW6D5G1GEV1DD250,Sorento Hybrid EX PHEV AWD,,,
KIA,2026,HCW6D5G1GEV1GG0NM,Sorento Hybrid SX PHEV AWD,,,
KIA,2026,HCW6D5G1GEV2HH446,Sorento Plug-in Hybrid LX PHEV AWD,,,
KIA,2026,HCW6D5G1GEV2KK143,Sorento Plug-in Hybrid EX PHEV AWD,,,
KIA,2026,HCW6D5G1GEV2AA900,Sorento Plug-in Hybrid SX PHEV AWD,,,
KIA,2026,HSB8J9A1JBS0DD298,Carnival LX,,,
KIA,2026,HSB8J9A1JBS0DD328,Carnival LX+,,,
KIA,2026,HSB8J9A1JBS0GG0ZD,Carnival EX,,,
KIA,2026,HSB8J9A1JBS0GG0ZE,Carnival EX+,,,
KIA,2026,HSB8J9A1JBS0HH438,Carnival SX,,,
KIA,2026,HSB7J9A1JBS0HH439,Carnival SX+,,,
KIA,2026,8SB8D5G1FEV1DD044,Carnival HEV LX+,,,
KIA,2026,8SB8D5G1FEV1GG211,Carnival HEV EX,,,
KIA,2026,8SB8D5G1FEV1HH067,Carnival HEV SX,,,
KIA,2026,8SB7D5G1FEV1HH068,Carnival HEV SX+,,,
KIA,2026,THW52G61VDD425,Seltos LX FWD,,,
KIA,2026,THW52G61QDD426,Seltos LX AWD,,,
KIA,2026,THW52G61VPP288,Seltos EX FWD,,,
KIA,2026,THW52G61QPP289,Seltos EX AWD,,,
KIA,2026,THW52G61QGG0DQ,Seltos EX PREMIUM AWD,,,
KIA,2026,THW5D5G1KHH1M1,Seltos SX AWD (BLK INT),,,
KIA,2026,THW5D5G1KHH1M2,Seltos SX AWD (BRWN INT),,,
KIA,2026,THW5D5G1KHH1M3,Seltos X-LINE AWD,,,
KIA,2026,DOW7ZHZ7ZSS052,EV9 Light RWD,,,
KIA,2026,DOW7ZHZ7ZDD435,EV9 Wind RWD,,,
KIA,2026,DOW7YBZ7ZPP408,EV9 Land AWD,,,
KIA,2026,DOW7YBZ7ZKK237,EV9 Land AWD w/Plus Pkg,,,
KIA,2026,DOW6YBZ7ZKK243,EV9 Land AWD w/Prem Pkg,,,
KIA,2026,DOW6YBZ7ZHH467,EV9 Land w/GT-Line Pkg,,,
KIA,2026,DOW6YDZ7ZBB0IE,EV9 GT,,,
KIA,2026,GYWDL9A1JDD016,Sportage LX FWD,,,
KIA,2026,GYWDL9A1KDD016,Sportage LX AWD,,,
KIA,2026,GYWDL9A1KDD681,Sportage X-LINE AWD,,,
KIA,2026,GYWDL9A1KGG0TD,Sportage EX AWD,,,
KIA,2026,GYWDL9A1KGG0T4,Sportage EX Premium AWD (Blk Int),,,
KIA,2026,GYWDL9A1KGG0TE,Sportage EX Premium AWD (Red Int),,,
KIA,2026,GYWDL9A1KHH0N4,Sportage X-LINE Limited (BLK Int),,,
KIA,2026,GYWDL9A1KHH0NG,Sportage X-LINE Limited (Brown  Int),,,
KIA,2026,HSB8J9A1JDD298,Carnival LX,,,
KIA,2026,HSB8J9A1JDD328,Carnival LX+,,,
KIA,2026,HSB8J9A1JGG0ZD,Carnival EX,,,
KIA,2026,HSB8J9A1JGG0ZE,Carnival EX+,,,
KIA,2026,HSB8J9A1JHH438,Carnival SX,,,
KIA,2026,HSB7J9A1JHH439,Carnival SX+,,,
KIA,2026,8GS6D5G1JBS0FF327,K4 (HB) GT-Line Turbo Limited,,,K4957T
KIA,2026,8GS6D5G1JBS0FF441,K4 (HB) GT-Line Turbo Limited w/ Red Interior,,,K4957T
KIA,2026,TOW5ZHZ7ZBS0DD1MO,Niro EV Wind,,,
KIA,2027,X9W5ZHZ7ZBS0GG375,EV5 Light FWD,,,
KIA,2027,X9W5ZHZ7ZBS0GG009,EV5 Wind FWD,,,
KIA,2027,X9W5YLZ7ZBS0GG019,EV5 Wind AWD,,,
KIA,2027,X9W5ZHZ7ZBS0KK015,EV5 Land FWD,,,
KIA,2027,X9W5YLZ7ZBS0KK057,EV5 Land AWD,,,
KIA,2027,X9W5ZHZ7ZBS0HH002,EV5 GT-Line FWD,,,
KIA,2027,X9W5YLZ7ZBS0HH079,EV5 GT-Line AWD,,,
KIA,2027,X9W5ZHZ7ZBS0HH056,EV5 GT-Line Limited FWD,,,
KIA,2027,X9W5YLZ7ZBS0HH239,EV5 GT-Line Limited AWD,,,
KIA,2027,1SW52J61VBS0DD070,Seltos LX FWD,,,
KIA,2027,1SW52J61QBS0DD118,Seltos LX AWD,,,
KIA,2027,1SW52J61QBS0GG06G,Seltos EX AWD,,,
KIA,2027,1SW52J61QBS0GG06H,Seltos EX Premium AWD,,,
KIA,2027,1SW5D5G1KBS0HH0K7,Seltos X-Line AWD,,,
KIA,2027,5HW5D5G1KBS0HH185,Seltos X-Line Limited AWD,,,
KIA,2027,5HW52J61VBS0DD039,Seltos LX FWD,,,
KIA,2027,5HW52J61QBS0DD053,Seltos LX AWD,,,
KIA,2027,5HW52J61QBS0GG233,Seltos EX AWD,,,
KIA,2027,5HW52J61QBS0GG234,Seltos EX Premium AWD,,,
KIA,2027,5HW5D5G1KBS0HH132,Seltos X-Line AWD,,,
KIA,2027,1SW5D5G1KBS0HH0K9,Seltos X-Line Limited AWD,,,
KIA,2027,JWWDD5G1GEV2GG949,Sportage PHEV EX AWD,,,
KIA,2027,JWWDD5G1GEV2GG950,Sportage PHEV EX Premium AWD,,,
KIA,2027,JWWDD5G1GEV2HH964,Sportage PHEV SX AWD (Black Int.),,,
KIA,2027,JWWDD5G1GEV2HH965,Sportage PHEV SX AWD (Red Int.),,,
KIA,2027,JWWDD5G1GEV1GG947,Sportage HEV EX AWD,,,
KIA,2027,JWWDD5G1GEV1GG948,Sportage HEV EX Premium AWD,,,
KIA,2027,JWWDD5G1GEV1HH962,Sportage HEV SX AWD (Black Int.),,,
KIA,2027,JWWDD5G1GEV1HH963,Sportage HEV SX AWD (Red Int.),,,
KIA,2027,HSB8J9A1JBS0DD381,Carnival LX,,,
KIA,2027,HSB8J9A1JBS0DD382,Carnival LX+,,,
KIA,2027,HSB8J9A1JBS0GG1AP,Carnival EX,,,
KIA,2027,HSB8J9A1JBS0GG1AQ,Carnival EX+,,,
KIA,2027,HSB8J9A1JBS0HH469,Carnival SX,,,
KIA,2027,HSB7J9A1JBS0HH470,Carnival SX+,,,
KIA,2027,8SB8D5G1FEV1DD078,Carnival HEV LX,,,
KIA,2027,8SB8D5G1FEV1DD079,Carnival HEV LX+,,,
KIA,2027,8SB8D5G1FEV1GG401,Carnival HEV EX,,,
KIA,2027,8SB8D5G1FEV1HH092,Carnival HEV SX,,,
KIA,2027,8SB7D5G1FEV1HH093,Carnival HEV SX+,,,
KIA,2026,1ZS4ZHZ7ZBS0DD002,EV4 Light FWD,,,
KIA,2026,1ZS4ZHZ7ZBS0DD030,EV4 Wind FWD,,,
KIA,2026,1ZS4ZHZ7ZBS0GG158,EV4 Wind Premium FWD,,,
KIA,2026,GYWDL9A1KBS0DD825,Sportage X-LINE AWD,,,
KIA,2026,GYWDL9A1KBS0HH0RO,Sportage X-LINE Limited (BLK Int),,,
KIA,2026,GYWDL9A1KBS0HH0RP,Sportage X-LINE Limited (Brown  Int),,,
MAZDA,2020,HVXK60,Cx-3 Gx Manual Fwd,,,
MAZDA,2020,HVXK80,Cx-3 Gx Auto Fwd,,,
MAZDA,2020,HVSK80,Cx-3 Gs Auto Fwd,,,
MAZDA,2020,HXXK80,Cx-3 Gx Auto Awd,,,
MAZDA,2020,HXSK80,Cx-3 Gs Auto Awd,,,
MAZDA,2020,HXTK80,Cx-3 Gt Auto Awd,,,
MAZDA,2020,ZVXK80,Cx-30 Gx Fwd,,,
MAZDA,2020,ZVSL80,Cx-30 Gs Fwd,,,
MAZDA,2020,ZXXK80,Cx-30 Gx Awd,,,
MAZDA,2020,ZXSL80,Cx-30 Gs Awd,,,
MAZDA,2020,ZXTN80,Cx-30 Gt Awd,,,
MAZDA,2020,NVXL80,Cx-5 Gx Auto Fwd,,,
MAZDA,2020,NVSN80,Cx-5 Gs Auto Fwd,,,
MAZDA,2020,NXXL80,Cx-5 Gx Auto Awd,,,
MAZDA,2020,NXSN80,Cx-5 Gs Auto Awd,,,
MAZDA,2020,NXTN80,Cx-5 Gt Auto Awd,,,
MAZDA,2020,NXTM80,Cx-5 Gt W/turbo Auto Awd,,,
MAZDA,2020,NXKM80,Cx-5 Signature Auto Awd,,,
MAZDA,2020,QXSM80,Cx-9 Gs Awd,,,
MAZDA,2020,QXLM80,Cx-9 Gs-L Awd,,,
MAZDA,2020,QXTM80,Cx-9 Gt Awd,,,
MAZDA,2020,QXKM80,Cx-9 Signature Awd,,,
MAZDA,2020,DVXK60,Mazda3 Gx Manual Fwd,,,
MAZDA,2020,DVXK80,Mazda3 Gx Auto Fwd,,,
MAZDA,2020,DVSK60,Mazda3 Gs Manual Fwd,,,
MAZDA,2020,DVSL80,Mazda3 Gs Auto Fwd,,,
MAZDA,2020,DVTN80,Mazda3 Gt Auto Fwd,,,
MAZDA,2020,DXSN80,Mazda3 Gs Auto Awd,,,
MAZDA,2020,DXTN80,Mazda3 Gt Auto Awd,,,
MAZDA,2020,SVXK60,Mazda3 Sport Gx Manual Fwd,,,
MAZDA,2020,SVXK80,Mazda3 Sport Gx Auto Fwd,,,
MAZDA,2020,SVSN60,Mazda3 Sport Gs Manual Fwd,,,
MAZDA,2020,SVSN80,Mazda3 Sport Gs Auto Fwd,,,
MAZDA,2020,SXSN80,Mazda3 Sport Gs Auto Awd,,,
MAZDA,2020,SXTN80,Mazda3 Sport Gt Auto Awd,,,
MAZDA,2020,SVTN80,Mazda3 Sport Gt Auto Fwd,,,
MAZDA,2020,SVTN60,Mazda3 Sport Gt Manual Fwd,,,
MAZDA,2020,G4SN80,Mazda6 Gs Auto,,,
MAZDA,2020,G4LN80,Mazda6 Gs-L Auto,,,
MAZDA,2020,G4LM80,Mazda6 Gs-L Turbo Auto,,,
MAZDA,2020,G4TM80,Mazda6 Gt Auto,,,
MAZDA,2020,G4KM80,Mazda6 Signature,,,
MAZDA,2020,L2SK60,Mx-5 Gs Manual,,,
MAZDA,2020,L2SK80,Mx-5 Gs Auto,,,
MAZDA,2020,L2TK60,Mx-5 Gt Manual,,,
MAZDA,2020,L2TK80,Mx-5 Gt Auto,,,
MAZDA,2020,L2PK60,Mx-5 Gs-P Manual,,,
MAZDA,2020,L2PK80,Mx-5 Gs-P Auto,,,
MAZDA,2020,L3TK60,Mx-5 Rf Gt Manual,,,
MAZDA,2020,L3TK80,Mx-5 Rf Gt Auto,,,
MAZDA,2020,L3PK60,Mx-5 Rf Gs-P Manual,,,
MAZDA,2020,L3PK80,Mx-5 Rf Gs-P Auto,,,
MAZDA,2021,HVXK61,Cx-3 Gx Manual Fwd,,,
MAZDA,2021,HVXK81,Cx-3 Gx Auto Fwd,,,
MAZDA,2021,HVSK81,Cx-3 Gs Auto Fwd,,,
MAZDA,2021,HXSK81,Cx-3 Gs Auto Awd,,,
MAZDA,2021,HXTK81,Cx-3 Gt Auto Awd,,,
MAZDA,2021,ZVXK81,Cx-30 Gx Fwd,,,
MAZDA,2021,ZVSL81,Cx-30 Gs Fwd,,,
MAZDA,2021,ZXXK81,Cx-30 Gx Awd,,,
MAZDA,2021,ZXSL81,Cx-30 Gs Awd,,,
MAZDA,2021,ZXTL81,Cx-30 Gt Awd,,,
MAZDA,2021,ZXTM81,Cx-30 Gt W/turbo Awd,,,
MAZDA,2021,NVXL81,Cx-5 Gx Fwd,,,
MAZDA,2021,NVSN81,Cx-5 Gs Fwd,,,
MAZDA,2021,NXXL81,Cx-5 Gx Awd,,,
MAZDA,2021,NXSN81,Cx-5 Gs Awd,,,
MAZDA,2021,NXTN81,Cx-5 Gt Awd,,,
MAZDA,2021,NXTM81,Cx-5 Gt W/turbo Awd,,,
MAZDA,2021,NXKM81,Cx-5 Signature Awd,,,
MAZDA,2021,NXBN81,Cx-5 Kuro Edition Awd,,,
MAZDA,2021,NXEM81,Cx-5 100th Anniversary Edition Awd,,,
MAZDA,2021,QXSM81,Cx-9 Gs Awd,,,
MAZDA,2021,QXLM81,Cx-9 Gs-L Awd,,,
MAZDA,2021,QXTM81,Cx-9 Gt Awd,,,
MAZDA,2021,QXKM81,Cx-9 Signature Awd,,,
MAZDA,2021,QXBM81,Cx-9 Kuro Edition Awd,,,
MAZDA,2021,QXEM81,Cx-9 100th Anniversary Edition Awd,,,
MAZDA,2021,DVXK61,Mazda3 Gx Manual Fwd,,,
MAZDA,2021,DVXK81,Mazda3 Gx Auto Fwd,,,
MAZDA,2021,DVSK61,Mazda3 Gs Manual Fwd,,,
MAZDA,2021,DVSL81,Mazda3 Gs Auto Fwd,,,
MAZDA,2021,DVTL81,Mazda3 Gt Auto Fwd,,,
MAZDA,2021,DXSL81,Mazda3 Gs Auto Awd,,,
MAZDA,2021,DXTL81,Mazda3 Gt Auto Awd,,,
MAZDA,2021,DXTM81,Mazda3 Gt W/turbo Auto Awd,,,
MAZDA,2021,DXEM81,Mazda3 100th Anniversary Edition Auto Awd,,,
MAZDA,2021,SVXK61,Mazda3 Sport Gx Manual Fwd,,,
MAZDA,2021,SVXK81,Mazda3 Sport Gx Auto Fwd,,,
MAZDA,2021,SVSL61,Mazda3 Sport Gs Manual Fwd,,,
MAZDA,2021,SVSL81,Mazda3 Sport Gs Auto Fwd,,,
MAZDA,2021,SVTL81,Mazda3 Sport Gt Auto Fwd,,,
MAZDA,2021,SVTL61,Mazda3 Sport Gt Manual Fwd,,,
MAZDA,2021,SXSL81,Mazda3 Sport Gs Auto Awd,,,
MAZDA,2021,SXTL81,Mazda3 Sport Gt Auto Awd,,,
MAZDA,2021,SXTM81,Mazda3 Sport Gt W/turbo Auto Awd,,,
MAZDA,2021,SXEM81,Mazda3 Sport 100th Anniversary Edition Auto Awd,,,
MAZDA,2021,G4SN81,Mazda6 Gs Auto,,,
MAZDA,2021,G4LN81,Mazda6 Gs-L Auto,,,
MAZDA,2021,G4TN81,Mazda6 Gt Auto,,,
MAZDA,2021,G4KM81,Mazda6 Signature,,,
MAZDA,2021,G4BM81,Mazda6 Kuro Edition,,,
MAZDA,2021,L2SK61,Mx-5 Gs Manual,,,
MAZDA,2021,L2SK81,Mx-5 Gs Auto,,,
MAZDA,2021,L2PK61,Mx-5 Gs-P Manual,,,
MAZDA,2021,L2PK81,Mx-5 Gs-P Auto,,,
MAZDA,2021,L2TK61,Mx-5 Gt Manual,,,
MAZDA,2021,L2TK81,Mx-5 Gt Auto,,,
MAZDA,2021,L2EK61,Mx-5 100th Anniversary Edition Manual,,,
MAZDA,2021,L2EK81,Mx-5 100th Anniversary Edition Auto,,,
MAZDA,2021,L3PK61,Mx-5 Rf Gs-P Manual,,,
MAZDA,2021,L3PK81,Mx-5 Rf Gs-P Auto,,,
MAZDA,2021,L3TK61,Mx-5 Rf Gt Manual,,,
MAZDA,2021,L3TK81,Mx-5 Rf Gt Auto,,,
MAZDA,2021,L3EK61,Mx-5 Rf 100th Anniversary Edition Manual,,,
MAZDA,2021,L3EK81,Mx-5 Rf 100th Anniversary Edition Auto,,,
MAZDA,2022,HVXK62,Cx-3 Gx Manual Fwd,,,
MAZDA,2022,HVXK82,Cx-3 Gx Auto Fwd,,,
MAZDA,2022,HVSK82,Cx-3 Gs Auto Fwd,,,
MAZDA,2022,HXSK82,Cx-3 Gs Auto Awd,,,
MAZDA,2022,HXTK82,Cx-3 Gt Auto Awd,,,
MAZDA,2022,ZXXK82,Cx-30 Gx Awd,,,
MAZDA,2022,ZXSL82,Cx-30 Gs Awd,,,
MAZDA,2022,ZXTL82,Cx-30 Gt Awd,,,
MAZDA,2022,ZXTM82,Cx-30 Gt W/turbo Awd,,,
MAZDA,2022,NXXL82,Cx-5 Gx Awd,,,
MAZDA,2022,NXSN82,Cx-5 Gs Awd,,,
MAZDA,2022,NXBN82,Cx-5 Kuro Edition Awd,,,
MAZDA,2022,NXTN82,Cx-5 Gt Awd,,,
MAZDA,2022,NXKM82,Cx-5 Signature Awd,,,
MAZDA,2022,NXDN82,Cx-5 Sport Design Awd,,,
MAZDA,2022,NXDM82,Cx-5 Sport Design W/turbo Awd,,,
MAZDA,2022,QXSM82,Cx-9 Gs Awd,,,
MAZDA,2022,QXLM82,Cx-9 Gs-L Awd,,,
MAZDA,2022,QXTM82,Cx-9 Gt Awd,,,
MAZDA,2022,QXKM82,Cx-9 Signature Awd,,,
MAZDA,2022,QXBM82,Cx-9 Kuro Edition Awd,,,
MAZDA,2022,DVXK62,Mazda3 Gx Manual Fwd,,,
MAZDA,2022,DVXK82,Mazda3 Gx Auto Fwd,,,
MAZDA,2022,DVSL82,Mazda3 Gs Auto Fwd,,,
MAZDA,2022,DVTL82,Mazda3 Gt Auto Fwd,,,
MAZDA,2022,DXSL82,Mazda3 Gs Auto Awd,,,
MAZDA,2022,DXTL82,Mazda3 Gt Auto Awd,,,
MAZDA,2022,DXTM82,Mazda3 Gt W/turbo Auto Awd,,,
MAZDA,2022,SVXK62,Mazda3 Sport Gx Manual Fwd,,,
MAZDA,2022,SVXK82,Mazda3 Sport Gx Auto Fwd,,,
MAZDA,2022,SVSL62,Mazda3 Sport Gs Manual Fwd,,,
MAZDA,2022,SVSL82,Mazda3 Sport Gs Auto Fwd,,,
MAZDA,2022,SVTL82,Mazda3 Sport Gt Auto Fwd,,,
MAZDA,2022,SVTL62,Mazda3 Sport Gt Manual Fwd,,,
MAZDA,2022,SXSL82,Mazda3 Sport Gs Auto Awd,,,
MAZDA,2022,SXTL82,Mazda3 Sport Gt Auto Awd,,,
MAZDA,2022,SXTM82,Mazda3 Sport Gt W/turbo Auto Awd,,,
MAZDA,2022,KVSB82,Mx-30 Ev Gs Fwd,,,
MAZDA,2022,KVTB82,Mx-30 Ev Gt Fwd,,,
MAZDA,2022,L2SK62,Mx-5 Gs Manual,,,
MAZDA,2022,L2SK82,Mx-5 Gs Auto,,,
MAZDA,2022,L2PK62,Mx-5 Gs-P Manual,,,
MAZDA,2022,L2PK82,Mx-5 Gs-P Auto,,,
MAZDA,2022,L2TK62,Mx-5 Gt Manual,,,
MAZDA,2022,L2TK82,Mx-5 Gt Auto,,,
MAZDA,2022,L3PK62,Mx-5 Rf Gs-P Manual,,,
MAZDA,2022,L3PK82,Mx-5 Rf Gs-P Auto,,,
MAZDA,2022,L3TK62,Mx-5 Rf Gt Manual,,,
MAZDA,2022,L3TK82,Mx-5 Rf Gt Auto,,,
MAZDA,2023,ZXXK83,Cx-30 Gx Awd,,,
MAZDA,2023,ZXSL83,Cx-30 Gs Awd,,,
MAZDA,2023,ZXTL83,Cx-30 Gt Awd,,,
MAZDA,2023,ZXTM83,Cx-30 Gt W/turbo Awd,,,
MAZDA,2023,NXXN83,Cx-5 Gx Awd,,,
MAZDA,2023,NXSN83,Cx-5 Gs Awd,,,
MAZDA,2023,NXBN83,Cx-5 Kuro Edition Awd,,,
MAZDA,2023,NXTN83,Cx-5 Gt Awd,,,
MAZDA,2023,NXKM83,Cx-5 Signature Awd,,,
MAZDA,2023,NXDN83,Cx-5 Sport Design Awd,,,
MAZDA,2023,NXDM83,Cx-5 Sport Design W/turbo Awd,,,
MAZDA,2023,JXLN83,Cx-50 Gs-L Awd,,,
MAZDA,2023,JXTN83,Cx-50 Gt Awd,,,
MAZDA,2023,JXTM83,Cx-50 Gt W/turbo Awd,,,
MAZDA,2023,QXSM83,Cx-9 Gs Awd,,,
MAZDA,2023,QXLM83,Cx-9 Gs-L Awd,,,
MAZDA,2023,QXTM83,Cx-9 Gt Awd,,,
MAZDA,2023,QXKM83,Cx-9 Signature Awd,,,
MAZDA,2023,QXBM83,Cx-9 Kuro Edition Awd,,,
MAZDA,2023,DVXK63,Mazda3 Gx Manual Fwd,,,
MAZDA,2023,DVXK83,Mazda3 Gx Auto Fwd,,,
MAZDA,2023,DVSK83,Mazda3 Gs Auto Fwd,,,
MAZDA,2023,DVTL83,Mazda3 Gt Auto Fwd,,,
MAZDA,2023,DXSL83,Mazda3 Gs Auto Awd,,,
MAZDA,2023,DXTL83,Mazda3 Gt Auto Awd,,,
MAZDA,2023,DXTM83,Mazda3 Gt W/turbo Auto Awd,,,
MAZDA,2023,SVXK63,Mazda3 Sport Gx Manual Fwd,,,
MAZDA,2023,SVXK83,Mazda3 Sport Gx Auto Fwd,,,
MAZDA,2023,SVSK63,Mazda3 Sport Gs Manual Fwd,,,
MAZDA,2023,SVSK83,Mazda3 Sport Gs Auto Fwd,,,
MAZDA,2023,SVTL83,Mazda3 Sport Gt Auto Fwd,,,
MAZDA,2023,SVTL63,Mazda3 Sport Gt Manual Fwd,,,
MAZDA,2023,SXSL83,Mazda3 Sport Gs Auto Awd,,,
MAZDA,2023,SXTL83,Mazda3 Sport Gt Auto Awd,,,
MAZDA,2023,SXTM83,Mazda3 Sport Gt W/turbo Auto Awd,,,
MAZDA,2023,KVSB83,Mx-30 Ev Gs Fwd,,,
MAZDA,2023,KVTB83,Mx-30 Ev Gt Fwd,,,
MAZDA,2023,L2SK63,Mx-5 Gs Manual,,,
MAZDA,2023,L2PK63,Mx-5 Gs-P Manual,,,
MAZDA,2023,L2PK83,Mx-5 Gs-P Auto,,,
MAZDA,2023,L2TK63,Mx-5 Gt Manual,,,
MAZDA,2023,L2TK83,Mx-5 Gt Auto,,,
MAZDA,2023,L3PK63,Mx-5 Rf Gs-P Manual,,,
MAZDA,2023,L3PK83,Mx-5 Rf Gs-P Auto,,,
MAZDA,2023,L3TK63,Mx-5 Rf Gt Manual,,,
MAZDA,2023,L3TK83,Mx-5 Rf Gt Auto,,,
MAZDA,2025,DVXL85,Mazda3 Gx Auto  6at,,AA00,461087
MAZDA,2025,DVSL85,Mazda3 Gs Auto  6at,,AA00,461088
MAZDA,2025,DVSL85,Mazda3 Gs Auto Lux Package Gs-6at Luxury,,LP00,461088
MAZDA,2025,DXSL85,"Mazda3 Gs Auto Awd Lux Package  6at,",,LP00,461090
MAZDA,2025,DVTL85,Mazda3 Gt Auto  6at,,AA00,461089
MAZDA,2025,DXTL85,"Mazda3 Gt At, Awd  6at,",,AA00,461091
MAZDA,2025,DXTM85,"Mazda3 Gt At, Awd, T  6at, Turbo",,AA00,461092
MAZDA,2025,SVXL85,Mazda3 Sport Gx Auto  6at,,AA00,461093
MAZDA,2025,SVSL85,Mazda3 Sport Gs Auto  6at,,AA00,461094
MAZDA,2025,SVSL85,"Mazda3 Sport Gs Auto Lux Package  6at, Luxury",,LP00,461094
MAZDA,2025,SXSL85,"Mazda3 Sport Gs At, Awd Lux Package  6at,",,LP00,461097
MAZDA,2025,SVTL65,Mazda3 Sport Gt Manual  6mt,,AA00,461095
MAZDA,2025,SVTL85,Mazda3 Sport Gt Auto Gt-6at,,AA00,461096
MAZDA,2025,SXTL85,"Mazda3 Sport Gt At, Awd Gt-6at,i-Activ",,AA00,461098
MAZDA,2025,SXTM85,"Mazda3 Sport Gt At, Awd, T Gt-6at, Turbo",,AA00,461099
MAZDA,2025,SXUM85,"Mazda3 Sport Suna At, Awd, T Suna-6at, Turbo",,SE00,461100
MAZDA,2025,L2SK65,Mx-5 Gs 6mt ,,AA00,470171
MAZDA,2025,L2PK65,Mx-5 Gs-P 6mt 6mt,,AA00,470172
MAZDA,2025,L2PK65,Mx-5 Gs-P 6mt 6mt Sport Package,,SP00,470172
MAZDA,2025,L2PK85,Mx-5 Gs-P 6at 6at,,AA00,470173
MAZDA,2025,L2TK65,"Mx-5 Gt 6mt  6mt, Black Leather",,AA00,470174
MAZDA,2025,L2TK85,"Mx-5 Gt 6at  6at, Black Leather",,AA00,470175
MAZDA,2025,L2EK65,"Mx-5 35th Anniversary 6mt  6mt, Tan Leather",,AE35,470780
MAZDA,2025,L3PK65,Mx-5 Rf Gs-P 6mt ,,AA00,469862
MAZDA,2025,L3PK65,Mx-5 Rf Gs-P 6mt  Sport Package,,SP00,469862
MAZDA,2025,L3PK85,Mx-5 Rf Gs-P 6at ,,AA00,469863
MAZDA,2025,L3TK65,"Mx-5 Rf Gt 6mt  6mt, Black Leather",,AA00,469864
MAZDA,2025,L3TK65,"Mx-5 Rf Gt 6mt  6mt, Grand Sport Package",,GR00,469864
MAZDA,2025,L3TK85,"Mx-5 Rf Gt 6at  6at, Black Leather",,AA00,469865
MAZDA,2025,ZXXL85,Cx-30 Gx Auto Awd,,AA00,463053
MAZDA,2025,ZXSL85,Cx-30 Gs Auto Awd,,AA00,463054
MAZDA,2025,ZXSL85,"Cx-30 Gs Auto Awd Awd, Luxury Package",,LP00,463054
MAZDA,2025,ZXTL85,Cx-30 Gt Auto Awd,,AA00,463055
MAZDA,2025,ZXTM85,"Cx-30 Gt Auto Awd, T Turbo",,AA00,463056
MAZDA,2025,ZXUM85,"Cx-30 Gt Auto Awd, T, Suna Turbo",,SE00,463057
MAZDA,2025,NXXL85,"Cx-5 Gx Auto Awd  6at,",,AA00,461688
MAZDA,2025,NXSL85,"Cx-5 Gs Auto Awd  6at,",,AA00,461689
MAZDA,2025,NXSL85,"Cx-5 Gs Auto Awd, Comfort Package  6at, Cd,",,CM00,461689
MAZDA,2025,NXBN85,"Cx-5 Kuro Auto Awd  6at,",,KE00,461690
MAZDA,2025,NXTN85,"Cx-5 Gt Auto Awd  6at,",,AA00,461691
MAZDA,2025,NXDM85,"Cx-5 Sport Design Auto Awd, T  6at,",,SD00,461692
MAZDA,2025,NXUM85,"Cx-5 Suna Auto Awd, T  6at, Awd,t",,SE00,461693
MAZDA,2025,NXKM85,"Cx-5 Signature Auto Awd,t  6at, Awd, T",,AA00,461694
MAZDA,2025,JXLN85,Cx-50 Gs-L Awd,,AA00,461996
MAZDA,2025,JXTN85,Cx-50 Gt Awd,,AA00,461997
MAZDA,2025,JXTM85,"Cx-50 Gt Awd, Turbo",,AA00,461998
MAZDA,2025,JXTM85,"Cx-50 Meridian Awd, Turbo",,MP00,461999
MAZDA,2025,JXTM85,"Cx-50 Meridian Awd, Turbo, Apex Package",,AP00,461999
MAZDA,2025,MXLH85,Cx-50 Gs-L Hybrid,,AA00,462388
MAZDA,2025,MXBH85,Cx-50 Kuro Hybrid,,KE00,462389
MAZDA,2025,MXTH85,Cx-50 Gt Hybrid,,AA00,462390
MAZDA,2025,XXLF85,Cx-70 Gs-L  M Hybrid,,AA00,453634
MAZDA,2025,XXTF85,Cx-70 Gt M Hybrid,,AA00,453635
MAZDA,2025,XXPG85,Cx-70 Gt-P  M Hybrid,,AA00,453636
MAZDA,2025,XXKG85,Cx-70 Signature  M Hybrid,,AA00,453637
MAZDA,2025,YXLP85,Cx-70 Gs-L  Phev,,AA00,453632
MAZDA,2025,YXTP85,Cx-70 Gt  Phev,,AA00,453633
MAZDA,2025,WXSF85,"Cx-90 Gs  M Hybrid Awd,",,AA00,461802
MAZDA,2025,WXLF85,"Cx-90 Gs-L  M Hybrid Awd,",,AA00,461803
MAZDA,2025,WXLF85,"Cx-90 Gs-L  M Hybrid, Captain's Chairs Awd,",,CC00,461803
MAZDA,2025,WXTF85,"Cx-90 Gt M Hybrid Awd,",,AA00,461804
MAZDA,2025,WXTF85,"Cx-90 Gt M Hybrid, Captain's Chairs Awd, Hybrid",,CC00,461804
MAZDA,2025,WXPG85,"Cx-90 Gt-P  M Hybrid Awd,",,AA00,461805
MAZDA,2025,WXPG85,"Cx-90 Gt-P  M Hybrid, Captain's Chairs Awd, Hybrid",,CC00,461805
MAZDA,2025,WXKG85,"Cx-90 Signature  M Hybrid Awd,",,AA00,461806
MAZDA,2025,VXSP85,"Cx-90 Gs  Phev Awd,",,AA00,461700
MAZDA,2025,VXLP85,"Cx-90 Gs-L  Phev Awd,",,AA00,461701
MAZDA,2025,VXTP85,"Cx-90 Gt  Phev Awd,",,AA00,461702
MAZDA,2024,L2SK64,Mx-5 Gs 6mt  Aa00,,,453418
MAZDA,2024,L2PK64,Mx-5 Gs-P 6mt 6mt Aa00,,,453419
MAZDA,2024,L2PK84,Mx-5 Gs-P 6at 6at Aa00,,,453420
MAZDA,2024,L2TK64,"Mx-5 Gt 6mt  6mt, Black Leather Aa00",,,453421
MAZDA,2024,L2TK84,"Mx-5 Gt 6at  6at, Black Leather Aa00",,,453422
MAZDA,2024,L3PK64,Mx-5 Rf Gs-P 6mt  Aa00,,,453423
MAZDA,2024,L3PK84,Mx-5 Rf Gs-P 6at  Aa00,,,453424
MAZDA,2024,L3TK64,"Mx-5 Rf Gt 6mt  6mt, Black Leather Aa00",,,453425
MAZDA,2024,L3TK84,"Mx-5 Rf Gt 6at  6at, Black Leather Aa00",,,453426
MAZDA,2024,KVSB84,Mx-30 Ev Gs Aa00,,,453513
MAZDA,2024,KVTB84,Mx-30 Ev Gt Aa00,,,453514
MAZDA,2024,ZXXL84,Cx-30 Gx Auto Awd Aa00,,,447804
MAZDA,2024,ZXSL84,Cx-30 Gs Auto Awd Aa00,,,447805
MAZDA,2024,ZXTL84,Cx-30 Gt Auto Awd Aa00,,,447806
MAZDA,2024,ZXTM84,"Cx-30 Gt Auto Awd, T Turbo Aa00",,,447807
MAZDA,2024,ZXUM84,"Cx-30 Gt Auto Awd, T, Suna Turbo Se00",,,447808
MAZDA,2024,NXXN84,"Cx-5 Gx Auto Awd  6at, Aa00",,,445370
MAZDA,2024,NXXL84,"Cx-5 Gx Auto Awd W/o Cd  6at, Aa00",,,451113
MAZDA,2024,NXSN84,"Cx-5 Gs Auto Awd  6at, Aa00",,,445371
MAZDA,2024,NXSL84,"Cx-5 Gs Auto Awd W/o Cd  6at, Aa00",,,451114
MAZDA,2024,NXBN84,"Cx-5 Kuro Auto Awd  6at, Ke00",,,445372
MAZDA,2024,NXTN84,"Cx-5 Gt Auto Awd  6at, Aa00",,,445373
MAZDA,2024,NXDM84,"Cx-5 Sport Design Auto Awd, T  6at, Sd00",,,445374
MAZDA,2024,NXUM84,"Cx-5 Suna Auto Awd, T  6at, Awd,t Se00",,,445376
MAZDA,2024,NXKM84,"Cx-5 Signature Auto Awd,t  6at, Awd, T Aa00",,,445375
MAZDA,2024,JXLN84,Cx-50 Gs-L Awd Aa00,,,444168
MAZDA,2024,JXTN84,Cx-50 Gt Awd Aa00,,,444169
MAZDA,2024,JXTM84,"Cx-50 Gt Awd, Turbo Aa00",,,444170
MAZDA,2024,JXTM84,"Cx-50 Meridian Awd, Turbo Mp00",,,444171
MAZDA,2024,WXSF84,"Cx-90 Gs  M Hybrid Awd, Aa00",,,438890
MAZDA,2024,WXLF84,"Cx-90 Gs-L  M Hybrid Awd, Aa00",,,438891
MAZDA,2024,WXTF84,"Cx-90 Gt M Hybrid Awd, Aa00",,,438892
MAZDA,2024,WXPG84,"Cx-90 Gt-P  M Hybrid Awd, Aa00",,,438893
MAZDA,2024,WXKG84,"Cx-90 Signature  M Hybrid Awd, Aa00",,,438894
MAZDA,2024,VXSP84,"Cx-90 Gs  Phev Awd, Aa00",,,438887
MAZDA,2024,VXLP84,"Cx-90 Gs-L  Phev Awd, Aa00",,,438888
MAZDA,2024,VXTP84,"Cx-90 Gt  Phev Awd, Aa00",,,438889
MAZDA,2024,DVXL84,Mazda3 Gx Auto  6at Aa00,,,444021
MAZDA,2024,DVSL84,Mazda3 Gs Auto  6at Aa00,,,444022
MAZDA,2024,DXSL84,"Mazda3 Gs Auto Awd Lux Package  6at, Lp00",,,444024
MAZDA,2024,DVTL84,Mazda3 Gt Auto  6at Aa00,,,444023
MAZDA,2024,DXTL84,"Mazda3 Gt At, Awd  6at, Aa00",,,444025
MAZDA,2024,DXTM84,"Mazda3 Gt At, Awd, T  6at, Turbo Aa00",,,444026
MAZDA,2024,SVXL84,Mazda3 Sport Gx Auto  6at Aa00,,,444918
MAZDA,2024,SVSL84,Mazda3 Sport Gs Auto  6at Aa00,,,444919
MAZDA,2024,SXSL84,"Mazda3 Sport Gs At, Awd Lux Package  6at, Lp00",,,444922
MAZDA,2024,SVTL64,Mazda3 Sport Gt Manual  6mt Aa00,,,444920
MAZDA,2024,SVTL84,Mazda3 Sport Gt Auto Gt-6at Aa00,,,444921
MAZDA,2024,SXTL84,"Mazda3 Sport Gt At, Awd Gt-6at,i-Activ Aa00",,,444923
MAZDA,2024,SXTM84,"Mazda3 Sport Gt At, Awd, T Gt-6at, Turbo Aa00",,,444924
MAZDA,2024,SXUM84,"Mazda3 Sport Suna At, Awd, T Suna-6at, Turbo Se00",,,444925
MAZDA,2026,DVXL86,Mazda3 Gx Auto  6at,,AA00,
MAZDA,2026,DVSL86,Mazda3 Gs Auto  6at,,AA00,
MAZDA,2026,DVSL86,Mazda3 Gs Auto Lux Package Gs-6at Luxury,,LP00,
MAZDA,2026,DXSL86,"Mazda3 Gs Auto Awd Lux Package  6at,",,LP00,
MAZDA,2026,DVTL86,Mazda3 Gt Auto  6at,,AA00,
MAZDA,2026,DXTL86,"Mazda3 Gt At, Awd  6at,",,AA00,
MAZDA,2026,DXTM86,"Mazda3 Gt At, Awd, T  6at, Turbo",,AA00,
MAZDA,2026,SVXL86,Mazda3 Sport Gx Auto  6at,,AA00,
MAZDA,2026,SVSL86,Mazda3 Sport Gs Auto  6at,,AA00,
MAZDA,2026,SVSL86,"Mazda3 Sport Gs Auto Lux Package  6at, Luxury",,LP00,
MAZDA,2026,SXSL86,"Mazda3 Sport Gs At, Awd Lux Package  6at, Luxury Package,",,LP00,
MAZDA,2026,SVTL66,Mazda3 Sport Gt Manual  6mt,,AA00,
MAZDA,2026,SVTL86,Mazda3 Sport Gt Auto Gt-6at,,AA00,
MAZDA,2026,SXTL86,"Mazda3 Sport Gt At, Awd Gt-6at,i-Activ",,AA00,
MAZDA,2026,SXTM86,"Mazda3 Sport Gt At, Awd, T Gt-6at, Turbo",,AA00,
MAZDA,2026,ZXXL86,Cx-30 Gx Auto Awd,,AA00,
MAZDA,2026,ZXSL86,Cx-30 Gs Auto Awd,,AA00,
MAZDA,2026,ZXSL86,Cx-30 Gs Kuro Auto Awd,,KE00,
MAZDA,2026,ZXTL86,Cx-30 Gt Auto Awd,,AA00,
MAZDA,2026,ZXTM86,"Cx-30 Gt Auto Awd, Turbo",,AA00,
MAZDA,2026,ZXTM86,"Cx-30 Gt Kuro Auto Awd, Turbo",,KE00,
MAZDA,2026,XXLF86,Cx-70 Gs-L Hybrid,,AA00,
MAZDA,2026,XXTF86,Cx-70 Gt Hybrid,,AA00,
MAZDA,2026,XXPG86,Cx-70 Gt-P Hybrid,,AA00,
MAZDA,2026,XXKG86,Cx-70 Signature Hybrid,,AA00,
MAZDA,2026,YXCP86,Cx-70 Gs-Sc Phev,,AA00,
MAZDA,2026,YXHP86,Cx-70 Gs-L Sc Phev,,AA00,
MAZDA,2026,YXTP86,Cx-70 Gt Phev,,AA00,
MAZDA,2026,YXKP86,Cx-70 Signature Phev,,AA00,
MAZDA,2026,WXSF86,Cx-90 Hybrid Gs,,AA00,
MAZDA,2026,WXLF86,Cx-90 Hybrid Gs-L,,AA00,
MAZDA,2026,WXLF86,Cx-90 Hybrid Gs-L With Captain's Chairs,,CC00,
MAZDA,2026,WXTF86,Cx-90 Hybrid Gt,,AA00,
MAZDA,2026,WXTF86,Cx-90 Hybrid Gt With Captain's Chairs,,CC00,
MAZDA,2026,WXPG86,Cx-90 Hybrid Gt-P,,AA00,
MAZDA,2026,WXPG86,Cx-90 Hybrid Gt-P With Captain's Chairs,,CC00,
MAZDA,2026,WXKG86,Cx-90 Hybrid Signature,,AA00,
MAZDA,2026,VXSP86,Cx-90 Phev Gs,,AA00,
MAZDA,2026,VXLP86,Cx-90 Phev Gs-L,,AA00,
MAZDA,2026,VXLP86,Cx-90 Phev Gs-L With Captain's Chairs,,CC00,
MAZDA,2026,VXTP86,Cx-90 Phev Gt,,AA00,
MAZDA,2026,VXTP86,Cx-90 Phev Gt With Captain's Chairs,,CC00,
MAZDA,2026,VXKP86,Cx-90 Phev Signature,,AA00,
MAZDA,2026,NXXL86,Cx-5 Gx Awd Gx-6at,,AA00,
MAZDA,2026,NXSL86,Cx-5 Gs Awd Gs-6at,,AA00,
MAZDA,2026,NXTL86,Cx-5 Gt Awd Gt-6at,,AA00,
MAZDA,2026,NXTL86,Cx-5 Gt Awd Panoramic Roof Gt-6at,,PA00,
MAZDA,2026,NXTL86,Cx-5 Gt Awd Premium Gt-6at,,PR00,
MAZDA,2026,L2SK66,Mx-5 Gs 6mt ,,AA00,
MAZDA,2026,L2PK66,Mx-5 Gs-P 6mt 6mt,,AA00,
MAZDA,2026,L2PK66,Mx-5 Gs-P 6mt 6mt Sport Package,,SP00,
MAZDA,2026,L2PK86,Mx-5 Gs-P 6at 6at,,AA00,
MAZDA,2026,L2TK66,Mx-5 Gt 6mt ,,AA00,
MAZDA,2026,L2TK86,Mx-5 Gt 6at ,,AA00,
MAZDA,2026,L3PK66,Mx-5 Rf Gs-P 6mt ,,AA00,
MAZDA,2026,L3PK66,Mx-5 Rf Gs-P 6mt  Sport Package,,SP00,
MAZDA,2026,L3PK86,Mx-5 Rf Gs-P 6at ,,AA00,
MAZDA,2026,L3TK66,Mx-5 Rf Gt 6mt ,,AA00,
MAZDA,2026,L3TK66,"Mx-5 Rf Gt 6mt  6mt, Grand Sport Package",,GR00,
MAZDA,2026,L3TK86,Mx-5 Rf Gt 6at ,,AA00,
GENESIS,2023,G714AA20DX53,G70 2.0t Select Awd,,,427598
GENESIS,2023,G714AA20DX61,G70 2.0t Advanced Awd,,,427599
GENESIS,2023,G714AA20DX63,G70 2.0t Prestige Awd,,,427600
GENESIS,2023,G714AA33DX61,G70 3.3t Advanced Awd,,,427601
GENESIS,2023,G714AA33DX60,G70 3.3t Sport Awd,,,427602
GENESIS,2023,V71SAA25KL53,Gv70 2.5t Select Awd,,,427669
GENESIS,2023,V71SAA25KL61,Gv70 2.5t Advanced Awd,,,427670
GENESIS,2023,V71SAA25KLAE,Gv70 2.5t Advanced Plus Awd,,,427671
GENESIS,2023,V71SAA25KL63,Gv70 2.5t Prestige Awd,,,427672
GENESIS,2023,V71SAA35KL60,Gv70 3.5t Sport Awd,,,427673
GENESIS,2023,V71SAA35KLAF,Gv70 3.5t Sport Plus Awd,,,427674
GENESIS,2023,V71SEAEMEX63,Electric Gv70 Prestige Awd,,,437559
GENESIS,2023,G834AA25DL58,G80 2.5t Advanced Awd,,,428568
GENESIS,2023,G834AA35DL60,G80 3.5t Sport Awd,,,428569
GENESIS,2023,G834AA35DLAF,G80 3.5t Sport Plus Awd,,,428570
GENESIS,2023,G834EAEMEXAS,Electric G80 Prestige Awd,,,433617
GENESIS,2023,V61SEAEMEL61,Gv60 Advanced Awd,,,426985
GENESIS,2023,V61SEAEMELAR,Gv60 Performance Awd,,,426986
GENESIS,2023,V61SEAEMELAQ,Gv60 Performance Awd W/navy Interior,,,426987
GENESIS,2023,V81SAA25DL53,Gv80 2.5t Select Awd,,,427690
GENESIS,2023,V81SAA25DL58,Gv80 2.5t Advanced Awd,,,427691
GENESIS,2023,V81SAA35DL59,Gv80 3.5t Advanced Awd 7-Passenger,,,427692
GENESIS,2023,V81SAA35DLAN,Gv80 3.5t Advanced Awd 7-Passenger W/matte Paint,,,427693
GENESIS,2023,V81SAA35DL75,Gv80 3.5t Prestige Awd 7-Passenger,,,427694
GENESIS,2023,V81SAA35DLAO,Gv80 3.5t Prestige Awd 7-Passenger W/matte Paint,,,427695
GENESIS,2023,V81SAA35DLAM,Gv80 3.5t Prestige Awd 5-Passenger,,,427696
GENESIS,2023,V81SAA35DLAP,Gv80 3.5t Prestige Awd 5-Passenger W/matte Paint,,,427697
GENESIS,2023,V81SAA35DLAX,Gv80 3.5t Advanced Awd 5-Passenger,,,428531
GENESIS,2023,V81SAA35DLAY,Gv80 3.5t Advanced Awd 5-Passenger W/matte Paint,,,428532
GENESIS,2023,G934AA35DX63,G90 3.5t Prestige Awd,,,432198
GENESIS,2019,G714MR20DX60,G70 2.0t Sport Rwd,,,399731
GENESIS,2019,G714AA20DX61,G70 2.0t Advanced Awd,,,399732
GENESIS,2019,G714AA20DX62,G70 2.0t Elite Awd,,,399733
GENESIS,2019,G714AA20DX63,G70 2.0t Prestige Awd,,,399734
GENESIS,2019,G714AA33DX64,G70 3.3t Dynamic Awd,,,399735
GENESIS,2019,G714AA33DX60,G70 3.3t Sport Awd,,,399736
GENESIS,2019,G824AA38BX55,G80 3.8 Technology Awd,,,401221
GENESIS,2019,G824AA33DX60,G80 3.3t Sport Awd,,,401222
GENESIS,2019,G824AA50BX20,G80 5.0 Ultimate Awd,,,401223
GENESIS,2019,G924AA33DX24,G90 3.3t Awd,,,401225
GENESIS,2019,G924AA50BX25,G90 5.0 Awd,,,401226
GENESIS,2019,G924AA50BX30,G90 5.0 Awd W/rear Seat Entertainment,,,401227
GENESIS,2020,G714MR20DX60,G70 2.0t Sport Rwd,,,406733
GENESIS,2020,G714AA20DX61,G70 2.0t Advanced Awd,,,406734
GENESIS,2020,G714AA20DX62,G70 2.0t Elite Awd,,,406735
GENESIS,2020,G714AA20DX63,G70 2.0t Prestige Awd,,,406736
GENESIS,2020,G714AA33DX60,G70 3.3t Sport Awd,,,406737
GENESIS,2020,G714AA33DX63,G70 3.3t Prestige Awd,,,406738
GENESIS,2020,G824AA38BX55,G80 3.8 Technology Awd,,,406610
GENESIS,2020,G824AA33DX60,G80 3.3t Sport Awd,,,406611
GENESIS,2020,G824AA50BX20,G80 5.0 Ultimate Awd,,,406612
GENESIS,2020,G924AA33DX71,G90 3.3t Awd,,,409117
GENESIS,2020,G924AA50BX72,G90 5.0 Prestige Awd,,,409118
GENESIS,2020,G924AA50BX73,G90 5.0 Prestige Awd W/rear Seat Entertainment,,,409119
GENESIS,2021,G714MR20DX60,G70 2.0t Sport Rwd,,,413279
GENESIS,2021,G714AA20DX61,G70 2.0t Advanced Awd,,,413280
GENESIS,2021,G714AA20DX62,G70 2.0t Elite Awd,,,413281
GENESIS,2021,G714AA20DX63,G70 2.0t Prestige Awd,,,413282
GENESIS,2021,G714AA33DX71,G70 3.3t Prestige Awd,,,413283
GENESIS,2021,G714AA33DX60,G70 3.3t Sport Awd,,,413284
GENESIS,2021,G834AA25DX58,G80 2.5t Advanced Awd,,,416212
GENESIS,2021,G834AA35DX75,G80 3.5t Prestige Awd,,,416213
GENESIS,2021,V81SAA25DX53,Gv80 2.5t Select Awd,,,414822
GENESIS,2021,V81SAA25DX58,Gv80 2.5t Advanced Awd,,,414823
GENESIS,2021,V81SAA35DX59,Gv80 3.5t Advanced Awd,,,414824
GENESIS,2021,V81SAA35DX75,Gv80 3.5t Prestige Awd,,,414825
GENESIS,2021,G924AA50BX72,G90 5.0 Prestige Awd,,,416444
GENESIS,2021,G924AA50BX73,G90 5.0 Prestige Awd W/rear Seat Entertainment,,,416445
GENESIS,2022,G714AA20DX61,G70 2.0t Sport Rwd,,,420472
GENESIS,2022,G714AA20DX63,G70 2.0t Prestige Awd,,,420473
GENESIS,2022,G714AA33DX60,G70 3.3t Sport Awd,,,420474
GENESIS,2022,G714AA20DX53,G70 2.0t Select Awd,,,420475
GENESIS,2022,G714AA33DX61,G70 3.3t Advanced Awd,,,420476
GENESIS,2022,G714AA33DX32,G70 3.3t Sport Launch-Edition Edition Awd,,,420477
GENESIS,2022,V71SAA25KX53,Gv70 2.5t Select Awd,,,422490
GENESIS,2022,V71SAA25KX61,Gv70 2.5t Advanced Awd,,,422491
GENESIS,2022,V71SAA25KXAE,Gv70 2.5t Advanced Plus Awd,,,422492
GENESIS,2022,V71SAA25KX63,Gv70 2.5t Prestige Awd,,,422493
GENESIS,2022,V71SAA35KX60,Gv70 3.5t Sport Awd,,,422494
GENESIS,2022,V71SAA35KXAF,Gv70 3.5t Sport Plus Awd,,,422495
GENESIS,2022,V71SAA25KL53,Gv70 2.5t Select Awd,,,427028
GENESIS,2022,V71SAA25KL61,Gv70 2.5t Advanced Awd,,,427029
GENESIS,2022,V71SAA25KLAE,Gv70 2.5t Advanced Plus Awd,,,427030
GENESIS,2022,V71SAA25KL63,Gv70 2.5t Prestige Awd,,,427031
GENESIS,2022,V71SAA35KL60,Gv70 3.5t Sport Awd,,,427032
GENESIS,2022,V71SAA35KLAF,Gv70 3.5t Sport Plus Awd,,,427033
GENESIS,2022,G834AA25DL58,G80 2.5t Advanced Awd,,,424444
GENESIS,2022,G834AA35DL60,G80 3.5t Sport Awd,,,424445
GENESIS,2022,G834AA35DLAF,G80 3.5t Sport Plus Awd,,,424446
GENESIS,2022,V81SAA25DX53,Gv80 2.5t Select Awd,,,425256
GENESIS,2022,V81SAA25DX58,Gv80 2.5t Advanced Awd,,,425257
GENESIS,2022,V81SAA35DX59,Gv80 3.5t Advanced Awd,,,425258
GENESIS,2022,V81SAA35DX75,Gv80 3.5t Prestige Awd,,,425259
GENESIS,2022,V81SAA35DXAN,Gv80 3.5t Advanced Awd W/matte Paint,,,427067
GENESIS,2022,V81SAA35DXAO,Gv80 3.5t Prestige Awd W/matte Paint,,,427068
GENESIS,2022,V81SAA25DL53,Gv80 2.5t Select Awd,,,427069
GENESIS,2022,V81SAA25DL58,Gv80 2.5t Advanced Awd,,,427070
GENESIS,2022,V81SAA35DL59,Gv80 3.5t Advanced Awd,,,427071
GENESIS,2022,V81SAA35DLAN,Gv80 3.5t Advanced Awd W/matte Paint,,,427072
GENESIS,2022,V81SAA35DL75,Gv80 3.5t Prestige Awd,,,427073
GENESIS,2022,V81SAA35DLAO,Gv80 3.5t Prestige Awd W/matte Paint,,,427074
GENESIS,2022,G924AA50BX63,G90 5.0 Prestige Awd,,,422410
GENESIS,2022,G924AA50BXAG,G90 5.0 Prestige Awd W/rse,,,422411
GENESIS,2022,G924AA50BX72,G90 5.0 Prestige Awd W/multi-Spoke Wheel,,,422412
GENESIS,2022,G924AA50BX73,G90 5.0 Prestige Awd W/rse/multi-Spoke Wheel,,,422413
GENESIS,2025,G8CS4K2DGA00,G80 2.5t Advanced Awd,,,466610
GENESIS,2025,G8CS4K3BGSAU,G80 3.5t Sport Plus Awd,,,466611
GENESIS,2025,G7CS4K2DGA00,G70 2.5t Advanced Awd,,,455533
GENESIS,2025,G7CS4K2DGP00,G70 2.5t Prestige Awd,,,455534
GENESIS,2025,G7CS4K3AGA00,G70 3.3t Advanced Awd,,,455535
GENESIS,2025,G7CS4K3AGS00,G70 3.3t Sport Awd,,,455536
GENESIS,2025,G9CS4K3BXXPS,G90 E-Sc Prestige Awd,,,463358
GENESIS,2025,V6EW5ZE227AD,Gv60 Advanced Awd,,,461704
GENESIS,2025,V6EW5ZE127AR,Gv60 Performance Awd,,,461705
GENESIS,2025,V6EW5ZE127PF,Gv60 Performance Awd W/navy Interior,,,461706
GENESIS,2025,V7CW5K2D27AD,Gv70 2.5t Advanced,,,455516
GENESIS,2025,V7CW5K2DGAAU,Gv70 2.5t Advanced Plus,,,455517
GENESIS,2025,V7CW5K2DGP00,Gv70 2.5t Prestige,,,455518
GENESIS,2025,V7CW5K3BGS00,Gv70 3.5t Sport,,,455519
GENESIS,2025,V7CW5K3BGSBE,Gv70 3.5t Sport Plus With-Lsd,,,455520
GENESIS,2025,V7EW5ZE1GP00,Electric Gv70 Prestige Awd,,,463311
GENESIS,2025,V7EW5ZE1GA00,Electric Gv70 Advanced Awd,,,463312
GENESIS,2025,V7EW5ZE1GAAU,Electric Gv70 Advanced Plus Awd,,,463313
GENESIS,2025,V8CW5K2DGA00,Gv80 2.5t Advanced Awd 5-Passenger,,,459749
GENESIS,2025,V8CW7K3BGA55,Gv80 3.5t Advanced With-Technology Package Awd 7-Passenger,,,459750
GENESIS,2025,V8CW7K3BGP00,Gv80 3.5t Prestige Awd 7-Passenger,,,459751
GENESIS,2025,V8CW5K2DGA55,Gv80 2.5t Advanced With-Technology Package Awd 5-Passenger,,,459752
GENESIS,2025,V8CC7K3BGP00,Gv80 Coupe 3.5t E-Sc Awd,,,460325
GENESIS,2024,G7CS4K2DGA00,G70 2.5t Advanced Awd,,,452610
GENESIS,2024,G7CS4K2DGP00,G70 2.5t Prestige Awd,,,452611
GENESIS,2024,G7CS4K3AGA00,G70 3.3t Advanced Awd,,,452612
GENESIS,2024,G7CS4K3AGS00,G70 3.3t Sport Awd,,,452613
GENESIS,2024,G8CS4K2DGA00,G80 2.5t Advanced Awd,,,444087
GENESIS,2024,G8CS4K3BGSAU,G80 3.5t Sport Plus Awd,,,444088
GENESIS,2024,G8ES4ZE1GP00,Electric G80 Awd,,,450310
GENESIS,2024,G9CS4K3BXXPS,G90 E-Sc Prestige Awd,,,450256
GENESIS,2024,V6EW5ZE227AD,Gv60 Advanced Awd,,,444967
GENESIS,2024,V6EW5ZE127AR,Gv60 Performance Awd,,,444968
GENESIS,2024,V6EW5ZE127PF,Gv60 Performance Awd W/navy Interior,,,444969
GENESIS,2024,V7CW5K2D27AD,Gv70 2.5t Advanced,,,447829
GENESIS,2024,V7CW5K2DGAAU,Gv70 2.5t Advanced Plus,,,447830
GENESIS,2024,V7CW5K2DGP00,Gv70 2.5t Prestige,,,447831
GENESIS,2024,V7CW5K3BGS00,Gv70 3.5t Sport,,,447832
GENESIS,2024,V7CW5K3BGSAF,Gv70 3.5t Sport Plus Without Lsd,,,447833
GENESIS,2024,V7CW5K3BGSBE,Gv70 3.5t Sport Plus With-Lsd,,,447834
GENESIS,2024,V71SEAEMEX63,Electric Gv70 Prestige Awd,,,447828
GENESIS,2024,V8CW5K2DGA00,Gv80 2.5t Advanced Awd,,,438592
GENESIS,2024,V8CW5K3BGPAM,Gv80 3.5t Advanced Awd 5-Passenger,,,438597
GENESIS,2024,V8CW5K3BGPAP,Gv80 3.5t Advanced Awd 5-Passenger W/matte Paint,,,438598
GENESIS,2024,V8CW5K3BGAAX,Gv80 3.5t Prestige Awd 5-Passenger,,,438593
GENESIS,2024,V8CW5K3BGAAY,Gv80 3.5t Prestige Awd 5-Passenger W/matte Paint,,,438594
GENESIS,2024,V8CW7K3BGP00,Gv80 3.5t Prestige Awd 7-Passenger,,,438595
GENESIS,2024,V8CW7K3BGPAO,Gv80 3.5t Prestige Awd 7-Passenger W/matte Paint,,,438596
GENESIS,2025,G834AA25DX58,G80 2.5t Advanced Awd,,,466610
GENESIS,2025,G834AA35DXAF,G80 3.5t Sport Plus Awd,,,466611
GENESIS,2025,G714AA25DX61,G70 2.5t Advanced Awd,,,455533
GENESIS,2025,G714AA25DX63,G70 2.5t Prestige Awd,,,455534
GENESIS,2025,G714AA33DX61,G70 3.3t Advanced Awd,,,455535
GENESIS,2025,G714AA33DX60,G70 3.3t Sport Awd,,,455536
GENESIS,2025,G934AA35LX63,G90 E-Sc Prestige Awd,,,463358
GENESIS,2025,V61SEAEMEL61,Gv60 Advanced Awd,,,461704
GENESIS,2025,V61SEAEMELAR,Gv60 Performance Awd,,,461705
GENESIS,2025,V61SEAEMELAQ,Gv60 Performance Awd W/navy Interior,,,461706
GENESIS,2025,V71SAA25KL61,Gv70 2.5t Advanced,,,455516
GENESIS,2025,V71SAA25KXAE,Gv70 2.5t Advanced Plus,,,455517
GENESIS,2025,V71SAA25KX63,Gv70 2.5t Prestige,,,455518
GENESIS,2025,V71SAA35KX60,Gv70 3.5t Sport,,,455519
GENESIS,2025,V71SAA35KXBE,Gv70 3.5t Sport Plus With-Lsd,,,455520
GENESIS,2025,V71SEAEMEX63,Electric Gv70 Prestige Awd,,,463311
GENESIS,2025,V71SEAEMEX61,Electric Gv70 Advanced Awd,,,463312
GENESIS,2025,V71SEAEMEXAE,Electric Gv70 Advanced Plus Awd,,,463313
GENESIS,2025,V81SAA25DX58,Gv80 2.5t Advanced Awd 5-Passenger,,,459749
GENESIS,2025,V81SAA35DXBL,Gv80 3.5t Advanced With-Technology Package Awd 7-Passenger,,,459750
GENESIS,2025,V81SAA35DX75,Gv80 3.5t Prestige Awd 7-Passenger,,,459751
GENESIS,2025,V81SAA25DXBK,Gv80 2.5t Advanced With-Technology Package Awd 5-Passenger,,,459752
GENESIS,2025,V81CAA35LX63,Gv80 Coupe 3.5t E-Sc Awd,,,460325
GENESIS,2024,G714AA25DX61,G70 2.5t Advanced Awd,,,452610
GENESIS,2024,G714AA25DX63,G70 2.5t Prestige Awd,,,452611
GENESIS,2024,G714AA33DX61,G70 3.3t Advanced Awd,,,452612
GENESIS,2024,G714AA33DX60,G70 3.3t Sport Awd,,,452613
GENESIS,2024,G834AA25DX58,G80 2.5t Advanced Awd,,,444087
GENESIS,2024,G834AA35DXAF,G80 3.5t Sport Plus Awd,,,444088
GENESIS,2024,G834EAEMEXAS,Electric G80 Awd,,,450310
GENESIS,2024,G934AA35LX63,G90 E-Sc Prestige Awd,,,450256
GENESIS,2024,V61SEAEMEL61,Gv60 Advanced Awd,,,444967
GENESIS,2024,V61SEAEMELAR,Gv60 Performance Awd,,,444968
GENESIS,2024,V61SEAEMELAQ,Gv60 Performance Awd W/navy Interior,,,444969
GENESIS,2024,V71SAA25KL61,Gv70 2.5t Advanced,,,447829
GENESIS,2024,V71SAA25KXAE,Gv70 2.5t Advanced Plus,,,447830
GENESIS,2024,V71SAA25KX63,Gv70 2.5t Prestige,,,447831
GENESIS,2024,V71SAA35KX60,Gv70 3.5t Sport,,,447832
GENESIS,2024,V71SAA35KXAF,Gv70 3.5t Sport Plus Without Lsd,,,447833
GENESIS,2024,V71SAA35KXBE,Gv70 3.5t Sport Plus With-Lsd,,,447834
GENESIS,2024,V81SAA25DX58,Gv80 2.5t Advanced Awd,,,438592
GENESIS,2024,V81SAA35DXAX,Gv80 3.5t Advanced Awd 5-Passenger,,,438597
GENESIS,2024,V81SAA35DXAY,Gv80 3.5t Advanced Awd 5-Passenger W/matte Paint,,,438598
GENESIS,2024,V81SAA35DXAM,Gv80 3.5t Prestige Awd 5-Passenger,,,438593
GENESIS,2024,V81SAA35DXAP,Gv80 3.5t Prestige Awd 5-Passenger W/matte Paint,,,438594
GENESIS,2024,V81SAA35DX75,Gv80 3.5t Prestige Awd 7-Passenger,,,438595
GENESIS,2024,V81SAA35DXAO,Gv80 3.5t Prestige Awd 7-Passenger W/matte Paint,,,438596
GENESIS,2026,G7CS4K2DGA00,G70 2.5t Advanced Awd,,,475088
GENESIS,2026,G7CS4K2DGP00,G70 2.5t Prestige,,,475089
GENESIS,2026,G7CS4K3AGS00,G70 3.3t Sport,,,475090
GENESIS,2026,G8CS4K2DGA00,G80 2.5t Advanced Awd,,,479262
GENESIS,2026,G8CS4K3BGS00,G80 3.5t Sport Awd,,,479263
GENESIS,2026,G8CS4K3BGPBL,G80 3.5t Prestige Black-Package Awd,,,479264
GENESIS,2026,G9CS4K3BGP00,G90 E-Sc Prestige Awd,,,479289
GENESIS,2026,G9CS4K3BGPAW,G90 E-Sc Prestige Ash Wood Awd,,,479290
GENESIS,2026,G9CS4K3BGPBL,G90 E-Sc Prestige Black-Package Awd,,,479291
GENESIS,2026,V7CW5K2DGA00,Gv70 2.5t Advanced Awd,,,470386
GENESIS,2026,V7CW5K2DGA55,Gv70 2.5t Advanced Technology Package Awd,,,470387
GENESIS,2026,V7CW5K2DGP00,Gv70 2.5t Prestige Awd,,,470388
GENESIS,2026,V7CW5K3BGS00,Gv70 3.5t Sport Quilting Awd,,,470389
GENESIS,2026,V7CW5K3BGSAU,Gv70 3.5t Sport Suede Awd,,,473370
GENESIS,2026,V6EW5ZE2GWAE,Gv60 Advanced Awd,,,481700
GENESIS,2026,V6EW5ZE2GW00,Gv60 Awd,,,481701
GENESIS,2026,V6EW5ZE1GZ00,Gv60 +,,,481702
GENESIS,2026,V6EW5ZE1GZSP,Gv60 Sport,,,481703
GENESIS,2026,V7EW5ZE1GA00,Electric Gv70 Advanced Awd,,,481478
GENESIS,2026,V7EW5ZE1GP00,Electric Gv70 Prestige Awd,,,481479
GENESIS,2026,V8CW5K2DGA00,Gv80 2.5t Advanced Awd 5-Passenger,,,479284
GENESIS,2026,V8CW5K2DGA55,Gv80 2.5t Advanced With-Technology Package Awd 5-Passenger,,,479285
GENESIS,2026,V8CW7K3BGA55,Gv80 3.5t Advanced With-Technology Package Awd 7-Passenger,,,479286
GENESIS,2026,V8CW7K3BGP00,Gv80 3.5t Prestige Awd 7-Passenger,,,479287
GENESIS,2026,V8CW7K3BGPBL,Gv80 3.5t Prestige Awd 7-Passenger Black-Package,,,479288
GENESIS,2026,V8CC7K3BGP00,Gv80 Coupe 3.5t E-Sc Awd,,,479433
GENESIS,2026,V8CC7K3BGPBL,Gv80 Coupe 3.5t E-Sc Prestige Black-Package Awd,,,479434
GENESIS,2026,G7CS4K3AGSGR,G70 3.3t Graphite Special-Edition Edition Awd,,,484079
GENESIS,2027,G8CS4K2DGA00,Gv80 2.5t Advanced Awd,,,485691
GENESIS,2027,G8CS4K3BGS00,Gv80 3.5t Sport Awd,,,485692
GENESIS,2027,G8CS4K3BGPBL,Gv80 3.5t Prestige Black-Package Awd,,,485693
GENESIS,2027,V7CW5K2DGB00,Gv70 2.5t Select,,,487533
GENESIS,2027,V7CW5K2DGA00,Gv70 2.5t Advanced,,,487530
GENESIS,2027,V7CW5K2DGA58,Gv70 2.5t Advanced Technology Package,,,487531
GENESIS,2027,V7CW5K2DGP00,Gv70 2.5t Prestige,,,487532
GENESIS,2027,V7CW5K3BGPSP,Gv70 3.5t Prestige Sport,,,487534
GENESIS,2027,V7CW5K3BGPGR,Gv70 3.5t Prestige Graphite,,,487535
GENESIS,2027,V7EW5ZE1GP00,Electric Gv70 Prestige Awd,,,487304
MITSUBISHI,2024,CG44-A,Mirage Es Cvt,,,443870
MITSUBISHI,2024,CG44-N,Mirage Noir Cvt,,,443872
MITSUBISHI,2024,CG44-T,Mirage Gt Cvt,,,443871
MITSUBISHI,2024,CS45-A,Rvr Es Ta,,,446465
MITSUBISHI,2024,CS45-B,Rvr Es Awc,,,446466
MITSUBISHI,2024,CS45-E,Rvr Se Awc,,,446467
MITSUBISHI,2024,CS45-G,Rvr Sel Awc,,,446468
MITSUBISHI,2024,CS45-N,Rvr Noir Awc,,,446470
MITSUBISHI,2024,CS45-Z,Rvr Gt Awc,,,446469
MITSUBISHI,2024,CE45-B,Eclipse Cross Es Awc,,,439265
MITSUBISHI,2024,CE45-F,Eclipse Cross Se Awc,,,439266
MITSUBISHI,2024,CE45-G,Eclipse Cross Sel Awc,,,439267
MITSUBISHI,2024,CE45-N,Eclipse Cross Noir Awc,,,447971
MITSUBISHI,2024,CE45-X,Eclipse Cross Gt Awc,,,439268
MITSUBISHI,2024,CO45-B,Outlander Es Awc,,,446113
MITSUBISHI,2024,CO45-D,Outlander Se Awc,,,446114
MITSUBISHI,2024,CO45-F,Outlander Le Awc,,,446115
MITSUBISHI,2024,CO45-G,Outlander Sel Awc,,,446116
MITSUBISHI,2024,CO45-X,Outlander Gt Awc,,,446117
MITSUBISHI,2024,CO45-X,Outlander Gt Premium Awc,,,446118
MITSUBISHI,2024,CO45-N,Outlander Noir Awc,,,460910
MITSUBISHI,2024,COEV-B,Outlander Phev Es Awc,,,447075
MITSUBISHI,2024,COEV-F,Outlander Phev Le Awc,,,447076
MITSUBISHI,2024,COEV-G,Outlander Phev Sel Awc,,,447077
MITSUBISHI,2024,COEV-X,Outlander Phev Gt Awc,,,447078
MITSUBISHI,2024,COEV-N,Outlander Phev Noir Awc,,,455290
MITSUBISHI,2019,CE45-B,Eclipse Cross Es Awc *ltd Avail*,,,403358
MITSUBISHI,2019,CE45-F,Eclipse Cross Se Awc *ltd Avail*,,,403359
MITSUBISHI,2019,CE45-X,Eclipse Cross Gt Awc *ltd Avail*,,,403360
MITSUBISHI,2019,CE45-C,Eclipse Cross Es Awc,,,403918
MITSUBISHI,2019,CE45-G,Eclipse Cross Se Awc,,,403919
MITSUBISHI,2019,CE45-Y,Eclipse Cross Gt Awc,,,403920
MITSUBISHI,2019,CE45-G,Eclipse Cross Se W/tech Package Awc,,,406540
MITSUBISHI,2019,CE45-F,Eclipse Cross Se W/tech Package Awc *ltd Avail*,,,406541
MITSUBISHI,2019,CE45-G,Eclipse Cross Se Black Edition Awc,,,406542
MITSUBISHI,2019,CG44-A,Mirage Es Manual,,,404430
MITSUBISHI,2019,CG44-A,Mirage Es Cvt,,,404431
MITSUBISHI,2019,CG44-T,Mirage Gt Cvt,,,404432
MITSUBISHI,2019,CG44-E,Mirage Es Limited Cvt,,,404433
MITSUBISHI,2019,CG44-A,Mirage Es Plus Manual,,,406534
MITSUBISHI,2019,CG44-A,Mirage Es Plus Cvt,,,406535
MITSUBISHI,2019,CS41-A,Mirage G4 Es Manual,,,404379
MITSUBISHI,2019,CS41-A,Mirage G4 Es Cvt,,,404380
MITSUBISHI,2019,CS41-T,Mirage G4 Gt Cvt,,,404381
MITSUBISHI,2019,CO45-F,Outlander Es Awc,,,399915
MITSUBISHI,2019,CO45-G,Outlander Se Awc,,,399916
MITSUBISHI,2019,CO45-X,Outlander Gt Awc,,,399917
MITSUBISHI,2019,C045-J,Outlander Se Black Edition Awc,,,404324
MITSUBISHI,2019,CO45-F,Outlander Es Touring Awc,,,406536
MITSUBISHI,2019,CO45-G,Outlander Se Touring Awc,,,406537
MITSUBISHI,2019,CO45-F,Outlander Es Premium Awc,,,406538
MITSUBISHI,2019,COEV-G,Outlander Phev Se Awc,,,404500
MITSUBISHI,2019,COEV-G,Outlander Phev Se Touring Awc,,,404501
MITSUBISHI,2019,COEV-X,Outlander Phev Gt Awc,,,404502
MITSUBISHI,2019,COEV-G,Outlander Phev Se Limited Edition Awc,,,404503
MITSUBISHI,2019,CS45-A,Rvr Es Fwd,,,403492
MITSUBISHI,2019,CS45-D,Rvr Se Fwd,,,403493
MITSUBISHI,2019,CS45-E,Rvr Se Awc,,,403494
MITSUBISHI,2019,CS45-F,Rvr Se Ltd Awc,,,403495
MITSUBISHI,2019,CS45-Z,Rvr Gt Awc,,,403496
MITSUBISHI,2019,CS45-J,Rvr Se Black Edition Awc,,,403497
MITSUBISHI,2019,CS45-Z,Rvr Gt Premium Awc,,,406539
MITSUBISHI,2021,CG44-A,Mirage Es Manual,,,419061
MITSUBISHI,2021,CG44-A,Mirage Es Cvt,,,419062
MITSUBISHI,2021,CG44-D,Mirage Se Cvt,,,419063
MITSUBISHI,2021,CG44-T,Mirage Gt Cvt,,,419064
MITSUBISHI,2021,COEV-G,Outlander Phev Se Awc,,,419818
MITSUBISHI,2021,COEV-J,Outlander Phev Le Awc,,,419819
MITSUBISHI,2021,COEV-L,Outlander Phev Sel Awc,,,419820
MITSUBISHI,2021,COEV-X,Outlander Phev Gt Awc,,,419821
MITSUBISHI,2021,CS45-A,Rvr Es Fwd,,,418970
MITSUBISHI,2021,CS45-D,Rvr Se Fwd,,,418971
MITSUBISHI,2021,CS45-B,Rvr Es Awc,,,418972
MITSUBISHI,2021,CS45-E,Rvr Se Awc,,,418973
MITSUBISHI,2021,CS45-G,Rvr Sel Awc,,,418974
MITSUBISHI,2021,CS45-Z,Rvr Gt Awc,,,418975
MITSUBISHI,2021,CS45-L,Rvr Le Awc,,,418976
MITSUBISHI,2022,CE45-B,Eclipse Cross Es Awc,,,419293
MITSUBISHI,2022,CE45-F,Eclipse Cross Se Awc *ltd Avail*,,,419294
MITSUBISHI,2022,CE45-G,Eclipse Cross Sel Awc *ltd Avail*,,,419295
MITSUBISHI,2022,CE45-X,Eclipse Cross Gt Awc,,,419296
MITSUBISHI,2022,CE45-H,Eclipse Cross Se Awc,,,427501
MITSUBISHI,2022,CE45-J,Eclipse Cross Sel Awc,,,427502
MITSUBISHI,2022,CG44-A,Mirage Es Manual,,,423372
MITSUBISHI,2022,CG44-A,Mirage Es Cvt,,,423373
MITSUBISHI,2022,CG44-D,Mirage Se Cvt,,,423374
MITSUBISHI,2022,CG44-T,Mirage Gt Cvt,,,423375
MITSUBISHI,2022,CG44-C,Mirage Carbon Edition Cvt,,,423376
MITSUBISHI,2022,CO45-B,Outlander Es Awc,,,420744
MITSUBISHI,2022,CO45-D,Outlander Se Awc,,,420745
MITSUBISHI,2022,CO45-G,Outlander Sel Awc,,,420746
MITSUBISHI,2022,CO45-F,Outlander Le Awc,,,420747
MITSUBISHI,2022,CO45-X,Outlander Gt Awc,,,420748
MITSUBISHI,2022,CO45-F,Outlander Le Premium Awc,,,421002
MITSUBISHI,2022,CO45-X,Outlander Gt Premium Awc,,,421003
MITSUBISHI,2022,COEV-G,Outlander Phev Se Awc,,,422021
MITSUBISHI,2022,COEV-J,Outlander Phev Le Awc,,,422022
MITSUBISHI,2022,COEV-X,Outlander Phev Gt Awc,,,422023
MITSUBISHI,2022,COEV-T,Outlander Phev Black Edition Awc,,,422024
MITSUBISHI,2022,CS45-A,Rvr Es Fwd,,,424595
MITSUBISHI,2022,CS45-C,Rvr Se Fwd,,,424596
MITSUBISHI,2022,CS45-B,Rvr Es Awc,,,424597
MITSUBISHI,2022,CS45-F,Rvr Se Awc,,,424598
MITSUBISHI,2022,CS45-H,Rvr Sel Awc,,,424599
MITSUBISHI,2022,CS45-M,Rvr Le Awc,,,424600
MITSUBISHI,2022,CS45-Z,Rvr Gt Awc,,,424601
MITSUBISHI,2022,CS45-D,Rvr Se Fwd,,,425552
MITSUBISHI,2022,CS45-E,Rvr Se Awc,,,425553
MITSUBISHI,2022,CS45-G,Rvr Sel Awc,,,425554
MITSUBISHI,2022,CS45-L,Rvr Le Awc,,,425555
MITSUBISHI,2023,CE45-B,Eclipse Cross Es Awc,,,427550
MITSUBISHI,2023,CE45-F,Eclipse Cross Se Awc,,,427551
MITSUBISHI,2023,CE45-G,Eclipse Cross Sel Awc,,,427552
MITSUBISHI,2023,CE45-X,Eclipse Cross Gt Awc,,,427553
MITSUBISHI,2023,CE45-L,Eclipse Cross Carbon Edition Awc,,,427554
MITSUBISHI,2023,CG44-A,Mirage Es Manual,,,431916
MITSUBISHI,2023,CG44-A,Mirage Es Cvt,,,431917
MITSUBISHI,2023,CG44-D,Mirage Se Cvt,,,431918
MITSUBISHI,2023,CG44-T,Mirage Gt Cvt,,,431919
MITSUBISHI,2023,CO45-B,Outlander Es Awc,,,433344
MITSUBISHI,2023,CO45-D,Outlander Se Awc,,,433345
MITSUBISHI,2023,CO45-F,Outlander Le Awc,,,433346
MITSUBISHI,2023,CO45-F,Outlander Le Premium Awc,,,433347
MITSUBISHI,2023,CO45-G,Outlander Sel Awc,,,433348
MITSUBISHI,2023,CO45-X,Outlander Gt Awc,,,433349
MITSUBISHI,2023,CO45-X,Outlander Gt Premium Awc,,,433350
MITSUBISHI,2023,CO45-L,Outlander Noir Awc,,,435659
MITSUBISHI,2023,COEV-F,Outlander Phev Le Awc,,,433786
MITSUBISHI,2023,COEV-X,Outlander Phev Gt Awc,,,433787
MITSUBISHI,2023,COEV-B,Outlander Phev Es Awc,,,433788
MITSUBISHI,2023,COEV-G,Outlander Phev Sel Awc,,,433789
MITSUBISHI,2023,CS45-A,Rvr Es Fwd,,,433710
MITSUBISHI,2023,CS45-D,Rvr Se Fwd,,,433711
MITSUBISHI,2023,CS45-B,Rvr Es Awc,,,433712
MITSUBISHI,2023,CS45-Z,Rvr Gt Awc,,,433713
MITSUBISHI,2023,CS45-E,Rvr Se Awc,,,433714
MITSUBISHI,2023,CS45-G,Rvr Sel Awc,,,433715
MITSUBISHI,2023,CS45-L,Rvr Le Awc,,,433716
MITSUBISHI,2020,CE45-B,Eclipse Cross Es Awc,,,408785
MITSUBISHI,2020,CE45-F,Eclipse Cross Se Awc,,,408786
MITSUBISHI,2020,CE45-X,Eclipse Cross Gt Awc,,,408787
MITSUBISHI,2020,CE45-G,Eclipse Cross Limited Edition Awc,,,408788
MITSUBISHI,2020,CG44-A,Mirage Es Manual,,,411606
MITSUBISHI,2020,CG44-A,Mirage Es Cvt,,,411607
MITSUBISHI,2020,CG44-T,Mirage Gt Cvt,,,411608
MITSUBISHI,2020,CG44-D,Mirage Se Cvt,,,411609
MITSUBISHI,2020,CO45-B,Outlander Es Awc,,,409745
MITSUBISHI,2020,CO45-F,Outlander Sel Awc,,,409746
MITSUBISHI,2020,CO45-G,Outlander Limited Edition Awc,,,409747
MITSUBISHI,2020,CO45-D,Outlander Ex-L Awc,,,409748
MITSUBISHI,2020,CO45-X,Outlander Gt Awc,,,409749
MITSUBISHI,2020,CO45-C,Outlander Ex Awc,,,409750
MITSUBISHI,2020,CO45-E,Outlander Se Awc,,,409751
MITSUBISHI,2020,COEV-G,Outlander Phev Se Awc,,,408707
MITSUBISHI,2020,COEV-X,Outlander Phev Gt Awc,,,408708
MITSUBISHI,2020,COEV-J,Outlander Phev Le Awc,,,408709
MITSUBISHI,2020,COEV-L,Outlander Phev Sel Awc,,,408710
MITSUBISHI,2020,CS45-A,Rvr Es Fwd,,,409189
MITSUBISHI,2020,CS45-D,Rvr Se Fwd,,,409190
MITSUBISHI,2020,CS45-E,Rvr Se Awc,,,409191
MITSUBISHI,2020,CS45-Z,Rvr Gt Awc,,,409192
MITSUBISHI,2020,CS45-B,Rvr Es Awc,,,409193
MITSUBISHI,2020,CS45-G,Rvr Sel Awc,,,409194
MITSUBISHI,2020,CS45-L,Rvr Limited Edition Awc,,,411423
MITSUBISHI,2025,CS45-A,Rvr Es Fwd,,,470165
MITSUBISHI,2025,CS45-B,Rvr Es Awc,,,470166
MITSUBISHI,2025,CS45-E,Rvr Se Awc,,,470167
MITSUBISHI,2025,CS45-G,Rvr Sel Awc,,,470168
MITSUBISHI,2025,CS45-N,Rvr Noir Awc,,,470169
MITSUBISHI,2025,CS45-Z,Rvr Gt Awc,,,470170
MITSUBISHI,2025,CE45-B,Eclipse Cross Es Awc,,,466272
MITSUBISHI,2025,CE45-F,Eclipse Cross Se Awc,,,466273
MITSUBISHI,2025,CE45-G,Eclipse Cross Sel Awc,,,466274
MITSUBISHI,2025,CE45-N,Eclipse Cross Noir Awc,,,466276
MITSUBISHI,2025,CE45-X,Eclipse Cross Gt Awc,,,466275
MITSUBISHI,2025,CO45-B,Outlander Es Awc,,,470581
MITSUBISHI,2025,CO45-D,Outlander Se Awc,,,470582
MITSUBISHI,2025,CO45-F,Outlander Le Awc,,,470583
MITSUBISHI,2025,CO45-G,Outlander Sel Awc,,,470584
MITSUBISHI,2025,CO45-X,Outlander Gt Awc,,,470585
MITSUBISHI,2025,CO45-X,Outlander Gt Premium Awc,,,470586
MITSUBISHI,2025,COEV-B,Outlander Phev Es Awc,,,459713
MITSUBISHI,2025,COEV-D,Outlander Phev Se Awc,,,459717
MITSUBISHI,2025,COEV-F,Outlander Phev Le Awc,,,459714
MITSUBISHI,2025,COEV-G,Outlander Phev Sel Awc,,,459715
MITSUBISHI,2025,COEV-X,Outlander Phev Gt Awc,,,459716
MITSUBISHI,2025,COEV-N,Outlander Phev Noir Awc,,,459718
MITSUBISHI,2026,CS45-A,Rvr Es Fwd,,,481614
MITSUBISHI,2026,CS45-B,Rvr Es Awc,,,481615
MITSUBISHI,2026,CS45-E,Rvr Se Awc,,,481616
MITSUBISHI,2026,CS45-G,Rvr Sel Awc,,,481617
MITSUBISHI,2026,CS45-N,Rvr Noir Awc,,,481618
MITSUBISHI,2026,CS45-Z,Rvr Gt Awc,,,481619
MITSUBISHI,2026,CE45-B,Eclipse Cross Es Awc,,,477389
MITSUBISHI,2026,CE45-F,Eclipse Cross Se Awc,,,477390
MITSUBISHI,2026,CE45-N,Eclipse Cross Noir Awc,,,477392
MITSUBISHI,2026,CE45-X,Eclipse Cross Gt Awc,,,477391
MITSUBISHI,2026,CO45-B,Outlander Es Awc,,,481877
MITSUBISHI,2026,CO45-D,Outlander Se Awc,,,481878
MITSUBISHI,2026,CO45-F,Outlander Le Awc,,,481879
MITSUBISHI,2026,CO45-G,Outlander Sel Awc,,,481880
MITSUBISHI,2026,CO45-X,Outlander Gt Awc,,,481881
MITSUBISHI,2026,CO45-X,Outlander Gt Premium Awc,,,481882
MITSUBISHI,2026,CO45-N,Outlander Noir Awc,,,483389
MITSUBISHI,2026,COEV-B,Outlander Phev Es Awc,,,483107
MITSUBISHI,2026,COEV-D,Outlander Phev Se Awc,,,483108
MITSUBISHI,2026,COEV-F,Outlander Phev Le Awc,,,483109
MITSUBISHI,2026,COEV-G,Outlander Phev Sel Awc,,,483110
MITSUBISHI,2026,COEV-X,Outlander Phev Gt Awc,,,F63
MITSUBISHI,2026,COEV-X,Outlander Phev Gt Premium Awc,,,F64
MITSUBISHI,2026,COEV-N,Outlander Phev Gt Noir Awc,,,483112
VOLKSWAGEN,2019,BU33MS,Jetta Highline Auto,,,
VOLKSWAGEN,2019,BU32M2,Jetta Comfortline Manual,,,
VOLKSWAGEN,2019,BU32MS,Jetta Comfortline Auto,,,
VOLKSWAGEN,2019,BU33M2,Jetta Highline Manual,,,
VOLKSWAGEN,2019,BU34M2,Jetta Execline Manual,,,
VOLKSWAGEN,2019,BU34MS,Jetta Execline Auto,,,
VOLKSWAGEN,2019,BU39V2,Jetta GLI Manual,,,
VOLKSWAGEN,2019,BU39VZ,Jetta GLI DSG,,,
VOLKSWAGEN,2019,BU35V2,Jetta GLI 35th Edition Manual,,,
VOLKSWAGEN,2019,BU35VZ,Jetta GLI 35th Edition DSG,,,
VOLKSWAGEN,2019,BW22VS,Tiguan Trendline FWD,,,
VOLKSWAGEN,2019,BW22VJ,Tiguan Trendline 4MOTION,,,
VOLKSWAGEN,2019,BW24VJ,Tiguan Highline 4MOTION,,,
VOLKSWAGEN,2019,BW23VJ,Tiguan Comfortline 4MOTION,,,
VOLKSWAGEN,2019,3H72Q8,Arteon Auto,,,
VOLKSWAGEN,2019,CA12NZ,Atlas Trendline 2.0 TSI,,,
VOLKSWAGEN,2019,CA13NZ,Atlas Comfortline 2.0 TSI,,,
VOLKSWAGEN,2019,CA12UR,Atlas Trendline 3.6 FSI 4MOTION,,,
VOLKSWAGEN,2019,CA13UR,Atlas Comfortline 3.6 FSI 4MOTION,,,
VOLKSWAGEN,2019,CA14UR,Atlas Highline 3.6 FSI 4MOTION,,,
VOLKSWAGEN,2019,CA15UR,Atlas Execline 3.6 FSI 4MOTION,,,
VOLKSWAGEN,2019,5C8CP6,Beetle Convertible Dune Auto,,,
VOLKSWAGEN,2019,5C8WP6,Beetle Convertible Wolfsburg Edition,,,
VOLKSWAGEN,2019,5C2CP6,Beetle Coupe Dune Auto,,,
VOLKSWAGEN,2019,5C2WP6,Beetle Coupe Wolfsburg Edition,,,
VOLKSWAGEN,2019,BE23D1,e-Golf 5dr HB Comfortline,,,
VOLKSWAGEN,2019,AU22M2,Golf Comfortline 5-door Manual,,,
VOLKSWAGEN,2019,AU22MS,Golf Comfortline 5-door Auto,,,
VOLKSWAGEN,2019,AU23M2,Golf Highline 5-door Manual,,,
VOLKSWAGEN,2019,AU23MS,Golf Highline 5-door Auto,,,
VOLKSWAGEN,2019,AU24M2,Golf Execline 5-door Manual,,,
VOLKSWAGEN,2019,AU24MS,Golf Execline 5-door Auto,,,
VOLKSWAGEN,2019,BX6CN6,Golf Alltrack Highline Manual,,,
VOLKSWAGEN,2019,BX6CN7,Golf Alltrack Highline DSG,,,
VOLKSWAGEN,2019,BX6DN6,Golf Alltrack Execline Manual,,,
VOLKSWAGEN,2019,BX6DN7,Golf Alltrack Execline DSG,,,
VOLKSWAGEN,2019,AU29V2,Golf GTI Manual,,,
VOLKSWAGEN,2019,AU29VZ,Golf GTI Auto,,,
VOLKSWAGEN,2019,AU2AV2,Golf GTI Autobahn Manual,,,
VOLKSWAGEN,2019,AU2AVZ,Golf GTI Autobahn Auto,,,
VOLKSWAGEN,2019,AU2RV2,Golf GTI Rabbit Manual,,,
VOLKSWAGEN,2019,AU2RVZ,Golf GTI Rabbit Auto,,,
VOLKSWAGEN,2019,BQ1RS6,Golf R Manual,,,
VOLKSWAGEN,2019,BQ1RST,Golf R DSG,,,
VOLKSWAGEN,2019,BX62M2,Golf SportWagen Comfortline Manual,,,
VOLKSWAGEN,2019,BX62MS,Golf SportWagen Comfortline Auto,,,
VOLKSWAGEN,2019,BX62N6,Golf SportWagen Comfortline Manual 4MOTION,,,
VOLKSWAGEN,2019,BX62N7,Golf SportWagen Comfortline DSG 4MOTION,,,
VOLKSWAGEN,2019,BX63N6,Golf SportWagen Highline Manual 4MOTION,,,
VOLKSWAGEN,2019,BX63N7,Golf SportWagen Highline DSG 4MOTION,,,
VOLKSWAGEN,2019,BX63M2,Golf SportWagen Highline Manual,,,
VOLKSWAGEN,2019,BX63MS,Golf SportWagen Highline Auto,,,
VOLKSWAGEN,2019,BX64N7,Golf SportWagen Execline DSG 4MOTION,,,
VOLKSWAGEN,2019,A333P6,Passat Wolfsburg Edition,,,
VOLKSWAGEN,2020,BU39V2,Jetta GLI Manual,,,
VOLKSWAGEN,2020,BU39VZ,Jetta GLI DSG,,,
VOLKSWAGEN,2020,BU32M2,Jetta Comfortline Manual,,,
VOLKSWAGEN,2020,BU32MS,Jetta Comfortline Auto,,,
VOLKSWAGEN,2020,BU33M2,Jetta Highline Manual,,,
VOLKSWAGEN,2020,BU33MS,Jetta Highline Auto,,,
VOLKSWAGEN,2020,BU34MS,Jetta Execline Auto,,,
VOLKSWAGEN,2020,BW22VS,Tiguan Trendline FWD,,,
VOLKSWAGEN,2020,BW22VJ,Tiguan Trendline 4MOTION,,,
VOLKSWAGEN,2020,BW24VJ,Tiguan Highline 4MOTION,,,
VOLKSWAGEN,2020,BW23VJ,Tiguan Comfortline 4MOTION,,,
VOLKSWAGEN,2020,BW2IVJ,Tiguan IQ Drive 4MOTION,,,
VOLKSWAGEN,2020,3H72Q8,Arteon Execline Auto,,,
VOLKSWAGEN,2020,CMC2NR,Atlas Sport Cross Trendline 2.0 TSI 4MOTION,,,
VOLKSWAGEN,2020,CMC2UR,Atlas Sport Cross Trendline 3.6 FSI 4MOTION *Ltd Avail*,,,
VOLKSWAGEN,2020,CMC4NR,Atlas Sport Cross Comfortline 2.0 TSI 4MOTION,,,
VOLKSWAGEN,2020,CMC4UR,Atlas Sport Cross Comfortline 3.6 FSI 4MOTION,,,
VOLKSWAGEN,2020,CMC5UR,Atlas Sport Cross Execline 3.6 FSI 4MOTION,,,
VOLKSWAGEN,2020,CMC5NR,Atlas Sport Cross Execline 2.0 TSI 4MOTION,,,
VOLKSWAGEN,2020,BE23D1,e-Golf 5dr HB Comfortline,,,
VOLKSWAGEN,2020,AU22M2,Golf Comfortline 5-door Manual,,,
VOLKSWAGEN,2020,AU22MS,Golf Comfortline 5-door Auto,,,
VOLKSWAGEN,2020,AU23M2,Golf Highline 5-door Manual,,,
VOLKSWAGEN,2020,AU23MS,Golf Highline 5-door Auto,,,
VOLKSWAGEN,2020,AU29V2,Golf GTI Manual,,,
VOLKSWAGEN,2020,AU29VZ,Golf GTI Auto,,,
VOLKSWAGEN,2020,AU2AV2,Golf GTI Autobahn Manual,,,
VOLKSWAGEN,2020,AU2AVZ,Golf GTI Autobahn Auto,,,
VOLKSWAGEN,2020,A342P6,Passat Comfortline Auto,,,
VOLKSWAGEN,2020,A343P6,Passat Highline Auto,,,
VOLKSWAGEN,2020,A344P6,Passat Execline Auto,,,
VOLKSWAGEN,2021,BU32M2,Jetta Comfortline Manual,,,
VOLKSWAGEN,2021,BU32MS,Jetta Comfortline Auto,,,
VOLKSWAGEN,2021,BU33M2,Jetta Highline Manual,,,
VOLKSWAGEN,2021,BU33MS,Jetta Highline Auto,,,
VOLKSWAGEN,2021,BU34MS,Jetta Execline Auto,,,
VOLKSWAGEN,2021,BU39V2,Jetta GLI Manual,,,
VOLKSWAGEN,2021,BU39VZ,Jetta GLI DSG,,,
VOLKSWAGEN,2021,BW22VS,Tiguan Trendline FWD,,,
VOLKSWAGEN,2021,BW22VJ,Tiguan Trendline 4MOTION,,,
VOLKSWAGEN,2021,BW24VJ,Tiguan Highline 4MOTION,,,
VOLKSWAGEN,2021,BW23VJ,Tiguan Comfortline 4MOTION,,,
VOLKSWAGEN,2021,BW2UVJ,Tiguan United 4MOTION,,,
VOLKSWAGEN,2021,3H82Q8,Arteon Execline Auto,,,
VOLKSWAGEN,2021,CA22NR,Atlas Trendline 2.0 TSI 4MOTION *Ltd Avail*,,,
VOLKSWAGEN,2021,CA23NR,Atlas Comfortline 2.0 TSI 4MOTION *Ltd Avail*,,,
VOLKSWAGEN,2021,CA22UR,Atlas Trendline 3.6 FSI 4MOTION *Ltd Avail*,,,
VOLKSWAGEN,2021,CA23UR,Atlas Comfortline 3.6 FSI 4MOTION *Ltd Avail*,,,
VOLKSWAGEN,2021,CA24UR,Atlas Highline 3.6 FSI 4MOTION *Ltd Avail*,,,
VOLKSWAGEN,2021,CA25UR,Atlas Execline 3.6 FSI 4MOTION *Ltd Avail*,,,
VOLKSWAGEN,2021,CA24NR,Atlas Highline 2.0 TSI 4MOTION *Ltd Avail*,,,
VOLKSWAGEN,2021,CA2BNR,Atlas Trendline 2.0 TSI 4MOTION,,,
VOLKSWAGEN,2021,CA2CNR,Atlas Comfortline 2.0 TSI 4MOTION,,,
VOLKSWAGEN,2021,CA2CUR,Atlas Comfortline 3.6 FSI 4MOTION,,,
VOLKSWAGEN,2021,CA2DNR,Atlas Highline 2.0 TSI 4MOTION,,,
VOLKSWAGEN,2021,CA2DUR,Atlas Highline 3.6 FSI 4MOTION,,,
VOLKSWAGEN,2021,CA2EUR,Atlas Execline 3.6 FSI 4MOTION,,,
VOLKSWAGEN,2021,CMC2NR,Atlas Sport Cross Trendline 2.0 TSI 4MOTION,,,
VOLKSWAGEN,2021,CMC3NR,Atlas Sport Cross Comfortline 2.0 TSI 4MOTION,,,
VOLKSWAGEN,2021,CMC3UR,Atlas Sport Cross Comfortline 3.6 FSI 4MOTION,,,
VOLKSWAGEN,2021,CMC5UR,Atlas Sport Cross Execline 3.6 FSI 4MOTION,,,
VOLKSWAGEN,2021,CMC5NR,Atlas Sport Cross Execline 2.0 TSI 4MOTION,,,
VOLKSWAGEN,2021,CMC4NR,Atlas Sport Cross Highline 2.0 TSI 4MOTION,,,
VOLKSWAGEN,2021,CMC4UR,Atlas Sport Cross Highline 3.6 FSI 4MOTION,,,
VOLKSWAGEN,2021,AU22M2,Golf Comfortline 5-door Manual,,,
VOLKSWAGEN,2021,AU22MS,Golf Comfortline 5-door Auto,,,
VOLKSWAGEN,2021,AU23M2,Golf Highline 5-door Manual,,,
VOLKSWAGEN,2021,AU23MS,Golf Highline 5-door Auto,,,
VOLKSWAGEN,2021,AU2AV2,Golf GTI Autobahn Manual,,,
VOLKSWAGEN,2021,AU2AVZ,Golf GTI Autobahn Auto,,,
VOLKSWAGEN,2021,A343P6,Passat Highline Auto,,,
VOLKSWAGEN,2021,A344P6,Passat Execline Auto,,,
VOLKSWAGEN,2021,E213MN,ID.4 Pro RWD,,,
VOLKSWAGEN,2021,E213TN,ID.4 Pro AWD,,,
VOLKSWAGEN,2022,BU43R2,Jetta Comfortline Manual,,,
VOLKSWAGEN,2022,BU43RS,Jetta Comfortline Auto,,,
VOLKSWAGEN,2022,BU44RS,Jetta Highline Auto,,,
VOLKSWAGEN,2022,BU42R2,Jetta Trendline Manual,,,
VOLKSWAGEN,2022,BU42RS,Jetta Trendline Auto,,,
VOLKSWAGEN,2022,BU49V2,Jetta GLI Manual,,,
VOLKSWAGEN,2022,BU49VZ,Jetta GLI DSG,,,
VOLKSWAGEN,2022,BJ22VJ,Tiguan Trendline 4MOTION,,,
VOLKSWAGEN,2022,BJ23VJ,Tiguan Comfortline 4MOTION,,,
VOLKSWAGEN,2022,BJ26VJ,Tiguan Comfortline R-Line Black Edition 4MOTION,,,
VOLKSWAGEN,2022,BJ24VJ,Tiguan Highline R-Line 4MOTION,,,
VOLKSWAGEN,2022,CA22NR,Atlas Trendline 2.0 TSI 4MOTION,,,
VOLKSWAGEN,2022,CA23NR,Atlas Comfortline 2.0 TSI 4MOTION,,,
VOLKSWAGEN,2022,CA23UR,Atlas Comfortline 3.6 FSI 4MOTION,,,
VOLKSWAGEN,2022,CA24NR,Atlas Highline 2.0 TSI 4MOTION,,,
VOLKSWAGEN,2022,CA24UR,Atlas Highline 3.6 FSI 4MOTION,,,
VOLKSWAGEN,2022,CA25UR,Atlas Execline 3.6 FSI 4MOTION,,,
VOLKSWAGEN,2022,CMC2NR,Atlas Sport Cross Trendline 2.0 TSI 4MOTION,,,
VOLKSWAGEN,2022,CMC3NR,Atlas Sport Cross Comfortline 2.0 TSI 4MOTION,,,
VOLKSWAGEN,2022,CMC3UR,Atlas Sport Cross Comfortline 3.6 FSI 4MOTION,,,
VOLKSWAGEN,2022,CMC5UR,Atlas Sport Cross Execline 3.6 FSI 4MOTION,,,
VOLKSWAGEN,2022,CMC5NR,Atlas Sport Cross Execline 2.0 TSI 4MOTION,,,
VOLKSWAGEN,2022,CMC4NR,Atlas Sport Cross Highline 2.0 TSI 4MOTION,,,
VOLKSWAGEN,2022,CMC4UR,Atlas Sport Cross Highline 3.6 FSI 4MOTION,,,
VOLKSWAGEN,2022,CD1AU2,Golf GTI Autobahn Manual,,,
VOLKSWAGEN,2022,CD1AUZ,Golf GTI Autobahn Auto,,,
VOLKSWAGEN,2022,CD19U2,Golf GTI Manual,,,
VOLKSWAGEN,2022,CD19UZ,Golf GTI Auto,,,
VOLKSWAGEN,2022,CD1PU2,Golf GTI Performance Manual,,,
VOLKSWAGEN,2022,CD1PUZ,Golf GTI Performance Auto,,,
VOLKSWAGEN,2022,CD1RM4,Golf R Manual,,,
VOLKSWAGEN,2022,CD1RMT,Golf R DSG,,,
VOLKSWAGEN,2022,E213MN,ID.4 Pro RWD,,,
VOLKSWAGEN,2022,E213TN,ID.4 Pro AWD,,,
VOLKSWAGEN,2022,CL12RZ,Taos Trendline FWD,,,
VOLKSWAGEN,2022,CL13RZ,Taos Comfortline FWD,,,
VOLKSWAGEN,2022,CL12RT,Taos Trendline 4MOTION,,,
VOLKSWAGEN,2022,CL13RT,Taos Comfortline 4MOTION,,,
VOLKSWAGEN,2022,CL14RT,Taos Highline 4MOTION,,,
VOLKSWAGEN,2023,BU43R2,Jetta Comfortline Manual,,,
VOLKSWAGEN,2023,BU43RS,Jetta Comfortline Auto,,,
VOLKSWAGEN,2023,BU44RS,Jetta Highline Auto,,,
VOLKSWAGEN,2023,BU42R2,Jetta Trendline Manual,,,
VOLKSWAGEN,2023,BU42RS,Jetta Trendline Auto,,,
VOLKSWAGEN,2023,BU49V2,Jetta GLI Manual,,,
VOLKSWAGEN,2023,BU49VZ,Jetta GLI DSG,,,
VOLKSWAGEN,2023,BJ22VJ,Tiguan Trendline 4MOTION,,,
VOLKSWAGEN,2023,BJ23VJ,Tiguan Comfortline 4MOTION,,,
VOLKSWAGEN,2023,BJ2VVJ,Tiguan Comfortline R-Line Black Edition 4MOTION,,,
VOLKSWAGEN,2023,BJ24VJ,Tiguan Highline R-Line 4MOTION,,,
VOLKSWAGEN,2023,CA22NR,Atlas Trendline 2.0 TSI 4MOTION,,,
VOLKSWAGEN,2023,CA23NR,Atlas Comfortline 2.0 TSI 4MOTION,,,
VOLKSWAGEN,2023,CA23UR,Atlas Comfortline 3.6 FSI 4MOTION,,,
VOLKSWAGEN,2023,CA24UR,Atlas Highline 3.6 FSI 4MOTION,,,
VOLKSWAGEN,2023,CA25UR,Atlas Execline 3.6 FSI 4MOTION,,,
VOLKSWAGEN,2023,CMC2NR,Atlas Sport Cross Trendline 2.0 TSI 4MOTION,,,
VOLKSWAGEN,2023,CMC3NR,Atlas Sport Cross Comfortline 2.0 TSI 4MOTION,,,
VOLKSWAGEN,2023,CMC3UR,Atlas Sport Cross Comfortline 3.6 FSI 4MOTION,,,
VOLKSWAGEN,2023,CMC5UR,Atlas Sport Cross Execline 3.6 FSI 4MOTION,,,
VOLKSWAGEN,2023,CMC4UR,Atlas Sport Cross Highline 3.6 FSI 4MOTION,,,
VOLKSWAGEN,2023,CD19U2,Golf GTI Manual,,,
VOLKSWAGEN,2023,CD19UZ,Golf GTI Auto,,,
VOLKSWAGEN,2023,CD1AU2,Golf GTI Autobahn Manual,,,
VOLKSWAGEN,2023,CD1AUZ,Golf GTI Autobahn Auto,,,
VOLKSWAGEN,2023,CD1PU2,Golf GTI Performance Manual,,,
VOLKSWAGEN,2023,CD1PUZ,Golf GTI Performance Auto,,,
VOLKSWAGEN,2023,CD14U2,Golf GTI 40th Anniversary Manual,,,
VOLKSWAGEN,2023,CD14UZ,Golf GTI 40th Anniversary Auto,,,
VOLKSWAGEN,2023,CD1RM4,Golf R Manual,,,
VOLKSWAGEN,2023,CD1RMT,Golf R DSG,,,
VOLKSWAGEN,2023,CD12M4,Golf R 20th Anniversary Manual,,,
VOLKSWAGEN,2023,CD12MT,Golf R 20th Anniversary DSG,,,
VOLKSWAGEN,2023,E813MN,ID.4 Pro RWD w/SK On Battery,,,
VOLKSWAGEN,2023,E813SN,ID.4 Pro AWD w/SK On Battery,,,
VOLKSWAGEN,2023,E812MJ,ID.4 RWD,,,
VOLKSWAGEN,2023,E813LG,ID.4 Pro RWD w/LG Battery,,,
VOLKSWAGEN,2023,CL12RZ,Taos Trendline FWD,,,
VOLKSWAGEN,2023,CL12RT,Taos Trendline 4MOTION *Ltd Avail*,,,
VOLKSWAGEN,2023,CL13RT,Taos Comfortline 4MOTION *Ltd Avail*,,,
VOLKSWAGEN,2023,CL14RT,Taos Highline 4MOTION *Ltd Avail*,,,
VOLKSWAGEN,2023,CL12RV,Taos Trendline 4MOTION,,,
VOLKSWAGEN,2023,CL13RV,Taos Comfortline 4MOTION,,,
VOLKSWAGEN,2023,CL14RV,Taos Highline 4MOTION,,,
VOLKSWAGEN,2023,CL13RZ,Taos Comfortline FWD,,,
VOLKSWAGEN,2024,BJ22VJ,Tiguan Trendline,,,
VOLKSWAGEN,2024,BJ23VJ,Tiguan Comfortline,,,
VOLKSWAGEN,2024,BJ2VVJ,Tiguan Comfortline R-Line Black,,,
VOLKSWAGEN,2024,BJ24VJ,Tiguan Highline,,,
VOLKSWAGEN,2024,E812MJ,ID.4 ID.4,,,
VOLKSWAGEN,2024,E812MS,ID.4 ID.4 S,,,
VOLKSWAGEN,2024,E813RN,ID.4 ID.4 PRO,,,
VOLKSWAGEN,2024,E813RS,ID.4 ID.4 PRO S,,,
VOLKSWAGEN,2024,E813VN,ID.4 ID.4 PRO AWD,,,
VOLKSWAGEN,2024,E813VS,ID.4 ID.4 PRO S AWD,,,
VOLKSWAGEN,2024,CA33PR,Atlas Comfortline,,,
VOLKSWAGEN,2024,CA37PR,Atlas Peak Edition,,,
VOLKSWAGEN,2024,CA34PR,Atlas Highline,,,
VOLKSWAGEN,2024,CA35PR,Atlas Execline,,,
VOLKSWAGEN,2024,CMD3PR,Atlas Cross Sport Comfortline,,,
VOLKSWAGEN,2024,CMD4PR,Atlas Cross Sport Highline,,,
VOLKSWAGEN,2024,CMD5PR,Atlas Cross Sport Execline,,,
VOLKSWAGEN,2024,CL12RZ,Taos Trendline,,,
VOLKSWAGEN,2024,CL12RV,Taos Trendline,,,
VOLKSWAGEN,2024,CL13RZ,Taos Comfortline,,,
VOLKSWAGEN,2024,CL13RV,Taos Comfortline,,,
VOLKSWAGEN,2024,CL13BE,Taos Comfortline Black Edition,,,
VOLKSWAGEN,2024,CL14RV,Taos Highline,,,
VOLKSWAGEN,2024,CD1RM4,Golf R Golf R,,,
VOLKSWAGEN,2024,CD1RMT,Golf R Golf R,,,
VOLKSWAGEN,2024,CD19UZ,Golf GTI GTI,,,
VOLKSWAGEN,2024,CD1AU2,Golf GTI Autobahn,,,
VOLKSWAGEN,2024,CD1AUZ,Golf GTI Autobahn,,,
VOLKSWAGEN,2024,CD1PU2,Golf GTI Performance,,,
VOLKSWAGEN,2024,CD1PUZ,Golf GTI Performance,,,
VOLKSWAGEN,2024,BU42R2,Jetta Trendline,,,
VOLKSWAGEN,2024,BU42RS,Jetta Trendline,,,
VOLKSWAGEN,2024,BU43R2,Jetta Comfortline,,,
VOLKSWAGEN,2024,BU43RS,Jetta Comfortline,,,
VOLKSWAGEN,2024,BU44RS,Jetta Highline,,,
VOLKSWAGEN,2024,BU40V2,Jetta GLI 40th,,,
VOLKSWAGEN,2024,BU40VZ,Jetta GLI 40th,,,
VOLKSWAGEN,2024,BU49V2,Jetta GLI GLI,,,
VOLKSWAGEN,2024,BU49VZ,Jetta GLI GLI,,,
VOLKSWAGEN,2026,BU52RS,Jetta Trendline,,,
VOLKSWAGEN,2026,BU53RS,Jetta Comfortline,,,
VOLKSWAGEN,2026,BU54RS,Jetta Highline,,,
VOLKSWAGEN,2026,BU59V2,Jetta GLI GLI,,,
VOLKSWAGEN,2026,BU59VZ,Jetta GLI GLI,,,
VOLKSWAGEN,2026,CA34PR,Atlas Highline,,,
VOLKSWAGEN,2026,CA35PR,Atlas Execline,,,
VOLKSWAGEN,2026,CMD4PR,Atlas Cross Sport Highline,,,
VOLKSWAGEN,2026,CMD5PR,Atlas Cross Sport Execline,,,
VOLKSWAGEN,2026,CL22SZ,Taos Trendline,,,
VOLKSWAGEN,2026,CL22SR,Taos Trendline,,,
VOLKSWAGEN,2026,CL23SR,Taos Comfortline,,,
VOLKSWAGEN,2026,CL26SR,Taos Comfortline Black,,,
VOLKSWAGEN,2026,CL24SR,Taos Highline,,,
VOLKSWAGEN,2026,DA19UZ,Golf GTI GTI,,,
VOLKSWAGEN,2026,DA1AUZ,Golf GTI GTI Autobahn,,,
VOLKSWAGEN,2026,DA1RPT,Golf R Golf R,,,
VOLKSWAGEN,2026,DA1BPT,Golf R Golf R Black,,,
VOLKSWAGEN,2026,RM12PJ,Tiguan Trendline,,,
VOLKSWAGEN,2026,RM13PJ,Tiguan Comfortline,,,
VOLKSWAGEN,2026,RM1VPJ,Tiguan Comfortline R-Line Black,,,
VOLKSWAGEN,2026,RM14QJ,Tiguan Highline R-Line,,,
VOLKSWAGEN,2026,CA37PR,Atlas Peak,,,
VOLKSWAGEN,2025,BU52RS,Jetta Trendline,,,
VOLKSWAGEN,2025,BU53RS,Jetta Comfortline,,,
VOLKSWAGEN,2025,BU54RS,Jetta Highline,,,
VOLKSWAGEN,2025,EBJR7S,ID. Buzz ID. Buzz 1st Edition,,,
VOLKSWAGEN,2025,EBJR5S,ID. Buzz ID. Buzz 1st Edition 4MOTION,,,
VOLKSWAGEN,2025,BU59V2,Jetta GLI GLI,,,
VOLKSWAGEN,2025,BU59VZ,Jetta GLI GLI,,,
VOLKSWAGEN,2025,CA33PR,Atlas Comfortline,,,
VOLKSWAGEN,2025,CA37PR,Atlas Peak Edition,,,
VOLKSWAGEN,2025,CA34PR,Atlas Highline,,,
VOLKSWAGEN,2025,CA35PR,Atlas Execline,,,
VOLKSWAGEN,2025,CL22SZ,Taos Trendline,,,
VOLKSWAGEN,2025,CL22SR,Taos Trendline,,,
VOLKSWAGEN,2025,CL23SR,Taos Comfortline,,,
VOLKSWAGEN,2025,CL26SR,Taos Comfortline Black,,,
VOLKSWAGEN,2025,CL24SR,Taos Highline,,,
VOLKSWAGEN,2025,RM12PJ,Tiguan Trendline,,,
VOLKSWAGEN,2025,RM13PJ,Tiguan Comfortline,,,
VOLKSWAGEN,2025,RM1VPJ,Tiguan Comfortline R-Line Black,,,
VOLKSWAGEN,2025,RM14PJ,Tiguan Highline R-Line,,,
VOLKSWAGEN,2025,E812MJ,ID.4 ID.4,,,
VOLKSWAGEN,2025,E813RN,ID.4 ID.4 PRO,,,
VOLKSWAGEN,2025,E813RS,ID.4 ID.4 PRO S,,,
VOLKSWAGEN,2025,E813VN,ID.4 ID.4 PRO AWD,,,
VOLKSWAGEN,2025,E813VS,ID.4 ID.4 PRO S AWD,,,
VOLKSWAGEN,2025,CMD3PR,Atlas Cross Sport Comfortline,,,
VOLKSWAGEN,2025,CMD7PR,Atlas Cross Sport Comfortline R-Line Black,,,
VOLKSWAGEN,2025,CMD4PR,Atlas Cross Sport Highline,,,
VOLKSWAGEN,2025,CMD5PR,Atlas Cross Sport Execline,,,
VOLKSWAGEN,2025,DA19UZ,Golf GTI GTI,,,
VOLKSWAGEN,2025,DA1AUZ,Golf GTI GTI Autobahn,,,
VOLKSWAGEN,2025,DA1RPT,Golf R Golf R,,,
VOLKSWAGEN,2025,DA1BPT,Golf R Golf R Black,,,
VOLKSWAGEN,2026,CA33PR,Atlas Comfortline,,,
VOLKSWAGEN,2026,CMD3PR,Atlas Cross Sport Comfortline,,,
