[2026-07-28 14:32:58] [INFO    ] [root] Logging initialized | Log file: accy_v2\model_lookup\logs\refresh_db_ads_20260728_143258.log
[2026-07-28 14:32:58] [DEBUG   ] [root] Console level: INFO | File level: DEBUG
[2026-07-28 14:32:58] [INFO    ] [refresh_db_ads] ================================================================================
[2026-07-28 14:32:58] [INFO    ] [refresh_db_ads] DATABASE REFRESH FROM ADS STARTED
[2026-07-28 14:32:58] [INFO    ] [refresh_db_ads] ================================================================================
[2026-07-28 14:32:58] [INFO    ] [refresh_db_ads] Run ID: 1c58fdc6
[2026-07-28 14:32:58] [INFO    ] [refresh_db_ads] Makes: Hyundai, Genesis, Mazda, Honda, Mitsubishi
[2026-07-28 14:32:58] [INFO    ] [refresh_db_ads] Years: 2024, 2025, 2026
[2026-07-28 14:32:58] [INFO    ] [refresh_db_ads] Log file: accy_v2\model_lookup\logs\refresh_db_ads_20260728_143258.log
[2026-07-28 14:32:58] [INFO    ] [refresh_db_ads] ================================================================================
[2026-07-28 14:32:58] [INFO    ] [refresh_db_ads] 
[Step 1/4] Initializing ADS service...
[2026-07-28 14:32:58] [INFO    ] [refresh_db_ads] ADS service initialized successfully | Credentials loaded and client ready
[2026-07-28 14:32:58] [INFO    ] [refresh_db_ads] 
[Step 2/4] Archiving current database...
[2026-07-28 14:32:58] [INFO    ] [refresh_db_ads] Database archived | File: db_vehicle_models.2026-07-28_143258.csv | Size: 6229 bytes
[2026-07-28 14:32:58] [INFO    ] [refresh_db_ads] 
[Step 3/4] Fetching data from ADS API...
[2026-07-28 14:32:58] [DEBUG   ] [refresh_db_ads] Fetching for makes: ['Hyundai', 'Genesis', 'Mazda', 'Honda', 'Mitsubishi'] | years: [2024, 2025, 2026]
[2026-07-28 14:32:58] [INFO    ] [chrome_api.service] refresh_from_ads | Hyundai | Starting fetch
[2026-07-28 14:32:58] [DEBUG   ] [chrome_api.service] service | Hyundai | Loading configs from: C:\Users\paxm\OneDrive - PBS SYSTEMS\Desktop\Office\Projects\OEM Accessory project\OEM_Accessories_v1\accy_v2\model_lookup\configs
[2026-07-28 14:32:58] [DEBUG   ] [chrome_api.service] service | Hyundai | Loaded classification.json (79 keywords)
[2026-07-28 14:32:58] [DEBUG   ] [chrome_api.service] service | Hyundai | Loaded translator.json (7 categories)
[2026-07-28 14:32:58] [INFO    ] [semantic.standardizer] standardizer | Hyundai | Initialized with 3 rule categories
[2026-07-28 14:32:58] [DEBUG   ] [semantic.standardizer] standardizer | Hyundai | trim_level_aliases: 6 aliases
[2026-07-28 14:32:58] [DEBUG   ] [semantic.standardizer] standardizer | Hyundai | model_name_aliases: 5 aliases
[2026-07-28 14:32:58] [DEBUG   ] [semantic.standardizer] standardizer | Hyundai | description_patterns: 2 patterns
[2026-07-28 14:32:58] [DEBUG   ] [chrome_api.service] service | Hyundai | Loaded standardization.yaml with 3 rule categories
[2026-07-28 14:32:58] [INFO    ] [chrome_api.service] service | Hyundai | Configs loaded | components: classification, translator, standardizer
[2026-07-28 14:32:58] [DEBUG   ] [urllib3.connectionpool] Starting new HTTPS connection (1): demos.autodatasolutions.com:443
[2026-07-28 14:32:59] [DEBUG   ] [urllib3.connectionpool] https://demos.autodatasolutions.com:443 "GET /ADSDemo/api/ymmt/models/make/Hyundai/year/2024/country/CA/language/en?sort=ASC HTTP/1.1" 200 None
[2026-07-28 14:33:00] [DEBUG   ] [urllib3.connectionpool] https://demos.autodatasolutions.com:443 "POST /ADSDemo/api/full/ymmt/year/2024/make/Hyundai/model/Elantra/ HTTP/1.1" 200 None
[2026-07-28 14:33:00] [INFO    ] [chrome_api.mapper] mapper | ads_response_to_rows | Hyundai | Processing 6 trims from ADS response
[2026-07-28 14:33:00] [DEBUG   ] [chrome_api.mapper] mapper | HYUNDAI | ELCS4V2BES00 | Extracted fields: year=2024, desc=Essential IVT, trim=Essential
[2026-07-28 14:33:00] [DEBUG   ] [chrome_api.mapper] mapper | HYUNDAI | ELCS4V2BES00 | ModelName from ADS: Elantra
[2026-07-28 14:33:00] [DEBUG   ] [semantic.standardizer] standardizer | Hyundai | No trim alias found for: 'Essential'
[2026-07-28 14:33:00] [DEBUG   ] [semantic.standardizer] standardizer | Hyundai | No description patterns matched: 'Essential IVT'
[2026-07-28 14:33:00] [DEBUG   ] [chrome_api.mapper] mapper | HYUNDAI | ELCS4V2BES00 | Applied standardization rules
[2026-07-28 14:33:00] [INFO    ] [chrome_api.mapper] mapper | HYUNDAI | Loaded 6 ENGINE_TYPE keywords: ['hev', 'hybrid', 'phev', 'ev', 'plug-in', 'electric']
[2026-07-28 14:33:00] [DEBUG   ] [chrome_api.mapper] mapper | HYUNDAI | ELCS4V2BES00 | Searching text: 'elantra essential ivt'
[2026-07-28 14:33:00] [DEBUG   ] [chrome_api.mapper] mapper | HYUNDAI | ELCS4V2BES00 | No ENGINE_TYPE keyword found
[2026-07-28 14:33:00] [INFO    ] [chrome_api.mapper] mapper | HYUNDAI | ELCS4V2BES00 | Row complete: model=Elantra, trim=Essential IVT, engine_type=None
[2026-07-28 14:33:00] [DEBUG   ] [chrome_api.mapper] mapper | HYUNDAI | ELCS4V2BPR00 | Extracted fields: year=2024, desc=Preferred IVT, trim=Preferred
[2026-07-28 14:33:00] [DEBUG   ] [chrome_api.mapper] mapper | HYUNDAI | ELCS4V2BPR00 | ModelName from ADS: Elantra
[2026-07-28 14:33:00] [DEBUG   ] [semantic.standardizer] standardizer | Hyundai | No trim alias found for: 'Preferred'
[2026-07-28 14:33:00] [DEBUG   ] [semantic.standardizer] standardizer | Hyundai | No description patterns matched: 'Preferred IVT'
[2026-07-28 14:33:00] [DEBUG   ] [chrome_api.mapper] mapper | HYUNDAI | ELCS4V2BPR00 | Applied standardization rules
[2026-07-28 14:33:00] [INFO    ] [chrome_api.mapper] mapper | HYUNDAI | Loaded 6 ENGINE_TYPE keywords: ['hev', 'hybrid', 'phev', 'ev', 'plug-in', 'electric']
[2026-07-28 14:33:00] [DEBUG   ] [chrome_api.mapper] mapper | HYUNDAI | ELCS4V2BPR00 | Searching text: 'elantra preferred ivt'
[2026-07-28 14:33:00] [DEBUG   ] [chrome_api.mapper] mapper | HYUNDAI | ELCS4V2BPR00 | No ENGINE_TYPE keyword found
[2026-07-28 14:33:00] [INFO    ] [chrome_api.mapper] mapper | HYUNDAI | ELCS4V2BPR00 | Row complete: model=Elantra, trim=Preferred IVT, engine_type=None
[2026-07-28 14:33:00] [DEBUG   ] [chrome_api.mapper] mapper | HYUNDAI | ELCS4V2BPRTE | Extracted fields: year=2024, desc=Preferred IVT w/Tech Pkg, trim=Preferred
[2026-07-28 14:33:00] [DEBUG   ] [chrome_api.mapper] mapper | HYUNDAI | ELCS4V2BPRTE | ModelName from ADS: Elantra
[2026-07-28 14:33:00] [DEBUG   ] [semantic.standardizer] standardizer | Hyundai | No trim alias found for: 'Preferred'
[2026-07-28 14:33:00] [DEBUG   ] [semantic.standardizer] standardizer | Hyundai | No description patterns matched: 'Preferred IVT w/Tech Pkg'
[2026-07-28 14:33:00] [DEBUG   ] [chrome_api.mapper] mapper | HYUNDAI | ELCS4V2BPRTE | Applied standardization rules
[2026-07-28 14:33:00] [INFO    ] [chrome_api.mapper] mapper | HYUNDAI | Loaded 6 ENGINE_TYPE keywords: ['hev', 'hybrid', 'phev', 'ev', 'plug-in', 'electric']
[2026-07-28 14:33:00] [DEBUG   ] [chrome_api.mapper] mapper | HYUNDAI | ELCS4V2BPRTE | Searching text: 'elantra preferred ivt w/tech pkg'
[2026-07-28 14:33:00] [DEBUG   ] [chrome_api.mapper] mapper | HYUNDAI | ELCS4V2BPRTE | No ENGINE_TYPE keyword found
[2026-07-28 14:33:00] [INFO    ] [chrome_api.mapper] mapper | HYUNDAI | ELCS4V2BPRTE | Row complete: model=Elantra, trim=Preferred IVT w/Tech Pkg, engine_type=None
[2026-07-28 14:33:00] [DEBUG   ] [chrome_api.mapper] mapper | HYUNDAI | ELCS4V2BLU00 | Extracted fields: year=2024, desc=Luxury IVT, trim=Luxury
[2026-07-28 14:33:00] [DEBUG   ] [chrome_api.mapper] mapper | HYUNDAI | ELCS4V2BLU00 | ModelName from ADS: Elantra
[2026-07-28 14:33:00] [DEBUG   ] [semantic.standardizer] standardizer | Hyundai | No trim alias found for: 'Luxury'
[2026-07-28 14:33:00] [DEBUG   ] [semantic.standardizer] standardizer | Hyundai | No description patterns matched: 'Luxury IVT'
[2026-07-28 14:33:00] [DEBUG   ] [chrome_api.mapper] mapper | HYUNDAI | ELCS4V2BLU00 | Applied standardization rules
[2026-07-28 14:33:00] [INFO    ] [chrome_api.mapper] mapper | HYUNDAI | Loaded 6 ENGINE_TYPE keywords: ['hev', 'hybrid', 'phev', 'ev', 'plug-in', 'electric']
[2026-07-28 14:33:00] [DEBUG   ] [chrome_api.mapper] mapper | HYUNDAI | ELCS4V2BLU00 | Searching text: 'elantra luxury ivt'
[2026-07-28 14:33:00] [DEBUG   ] [chrome_api.mapper] mapper | HYUNDAI | ELCS4V2BLU00 | No ENGINE_TYPE keyword found
[2026-07-28 14:33:00] [INFO    ] [chrome_api.mapper] mapper | HYUNDAI | ELCS4V2BLU00 | Row complete: model=Elantra, trim=Luxury IVT, engine_type=None
[2026-07-28 14:33:00] [DEBUG   ] [chrome_api.mapper] mapper | HYUNDAI | ELCS4V2BLUME | Extracted fields: year=2024, desc=Luxury IVT w/Two-Tone Interior, trim=Luxury
[2026-07-28 14:33:00] [DEBUG   ] [chrome_api.mapper] mapper | HYUNDAI | ELCS4V2BLUME | ModelName from ADS: Elantra
[2026-07-28 14:33:00] [DEBUG   ] [semantic.standardizer] standardizer | Hyundai | No trim alias found for: 'Luxury'
[2026-07-28 14:33:00] [DEBUG   ] [semantic.standardizer] standardizer | Hyundai | No description patterns matched: 'Luxury IVT w/Two-Tone Interior'
[2026-07-28 14:33:00] [DEBUG   ] [chrome_api.mapper] mapper | HYUNDAI | ELCS4V2BLUME | Applied standardization rules
[2026-07-28 14:33:00] [INFO    ] [chrome_api.mapper] mapper | HYUNDAI | Loaded 6 ENGINE_TYPE keywords: ['hev', 'hybrid', 'phev', 'ev', 'plug-in', 'electric']
[2026-07-28 14:33:00] [DEBUG   ] [chrome_api.mapper] mapper | HYUNDAI | ELCS4V2BLUME | Searching text: 'elantra luxury ivt w/two-tone interior'
[2026-07-28 14:33:00] [DEBUG   ] [chrome_api.mapper] mapper | HYUNDAI | ELCS4V2BLUME | No ENGINE_TYPE keyword found
[2026-07-28 14:33:00] [INFO    ] [chrome_api.mapper] mapper | HYUNDAI | ELCS4V2BLUME | Row complete: model=Elantra, trim=Luxury IVT w/Two-Tone Interior, engine_type=None
[2026-07-28 14:33:00] [DEBUG   ] [chrome_api.mapper] mapper | HYUNDAI | ELCS4U1ANLUL | Extracted fields: year=2024, desc=N Line Ultimate DCT, trim=N Line Ultimate
[2026-07-28 14:33:00] [DEBUG   ] [chrome_api.mapper] mapper | HYUNDAI | ELCS4U1ANLUL | ModelName from ADS: Elantra
[2026-07-28 14:33:00] [DEBUG   ] [chrome_api.mapper] mapper | HYUNDAI | ELCS4U1ANLUL | Applied standardization rules
[2026-07-28 14:33:00] [INFO    ] [chrome_api.mapper] mapper | HYUNDAI | Loaded 6 ENGINE_TYPE keywords: ['hev', 'hybrid', 'phev', 'ev', 'plug-in', 'electric']
[2026-07-28 14:33:00] [DEBUG   ] [chrome_api.mapper] mapper | HYUNDAI | ELCS4U1ANLUL | Searching text: 'elantra n-line ultimate dct'
[2026-07-28 14:33:00] [DEBUG   ] [chrome_api.mapper] mapper | HYUNDAI | ELCS4U1ANLUL | No ENGINE_TYPE keyword found
[2026-07-28 14:33:00] [INFO    ] [chrome_api.mapper] mapper | HYUNDAI | ELCS4U1ANLUL | Row complete: model=Elantra, trim=N-Line Ultimate DCT, engine_type=None
[2026-07-28 14:33:00] [INFO    ] [chrome_api.mapper] mapper | ads_response_to_rows | Hyundai | Converted 6/6 trims to rows
[2026-07-28 14:33:00] [DEBUG   ] [chrome_api.service] refresh_from_ads | Hyundai 2024 Elantra | Converted 6 trims to rows
[2026-07-28 14:33:00] [DEBUG   ] [urllib3.connectionpool] https://demos.autodatasolutions.com:443 "POST /ADSDemo/api/full/ymmt/year/2024/make/Hyundai/model/Elantra%20Hybrid/ HTTP/1.1" 200 None
[2026-07-28 14:33:01] [INFO    ] [chrome_api.mapper] mapper | ads_response_to_rows | Hyundai | Processing 2 trims from ADS response
[2026-07-28 14:33:01] [DEBUG   ] [chrome_api.mapper] mapper | HYUNDAI | ELHS4T1BLUHE | Extracted fields: year=2024, desc=Luxury DCT, trim=Luxury
[2026-07-28 14:33:01] [DEBUG   ] [chrome_api.mapper] mapper | HYUNDAI | ELHS4T1BLUHE | ModelName from ADS: Elantra Hybrid
[2026-07-28 14:33:01] [DEBUG   ] [semantic.standardizer] standardizer | Hyundai | No trim alias found for: 'Luxury'
[2026-07-28 14:33:01] [DEBUG   ] [semantic.standardizer] standardizer | Hyundai | No description patterns matched: 'Luxury DCT'
[2026-07-28 14:33:01] [DEBUG   ] [chrome_api.mapper] mapper | HYUNDAI | ELHS4T1BLUHE | Applied standardization rules
[2026-07-28 14:33:01] [INFO    ] [chrome_api.mapper] mapper | HYUNDAI | Loaded 6 ENGINE_TYPE keywords: ['hev', 'hybrid', 'phev', 'ev', 'plug-in', 'electric']
[2026-07-28 14:33:01] [DEBUG   ] [chrome_api.mapper] mapper | HYUNDAI | ELHS4T1BLUHE | Searching text: 'elantra hybrid luxury dct'
[2026-07-28 14:33:01] [DEBUG   ] [chrome_api.mapper] mapper | HYUNDAI | ELHS4T1BLUHE | Found keyword 'hybrid' in 'Elantra Hybrid Luxury DCT'
[2026-07-28 14:33:01] [WARNING ] [chrome_api.mapper] mapper | HYUNDAI | ELHS4T1BLUHE | Keyword 'hybrid' found but NOT in translator. Returning keyword as-is.
[2026-07-28 14:33:01] [INFO    ] [chrome_api.mapper] mapper | HYUNDAI | ELHS4T1BLUHE | Row complete: model=Elantra Hybrid, trim=Luxury DCT, engine_type=hybrid
[2026-07-28 14:33:01] [DEBUG   ] [chrome_api.mapper] mapper | HYUNDAI | ELHS4T1BLUHM | Extracted fields: year=2024, desc=Luxury DCT w/Two-Tone Interior, trim=Luxury
[2026-07-28 14:33:01] [DEBUG   ] [chrome_api.mapper] mapper | HYUNDAI | ELHS4T1BLUHM | ModelName from ADS: Elantra Hybrid
[2026-07-28 14:33:01] [DEBUG   ] [semantic.standardizer] standardizer | Hyundai | No trim alias found for: 'Luxury'
[2026-07-28 14:33:01] [DEBUG   ] [semantic.standardizer] standardizer | Hyundai | No description patterns matched: 'Luxury DCT w/Two-Tone Interior'
[2026-07-28 14:33:01] [DEBUG   ] [chrome_api.mapper] mapper | HYUNDAI | ELHS4T1BLUHM | Applied standardization rules
[2026-07-28 14:33:01] [INFO    ] [chrome_api.mapper] mapper | HYUNDAI | Loaded 6 ENGINE_TYPE keywords: ['hev', 'hybrid', 'phev', 'ev', 'plug-in', 'electric']
[2026-07-28 14:33:01] [DEBUG   ] [chrome_api.mapper] mapper | HYUNDAI | ELHS4T1BLUHM | Searching text: 'elantra hybrid luxury dct w/two-tone interior'
[2026-07-28 14:33:01] [DEBUG   ] [chrome_api.mapper] mapper | HYUNDAI | ELHS4T1BLUHM | Found keyword 'hybrid' in 'Elantra Hybrid Luxury DCT w/Two-Tone Interior'
[2026-07-28 14:33:01] [WARNING ] [chrome_api.mapper] mapper | HYUNDAI | ELHS4T1BLUHM | Keyword 'hybrid' found but NOT in translator. Returning keyword as-is.
[2026-07-28 14:33:01] [INFO    ] [chrome_api.mapper] mapper | HYUNDAI | ELHS4T1BLUHM | Row complete: model=Elantra Hybrid, trim=Luxury DCT w/Two-Tone Interior, engine_type=hybrid
[2026-07-28 14:33:01] [INFO    ] [chrome_api.mapper] mapper | ads_response_to_rows | Hyundai | Converted 2/2 trims to rows
[2026-07-28 14:33:01] [DEBUG   ] [chrome_api.service] refresh_from_ads | Hyundai 2024 Elantra Hybrid | Converted 2 trims to rows
[2026-07-28 14:33:01] [DEBUG   ] [urllib3.connectionpool] https://demos.autodatasolutions.com:443 "POST /ADSDemo/api/full/ymmt/year/2024/make/Hyundai/model/Elantra%20N/ HTTP/1.1" 200 None
[2026-07-28 14:33:01] [INFO    ] [chrome_api.mapper] mapper | ads_response_to_rows | Hyundai | Processing 2 trims from ADS response
[2026-07-28 14:33:01] [DEBUG   ] [chrome_api.mapper] mapper | HYUNDAI | ELCS472ANN00 | Extracted fields: year=2024, desc=Manual, trim=None
[2026-07-28 14:33:01] [DEBUG   ] [chrome_api.mapper] mapper | HYUNDAI | ELCS472ANN00 | ModelName from ADS: Elantra N
[2026-07-28 14:33:01] [DEBUG   ] [semantic.standardizer] standardizer | Hyundai | No description patterns matched: 'Manual'
[2026-07-28 14:33:01] [DEBUG   ] [chrome_api.mapper] mapper | HYUNDAI | ELCS472ANN00 | Applied standardization rules
[2026-07-28 14:33:01] [INFO    ] [chrome_api.mapper] mapper | HYUNDAI | Loaded 6 ENGINE_TYPE keywords: ['hev', 'hybrid', 'phev', 'ev', 'plug-in', 'electric']
[2026-07-28 14:33:01] [DEBUG   ] [chrome_api.mapper] mapper | HYUNDAI | ELCS472ANN00 | Searching text: 'elantra n manual'
[2026-07-28 14:33:01] [DEBUG   ] [chrome_api.mapper] mapper | HYUNDAI | ELCS472ANN00 | No ENGINE_TYPE keyword found
[2026-07-28 14:33:01] [INFO    ] [chrome_api.mapper] mapper | HYUNDAI | ELCS472ANN00 | Row complete: model=Elantra N, trim=Manual, engine_type=None
[2026-07-28 14:33:01] [DEBUG   ] [chrome_api.mapper] mapper | HYUNDAI | ELCS4M2ANN00 | Extracted fields: year=2024, desc=DCT, trim=None
[2026-07-28 14:33:01] [DEBUG   ] [chrome_api.mapper] mapper | HYUNDAI | ELCS4M2ANN00 | ModelName from ADS: Elantra N
[2026-07-28 14:33:01] [DEBUG   ] [semantic.standardizer] standardizer | Hyundai | No description patterns matched: 'DCT'
[2026-07-28 14:33:01] [DEBUG   ] [chrome_api.mapper] mapper | HYUNDAI | ELCS4M2ANN00 | Applied standardization rules
[2026-07-28 14:33:01] [INFO    ] [chrome_api.mapper] mapper | HYUNDAI | Loaded 6 ENGINE_TYPE keywords: ['hev', 'hybrid', 'phev', 'ev', 'plug-in', 'electric']
[2026-07-28 14:33:01] [DEBUG   ] [chrome_api.mapper] mapper | HYUNDAI | ELCS4M2ANN00 | Searching text: 'elantra n dct'
[2026-07-28 14:33:01] [DEBUG   ] [chrome_api.mapper] mapper | HYUNDAI | ELCS4M2ANN00 | No ENGINE_TYPE keyword found
[2026-07-28 14:33:01] [INFO    ] [chrome_api.mapper] mapper | HYUNDAI | ELCS4M2ANN00 | Row complete: model=Elantra N, trim=DCT, engine_type=None
[2026-07-28 14:33:01] [INFO    ] [chrome_api.mapper] mapper | ads_response_to_rows | Hyundai | Converted 2/2 trims to rows
[2026-07-28 14:33:01] [DEBUG   ] [chrome_api.service] refresh_from_ads | Hyundai 2024 Elantra N | Converted 2 trims to rows
[2026-07-28 14:33:01] [DEBUG   ] [urllib3.connectionpool] https://demos.autodatasolutions.com:443 "POST /ADSDemo/api/full/ymmt/year/2024/make/Hyundai/model/IONIQ%205/ HTTP/1.1" 200 None
[2026-07-28 14:33:02] [INFO    ] [chrome_api.mapper] mapper | ads_response_to_rows | Hyundai | Processing 4 trims from ADS response
[2026-07-28 14:33:02] [DEBUG   ] [chrome_api.mapper] mapper | HYUNDAI | I5EW5ZE4PRLR | Extracted fields: year=2024, desc=Preferred RWD Long Range, trim=Preferred
[2026-07-28 14:33:02] [DEBUG   ] [chrome_api.mapper] mapper | HYUNDAI | I5EW5ZE4PRLR | ModelName from ADS: IONIQ 5
[2026-07-28 14:33:02] [DEBUG   ] [semantic.standardizer] standardizer | Hyundai | No trim alias found for: 'Preferred'
[2026-07-28 14:33:02] [DEBUG   ] [semantic.standardizer] standardizer | Hyundai | No description patterns matched: 'Preferred RWD Long Range'
[2026-07-28 14:33:02] [DEBUG   ] [chrome_api.mapper] mapper | HYUNDAI | I5EW5ZE4PRLR | Applied standardization rules
[2026-07-28 14:33:02] [INFO    ] [chrome_api.mapper] mapper | HYUNDAI | Loaded 6 ENGINE_TYPE keywords: ['hev', 'hybrid', 'phev', 'ev', 'plug-in', 'electric']
[2026-07-28 14:33:02] [DEBUG   ] [chrome_api.mapper] mapper | HYUNDAI | I5EW5ZE4PRLR | Searching text: 'ioniq 5 preferred rwd long range'
[2026-07-28 14:33:02] [DEBUG   ] [chrome_api.mapper] mapper | HYUNDAI | I5EW5ZE4PRLR | No ENGINE_TYPE keyword found
[2026-07-28 14:33:02] [INFO    ] [chrome_api.mapper] mapper | HYUNDAI | I5EW5ZE4PRLR | Row complete: model=IONIQ 5, trim=Preferred RWD Long Range, engine_type=None
[2026-07-28 14:33:02] [DEBUG   ] [chrome_api.mapper] mapper | HYUNDAI | I5EW5ZE2PRLR | Extracted fields: year=2024, desc=Preferred AWD Long Range, trim=Preferred
[2026-07-28 14:33:02] [DEBUG   ] [chrome_api.mapper] mapper | HYUNDAI | I5EW5ZE2PRLR | ModelName from ADS: IONIQ 5
[2026-07-28 14:33:02] [DEBUG   ] [semantic.standardizer] standardizer | Hyundai | No trim alias found for: 'Preferred'
[2026-07-28 14:33:02] [DEBUG   ] [semantic.standardizer] standardizer | Hyundai | No description patterns matched: 'Preferred AWD Long Range'
[2026-07-28 14:33:02] [DEBUG   ] [chrome_api.mapper] mapper | HYUNDAI | I5EW5ZE2PRLR | Applied standardization rules
[2026-07-28 14:33:02] [INFO    ] [chrome_api.mapper] mapper | HYUNDAI | Loaded 6 ENGINE_TYPE keywords: ['hev', 'hybrid', 'phev', 'ev', 'plug-in', 'electric']
[2026-07-28 14:33:02] [DEBUG   ] [chrome_api.mapper] mapper | HYUNDAI | I5EW5ZE2PRLR | Searching text: 'ioniq 5 preferred awd long range'
[2026-07-28 14:33:02] [DEBUG   ] [chrome_api.mapper] mapper | HYUNDAI | I5EW5ZE2PRLR | No ENGINE_TYPE keyword found
[2026-07-28 14:33:02] [INFO    ] [chrome_api.mapper] mapper | HYUNDAI | I5EW5ZE2PRLR | Row complete: model=IONIQ 5, trim=Preferred AWD Long Range, engine_type=None
[2026-07-28 14:33:02] [DEBUG   ] [chrome_api.mapper] mapper | HYUNDAI | I5EW5ZE2PRUP | Extracted fields: year=2024, desc=Preferred AWD Long Range w/Ultimate Pkg, trim=Preferred
[2026-07-28 14:33:02] [DEBUG   ] [chrome_api.mapper] mapper | HYUNDAI | I5EW5ZE2PRUP | ModelName from ADS: IONIQ 5
[2026-07-28 14:33:02] [DEBUG   ] [semantic.standardizer] standardizer | Hyundai | No trim alias found for: 'Preferred'
[2026-07-28 14:33:02] [DEBUG   ] [semantic.standardizer] standardizer | Hyundai | No description patterns matched: 'Preferred AWD Long Range w/Ultimate Pkg'
[2026-07-28 14:33:02] [DEBUG   ] [chrome_api.mapper] mapper | HYUNDAI | I5EW5ZE2PRUP | Applied standardization rules
[2026-07-28 14:33:02] [INFO    ] [chrome_api.mapper] mapper | HYUNDAI | Loaded 6 ENGINE_TYPE keywords: ['hev', 'hybrid', 'phev', 'ev', 'plug-in', 'electric']
[2026-07-28 14:33:02] [DEBUG   ] [chrome_api.mapper] mapper | HYUNDAI | I5EW5ZE2PRUP | Searching text: 'ioniq 5 preferred awd long range w/ultimate pkg'
[2026-07-28 14:33:02] [DEBUG   ] [chrome_api.mapper] mapper | HYUNDAI | I5EW5ZE2PRUP | No ENGINE_TYPE keyword found
[2026-07-28 14:33:02] [INFO    ] [chrome_api.mapper] mapper | HYUNDAI | I5EW5ZE2PRUP | Row complete: model=IONIQ 5, trim=Preferred AWD Long Range w/Ultimate Pkg, engine_type=None
[2026-07-28 14:33:02] [DEBUG   ] [chrome_api.mapper] mapper | HYUNDAI | I5EW5ZE2PRLP | Extracted fields: year=2024, desc=Preferred AWD Long Range w/Luxury Pkg *Ltd Avail*, trim=Preferred
[2026-07-28 14:33:02] [DEBUG   ] [chrome_api.mapper] mapper | HYUNDAI | I5EW5ZE2PRLP | ModelName from ADS: IONIQ 5
[2026-07-28 14:33:02] [DEBUG   ] [semantic.standardizer] standardizer | Hyundai | No trim alias found for: 'Preferred'
[2026-07-28 14:33:02] [DEBUG   ] [semantic.standardizer] standardizer | Hyundai | No description patterns matched: 'Preferred AWD Long Range w/Luxury Pkg *Ltd Avail*'
[2026-07-28 14:33:02] [DEBUG   ] [chrome_api.mapper] mapper | HYUNDAI | I5EW5ZE2PRLP | Applied standardization rules
[2026-07-28 14:33:02] [INFO    ] [chrome_api.mapper] mapper | HYUNDAI | Loaded 6 ENGINE_TYPE keywords: ['hev', 'hybrid', 'phev', 'ev', 'plug-in', 'electric']
[2026-07-28 14:33:02] [DEBUG   ] [chrome_api.mapper] mapper | HYUNDAI | I5EW5ZE2PRLP | Searching text: 'ioniq 5 preferred awd long range w/luxury pkg *ltd avail*'
[2026-07-28 14:33:02] [DEBUG   ] [chrome_api.mapper] mapper | HYUNDAI | I5EW5ZE2PRLP | No ENGINE_TYPE keyword found
[2026-07-28 14:33:02] [INFO    ] [chrome_api.mapper] mapper | HYUNDAI | I5EW5ZE2PRLP | Row complete: model=IONIQ 5, trim=Preferred AWD Long Range w/Luxury Pkg *Ltd Avail*, engine_type=None
[2026-07-28 14:33:02] [INFO    ] [chrome_api.mapper] mapper | ads_response_to_rows | Hyundai | Converted 4/4 trims to rows
[2026-07-28 14:33:02] [DEBUG   ] [chrome_api.service] refresh_from_ads | Hyundai 2024 IONIQ 5 | Converted 4 trims to rows
[2026-07-28 14:33:02] [DEBUG   ] [urllib3.connectionpool] https://demos.autodatasolutions.com:443 "POST /ADSDemo/api/full/ymmt/year/2024/make/Hyundai/model/IONIQ%206/ HTTP/1.1" 200 None
[2026-07-28 14:33:03] [INFO    ] [chrome_api.mapper] mapper | ads_response_to_rows | Hyundai | Processing 4 trims from ADS response
[2026-07-28 14:33:03] [DEBUG   ] [chrome_api.mapper] mapper | HYUNDAI | I6ES4ZE4PRLR | Extracted fields: year=2024, desc=Preferred RWD Long Range, trim=Preferred
[2026-07-28 14:33:03] [DEBUG   ] [chrome_api.mapper] mapper | HYUNDAI | I6ES4ZE4PRLR | ModelName from ADS: IONIQ 6
[2026-07-28 14:33:03] [DEBUG   ] [semantic.standardizer] standardizer | Hyundai | No trim alias found for: 'Preferred'
[2026-07-28 14:33:03] [DEBUG   ] [semantic.standardizer] standardizer | Hyundai | No description patterns matched: 'Preferred RWD Long Range'
[2026-07-28 14:33:03] [DEBUG   ] [chrome_api.mapper] mapper | HYUNDAI | I6ES4ZE4PRLR | Applied standardization rules
[2026-07-28 14:33:03] [INFO    ] [chrome_api.mapper] mapper | HYUNDAI | Loaded 6 ENGINE_TYPE keywords: ['hev', 'hybrid', 'phev', 'ev', 'plug-in', 'electric']
[2026-07-28 14:33:03] [DEBUG   ] [chrome_api.mapper] mapper | HYUNDAI | I6ES4ZE4PRLR | Searching text: 'ioniq 6 preferred rwd long range'
[2026-07-28 14:33:03] [DEBUG   ] [chrome_api.mapper] mapper | HYUNDAI | I6ES4ZE4PRLR | No ENGINE_TYPE keyword found
[2026-07-28 14:33:03] [INFO    ] [chrome_api.mapper] mapper | HYUNDAI | I6ES4ZE4PRLR | Row complete: model=IONIQ 6, trim=Preferred RWD Long Range, engine_type=None
[2026-07-28 14:33:03] [DEBUG   ] [chrome_api.mapper] mapper | HYUNDAI | I6ES4ZE2PRLR | Extracted fields: year=2024, desc=Preferred AWD Long Range, trim=Preferred
[2026-07-28 14:33:03] [DEBUG   ] [chrome_api.mapper] mapper | HYUNDAI | I6ES4ZE2PRLR | ModelName from ADS: IONIQ 6
[2026-07-28 14:33:03] [DEBUG   ] [semantic.standardizer] standardizer | Hyundai | No trim alias found for: 'Preferred'
[2026-07-28 14:33:03] [DEBUG   ] [semantic.standardizer] standardizer | Hyundai | No description patterns matched: 'Preferred AWD Long Range'
[2026-07-28 14:33:03] [DEBUG   ] [chrome_api.mapper] mapper | HYUNDAI | I6ES4ZE2PRLR | Applied standardization rules
[2026-07-28 14:33:03] [INFO    ] [chrome_api.mapper] mapper | HYUNDAI | Loaded 6 ENGINE_TYPE keywords: ['hev', 'hybrid', 'phev', 'ev', 'plug-in', 'electric']
[2026-07-28 14:33:03] [DEBUG   ] [chrome_api.mapper] mapper | HYUNDAI | I6ES4ZE2PRLR | Searching text: 'ioniq 6 preferred awd long range'
[2026-07-28 14:33:03] [DEBUG   ] [chrome_api.mapper] mapper | HYUNDAI | I6ES4ZE2PRLR | No ENGINE_TYPE keyword found
[2026-07-28 14:33:03] [INFO    ] [chrome_api.mapper] mapper | HYUNDAI | I6ES4ZE2PRLR | Row complete: model=IONIQ 6, trim=Preferred AWD Long Range, engine_type=None
[2026-07-28 14:33:03] [DEBUG   ] [chrome_api.mapper] mapper | HYUNDAI | I6ES4ZE2PRUP | Extracted fields: year=2024, desc=Preferred AWD Long Range w/Ultimate Pkg, trim=Preferred
[2026-07-28 14:33:03] [DEBUG   ] [chrome_api.mapper] mapper | HYUNDAI | I6ES4ZE2PRUP | ModelName from ADS: IONIQ 6
[2026-07-28 14:33:03] [DEBUG   ] [semantic.standardizer] standardizer | Hyundai | No trim alias found for: 'Preferred'
[2026-07-28 14:33:03] [DEBUG   ] [semantic.standardizer] standardizer | Hyundai | No description patterns matched: 'Preferred AWD Long Range w/Ultimate Pkg'
[2026-07-28 14:33:03] [DEBUG   ] [chrome_api.mapper] mapper | HYUNDAI | I6ES4ZE2PRUP | Applied standardization rules
[2026-07-28 14:33:03] [INFO    ] [chrome_api.mapper] mapper | HYUNDAI | Loaded 6 ENGINE_TYPE keywords: ['hev', 'hybrid', 'phev', 'ev', 'plug-in', 'electric']
[2026-07-28 14:33:03] [DEBUG   ] [chrome_api.mapper] mapper | HYUNDAI | I6ES4ZE2PRUP | Searching text: 'ioniq 6 preferred awd long range w/ultimate pkg'
[2026-07-28 14:33:03] [DEBUG   ] [chrome_api.mapper] mapper | HYUNDAI | I6ES4ZE2PRUP | No ENGINE_TYPE keyword found
[2026-07-28 14:33:03] [INFO    ] [chrome_api.mapper] mapper | HYUNDAI | I6ES4ZE2PRUP | Row complete: model=IONIQ 6, trim=Preferred AWD Long Range w/Ultimate Pkg, engine_type=None
[2026-07-28 14:33:03] [DEBUG   ] [chrome_api.mapper] mapper | HYUNDAI | I6ES4ZE4PRUP | Extracted fields: year=2024, desc=Preferred RWD Long Range w/Ultimate Pkg, trim=Preferred
[2026-07-28 14:33:03] [DEBUG   ] [chrome_api.mapper] mapper | HYUNDAI | I6ES4ZE4PRUP | ModelName from ADS: IONIQ 6
[2026-07-28 14:33:03] [DEBUG   ] [semantic.standardizer] standardizer | Hyundai | No trim alias found for: 'Preferred'
[2026-07-28 14:33:03] [DEBUG   ] [semantic.standardizer] standardizer | Hyundai | No description patterns matched: 'Preferred RWD Long Range w/Ultimate Pkg'
[2026-07-28 14:33:03] [DEBUG   ] [chrome_api.mapper] mapper | HYUNDAI | I6ES4ZE4PRUP | Applied standardization rules
[2026-07-28 14:33:03] [INFO    ] [chrome_api.mapper] mapper | HYUNDAI | Loaded 6 ENGINE_TYPE keywords: ['hev', 'hybrid', 'phev', 'ev', 'plug-in', 'electric']
[2026-07-28 14:33:03] [DEBUG   ] [chrome_api.mapper] mapper | HYUNDAI | I6ES4ZE4PRUP | Searching text: 'ioniq 6 preferred rwd long range w/ultimate pkg'
[2026-07-28 14:33:03] [DEBUG   ] [chrome_api.mapper] mapper | HYUNDAI | I6ES4ZE4PRUP | No ENGINE_TYPE keyword found
[2026-07-28 14:33:03] [INFO    ] [chrome_api.mapper] mapper | HYUNDAI | I6ES4ZE4PRUP | Row complete: model=IONIQ 6, trim=Preferred RWD Long Range w/Ultimate Pkg, engine_type=None
[2026-07-28 14:33:03] [INFO    ] [chrome_api.mapper] mapper | ads_response_to_rows | Hyundai | Converted 4/4 trims to rows
[2026-07-28 14:33:03] [DEBUG   ] [chrome_api.service] refresh_from_ads | Hyundai 2024 IONIQ 6 | Converted 4 trims to rows
[2026-07-28 14:33:03] [DEBUG   ] [urllib3.connectionpool] https://demos.autodatasolutions.com:443 "POST /ADSDemo/api/full/ymmt/year/2024/make/Hyundai/model/Kona/ HTTP/1.1" 200 None
[2026-07-28 14:33:03] [INFO    ] [chrome_api.mapper] mapper | ads_response_to_rows | Hyundai | Processing 9 trims from ADS response
[2026-07-28 14:33:03] [DEBUG   ] [chrome_api.mapper] mapper | HYUNDAI | KOCW5V2BES00 | Extracted fields: year=2024, desc=2.0L Essential FWD, trim=Essential
[2026-07-28 14:33:03] [DEBUG   ] [chrome_api.mapper] mapper | HYUNDAI | KOCW5V2BES00 | ModelName from ADS: Kona
[2026-07-28 14:33:03] [DEBUG   ] [semantic.standardizer] standardizer | Hyundai | No trim alias found for: 'Essential'
[2026-07-28 14:33:03] [DEBUG   ] [semantic.standardizer] standardizer | Hyundai | No description patterns matched: '2.0L Essential FWD'
[2026-07-28 14:33:03] [DEBUG   ] [chrome_api.mapper] mapper | HYUNDAI | KOCW5V2BES00 | Applied standardization rules
[2026-07-28 14:33:03] [INFO    ] [chrome_api.mapper] mapper | HYUNDAI | Loaded 6 ENGINE_TYPE keywords: ['hev', 'hybrid', 'phev', 'ev', 'plug-in', 'electric']
[2026-07-28 14:33:03] [DEBUG   ] [chrome_api.mapper] mapper | HYUNDAI | KOCW5V2BES00 | Searching text: 'kona 2.0l essential fwd'
[2026-07-28 14:33:03] [DEBUG   ] [chrome_api.mapper] mapper | HYUNDAI | KOCW5V2BES00 | No ENGINE_TYPE keyword found
[2026-07-28 14:33:03] [INFO    ] [chrome_api.mapper] mapper | HYUNDAI | KOCW5V2BES00 | Row complete: model=Kona, trim=2.0L Essential FWD, engine_type=None
[2026-07-28 14:33:03] [DEBUG   ] [chrome_api.mapper] mapper | HYUNDAI | KOCW5V2BPR00 | Extracted fields: year=2024, desc=2.0L Preferred FWD, trim=Preferred
[2026-07-28 14:33:03] [DEBUG   ] [chrome_api.mapper] mapper | HYUNDAI | KOCW5V2BPR00 | ModelName from ADS: Kona
[2026-07-28 14:33:03] [DEBUG   ] [semantic.standardizer] standardizer | Hyundai | No trim alias found for: 'Preferred'
[2026-07-28 14:33:03] [DEBUG   ] [semantic.standardizer] standardizer | Hyundai | No description patterns matched: '2.0L Preferred FWD'
[2026-07-28 14:33:03] [DEBUG   ] [chrome_api.mapper] mapper | HYUNDAI | KOCW5V2BPR00 | Applied standardization rules
[2026-07-28 14:33:03] [INFO    ] [chrome_api.mapper] mapper | HYUNDAI | Loaded 6 ENGINE_TYPE keywords: ['hev', 'hybrid', 'phev', 'ev', 'plug-in', 'electric']
[2026-07-28 14:33:03] [DEBUG   ] [chrome_api.mapper] mapper | HYUNDAI | KOCW5V2BPR00 | Searching text: 'kona 2.0l preferred fwd'
[2026-07-28 14:33:03] [DEBUG   ] [chrome_api.mapper] mapper | HYUNDAI | KOCW5V2BPR00 | No ENGINE_TYPE keyword found
[2026-07-28 14:33:03] [INFO    ] [chrome_api.mapper] mapper | HYUNDAI | KOCW5V2BPR00 | Row complete: model=Kona, trim=2.0L Preferred FWD, engine_type=None
[2026-07-28 14:33:03] [DEBUG   ] [chrome_api.mapper] mapper | HYUNDAI | KOCW5Q2BES00 | Extracted fields: year=2024, desc=2.0L Essential AWD, trim=Essential
[2026-07-28 14:33:03] [DEBUG   ] [chrome_api.mapper] mapper | HYUNDAI | KOCW5Q2BES00 | ModelName from ADS: Kona
[2026-07-28 14:33:03] [DEBUG   ] [semantic.standardizer] standardizer | Hyundai | No trim alias found for: 'Essential'
[2026-07-28 14:33:03] [DEBUG   ] [semantic.standardizer] standardizer | Hyundai | No description patterns matched: '2.0L Essential AWD'
[2026-07-28 14:33:03] [DEBUG   ] [chrome_api.mapper] mapper | HYUNDAI | KOCW5Q2BES00 | Applied standardization rules
[2026-07-28 14:33:03] [INFO    ] [chrome_api.mapper] mapper | HYUNDAI | Loaded 6 ENGINE_TYPE keywords: ['hev', 'hybrid', 'phev', 'ev', 'plug-in', 'electric']
[2026-07-28 14:33:03] [DEBUG   ] [chrome_api.mapper] mapper | HYUNDAI | KOCW5Q2BES00 | Searching text: 'kona 2.0l essential awd'
[2026-07-28 14:33:03] [DEBUG   ] [chrome_api.mapper] mapper | HYUNDAI | KOCW5Q2BES00 | No ENGINE_TYPE keyword found
[2026-07-28 14:33:03] [INFO    ] [chrome_api.mapper] mapper | HYUNDAI | KOCW5Q2BES00 | Row complete: model=Kona, trim=2.0L Essential AWD, engine_type=None
[2026-07-28 14:33:03] [DEBUG   ] [chrome_api.mapper] mapper | HYUNDAI | KOCW5Q2BPR00 | Extracted fields: year=2024, desc=2.0L Preferred AWD, trim=Preferred
[2026-07-28 14:33:03] [DEBUG   ] [chrome_api.mapper] mapper | HYUNDAI | KOCW5Q2BPR00 | ModelName from ADS: Kona
[2026-07-28 14:33:03] [DEBUG   ] [semantic.standardizer] standardizer | Hyundai | No trim alias found for: 'Preferred'
[2026-07-28 14:33:03] [DEBUG   ] [semantic.standardizer] standardizer | Hyundai | No description patterns matched: '2.0L Preferred AWD'
[2026-07-28 14:33:03] [DEBUG   ] [chrome_api.mapper] mapper | HYUNDAI | KOCW5Q2BPR00 | Applied standardization rules
[2026-07-28 14:33:03] [INFO    ] [chrome_api.mapper] mapper | HYUNDAI | Loaded 6 ENGINE_TYPE keywords: ['hev', 'hybrid', 'phev', 'ev', 'plug-in', 'electric']
[2026-07-28 14:33:03] [DEBUG   ] [chrome_api.mapper] mapper | HYUNDAI | KOCW5Q2BPR00 | Searching text: 'kona 2.0l preferred awd'
[2026-07-28 14:33:03] [DEBUG   ] [chrome_api.mapper] mapper | HYUNDAI | KOCW5Q2BPR00 | No ENGINE_TYPE keyword found
[2026-07-28 14:33:03] [INFO    ] [chrome_api.mapper] mapper | HYUNDAI | KOCW5Q2BPR00 | Row complete: model=Kona, trim=2.0L Preferred AWD, engine_type=None
[2026-07-28 14:33:03] [DEBUG   ] [chrome_api.mapper] mapper | HYUNDAI | KOCW5Q2BPRTR | Extracted fields: year=2024, desc=2.0L Preferred AWD w/Trend Package, trim=Preferred
[2026-07-28 14:33:03] [DEBUG   ] [chrome_api.mapper] mapper | HYUNDAI | KOCW5Q2BPRTR | ModelName from ADS: Kona
[2026-07-28 14:33:03] [DEBUG   ] [semantic.standardizer] standardizer | Hyundai | No trim alias found for: 'Preferred'
[2026-07-28 14:33:03] [DEBUG   ] [semantic.standardizer] standardizer | Hyundai | No description patterns matched: '2.0L Preferred AWD w/Trend Package'
[2026-07-28 14:33:03] [DEBUG   ] [chrome_api.mapper] mapper | HYUNDAI | KOCW5Q2BPRTR | Applied standardization rules
[2026-07-28 14:33:03] [INFO    ] [chrome_api.mapper] mapper | HYUNDAI | Loaded 6 ENGINE_TYPE keywords: ['hev', 'hybrid', 'phev', 'ev', 'plug-in', 'electric']
[2026-07-28 14:33:03] [DEBUG   ] [chrome_api.mapper] mapper | HYUNDAI | KOCW5Q2BPRTR | Searching text: 'kona 2.0l preferred awd w/trend package'
[2026-07-28 14:33:03] [DEBUG   ] [chrome_api.mapper] mapper | HYUNDAI | KOCW5Q2BPRTR | No ENGINE_TYPE keyword found
[2026-07-28 14:33:03] [INFO    ] [chrome_api.mapper] mapper | HYUNDAI | KOCW5Q2BPRTR | Row complete: model=Kona, trim=2.0L Preferred AWD w/Trend Package, engine_type=None
[2026-07-28 14:33:03] [DEBUG   ] [chrome_api.mapper] mapper | HYUNDAI | KOCW5K1ANL00 | Extracted fields: year=2024, desc=1.6T N Line AWD, trim=N Line
[2026-07-28 14:33:03] [DEBUG   ] [chrome_api.mapper] mapper | HYUNDAI | KOCW5K1ANL00 | ModelName from ADS: Kona
[2026-07-28 14:33:03] [DEBUG   ] [chrome_api.mapper] mapper | HYUNDAI | KOCW5K1ANL00 | Applied standardization rules
[2026-07-28 14:33:03] [INFO    ] [chrome_api.mapper] mapper | HYUNDAI | Loaded 6 ENGINE_TYPE keywords: ['hev', 'hybrid', 'phev', 'ev', 'plug-in', 'electric']
[2026-07-28 14:33:03] [DEBUG   ] [chrome_api.mapper] mapper | HYUNDAI | KOCW5K1ANL00 | Searching text: 'kona 1.6t n-line awd'
[2026-07-28 14:33:03] [DEBUG   ] [chrome_api.mapper] mapper | HYUNDAI | KOCW5K1ANL00 | No ENGINE_TYPE keyword found
[2026-07-28 14:33:03] [INFO    ] [chrome_api.mapper] mapper | HYUNDAI | KOCW5K1ANL00 | Row complete: model=Kona, trim=1.6T N-Line AWD, engine_type=None
[2026-07-28 14:33:03] [DEBUG   ] [chrome_api.mapper] mapper | HYUNDAI | KOCW5K1ANLTT | Extracted fields: year=2024, desc=1.6T N Line AWD w/Two-Tone Roof, trim=N Line
[2026-07-28 14:33:03] [DEBUG   ] [chrome_api.mapper] mapper | HYUNDAI | KOCW5K1ANLTT | ModelName from ADS: Kona
[2026-07-28 14:33:03] [DEBUG   ] [chrome_api.mapper] mapper | HYUNDAI | KOCW5K1ANLTT | Applied standardization rules
[2026-07-28 14:33:03] [INFO    ] [chrome_api.mapper] mapper | HYUNDAI | Loaded 6 ENGINE_TYPE keywords: ['hev', 'hybrid', 'phev', 'ev', 'plug-in', 'electric']
[2026-07-28 14:33:03] [DEBUG   ] [chrome_api.mapper] mapper | HYUNDAI | KOCW5K1ANLTT | Searching text: 'kona 1.6t n-line awd w/two-tone roof'
[2026-07-28 14:33:03] [DEBUG   ] [chrome_api.mapper] mapper | HYUNDAI | KOCW5K1ANLTT | No ENGINE_TYPE keyword found
[2026-07-28 14:33:03] [INFO    ] [chrome_api.mapper] mapper | HYUNDAI | KOCW5K1ANLTT | Row complete: model=Kona, trim=1.6T N-Line AWD w/Two-Tone Roof, engine_type=None
[2026-07-28 14:33:03] [DEBUG   ] [chrome_api.mapper] mapper | HYUNDAI | KOCW5K1ANLUL | Extracted fields: year=2024, desc=1.6T N Line Ultimate AWD, trim=N Line Ultimate
[2026-07-28 14:33:03] [DEBUG   ] [chrome_api.mapper] mapper | HYUNDAI | KOCW5K1ANLUL | ModelName from ADS: Kona
[2026-07-28 14:33:03] [DEBUG   ] [chrome_api.mapper] mapper | HYUNDAI | KOCW5K1ANLUL | Applied standardization rules
[2026-07-28 14:33:03] [INFO    ] [chrome_api.mapper] mapper | HYUNDAI | Loaded 6 ENGINE_TYPE keywords: ['hev', 'hybrid', 'phev', 'ev', 'plug-in', 'electric']
[2026-07-28 14:33:03] [DEBUG   ] [chrome_api.mapper] mapper | HYUNDAI | KOCW5K1ANLUL | Searching text: 'kona 1.6t n-line ultimate awd'
[2026-07-28 14:33:03] [DEBUG   ] [chrome_api.mapper] mapper | HYUNDAI | KOCW5K1ANLUL | No ENGINE_TYPE keyword found
[2026-07-28 14:33:03] [INFO    ] [chrome_api.mapper] mapper | HYUNDAI | KOCW5K1ANLUL | Row complete: model=Kona, trim=1.6T N-Line Ultimate AWD, engine_type=None
[2026-07-28 14:33:03] [DEBUG   ] [chrome_api.mapper] mapper | HYUNDAI | KOCW5K1ANLBA | Extracted fields: year=2024, desc=1.6T N Line Ultimate AWD w/Two-Tone Roof, trim=N Line Ultimate
[2026-07-28 14:33:03] [DEBUG   ] [chrome_api.mapper] mapper | HYUNDAI | KOCW5K1ANLBA | ModelName from ADS: Kona
[2026-07-28 14:33:03] [DEBUG   ] [chrome_api.mapper] mapper | HYUNDAI | KOCW5K1ANLBA | Applied standardization rules
[2026-07-28 14:33:03] [INFO    ] [chrome_api.mapper] mapper | HYUNDAI | Loaded 6 ENGINE_TYPE keywords: ['hev', 'hybrid', 'phev', 'ev', 'plug-in', 'electric']
[2026-07-28 14:33:03] [DEBUG   ] [chrome_api.mapper] mapper | HYUNDAI | KOCW5K1ANLBA | Searching text: 'kona 1.6t n-line ultimate awd w/two-tone roof'
[2026-07-28 14:33:03] [DEBUG   ] [chrome_api.mapper] mapper | HYUNDAI | KOCW5K1ANLBA | No ENGINE_TYPE keyword found
[2026-07-28 14:33:03] [INFO    ] [chrome_api.mapper] mapper | HYUNDAI | KOCW5K1ANLBA | Row complete: model=Kona, trim=1.6T N-Line Ultimate AWD w/Two-Tone Roof, engine_type=None
[2026-07-28 14:33:03] [INFO    ] [chrome_api.mapper] mapper | ads_response_to_rows | Hyundai | Converted 9/9 trims to rows
[2026-07-28 14:33:03] [DEBUG   ] [chrome_api.service] refresh_from_ads | Hyundai 2024 Kona | Converted 9 trims to rows
[2026-07-28 14:33:03] [DEBUG   ] [urllib3.connectionpool] https://demos.autodatasolutions.com:443 "POST /ADSDemo/api/full/ymmt/year/2024/make/Hyundai/model/Kona%20Electric/ HTTP/1.1" 200 None
[2026-07-28 14:33:04] [INFO    ] [chrome_api.mapper] mapper | ads_response_to_rows | Hyundai | Processing 4 trims from ADS response
[2026-07-28 14:33:04] [DEBUG   ] [chrome_api.mapper] mapper | HYUNDAI | KEEW5ZE4PR00 | Extracted fields: year=2024, desc=Preferred FWD, trim=Preferred
[2026-07-28 14:33:04] [DEBUG   ] [chrome_api.mapper] mapper | HYUNDAI | KEEW5ZE4PR00 | ModelName from ADS: Kona Electric
[2026-07-28 14:33:04] [DEBUG   ] [semantic.standardizer] standardizer | Hyundai | No trim alias found for: 'Preferred'
[2026-07-28 14:33:04] [DEBUG   ] [semantic.standardizer] standardizer | Hyundai | No description patterns matched: 'Preferred FWD'
[2026-07-28 14:33:04] [DEBUG   ] [chrome_api.mapper] mapper | HYUNDAI | KEEW5ZE4PR00 | Applied standardization rules
[2026-07-28 14:33:04] [INFO    ] [chrome_api.mapper] mapper | HYUNDAI | Loaded 6 ENGINE_TYPE keywords: ['hev', 'hybrid', 'phev', 'ev', 'plug-in', 'electric']
[2026-07-28 14:33:04] [DEBUG   ] [chrome_api.mapper] mapper | HYUNDAI | KEEW5ZE4PR00 | Searching text: 'kona electric preferred fwd'
[2026-07-28 14:33:04] [DEBUG   ] [chrome_api.mapper] mapper | HYUNDAI | KEEW5ZE4PR00 | Found keyword 'electric' in 'Kona Electric Preferred FWD'
[2026-07-28 14:33:04] [WARNING ] [chrome_api.mapper] mapper | HYUNDAI | KEEW5ZE4PR00 | Keyword 'electric' found but NOT in translator. Returning keyword as-is.
[2026-07-28 14:33:04] [INFO    ] [chrome_api.mapper] mapper | HYUNDAI | KEEW5ZE4PR00 | Row complete: model=Kona Electric, trim=Preferred FWD, engine_type=electric
[2026-07-28 14:33:04] [DEBUG   ] [chrome_api.mapper] mapper | HYUNDAI | KEEW5ZE4UL00 | Extracted fields: year=2024, desc=Ultimate FWD, trim=Ultimate
[2026-07-28 14:33:04] [DEBUG   ] [chrome_api.mapper] mapper | HYUNDAI | KEEW5ZE4UL00 | ModelName from ADS: Kona Electric
[2026-07-28 14:33:04] [DEBUG   ] [semantic.standardizer] standardizer | Hyundai | No trim alias found for: 'Ultimate'
[2026-07-28 14:33:04] [DEBUG   ] [semantic.standardizer] standardizer | Hyundai | No description patterns matched: 'Ultimate FWD'
[2026-07-28 14:33:04] [DEBUG   ] [chrome_api.mapper] mapper | HYUNDAI | KEEW5ZE4UL00 | Applied standardization rules
[2026-07-28 14:33:04] [INFO    ] [chrome_api.mapper] mapper | HYUNDAI | Loaded 6 ENGINE_TYPE keywords: ['hev', 'hybrid', 'phev', 'ev', 'plug-in', 'electric']
[2026-07-28 14:33:04] [DEBUG   ] [chrome_api.mapper] mapper | HYUNDAI | KEEW5ZE4UL00 | Searching text: 'kona electric ultimate fwd'
[2026-07-28 14:33:04] [DEBUG   ] [chrome_api.mapper] mapper | HYUNDAI | KEEW5ZE4UL00 | Found keyword 'electric' in 'Kona Electric Ultimate FWD'
[2026-07-28 14:33:04] [WARNING ] [chrome_api.mapper] mapper | HYUNDAI | KEEW5ZE4UL00 | Keyword 'electric' found but NOT in translator. Returning keyword as-is.
[2026-07-28 14:33:04] [INFO    ] [chrome_api.mapper] mapper | HYUNDAI | KEEW5ZE4UL00 | Row complete: model=Kona Electric, trim=Ultimate FWD, engine_type=electric
[2026-07-28 14:33:04] [DEBUG   ] [chrome_api.mapper] mapper | HYUNDAI | KEEW5ZE4ULTT | Extracted fields: year=2024, desc=Ultimate FWD w/Two-Tone Interior, trim=Ultimate
[2026-07-28 14:33:04] [DEBUG   ] [chrome_api.mapper] mapper | HYUNDAI | KEEW5ZE4ULTT | ModelName from ADS: Kona Electric
[2026-07-28 14:33:04] [DEBUG   ] [semantic.standardizer] standardizer | Hyundai | No trim alias found for: 'Ultimate'
[2026-07-28 14:33:04] [DEBUG   ] [semantic.standardizer] standardizer | Hyundai | No description patterns matched: 'Ultimate FWD w/Two-Tone Interior'
[2026-07-28 14:33:04] [DEBUG   ] [chrome_api.mapper] mapper | HYUNDAI | KEEW5ZE4ULTT | Applied standardization rules
[2026-07-28 14:33:04] [INFO    ] [chrome_api.mapper] mapper | HYUNDAI | Loaded 6 ENGINE_TYPE keywords: ['hev', 'hybrid', 'phev', 'ev', 'plug-in', 'electric']
[2026-07-28 14:33:04] [DEBUG   ] [chrome_api.mapper] mapper | HYUNDAI | KEEW5ZE4ULTT | Searching text: 'kona electric ultimate fwd w/two-tone interior'
[2026-07-28 14:33:04] [DEBUG   ] [chrome_api.mapper] mapper | HYUNDAI | KEEW5ZE4ULTT | Found keyword 'electric' in 'Kona Electric Ultimate FWD w/Two-Tone Interior'
[2026-07-28 14:33:04] [WARNING ] [chrome_api.mapper] mapper | HYUNDAI | KEEW5ZE4ULTT | Keyword 'electric' found but NOT in translator. Returning keyword as-is.
[2026-07-28 14:33:04] [INFO    ] [chrome_api.mapper] mapper | HYUNDAI | KEEW5ZE4ULTT | Row complete: model=Kona Electric, trim=Ultimate FWD w/Two-Tone Interior, engine_type=electric
[2026-07-28 14:33:04] [DEBUG   ] [chrome_api.mapper] mapper | HYUNDAI | KEEW5ZE4ULBF | Extracted fields: year=2024, desc=Ultimate FWD w/Sage-Green Interior, trim=Ultimate
[2026-07-28 14:33:04] [DEBUG   ] [chrome_api.mapper] mapper | HYUNDAI | KEEW5ZE4ULBF | ModelName from ADS: Kona Electric
[2026-07-28 14:33:04] [DEBUG   ] [semantic.standardizer] standardizer | Hyundai | No trim alias found for: 'Ultimate'
[2026-07-28 14:33:04] [DEBUG   ] [semantic.standardizer] standardizer | Hyundai | No description patterns matched: 'Ultimate FWD w/Sage-Green Interior'
[2026-07-28 14:33:04] [DEBUG   ] [chrome_api.mapper] mapper | HYUNDAI | KEEW5ZE4ULBF | Applied standardization rules
[2026-07-28 14:33:04] [INFO    ] [chrome_api.mapper] mapper | HYUNDAI | Loaded 6 ENGINE_TYPE keywords: ['hev', 'hybrid', 'phev', 'ev', 'plug-in', 'electric']
[2026-07-28 14:33:04] [DEBUG   ] [chrome_api.mapper] mapper | HYUNDAI | KEEW5ZE4ULBF | Searching text: 'kona electric ultimate fwd w/sage-green interior'
[2026-07-28 14:33:04] [DEBUG   ] [chrome_api.mapper] mapper | HYUNDAI | KEEW5ZE4ULBF | Found keyword 'electric' in 'Kona Electric Ultimate FWD w/Sage-Green Interior'
[2026-07-28 14:33:04] [WARNING ] [chrome_api.mapper] mapper | HYUNDAI | KEEW5ZE4ULBF | Keyword 'electric' found but NOT in translator. Returning keyword as-is.
[2026-07-28 14:33:04] [INFO    ] [chrome_api.mapper] mapper | HYUNDAI | KEEW5ZE4ULBF | Row complete: model=Kona Electric, trim=Ultimate FWD w/Sage-Green Interior, engine_type=electric
[2026-07-28 14:33:04] [INFO    ] [chrome_api.mapper] mapper | ads_response_to_rows | Hyundai | Converted 4/4 trims to rows
[2026-07-28 14:33:04] [DEBUG   ] [chrome_api.service] refresh_from_ads | Hyundai 2024 Kona Electric | Converted 4 trims to rows
[2026-07-28 14:33:04] [DEBUG   ] [urllib3.connectionpool] https://demos.autodatasolutions.com:443 "POST /ADSDemo/api/full/ymmt/year/2024/make/Hyundai/model/NEXO/ HTTP/1.1" 200 None
[2026-07-28 14:33:05] [INFO    ] [chrome_api.mapper] mapper | ads_response_to_rows | Hyundai | Processing 2 trims from ADS response
[2026-07-28 14:33:05] [DEBUG   ] [chrome_api.mapper] mapper | HYUNDAI | NXFW5ZH1PR00 | Extracted fields: year=2024, desc=Preferred FWD, trim=Preferred
[2026-07-28 14:33:05] [DEBUG   ] [chrome_api.mapper] mapper | HYUNDAI | NXFW5ZH1PR00 | ModelName from ADS: NEXO
[2026-07-28 14:33:05] [DEBUG   ] [semantic.standardizer] standardizer | Hyundai | No trim alias found for: 'Preferred'
[2026-07-28 14:33:05] [DEBUG   ] [semantic.standardizer] standardizer | Hyundai | No description patterns matched: 'Preferred FWD'
[2026-07-28 14:33:05] [DEBUG   ] [chrome_api.mapper] mapper | HYUNDAI | NXFW5ZH1PR00 | Applied standardization rules
[2026-07-28 14:33:05] [INFO    ] [chrome_api.mapper] mapper | HYUNDAI | Loaded 6 ENGINE_TYPE keywords: ['hev', 'hybrid', 'phev', 'ev', 'plug-in', 'electric']
[2026-07-28 14:33:05] [DEBUG   ] [chrome_api.mapper] mapper | HYUNDAI | NXFW5ZH1PR00 | Searching text: 'nexo preferred fwd'
[2026-07-28 14:33:05] [DEBUG   ] [chrome_api.mapper] mapper | HYUNDAI | NXFW5ZH1PR00 | No ENGINE_TYPE keyword found
[2026-07-28 14:33:05] [INFO    ] [chrome_api.mapper] mapper | HYUNDAI | NXFW5ZH1PR00 | Row complete: model=NEXO, trim=Preferred FWD, engine_type=None
[2026-07-28 14:33:05] [DEBUG   ] [chrome_api.mapper] mapper | HYUNDAI | NXFW5ZH1UL00 | Extracted fields: year=2024, desc=Ultimate FWD, trim=Ultimate
[2026-07-28 14:33:05] [DEBUG   ] [chrome_api.mapper] mapper | HYUNDAI | NXFW5ZH1UL00 | ModelName from ADS: NEXO
[2026-07-28 14:33:05] [DEBUG   ] [semantic.standardizer] standardizer | Hyundai | No trim alias found for: 'Ultimate'
[2026-07-28 14:33:05] [DEBUG   ] [semantic.standardizer] standardizer | Hyundai | No description patterns matched: 'Ultimate FWD'
[2026-07-28 14:33:05] [DEBUG   ] [chrome_api.mapper] mapper | HYUNDAI | NXFW5ZH1UL00 | Applied standardization rules
[2026-07-28 14:33:05] [INFO    ] [chrome_api.mapper] mapper | HYUNDAI | Loaded 6 ENGINE_TYPE keywords: ['hev', 'hybrid', 'phev', 'ev', 'plug-in', 'electric']
[2026-07-28 14:33:05] [DEBUG   ] [chrome_api.mapper] mapper | HYUNDAI | NXFW5ZH1UL00 | Searching text: 'nexo ultimate fwd'
[2026-07-28 14:33:05] [DEBUG   ] [chrome_api.mapper] mapper | HYUNDAI | NXFW5ZH1UL00 | No ENGINE_TYPE keyword found
[2026-07-28 14:33:05] [INFO    ] [chrome_api.mapper] mapper | HYUNDAI | NXFW5ZH1UL00 | Row complete: model=NEXO, trim=Ultimate FWD, engine_type=None
[2026-07-28 14:33:05] [INFO    ] [chrome_api.mapper] mapper | ads_response_to_rows | Hyundai | Converted 2/2 trims to rows
[2026-07-28 14:33:05] [DEBUG   ] [chrome_api.service] refresh_from_ads | Hyundai 2024 NEXO | Converted 2 trims to rows
[2026-07-28 14:33:05] [DEBUG   ] [urllib3.connectionpool] https://demos.autodatasolutions.com:443 "POST /ADSDemo/api/full/ymmt/year/2024/make/Hyundai/model/Palisade/ HTTP/1.1" 200 None
[2026-07-28 14:33:05] [INFO    ] [chrome_api.mapper] mapper | ads_response_to_rows | Hyundai | Processing 5 trims from ADS response
[2026-07-28 14:33:05] [DEBUG   ] [chrome_api.mapper] mapper | HYUNDAI | PACW8K3DPR00 | Extracted fields: year=2024, desc=Preferred 8-Passenger AWD, trim=Preferred
[2026-07-28 14:33:05] [DEBUG   ] [chrome_api.mapper] mapper | HYUNDAI | PACW8K3DPR00 | ModelName from ADS: Palisade
[2026-07-28 14:33:05] [DEBUG   ] [semantic.standardizer] standardizer | Hyundai | No trim alias found for: 'Preferred'
[2026-07-28 14:33:05] [DEBUG   ] [semantic.standardizer] standardizer | Hyundai | No description patterns matched: 'Preferred 8-Passenger AWD'
[2026-07-28 14:33:05] [DEBUG   ] [chrome_api.mapper] mapper | HYUNDAI | PACW8K3DPR00 | Applied standardization rules
[2026-07-28 14:33:05] [INFO    ] [chrome_api.mapper] mapper | HYUNDAI | Loaded 6 ENGINE_TYPE keywords: ['hev', 'hybrid', 'phev', 'ev', 'plug-in', 'electric']
[2026-07-28 14:33:05] [DEBUG   ] [chrome_api.mapper] mapper | HYUNDAI | PACW8K3DPR00 | Searching text: 'palisade preferred 8-passenger awd'
[2026-07-28 14:33:05] [DEBUG   ] [chrome_api.mapper] mapper | HYUNDAI | PACW8K3DPR00 | No ENGINE_TYPE keyword found
[2026-07-28 14:33:05] [INFO    ] [chrome_api.mapper] mapper | HYUNDAI | PACW8K3DPR00 | Row complete: model=Palisade, trim=Preferred 8-Passenger AWD, engine_type=None
[2026-07-28 14:33:05] [DEBUG   ] [chrome_api.mapper] mapper | HYUNDAI | PACW8K3DUR00 | Extracted fields: year=2024, desc=Urban 8-Passenger AWD, trim=Urban
[2026-07-28 14:33:05] [DEBUG   ] [chrome_api.mapper] mapper | HYUNDAI | PACW8K3DUR00 | ModelName from ADS: Palisade
[2026-07-28 14:33:05] [DEBUG   ] [semantic.standardizer] standardizer | Hyundai | No trim alias found for: 'Urban'
[2026-07-28 14:33:05] [DEBUG   ] [semantic.standardizer] standardizer | Hyundai | No description patterns matched: 'Urban 8-Passenger AWD'
[2026-07-28 14:33:05] [DEBUG   ] [chrome_api.mapper] mapper | HYUNDAI | PACW8K3DUR00 | Applied standardization rules
[2026-07-28 14:33:05] [INFO    ] [chrome_api.mapper] mapper | HYUNDAI | Loaded 6 ENGINE_TYPE keywords: ['hev', 'hybrid', 'phev', 'ev', 'plug-in', 'electric']
[2026-07-28 14:33:05] [DEBUG   ] [chrome_api.mapper] mapper | HYUNDAI | PACW8K3DUR00 | Searching text: 'palisade urban 8-passenger awd'
[2026-07-28 14:33:05] [DEBUG   ] [chrome_api.mapper] mapper | HYUNDAI | PACW8K3DUR00 | No ENGINE_TYPE keyword found
[2026-07-28 14:33:05] [INFO    ] [chrome_api.mapper] mapper | HYUNDAI | PACW8K3DUR00 | Row complete: model=Palisade, trim=Urban 8-Passenger AWD, engine_type=None
[2026-07-28 14:33:05] [DEBUG   ] [chrome_api.mapper] mapper | HYUNDAI | PACW7K3DUR91 | Extracted fields: year=2024, desc=Urban 7-Passenger AWD, trim=Urban
[2026-07-28 14:33:05] [DEBUG   ] [chrome_api.mapper] mapper | HYUNDAI | PACW7K3DUR91 | ModelName from ADS: Palisade
[2026-07-28 14:33:05] [DEBUG   ] [semantic.standardizer] standardizer | Hyundai | No trim alias found for: 'Urban'
[2026-07-28 14:33:05] [DEBUG   ] [semantic.standardizer] standardizer | Hyundai | No description patterns matched: 'Urban 7-Passenger AWD'
[2026-07-28 14:33:05] [DEBUG   ] [chrome_api.mapper] mapper | HYUNDAI | PACW7K3DUR91 | Applied standardization rules
[2026-07-28 14:33:05] [INFO    ] [chrome_api.mapper] mapper | HYUNDAI | Loaded 6 ENGINE_TYPE keywords: ['hev', 'hybrid', 'phev', 'ev', 'plug-in', 'electric']
[2026-07-28 14:33:05] [DEBUG   ] [chrome_api.mapper] mapper | HYUNDAI | PACW7K3DUR91 | Searching text: 'palisade urban 7-passenger awd'
[2026-07-28 14:33:05] [DEBUG   ] [chrome_api.mapper] mapper | HYUNDAI | PACW7K3DUR91 | No ENGINE_TYPE keyword found
[2026-07-28 14:33:05] [INFO    ] [chrome_api.mapper] mapper | HYUNDAI | PACW7K3DUR91 | Row complete: model=Palisade, trim=Urban 7-Passenger AWD, engine_type=None
[2026-07-28 14:33:05] [DEBUG   ] [chrome_api.mapper] mapper | HYUNDAI | PACW7K3DULC7 | Extracted fields: year=2024, desc=Ultimate Calligraphy 7-Passenger AWD, trim=Ultimate Calligraphy
[2026-07-28 14:33:05] [DEBUG   ] [chrome_api.mapper] mapper | HYUNDAI | PACW7K3DULC7 | ModelName from ADS: Palisade
[2026-07-28 14:33:05] [DEBUG   ] [semantic.standardizer] standardizer | Hyundai | No trim alias found for: 'Ultimate Calligraphy'
[2026-07-28 14:33:05] [DEBUG   ] [semantic.standardizer] standardizer | Hyundai | No description patterns matched: 'Ultimate Calligraphy 7-Passenger AWD'
[2026-07-28 14:33:05] [DEBUG   ] [chrome_api.mapper] mapper | HYUNDAI | PACW7K3DULC7 | Applied standardization rules
[2026-07-28 14:33:05] [INFO    ] [chrome_api.mapper] mapper | HYUNDAI | Loaded 6 ENGINE_TYPE keywords: ['hev', 'hybrid', 'phev', 'ev', 'plug-in', 'electric']
[2026-07-28 14:33:05] [DEBUG   ] [chrome_api.mapper] mapper | HYUNDAI | PACW7K3DULC7 | Searching text: 'palisade ultimate calligraphy 7-passenger awd'
[2026-07-28 14:33:05] [DEBUG   ] [chrome_api.mapper] mapper | HYUNDAI | PACW7K3DULC7 | No ENGINE_TYPE keyword found
[2026-07-28 14:33:05] [INFO    ] [chrome_api.mapper] mapper | HYUNDAI | PACW7K3DULC7 | Row complete: model=Palisade, trim=Ultimate Calligraphy 7-Passenger AWD, engine_type=None
[2026-07-28 14:33:05] [DEBUG   ] [chrome_api.mapper] mapper | HYUNDAI | PACW7K3DULCB | Extracted fields: year=2024, desc=Ultimate Calligraphy w/Beige 7-Passenger AWD, trim=Ultimate Calligraphy
[2026-07-28 14:33:05] [DEBUG   ] [chrome_api.mapper] mapper | HYUNDAI | PACW7K3DULCB | ModelName from ADS: Palisade
[2026-07-28 14:33:05] [DEBUG   ] [semantic.standardizer] standardizer | Hyundai | No trim alias found for: 'Ultimate Calligraphy'
[2026-07-28 14:33:05] [DEBUG   ] [semantic.standardizer] standardizer | Hyundai | No description patterns matched: 'Ultimate Calligraphy w/Beige 7-Passenger AWD'
[2026-07-28 14:33:05] [DEBUG   ] [chrome_api.mapper] mapper | HYUNDAI | PACW7K3DULCB | Applied standardization rules
[2026-07-28 14:33:05] [INFO    ] [chrome_api.mapper] mapper | HYUNDAI | Loaded 6 ENGINE_TYPE keywords: ['hev', 'hybrid', 'phev', 'ev', 'plug-in', 'electric']
[2026-07-28 14:33:05] [DEBUG   ] [chrome_api.mapper] mapper | HYUNDAI | PACW7K3DULCB | Searching text: 'palisade ultimate calligraphy w/beige 7-passenger awd'
[2026-07-28 14:33:05] [DEBUG   ] [chrome_api.mapper] mapper | HYUNDAI | PACW7K3DULCB | No ENGINE_TYPE keyword found
[2026-07-28 14:33:05] [INFO    ] [chrome_api.mapper] mapper | HYUNDAI | PACW7K3DULCB | Row complete: model=Palisade, trim=Ultimate Calligraphy w/Beige 7-Passenger AWD, engine_type=None
[2026-07-28 14:33:05] [INFO    ] [chrome_api.mapper] mapper | ads_response_to_rows | Hyundai | Converted 5/5 trims to rows
[2026-07-28 14:33:05] [DEBUG   ] [chrome_api.service] refresh_from_ads | Hyundai 2024 Palisade | Converted 5 trims to rows
[2026-07-28 14:33:05] [DEBUG   ] [urllib3.connectionpool] https://demos.autodatasolutions.com:443 "POST /ADSDemo/api/full/ymmt/year/2024/make/Hyundai/model/Santa%20Cruz/ HTTP/1.1" 200 None
[2026-07-28 14:33:06] [INFO    ] [chrome_api.mapper] mapper | ads_response_to_rows | Hyundai | Processing 8 trims from ADS response
[2026-07-28 14:33:06] [DEBUG   ] [chrome_api.mapper] mapper | HYUNDAI | SZCP5N2DPR00 | Extracted fields: year=2024, desc=Preferred AWD *Ltd Avail*, trim=Preferred
[2026-07-28 14:33:06] [DEBUG   ] [chrome_api.mapper] mapper | HYUNDAI | SZCP5N2DPR00 | ModelName from ADS: Santa Cruz
[2026-07-28 14:33:06] [DEBUG   ] [semantic.standardizer] standardizer | Hyundai | No trim alias found for: 'Preferred'
[2026-07-28 14:33:06] [DEBUG   ] [semantic.standardizer] standardizer | Hyundai | No description patterns matched: 'Preferred AWD *Ltd Avail*'
[2026-07-28 14:33:06] [DEBUG   ] [chrome_api.mapper] mapper | HYUNDAI | SZCP5N2DPR00 | Applied standardization rules
[2026-07-28 14:33:06] [INFO    ] [chrome_api.mapper] mapper | HYUNDAI | Loaded 6 ENGINE_TYPE keywords: ['hev', 'hybrid', 'phev', 'ev', 'plug-in', 'electric']
[2026-07-28 14:33:06] [DEBUG   ] [chrome_api.mapper] mapper | HYUNDAI | SZCP5N2DPR00 | Searching text: 'santa cruz preferred awd *ltd avail*'
[2026-07-28 14:33:06] [DEBUG   ] [chrome_api.mapper] mapper | HYUNDAI | SZCP5N2DPR00 | No ENGINE_TYPE keyword found
[2026-07-28 14:33:06] [INFO    ] [chrome_api.mapper] mapper | HYUNDAI | SZCP5N2DPR00 | Row complete: model=Santa Cruz, trim=Preferred AWD *Ltd Avail*, engine_type=None
[2026-07-28 14:33:06] [DEBUG   ] [chrome_api.mapper] mapper | HYUNDAI | SZCP5N2DPRTR | Extracted fields: year=2024, desc=Trend AWD *Ltd Avail*, trim=Trend
[2026-07-28 14:33:06] [DEBUG   ] [chrome_api.mapper] mapper | HYUNDAI | SZCP5N2DPRTR | ModelName from ADS: Santa Cruz
[2026-07-28 14:33:06] [DEBUG   ] [semantic.standardizer] standardizer | Hyundai | No trim alias found for: 'Trend'
[2026-07-28 14:33:06] [DEBUG   ] [semantic.standardizer] standardizer | Hyundai | No description patterns matched: 'Trend AWD *Ltd Avail*'
[2026-07-28 14:33:06] [DEBUG   ] [chrome_api.mapper] mapper | HYUNDAI | SZCP5N2DPRTR | Applied standardization rules
[2026-07-28 14:33:06] [INFO    ] [chrome_api.mapper] mapper | HYUNDAI | Loaded 6 ENGINE_TYPE keywords: ['hev', 'hybrid', 'phev', 'ev', 'plug-in', 'electric']
[2026-07-28 14:33:06] [DEBUG   ] [chrome_api.mapper] mapper | HYUNDAI | SZCP5N2DPRTR | Searching text: 'santa cruz trend awd *ltd avail*'
[2026-07-28 14:33:06] [DEBUG   ] [chrome_api.mapper] mapper | HYUNDAI | SZCP5N2DPRTR | No ENGINE_TYPE keyword found
[2026-07-28 14:33:06] [INFO    ] [chrome_api.mapper] mapper | HYUNDAI | SZCP5N2DPRTR | Row complete: model=Santa Cruz, trim=Trend AWD *Ltd Avail*, engine_type=None
[2026-07-28 14:33:06] [DEBUG   ] [chrome_api.mapper] mapper | HYUNDAI | SZCP5N2DUL00 | Extracted fields: year=2024, desc=Ultimate AWD *Ltd Avail*, trim=Ultimate
[2026-07-28 14:33:06] [DEBUG   ] [chrome_api.mapper] mapper | HYUNDAI | SZCP5N2DUL00 | ModelName from ADS: Santa Cruz
[2026-07-28 14:33:06] [DEBUG   ] [semantic.standardizer] standardizer | Hyundai | No trim alias found for: 'Ultimate'
[2026-07-28 14:33:06] [DEBUG   ] [semantic.standardizer] standardizer | Hyundai | No description patterns matched: 'Ultimate AWD *Ltd Avail*'
[2026-07-28 14:33:06] [DEBUG   ] [chrome_api.mapper] mapper | HYUNDAI | SZCP5N2DUL00 | Applied standardization rules
[2026-07-28 14:33:06] [INFO    ] [chrome_api.mapper] mapper | HYUNDAI | Loaded 6 ENGINE_TYPE keywords: ['hev', 'hybrid', 'phev', 'ev', 'plug-in', 'electric']
[2026-07-28 14:33:06] [DEBUG   ] [chrome_api.mapper] mapper | HYUNDAI | SZCP5N2DUL00 | Searching text: 'santa cruz ultimate awd *ltd avail*'
[2026-07-28 14:33:06] [DEBUG   ] [chrome_api.mapper] mapper | HYUNDAI | SZCP5N2DUL00 | No ENGINE_TYPE keyword found
[2026-07-28 14:33:06] [INFO    ] [chrome_api.mapper] mapper | HYUNDAI | SZCP5N2DUL00 | Row complete: model=Santa Cruz, trim=Ultimate AWD *Ltd Avail*, engine_type=None
[2026-07-28 14:33:06] [DEBUG   ] [chrome_api.mapper] mapper | HYUNDAI | SZCP5N2DUL95 | Extracted fields: year=2024, desc=Ultimate AWD w/Colour Pkg *Ltd Avail*, trim=Ultimate
[2026-07-28 14:33:06] [DEBUG   ] [chrome_api.mapper] mapper | HYUNDAI | SZCP5N2DUL95 | ModelName from ADS: Santa Cruz
[2026-07-28 14:33:06] [DEBUG   ] [semantic.standardizer] standardizer | Hyundai | No trim alias found for: 'Ultimate'
[2026-07-28 14:33:06] [DEBUG   ] [semantic.standardizer] standardizer | Hyundai | No description patterns matched: 'Ultimate AWD w/Colour Pkg *Ltd Avail*'
[2026-07-28 14:33:06] [DEBUG   ] [chrome_api.mapper] mapper | HYUNDAI | SZCP5N2DUL95 | Applied standardization rules
[2026-07-28 14:33:06] [INFO    ] [chrome_api.mapper] mapper | HYUNDAI | Loaded 6 ENGINE_TYPE keywords: ['hev', 'hybrid', 'phev', 'ev', 'plug-in', 'electric']
[2026-07-28 14:33:06] [DEBUG   ] [chrome_api.mapper] mapper | HYUNDAI | SZCP5N2DUL95 | Searching text: 'santa cruz ultimate awd w/colour pkg *ltd avail*'
[2026-07-28 14:33:06] [DEBUG   ] [chrome_api.mapper] mapper | HYUNDAI | SZCP5N2DUL95 | No ENGINE_TYPE keyword found
[2026-07-28 14:33:06] [INFO    ] [chrome_api.mapper] mapper | HYUNDAI | SZCP5N2DUL95 | Row complete: model=Santa Cruz, trim=Ultimate AWD w/Colour Pkg *Ltd Avail*, engine_type=None
[2026-07-28 14:33:06] [DEBUG   ] [chrome_api.mapper] mapper | HYUNDAI | SZCP5N2DPRBB | Extracted fields: year=2024, desc=Preferred AWD, trim=Preferred
[2026-07-28 14:33:06] [DEBUG   ] [chrome_api.mapper] mapper | HYUNDAI | SZCP5N2DPRBB | ModelName from ADS: Santa Cruz
[2026-07-28 14:33:06] [DEBUG   ] [semantic.standardizer] standardizer | Hyundai | No trim alias found for: 'Preferred'
[2026-07-28 14:33:06] [DEBUG   ] [semantic.standardizer] standardizer | Hyundai | No description patterns matched: 'Preferred AWD'
[2026-07-28 14:33:06] [DEBUG   ] [chrome_api.mapper] mapper | HYUNDAI | SZCP5N2DPRBB | Applied standardization rules
[2026-07-28 14:33:06] [INFO    ] [chrome_api.mapper] mapper | HYUNDAI | Loaded 6 ENGINE_TYPE keywords: ['hev', 'hybrid', 'phev', 'ev', 'plug-in', 'electric']
[2026-07-28 14:33:06] [DEBUG   ] [chrome_api.mapper] mapper | HYUNDAI | SZCP5N2DPRBB | Searching text: 'santa cruz preferred awd'
[2026-07-28 14:33:06] [DEBUG   ] [chrome_api.mapper] mapper | HYUNDAI | SZCP5N2DPRBB | No ENGINE_TYPE keyword found
[2026-07-28 14:33:06] [INFO    ] [chrome_api.mapper] mapper | HYUNDAI | SZCP5N2DPRBB | Row complete: model=Santa Cruz, trim=Preferred AWD, engine_type=None
[2026-07-28 14:33:06] [DEBUG   ] [chrome_api.mapper] mapper | HYUNDAI | SZCP5N2DPRBC | Extracted fields: year=2024, desc=Trend AWD, trim=Trend
[2026-07-28 14:33:06] [DEBUG   ] [chrome_api.mapper] mapper | HYUNDAI | SZCP5N2DPRBC | ModelName from ADS: Santa Cruz
[2026-07-28 14:33:06] [DEBUG   ] [semantic.standardizer] standardizer | Hyundai | No trim alias found for: 'Trend'
[2026-07-28 14:33:06] [DEBUG   ] [semantic.standardizer] standardizer | Hyundai | No description patterns matched: 'Trend AWD'
[2026-07-28 14:33:06] [DEBUG   ] [chrome_api.mapper] mapper | HYUNDAI | SZCP5N2DPRBC | Applied standardization rules
[2026-07-28 14:33:06] [INFO    ] [chrome_api.mapper] mapper | HYUNDAI | Loaded 6 ENGINE_TYPE keywords: ['hev', 'hybrid', 'phev', 'ev', 'plug-in', 'electric']
[2026-07-28 14:33:06] [DEBUG   ] [chrome_api.mapper] mapper | HYUNDAI | SZCP5N2DPRBC | Searching text: 'santa cruz trend awd'
[2026-07-28 14:33:06] [DEBUG   ] [chrome_api.mapper] mapper | HYUNDAI | SZCP5N2DPRBC | No ENGINE_TYPE keyword found
[2026-07-28 14:33:06] [INFO    ] [chrome_api.mapper] mapper | HYUNDAI | SZCP5N2DPRBC | Row complete: model=Santa Cruz, trim=Trend AWD, engine_type=None
[2026-07-28 14:33:06] [DEBUG   ] [chrome_api.mapper] mapper | HYUNDAI | SZCP5N2DULBB | Extracted fields: year=2024, desc=Ultimate AWD, trim=Ultimate
[2026-07-28 14:33:06] [DEBUG   ] [chrome_api.mapper] mapper | HYUNDAI | SZCP5N2DULBB | ModelName from ADS: Santa Cruz
[2026-07-28 14:33:06] [DEBUG   ] [semantic.standardizer] standardizer | Hyundai | No trim alias found for: 'Ultimate'
[2026-07-28 14:33:06] [DEBUG   ] [semantic.standardizer] standardizer | Hyundai | No description patterns matched: 'Ultimate AWD'
[2026-07-28 14:33:06] [DEBUG   ] [chrome_api.mapper] mapper | HYUNDAI | SZCP5N2DULBB | Applied standardization rules
[2026-07-28 14:33:06] [INFO    ] [chrome_api.mapper] mapper | HYUNDAI | Loaded 6 ENGINE_TYPE keywords: ['hev', 'hybrid', 'phev', 'ev', 'plug-in', 'electric']
[2026-07-28 14:33:06] [DEBUG   ] [chrome_api.mapper] mapper | HYUNDAI | SZCP5N2DULBB | Searching text: 'santa cruz ultimate awd'
[2026-07-28 14:33:06] [DEBUG   ] [chrome_api.mapper] mapper | HYUNDAI | SZCP5N2DULBB | No ENGINE_TYPE keyword found
[2026-07-28 14:33:06] [INFO    ] [chrome_api.mapper] mapper | HYUNDAI | SZCP5N2DULBB | Row complete: model=Santa Cruz, trim=Ultimate AWD, engine_type=None
[2026-07-28 14:33:06] [DEBUG   ] [chrome_api.mapper] mapper | HYUNDAI | SZCP5N2DULBD | Extracted fields: year=2024, desc=Ultimate AWD w/Colour Pkg, trim=Ultimate
[2026-07-28 14:33:06] [DEBUG   ] [chrome_api.mapper] mapper | HYUNDAI | SZCP5N2DULBD | ModelName from ADS: Santa Cruz
[2026-07-28 14:33:06] [DEBUG   ] [semantic.standardizer] standardizer | Hyundai | No trim alias found for: 'Ultimate'
[2026-07-28 14:33:06] [DEBUG   ] [semantic.standardizer] standardizer | Hyundai | No description patterns matched: 'Ultimate AWD w/Colour Pkg'
[2026-07-28 14:33:06] [DEBUG   ] [chrome_api.mapper] mapper | HYUNDAI | SZCP5N2DULBD | Applied standardization rules
[2026-07-28 14:33:06] [INFO    ] [chrome_api.mapper] mapper | HYUNDAI | Loaded 6 ENGINE_TYPE keywords: ['hev', 'hybrid', 'phev', 'ev', 'plug-in', 'electric']
[2026-07-28 14:33:06] [DEBUG   ] [chrome_api.mapper] mapper | HYUNDAI | SZCP5N2DULBD | Searching text: 'santa cruz ultimate awd w/colour pkg'
[2026-07-28 14:33:06] [DEBUG   ] [chrome_api.mapper] mapper | HYUNDAI | SZCP5N2DULBD | No ENGINE_TYPE keyword found
[2026-07-28 14:33:06] [INFO    ] [chrome_api.mapper] mapper | HYUNDAI | SZCP5N2DULBD | Row complete: model=Santa Cruz, trim=Ultimate AWD w/Colour Pkg, engine_type=None
[2026-07-28 14:33:06] [INFO    ] [chrome_api.mapper] mapper | ads_response_to_rows | Hyundai | Converted 8/8 trims to rows
[2026-07-28 14:33:06] [DEBUG   ] [chrome_api.service] refresh_from_ads | Hyundai 2024 Santa Cruz | Converted 8 trims to rows
[2026-07-28 14:33:06] [DEBUG   ] [urllib3.connectionpool] https://demos.autodatasolutions.com:443 "POST /ADSDemo/api/full/ymmt/year/2024/make/Hyundai/model/Santa%20Fe/ HTTP/1.1" 200 None
[2026-07-28 14:33:06] [INFO    ] [chrome_api.mapper] mapper | ads_response_to_rows | Hyundai | Processing 4 trims from ADS response
[2026-07-28 14:33:06] [DEBUG   ] [chrome_api.mapper] mapper | HYUNDAI | SACW6N2DULBG | Extracted fields: year=2024, desc=Ultimate Calligraphy AWD, trim=Ultimate Calligraphy
[2026-07-28 14:33:06] [DEBUG   ] [chrome_api.mapper] mapper | HYUNDAI | SACW6N2DULBG | ModelName from ADS: Santa Fe
[2026-07-28 14:33:06] [DEBUG   ] [semantic.standardizer] standardizer | Hyundai | No trim alias found for: 'Ultimate Calligraphy'
[2026-07-28 14:33:06] [DEBUG   ] [semantic.standardizer] standardizer | Hyundai | No description patterns matched: 'Ultimate Calligraphy AWD'
[2026-07-28 14:33:06] [DEBUG   ] [chrome_api.mapper] mapper | HYUNDAI | SACW6N2DULBG | Applied standardization rules
[2026-07-28 14:33:06] [INFO    ] [chrome_api.mapper] mapper | HYUNDAI | Loaded 6 ENGINE_TYPE keywords: ['hev', 'hybrid', 'phev', 'ev', 'plug-in', 'electric']
[2026-07-28 14:33:06] [DEBUG   ] [chrome_api.mapper] mapper | HYUNDAI | SACW6N2DULBG | Searching text: 'santa fe ultimate calligraphy awd'
[2026-07-28 14:33:06] [DEBUG   ] [chrome_api.mapper] mapper | HYUNDAI | SACW6N2DULBG | No ENGINE_TYPE keyword found
[2026-07-28 14:33:06] [INFO    ] [chrome_api.mapper] mapper | HYUNDAI | SACW6N2DULBG | Row complete: model=Santa Fe, trim=Ultimate Calligraphy AWD, engine_type=None
[2026-07-28 14:33:06] [DEBUG   ] [chrome_api.mapper] mapper | HYUNDAI | SACW7N2DXR00 | Extracted fields: year=2024, desc=XRT AWD, trim=XRT
[2026-07-28 14:33:06] [DEBUG   ] [chrome_api.mapper] mapper | HYUNDAI | SACW7N2DXR00 | ModelName from ADS: Santa Fe
[2026-07-28 14:33:06] [DEBUG   ] [semantic.standardizer] standardizer | Hyundai | No trim alias found for: 'XRT'
[2026-07-28 14:33:06] [DEBUG   ] [semantic.standardizer] standardizer | Hyundai | No description patterns matched: 'XRT AWD'
[2026-07-28 14:33:06] [DEBUG   ] [chrome_api.mapper] mapper | HYUNDAI | SACW7N2DXR00 | Applied standardization rules
[2026-07-28 14:33:06] [INFO    ] [chrome_api.mapper] mapper | HYUNDAI | Loaded 6 ENGINE_TYPE keywords: ['hev', 'hybrid', 'phev', 'ev', 'plug-in', 'electric']
[2026-07-28 14:33:06] [DEBUG   ] [chrome_api.mapper] mapper | HYUNDAI | SACW7N2DXR00 | Searching text: 'santa fe xrt awd'
[2026-07-28 14:33:06] [DEBUG   ] [chrome_api.mapper] mapper | HYUNDAI | SACW7N2DXR00 | No ENGINE_TYPE keyword found
[2026-07-28 14:33:06] [INFO    ] [chrome_api.mapper] mapper | HYUNDAI | SACW7N2DXR00 | Row complete: model=Santa Fe, trim=XRT AWD, engine_type=None
[2026-07-28 14:33:06] [DEBUG   ] [chrome_api.mapper] mapper | HYUNDAI | SACW7N2DLU00 | Extracted fields: year=2024, desc=Luxury AWD, trim=Luxury
[2026-07-28 14:33:06] [DEBUG   ] [chrome_api.mapper] mapper | HYUNDAI | SACW7N2DLU00 | ModelName from ADS: Santa Fe
[2026-07-28 14:33:06] [DEBUG   ] [semantic.standardizer] standardizer | Hyundai | No trim alias found for: 'Luxury'
[2026-07-28 14:33:06] [DEBUG   ] [semantic.standardizer] standardizer | Hyundai | No description patterns matched: 'Luxury AWD'
[2026-07-28 14:33:06] [DEBUG   ] [chrome_api.mapper] mapper | HYUNDAI | SACW7N2DLU00 | Applied standardization rules
[2026-07-28 14:33:06] [INFO    ] [chrome_api.mapper] mapper | HYUNDAI | Loaded 6 ENGINE_TYPE keywords: ['hev', 'hybrid', 'phev', 'ev', 'plug-in', 'electric']
[2026-07-28 14:33:06] [DEBUG   ] [chrome_api.mapper] mapper | HYUNDAI | SACW7N2DLU00 | Searching text: 'santa fe luxury awd'
[2026-07-28 14:33:06] [DEBUG   ] [chrome_api.mapper] mapper | HYUNDAI | SACW7N2DLU00 | No ENGINE_TYPE keyword found
[2026-07-28 14:33:06] [INFO    ] [chrome_api.mapper] mapper | HYUNDAI | SACW7N2DLU00 | Row complete: model=Santa Fe, trim=Luxury AWD, engine_type=None
[2026-07-28 14:33:06] [DEBUG   ] [chrome_api.mapper] mapper | HYUNDAI | SACW6N2DULBH | Extracted fields: year=2024, desc=Ultimate Calligraphy AWD w/Beige Interior, trim=Ultimate Calligraphy
[2026-07-28 14:33:06] [DEBUG   ] [chrome_api.mapper] mapper | HYUNDAI | SACW6N2DULBH | ModelName from ADS: Santa Fe
[2026-07-28 14:33:06] [DEBUG   ] [semantic.standardizer] standardizer | Hyundai | No trim alias found for: 'Ultimate Calligraphy'
[2026-07-28 14:33:06] [DEBUG   ] [semantic.standardizer] standardizer | Hyundai | No description patterns matched: 'Ultimate Calligraphy AWD w/Beige Interior'
[2026-07-28 14:33:06] [DEBUG   ] [chrome_api.mapper] mapper | HYUNDAI | SACW6N2DULBH | Applied standardization rules
[2026-07-28 14:33:06] [INFO    ] [chrome_api.mapper] mapper | HYUNDAI | Loaded 6 ENGINE_TYPE keywords: ['hev', 'hybrid', 'phev', 'ev', 'plug-in', 'electric']
[2026-07-28 14:33:06] [DEBUG   ] [chrome_api.mapper] mapper | HYUNDAI | SACW6N2DULBH | Searching text: 'santa fe ultimate calligraphy awd w/beige interior'
[2026-07-28 14:33:06] [DEBUG   ] [chrome_api.mapper] mapper | HYUNDAI | SACW6N2DULBH | No ENGINE_TYPE keyword found
[2026-07-28 14:33:06] [INFO    ] [chrome_api.mapper] mapper | HYUNDAI | SACW6N2DULBH | Row complete: model=Santa Fe, trim=Ultimate Calligraphy AWD w/Beige Interior, engine_type=None
[2026-07-28 14:33:06] [INFO    ] [chrome_api.mapper] mapper | ads_response_to_rows | Hyundai | Converted 4/4 trims to rows
[2026-07-28 14:33:06] [DEBUG   ] [chrome_api.service] refresh_from_ads | Hyundai 2024 Santa Fe | Converted 4 trims to rows
[2026-07-28 14:33:07] [DEBUG   ] [urllib3.connectionpool] https://demos.autodatasolutions.com:443 "POST /ADSDemo/api/full/ymmt/year/2024/make/Hyundai/model/Santa%20Fe%20Hybrid/ HTTP/1.1" 200 None
[2026-07-28 14:33:07] [INFO    ] [chrome_api.mapper] mapper | ads_response_to_rows | Hyundai | Processing 3 trims from ADS response
[2026-07-28 14:33:07] [DEBUG   ] [chrome_api.mapper] mapper | HYUNDAI | SAHW7G1APRHE | Extracted fields: year=2024, desc=Preferred AWD, trim=Preferred
[2026-07-28 14:33:07] [DEBUG   ] [chrome_api.mapper] mapper | HYUNDAI | SAHW7G1APRHE | ModelName from ADS: Santa Fe Hybrid
[2026-07-28 14:33:07] [DEBUG   ] [semantic.standardizer] standardizer | Hyundai | No trim alias found for: 'Preferred'
[2026-07-28 14:33:07] [DEBUG   ] [semantic.standardizer] standardizer | Hyundai | No description patterns matched: 'Preferred AWD'
[2026-07-28 14:33:07] [DEBUG   ] [chrome_api.mapper] mapper | HYUNDAI | SAHW7G1APRHE | Applied standardization rules
[2026-07-28 14:33:07] [INFO    ] [chrome_api.mapper] mapper | HYUNDAI | Loaded 6 ENGINE_TYPE keywords: ['hev', 'hybrid', 'phev', 'ev', 'plug-in', 'electric']
[2026-07-28 14:33:07] [DEBUG   ] [chrome_api.mapper] mapper | HYUNDAI | SAHW7G1APRHE | Searching text: 'santa fe hybrid preferred awd'
[2026-07-28 14:33:07] [DEBUG   ] [chrome_api.mapper] mapper | HYUNDAI | SAHW7G1APRHE | Found keyword 'hybrid' in 'Santa Fe Hybrid Preferred AWD'
[2026-07-28 14:33:07] [WARNING ] [chrome_api.mapper] mapper | HYUNDAI | SAHW7G1APRHE | Keyword 'hybrid' found but NOT in translator. Returning keyword as-is.
[2026-07-28 14:33:07] [INFO    ] [chrome_api.mapper] mapper | HYUNDAI | SAHW7G1APRHE | Row complete: model=Santa Fe Hybrid, trim=Preferred AWD, engine_type=hybrid
[2026-07-28 14:33:07] [DEBUG   ] [chrome_api.mapper] mapper | HYUNDAI | SAHW7G1APRTH | Extracted fields: year=2024, desc=Preferred AWD w/Trend Pkg, trim=Preferred
[2026-07-28 14:33:07] [DEBUG   ] [chrome_api.mapper] mapper | HYUNDAI | SAHW7G1APRTH | ModelName from ADS: Santa Fe Hybrid
[2026-07-28 14:33:07] [DEBUG   ] [semantic.standardizer] standardizer | Hyundai | No trim alias found for: 'Preferred'
[2026-07-28 14:33:07] [DEBUG   ] [semantic.standardizer] standardizer | Hyundai | No description patterns matched: 'Preferred AWD w/Trend Pkg'
[2026-07-28 14:33:07] [DEBUG   ] [chrome_api.mapper] mapper | HYUNDAI | SAHW7G1APRTH | Applied standardization rules
[2026-07-28 14:33:07] [INFO    ] [chrome_api.mapper] mapper | HYUNDAI | Loaded 6 ENGINE_TYPE keywords: ['hev', 'hybrid', 'phev', 'ev', 'plug-in', 'electric']
[2026-07-28 14:33:07] [DEBUG   ] [chrome_api.mapper] mapper | HYUNDAI | SAHW7G1APRTH | Searching text: 'santa fe hybrid preferred awd w/trend pkg'
[2026-07-28 14:33:07] [DEBUG   ] [chrome_api.mapper] mapper | HYUNDAI | SAHW7G1APRTH | Found keyword 'hybrid' in 'Santa Fe Hybrid Preferred AWD w/Trend Pkg'
[2026-07-28 14:33:07] [WARNING ] [chrome_api.mapper] mapper | HYUNDAI | SAHW7G1APRTH | Keyword 'hybrid' found but NOT in translator. Returning keyword as-is.
[2026-07-28 14:33:07] [INFO    ] [chrome_api.mapper] mapper | HYUNDAI | SAHW7G1APRTH | Row complete: model=Santa Fe Hybrid, trim=Preferred AWD w/Trend Pkg, engine_type=hybrid
[2026-07-28 14:33:07] [DEBUG   ] [chrome_api.mapper] mapper | HYUNDAI | SAHW6G1AULCS | Extracted fields: year=2024, desc=Ultimate Calligraphy NHL Special Edition AWD, trim=Ultimate Calligraphy NHL Special Edition
[2026-07-28 14:33:07] [DEBUG   ] [chrome_api.mapper] mapper | HYUNDAI | SAHW6G1AULCS | ModelName from ADS: Santa Fe Hybrid
[2026-07-28 14:33:07] [DEBUG   ] [semantic.standardizer] standardizer | Hyundai | No trim alias found for: 'Ultimate Calligraphy NHL Special Edition'
[2026-07-28 14:33:07] [DEBUG   ] [semantic.standardizer] standardizer | Hyundai | No description patterns matched: 'Ultimate Calligraphy NHL Special Edition AWD'
[2026-07-28 14:33:07] [DEBUG   ] [chrome_api.mapper] mapper | HYUNDAI | SAHW6G1AULCS | Applied standardization rules
[2026-07-28 14:33:07] [INFO    ] [chrome_api.mapper] mapper | HYUNDAI | Loaded 6 ENGINE_TYPE keywords: ['hev', 'hybrid', 'phev', 'ev', 'plug-in', 'electric']
[2026-07-28 14:33:07] [DEBUG   ] [chrome_api.mapper] mapper | HYUNDAI | SAHW6G1AULCS | Searching text: 'santa fe hybrid ultimate calligraphy nhl special edition awd'
[2026-07-28 14:33:07] [DEBUG   ] [chrome_api.mapper] mapper | HYUNDAI | SAHW6G1AULCS | Found keyword 'hybrid' in 'Santa Fe Hybrid Ultimate Calligraphy NHL Special Edition AWD'
[2026-07-28 14:33:07] [WARNING ] [chrome_api.mapper] mapper | HYUNDAI | SAHW6G1AULCS | Keyword 'hybrid' found but NOT in translator. Returning keyword as-is.
[2026-07-28 14:33:07] [INFO    ] [chrome_api.mapper] mapper | HYUNDAI | SAHW6G1AULCS | Row complete: model=Santa Fe Hybrid, trim=Ultimate Calligraphy NHL Special Edition AWD, engine_type=hybrid
[2026-07-28 14:33:07] [INFO    ] [chrome_api.mapper] mapper | ads_response_to_rows | Hyundai | Converted 3/3 trims to rows
[2026-07-28 14:33:07] [DEBUG   ] [chrome_api.service] refresh_from_ads | Hyundai 2024 Santa Fe Hybrid | Converted 3 trims to rows
[2026-07-28 14:33:07] [DEBUG   ] [urllib3.connectionpool] https://demos.autodatasolutions.com:443 "POST /ADSDemo/api/full/ymmt/year/2024/make/Hyundai/model/Sonata/ HTTP/1.1" 200 None
[2026-07-28 14:33:08] [INFO    ] [chrome_api.mapper] mapper | ads_response_to_rows | Hyundai | Processing 3 trims from ADS response
[2026-07-28 14:33:08] [DEBUG   ] [chrome_api.mapper] mapper | HYUNDAI | SOCS4J2EPRTR | Extracted fields: year=2024, desc=2.5L Preferred-Trend FWD, trim=Preferred-Trend
[2026-07-28 14:33:08] [DEBUG   ] [chrome_api.mapper] mapper | HYUNDAI | SOCS4J2EPRTR | ModelName from ADS: Sonata
[2026-07-28 14:33:08] [DEBUG   ] [semantic.standardizer] standardizer | Hyundai | No trim alias found for: 'Preferred-Trend'
[2026-07-28 14:33:08] [DEBUG   ] [semantic.standardizer] standardizer | Hyundai | No description patterns matched: '2.5L Preferred-Trend FWD'
[2026-07-28 14:33:08] [DEBUG   ] [chrome_api.mapper] mapper | HYUNDAI | SOCS4J2EPRTR | Applied standardization rules
[2026-07-28 14:33:08] [INFO    ] [chrome_api.mapper] mapper | HYUNDAI | Loaded 6 ENGINE_TYPE keywords: ['hev', 'hybrid', 'phev', 'ev', 'plug-in', 'electric']
[2026-07-28 14:33:08] [DEBUG   ] [chrome_api.mapper] mapper | HYUNDAI | SOCS4J2EPRTR | Searching text: 'sonata 2.5l preferred-trend fwd'
[2026-07-28 14:33:08] [DEBUG   ] [chrome_api.mapper] mapper | HYUNDAI | SOCS4J2EPRTR | No ENGINE_TYPE keyword found
[2026-07-28 14:33:08] [INFO    ] [chrome_api.mapper] mapper | HYUNDAI | SOCS4J2EPRTR | Row complete: model=Sonata, trim=2.5L Preferred-Trend FWD, engine_type=None
[2026-07-28 14:33:08] [DEBUG   ] [chrome_api.mapper] mapper | HYUNDAI | SOCS4M2DNL00 | Extracted fields: year=2024, desc=2.5T N Line Ultimate FWD, trim=N Line Ultimate
[2026-07-28 14:33:08] [DEBUG   ] [chrome_api.mapper] mapper | HYUNDAI | SOCS4M2DNL00 | ModelName from ADS: Sonata
[2026-07-28 14:33:08] [DEBUG   ] [chrome_api.mapper] mapper | HYUNDAI | SOCS4M2DNL00 | Applied standardization rules
[2026-07-28 14:33:08] [INFO    ] [chrome_api.mapper] mapper | HYUNDAI | Loaded 6 ENGINE_TYPE keywords: ['hev', 'hybrid', 'phev', 'ev', 'plug-in', 'electric']
[2026-07-28 14:33:08] [DEBUG   ] [chrome_api.mapper] mapper | HYUNDAI | SOCS4M2DNL00 | Searching text: 'sonata 2.5t n-line ultimate fwd'
[2026-07-28 14:33:08] [DEBUG   ] [chrome_api.mapper] mapper | HYUNDAI | SOCS4M2DNL00 | No ENGINE_TYPE keyword found
[2026-07-28 14:33:08] [INFO    ] [chrome_api.mapper] mapper | HYUNDAI | SOCS4M2DNL00 | Row complete: model=Sonata, trim=2.5T N-Line Ultimate FWD, engine_type=None
[2026-07-28 14:33:08] [DEBUG   ] [chrome_api.mapper] mapper | HYUNDAI | SOCS4K2EPRTR | Extracted fields: year=2024, desc=2.5L Preferred-Trend AWD, trim=Preferred-Trend
[2026-07-28 14:33:08] [DEBUG   ] [chrome_api.mapper] mapper | HYUNDAI | SOCS4K2EPRTR | ModelName from ADS: Sonata
[2026-07-28 14:33:08] [DEBUG   ] [semantic.standardizer] standardizer | Hyundai | No trim alias found for: 'Preferred-Trend'
[2026-07-28 14:33:08] [DEBUG   ] [semantic.standardizer] standardizer | Hyundai | No description patterns matched: '2.5L Preferred-Trend AWD'
[2026-07-28 14:33:08] [DEBUG   ] [chrome_api.mapper] mapper | HYUNDAI | SOCS4K2EPRTR | Applied standardization rules
[2026-07-28 14:33:08] [INFO    ] [chrome_api.mapper] mapper | HYUNDAI | Loaded 6 ENGINE_TYPE keywords: ['hev', 'hybrid', 'phev', 'ev', 'plug-in', 'electric']
[2026-07-28 14:33:08] [DEBUG   ] [chrome_api.mapper] mapper | HYUNDAI | SOCS4K2EPRTR | Searching text: 'sonata 2.5l preferred-trend awd'
[2026-07-28 14:33:08] [DEBUG   ] [chrome_api.mapper] mapper | HYUNDAI | SOCS4K2EPRTR | No ENGINE_TYPE keyword found
[2026-07-28 14:33:08] [INFO    ] [chrome_api.mapper] mapper | HYUNDAI | SOCS4K2EPRTR | Row complete: model=Sonata, trim=2.5L Preferred-Trend AWD, engine_type=None
[2026-07-28 14:33:08] [INFO    ] [chrome_api.mapper] mapper | ads_response_to_rows | Hyundai | Converted 3/3 trims to rows
[2026-07-28 14:33:08] [DEBUG   ] [chrome_api.service] refresh_from_ads | Hyundai 2024 Sonata | Converted 3 trims to rows
[2026-07-28 14:33:08] [DEBUG   ] [urllib3.connectionpool] https://demos.autodatasolutions.com:443 "POST /ADSDemo/api/full/ymmt/year/2024/make/Hyundai/model/Tucson/ HTTP/1.1" 200 None
[2026-07-28 14:33:08] [INFO    ] [chrome_api.mapper] mapper | ads_response_to_rows | Hyundai | Processing 2 trims from ADS response
[2026-07-28 14:33:08] [DEBUG   ] [chrome_api.mapper] mapper | HYUNDAI | TUCWDK2EPR00 | Extracted fields: year=2024, desc=Preferred AWD, trim=Preferred
[2026-07-28 14:33:08] [DEBUG   ] [chrome_api.mapper] mapper | HYUNDAI | TUCWDK2EPR00 | ModelName from ADS: Tucson
[2026-07-28 14:33:08] [DEBUG   ] [semantic.standardizer] standardizer | Hyundai | No trim alias found for: 'Preferred'
[2026-07-28 14:33:08] [DEBUG   ] [semantic.standardizer] standardizer | Hyundai | No description patterns matched: 'Preferred AWD'
[2026-07-28 14:33:08] [DEBUG   ] [chrome_api.mapper] mapper | HYUNDAI | TUCWDK2EPR00 | Applied standardization rules
[2026-07-28 14:33:08] [INFO    ] [chrome_api.mapper] mapper | HYUNDAI | Loaded 6 ENGINE_TYPE keywords: ['hev', 'hybrid', 'phev', 'ev', 'plug-in', 'electric']
[2026-07-28 14:33:08] [DEBUG   ] [chrome_api.mapper] mapper | HYUNDAI | TUCWDK2EPR00 | Searching text: 'tucson preferred awd'
[2026-07-28 14:33:08] [DEBUG   ] [chrome_api.mapper] mapper | HYUNDAI | TUCWDK2EPR00 | No ENGINE_TYPE keyword found
[2026-07-28 14:33:08] [INFO    ] [chrome_api.mapper] mapper | HYUNDAI | TUCWDK2EPR00 | Row complete: model=Tucson, trim=Preferred AWD, engine_type=None
[2026-07-28 14:33:08] [DEBUG   ] [chrome_api.mapper] mapper | HYUNDAI | TUCWDK2EPRTR | Extracted fields: year=2024, desc=Trend AWD, trim=Trend
[2026-07-28 14:33:08] [DEBUG   ] [chrome_api.mapper] mapper | HYUNDAI | TUCWDK2EPRTR | ModelName from ADS: Tucson
[2026-07-28 14:33:08] [DEBUG   ] [semantic.standardizer] standardizer | Hyundai | No trim alias found for: 'Trend'
[2026-07-28 14:33:08] [DEBUG   ] [semantic.standardizer] standardizer | Hyundai | No description patterns matched: 'Trend AWD'
[2026-07-28 14:33:08] [DEBUG   ] [chrome_api.mapper] mapper | HYUNDAI | TUCWDK2EPRTR | Applied standardization rules
[2026-07-28 14:33:08] [INFO    ] [chrome_api.mapper] mapper | HYUNDAI | Loaded 6 ENGINE_TYPE keywords: ['hev', 'hybrid', 'phev', 'ev', 'plug-in', 'electric']
[2026-07-28 14:33:08] [DEBUG   ] [chrome_api.mapper] mapper | HYUNDAI | TUCWDK2EPRTR | Searching text: 'tucson trend awd'
[2026-07-28 14:33:08] [DEBUG   ] [chrome_api.mapper] mapper | HYUNDAI | TUCWDK2EPRTR | No ENGINE_TYPE keyword found
[2026-07-28 14:33:08] [INFO    ] [chrome_api.mapper] mapper | HYUNDAI | TUCWDK2EPRTR | Row complete: model=Tucson, trim=Trend AWD, engine_type=None
[2026-07-28 14:33:08] [INFO    ] [chrome_api.mapper] mapper | ads_response_to_rows | Hyundai | Converted 2/2 trims to rows
[2026-07-28 14:33:08] [DEBUG   ] [chrome_api.service] refresh_from_ads | Hyundai 2024 Tucson | Converted 2 trims to rows
[2026-07-28 14:33:09] [DEBUG   ] [urllib3.connectionpool] https://demos.autodatasolutions.com:443 "POST /ADSDemo/api/full/ymmt/year/2024/make/Hyundai/model/Tucson%20Hybrid/ HTTP/1.1" 200 None
[2026-07-28 14:33:09] [INFO    ] [chrome_api.mapper] mapper | ads_response_to_rows | Hyundai | Processing 3 trims from ADS response
[2026-07-28 14:33:09] [DEBUG   ] [chrome_api.mapper] mapper | HYUNDAI | TUHWDG1ALUHE | Extracted fields: year=2024, desc=Luxury AWD, trim=Luxury
[2026-07-28 14:33:09] [DEBUG   ] [chrome_api.mapper] mapper | HYUNDAI | TUHWDG1ALUHE | ModelName from ADS: Tucson Hybrid
[2026-07-28 14:33:09] [DEBUG   ] [semantic.standardizer] standardizer | Hyundai | No trim alias found for: 'Luxury'
[2026-07-28 14:33:09] [DEBUG   ] [semantic.standardizer] standardizer | Hyundai | No description patterns matched: 'Luxury AWD'
[2026-07-28 14:33:09] [DEBUG   ] [chrome_api.mapper] mapper | HYUNDAI | TUHWDG1ALUHE | Applied standardization rules
[2026-07-28 14:33:09] [INFO    ] [chrome_api.mapper] mapper | HYUNDAI | Loaded 6 ENGINE_TYPE keywords: ['hev', 'hybrid', 'phev', 'ev', 'plug-in', 'electric']
[2026-07-28 14:33:09] [DEBUG   ] [chrome_api.mapper] mapper | HYUNDAI | TUHWDG1ALUHE | Searching text: 'tucson hybrid luxury awd'
[2026-07-28 14:33:09] [DEBUG   ] [chrome_api.mapper] mapper | HYUNDAI | TUHWDG1ALUHE | Found keyword 'hybrid' in 'Tucson Hybrid Luxury AWD'
[2026-07-28 14:33:09] [WARNING ] [chrome_api.mapper] mapper | HYUNDAI | TUHWDG1ALUHE | Keyword 'hybrid' found but NOT in translator. Returning keyword as-is.
[2026-07-28 14:33:09] [INFO    ] [chrome_api.mapper] mapper | HYUNDAI | TUHWDG1ALUHE | Row complete: model=Tucson Hybrid, trim=Luxury AWD, engine_type=hybrid
[2026-07-28 14:33:09] [DEBUG   ] [chrome_api.mapper] mapper | HYUNDAI | TUHWDG1AULHE | Extracted fields: year=2024, desc=Ultimate AWD, trim=Ultimate
[2026-07-28 14:33:09] [DEBUG   ] [chrome_api.mapper] mapper | HYUNDAI | TUHWDG1AULHE | ModelName from ADS: Tucson Hybrid
[2026-07-28 14:33:09] [DEBUG   ] [semantic.standardizer] standardizer | Hyundai | No trim alias found for: 'Ultimate'
[2026-07-28 14:33:09] [DEBUG   ] [semantic.standardizer] standardizer | Hyundai | No description patterns matched: 'Ultimate AWD'
[2026-07-28 14:33:09] [DEBUG   ] [chrome_api.mapper] mapper | HYUNDAI | TUHWDG1AULHE | Applied standardization rules
[2026-07-28 14:33:09] [INFO    ] [chrome_api.mapper] mapper | HYUNDAI | Loaded 6 ENGINE_TYPE keywords: ['hev', 'hybrid', 'phev', 'ev', 'plug-in', 'electric']
[2026-07-28 14:33:09] [DEBUG   ] [chrome_api.mapper] mapper | HYUNDAI | TUHWDG1AULHE | Searching text: 'tucson hybrid ultimate awd'
[2026-07-28 14:33:09] [DEBUG   ] [chrome_api.mapper] mapper | HYUNDAI | TUHWDG1AULHE | Found keyword 'hybrid' in 'Tucson Hybrid Ultimate AWD'
[2026-07-28 14:33:09] [WARNING ] [chrome_api.mapper] mapper | HYUNDAI | TUHWDG1AULHE | Keyword 'hybrid' found but NOT in translator. Returning keyword as-is.
[2026-07-28 14:33:09] [INFO    ] [chrome_api.mapper] mapper | HYUNDAI | TUHWDG1AULHE | Row complete: model=Tucson Hybrid, trim=Ultimate AWD, engine_type=hybrid
[2026-07-28 14:33:09] [DEBUG   ] [chrome_api.mapper] mapper | HYUNDAI | TUHWDG1ANLHE | Extracted fields: year=2024, desc=N-Line AWD, trim=N-Line
[2026-07-28 14:33:09] [DEBUG   ] [chrome_api.mapper] mapper | HYUNDAI | TUHWDG1ANLHE | ModelName from ADS: Tucson Hybrid
[2026-07-28 14:33:09] [DEBUG   ] [semantic.standardizer] standardizer | Hyundai | No description patterns matched: 'N-Line AWD'
[2026-07-28 14:33:09] [DEBUG   ] [chrome_api.mapper] mapper | HYUNDAI | TUHWDG1ANLHE | Applied standardization rules
[2026-07-28 14:33:09] [INFO    ] [chrome_api.mapper] mapper | HYUNDAI | Loaded 6 ENGINE_TYPE keywords: ['hev', 'hybrid', 'phev', 'ev', 'plug-in', 'electric']
[2026-07-28 14:33:09] [DEBUG   ] [chrome_api.mapper] mapper | HYUNDAI | TUHWDG1ANLHE | Searching text: 'tucson hybrid n-line awd'
[2026-07-28 14:33:09] [DEBUG   ] [chrome_api.mapper] mapper | HYUNDAI | TUHWDG1ANLHE | Found keyword 'hybrid' in 'Tucson Hybrid N-Line AWD'
[2026-07-28 14:33:09] [WARNING ] [chrome_api.mapper] mapper | HYUNDAI | TUHWDG1ANLHE | Keyword 'hybrid' found but NOT in translator. Returning keyword as-is.
[2026-07-28 14:33:09] [INFO    ] [chrome_api.mapper] mapper | HYUNDAI | TUHWDG1ANLHE | Row complete: model=Tucson Hybrid, trim=N-Line AWD, engine_type=hybrid
[2026-07-28 14:33:09] [INFO    ] [chrome_api.mapper] mapper | ads_response_to_rows | Hyundai | Converted 3/3 trims to rows
[2026-07-28 14:33:09] [DEBUG   ] [chrome_api.service] refresh_from_ads | Hyundai 2024 Tucson Hybrid | Converted 3 trims to rows
[2026-07-28 14:33:09] [DEBUG   ] [urllib3.connectionpool] https://demos.autodatasolutions.com:443 "POST /ADSDemo/api/full/ymmt/year/2024/make/Hyundai/model/Tucson%20Plug-In%20Hybrid/ HTTP/1.1" 200 None
[2026-07-28 14:33:10] [INFO    ] [chrome_api.mapper] mapper | ads_response_to_rows | Hyundai | Processing 1 trims from ADS response
[2026-07-28 14:33:10] [DEBUG   ] [chrome_api.mapper] mapper | HYUNDAI | TUPWDG1AULPH | Extracted fields: year=2024, desc=Ultimate AWD, trim=Ultimate
[2026-07-28 14:33:10] [DEBUG   ] [chrome_api.mapper] mapper | HYUNDAI | TUPWDG1AULPH | ModelName from ADS: Tucson Plug-In Hybrid
[2026-07-28 14:33:10] [DEBUG   ] [semantic.standardizer] standardizer | Hyundai | No trim alias found for: 'Ultimate'
[2026-07-28 14:33:10] [DEBUG   ] [semantic.standardizer] standardizer | Hyundai | No description patterns matched: 'Ultimate AWD'
[2026-07-28 14:33:10] [DEBUG   ] [chrome_api.mapper] mapper | HYUNDAI | TUPWDG1AULPH | Applied standardization rules
[2026-07-28 14:33:10] [INFO    ] [chrome_api.mapper] mapper | HYUNDAI | Loaded 6 ENGINE_TYPE keywords: ['hev', 'hybrid', 'phev', 'ev', 'plug-in', 'electric']
[2026-07-28 14:33:10] [DEBUG   ] [chrome_api.mapper] mapper | HYUNDAI | TUPWDG1AULPH | Searching text: 'tucson plug-in hybrid ultimate awd'
[2026-07-28 14:33:10] [DEBUG   ] [chrome_api.mapper] mapper | HYUNDAI | TUPWDG1AULPH | Found keyword 'hybrid' in 'Tucson Plug-In Hybrid Ultimate AWD'
[2026-07-28 14:33:10] [WARNING ] [chrome_api.mapper] mapper | HYUNDAI | TUPWDG1AULPH | Keyword 'hybrid' found but NOT in translator. Returning keyword as-is.
[2026-07-28 14:33:10] [INFO    ] [chrome_api.mapper] mapper | HYUNDAI | TUPWDG1AULPH | Row complete: model=Tucson Plug-In Hybrid, trim=Ultimate AWD, engine_type=hybrid
[2026-07-28 14:33:10] [INFO    ] [chrome_api.mapper] mapper | ads_response_to_rows | Hyundai | Converted 1/1 trims to rows
[2026-07-28 14:33:10] [DEBUG   ] [chrome_api.service] refresh_from_ads | Hyundai 2024 Tucson Plug-In Hybrid | Converted 1 trims to rows
[2026-07-28 14:33:10] [DEBUG   ] [urllib3.connectionpool] https://demos.autodatasolutions.com:443 "POST /ADSDemo/api/full/ymmt/year/2024/make/Hyundai/model/Venue/ HTTP/1.1" 200 None
[2026-07-28 14:33:10] [INFO    ] [chrome_api.mapper] mapper | ads_response_to_rows | Hyundai | Processing 6 trims from ADS response
[2026-07-28 14:33:10] [DEBUG   ] [chrome_api.mapper] mapper | HYUNDAI | VNCW5V1FES00 | Extracted fields: year=2024, desc=Essential IVT, trim=Essential
[2026-07-28 14:33:10] [DEBUG   ] [chrome_api.mapper] mapper | HYUNDAI | VNCW5V1FES00 | ModelName from ADS: Venue
[2026-07-28 14:33:10] [DEBUG   ] [semantic.standardizer] standardizer | Hyundai | No trim alias found for: 'Essential'
[2026-07-28 14:33:10] [DEBUG   ] [semantic.standardizer] standardizer | Hyundai | No description patterns matched: 'Essential IVT'
[2026-07-28 14:33:10] [DEBUG   ] [chrome_api.mapper] mapper | HYUNDAI | VNCW5V1FES00 | Applied standardization rules
[2026-07-28 14:33:10] [INFO    ] [chrome_api.mapper] mapper | HYUNDAI | Loaded 6 ENGINE_TYPE keywords: ['hev', 'hybrid', 'phev', 'ev', 'plug-in', 'electric']
[2026-07-28 14:33:10] [DEBUG   ] [chrome_api.mapper] mapper | HYUNDAI | VNCW5V1FES00 | Searching text: 'venue essential ivt'
[2026-07-28 14:33:10] [DEBUG   ] [chrome_api.mapper] mapper | HYUNDAI | VNCW5V1FES00 | No ENGINE_TYPE keyword found
[2026-07-28 14:33:10] [INFO    ] [chrome_api.mapper] mapper | HYUNDAI | VNCW5V1FES00 | Row complete: model=Venue, trim=Essential IVT, engine_type=None
[2026-07-28 14:33:10] [DEBUG   ] [chrome_api.mapper] mapper | HYUNDAI | VNCW5V1FESTT | Extracted fields: year=2024, desc=Essential IVT w/Two-Tone, trim=Essential
[2026-07-28 14:33:10] [DEBUG   ] [chrome_api.mapper] mapper | HYUNDAI | VNCW5V1FESTT | ModelName from ADS: Venue
[2026-07-28 14:33:10] [DEBUG   ] [semantic.standardizer] standardizer | Hyundai | No trim alias found for: 'Essential'
[2026-07-28 14:33:10] [DEBUG   ] [semantic.standardizer] standardizer | Hyundai | No description patterns matched: 'Essential IVT w/Two-Tone'
[2026-07-28 14:33:10] [DEBUG   ] [chrome_api.mapper] mapper | HYUNDAI | VNCW5V1FESTT | Applied standardization rules
[2026-07-28 14:33:10] [INFO    ] [chrome_api.mapper] mapper | HYUNDAI | Loaded 6 ENGINE_TYPE keywords: ['hev', 'hybrid', 'phev', 'ev', 'plug-in', 'electric']
[2026-07-28 14:33:10] [DEBUG   ] [chrome_api.mapper] mapper | HYUNDAI | VNCW5V1FESTT | Searching text: 'venue essential ivt w/two-tone'
[2026-07-28 14:33:10] [DEBUG   ] [chrome_api.mapper] mapper | HYUNDAI | VNCW5V1FESTT | No ENGINE_TYPE keyword found
[2026-07-28 14:33:10] [INFO    ] [chrome_api.mapper] mapper | HYUNDAI | VNCW5V1FESTT | Row complete: model=Venue, trim=Essential IVT w/Two-Tone, engine_type=None
[2026-07-28 14:33:10] [DEBUG   ] [chrome_api.mapper] mapper | HYUNDAI | VNCW5V1FPR00 | Extracted fields: year=2024, desc=Preferred IVT, trim=Preferred
[2026-07-28 14:33:10] [DEBUG   ] [chrome_api.mapper] mapper | HYUNDAI | VNCW5V1FPR00 | ModelName from ADS: Venue
[2026-07-28 14:33:10] [DEBUG   ] [semantic.standardizer] standardizer | Hyundai | No trim alias found for: 'Preferred'
[2026-07-28 14:33:10] [DEBUG   ] [semantic.standardizer] standardizer | Hyundai | No description patterns matched: 'Preferred IVT'
[2026-07-28 14:33:10] [DEBUG   ] [chrome_api.mapper] mapper | HYUNDAI | VNCW5V1FPR00 | Applied standardization rules
[2026-07-28 14:33:10] [INFO    ] [chrome_api.mapper] mapper | HYUNDAI | Loaded 6 ENGINE_TYPE keywords: ['hev', 'hybrid', 'phev', 'ev', 'plug-in', 'electric']
[2026-07-28 14:33:10] [DEBUG   ] [chrome_api.mapper] mapper | HYUNDAI | VNCW5V1FPR00 | Searching text: 'venue preferred ivt'
[2026-07-28 14:33:10] [DEBUG   ] [chrome_api.mapper] mapper | HYUNDAI | VNCW5V1FPR00 | No ENGINE_TYPE keyword found
[2026-07-28 14:33:10] [INFO    ] [chrome_api.mapper] mapper | HYUNDAI | VNCW5V1FPR00 | Row complete: model=Venue, trim=Preferred IVT, engine_type=None
[2026-07-28 14:33:10] [DEBUG   ] [chrome_api.mapper] mapper | HYUNDAI | VNCW5V1FPRTT | Extracted fields: year=2024, desc=Preferred IVT w/Two-Tone, trim=Preferred
[2026-07-28 14:33:10] [DEBUG   ] [chrome_api.mapper] mapper | HYUNDAI | VNCW5V1FPRTT | ModelName from ADS: Venue
[2026-07-28 14:33:10] [DEBUG   ] [semantic.standardizer] standardizer | Hyundai | No trim alias found for: 'Preferred'
[2026-07-28 14:33:10] [DEBUG   ] [semantic.standardizer] standardizer | Hyundai | No description patterns matched: 'Preferred IVT w/Two-Tone'
[2026-07-28 14:33:10] [DEBUG   ] [chrome_api.mapper] mapper | HYUNDAI | VNCW5V1FPRTT | Applied standardization rules
[2026-07-28 14:33:10] [INFO    ] [chrome_api.mapper] mapper | HYUNDAI | Loaded 6 ENGINE_TYPE keywords: ['hev', 'hybrid', 'phev', 'ev', 'plug-in', 'electric']
[2026-07-28 14:33:10] [DEBUG   ] [chrome_api.mapper] mapper | HYUNDAI | VNCW5V1FPRTT | Searching text: 'venue preferred ivt w/two-tone'
[2026-07-28 14:33:10] [DEBUG   ] [chrome_api.mapper] mapper | HYUNDAI | VNCW5V1FPRTT | No ENGINE_TYPE keyword found
[2026-07-28 14:33:10] [INFO    ] [chrome_api.mapper] mapper | HYUNDAI | VNCW5V1FPRTT | Row complete: model=Venue, trim=Preferred IVT w/Two-Tone, engine_type=None
[2026-07-28 14:33:10] [DEBUG   ] [chrome_api.mapper] mapper | HYUNDAI | VNCW5V1FUL00 | Extracted fields: year=2024, desc=Ultimate IVT w/Black Interior, trim=Ultimate
[2026-07-28 14:33:10] [DEBUG   ] [chrome_api.mapper] mapper | HYUNDAI | VNCW5V1FUL00 | ModelName from ADS: Venue
[2026-07-28 14:33:10] [DEBUG   ] [semantic.standardizer] standardizer | Hyundai | No trim alias found for: 'Ultimate'
[2026-07-28 14:33:10] [DEBUG   ] [semantic.standardizer] standardizer | Hyundai | No description patterns matched: 'Ultimate IVT w/Black Interior'
[2026-07-28 14:33:10] [DEBUG   ] [chrome_api.mapper] mapper | HYUNDAI | VNCW5V1FUL00 | Applied standardization rules
[2026-07-28 14:33:10] [INFO    ] [chrome_api.mapper] mapper | HYUNDAI | Loaded 6 ENGINE_TYPE keywords: ['hev', 'hybrid', 'phev', 'ev', 'plug-in', 'electric']
[2026-07-28 14:33:10] [DEBUG   ] [chrome_api.mapper] mapper | HYUNDAI | VNCW5V1FUL00 | Searching text: 'venue ultimate ivt w/black interior'
[2026-07-28 14:33:10] [DEBUG   ] [chrome_api.mapper] mapper | HYUNDAI | VNCW5V1FUL00 | No ENGINE_TYPE keyword found
[2026-07-28 14:33:10] [INFO    ] [chrome_api.mapper] mapper | HYUNDAI | VNCW5V1FUL00 | Row complete: model=Venue, trim=Ultimate IVT w/Black Interior, engine_type=None
[2026-07-28 14:33:10] [DEBUG   ] [chrome_api.mapper] mapper | HYUNDAI | VNCW5V1FULCP | Extracted fields: year=2024, desc=Ultimate IVT w/Denim Interior, trim=Ultimate
[2026-07-28 14:33:10] [DEBUG   ] [chrome_api.mapper] mapper | HYUNDAI | VNCW5V1FULCP | ModelName from ADS: Venue
[2026-07-28 14:33:10] [DEBUG   ] [semantic.standardizer] standardizer | Hyundai | No trim alias found for: 'Ultimate'
[2026-07-28 14:33:10] [DEBUG   ] [semantic.standardizer] standardizer | Hyundai | No description patterns matched: 'Ultimate IVT w/Denim Interior'
[2026-07-28 14:33:10] [DEBUG   ] [chrome_api.mapper] mapper | HYUNDAI | VNCW5V1FULCP | Applied standardization rules
[2026-07-28 14:33:10] [INFO    ] [chrome_api.mapper] mapper | HYUNDAI | Loaded 6 ENGINE_TYPE keywords: ['hev', 'hybrid', 'phev', 'ev', 'plug-in', 'electric']
[2026-07-28 14:33:10] [DEBUG   ] [chrome_api.mapper] mapper | HYUNDAI | VNCW5V1FULCP | Searching text: 'venue ultimate ivt w/denim interior'
[2026-07-28 14:33:10] [DEBUG   ] [chrome_api.mapper] mapper | HYUNDAI | VNCW5V1FULCP | No ENGINE_TYPE keyword found
[2026-07-28 14:33:10] [INFO    ] [chrome_api.mapper] mapper | HYUNDAI | VNCW5V1FULCP | Row complete: model=Venue, trim=Ultimate IVT w/Denim Interior, engine_type=None
[2026-07-28 14:33:10] [INFO    ] [chrome_api.mapper] mapper | ads_response_to_rows | Hyundai | Converted 6/6 trims to rows
[2026-07-28 14:33:10] [DEBUG   ] [chrome_api.service] refresh_from_ads | Hyundai 2024 Venue | Converted 6 trims to rows
[2026-07-28 14:33:10] [DEBUG   ] [urllib3.connectionpool] https://demos.autodatasolutions.com:443 "GET /ADSDemo/api/ymmt/models/make/Hyundai/year/2025/country/CA/language/en?sort=ASC HTTP/1.1" 200 None
[2026-07-28 14:33:11] [DEBUG   ] [urllib3.connectionpool] https://demos.autodatasolutions.com:443 "POST /ADSDemo/api/full/ymmt/year/2025/make/Hyundai/model/Elantra/ HTTP/1.1" 200 None
[2026-07-28 14:33:12] [INFO    ] [chrome_api.mapper] mapper | ads_response_to_rows | Hyundai | Processing 6 trims from ADS response
[2026-07-28 14:33:12] [DEBUG   ] [chrome_api.mapper] mapper | HYUNDAI | ELCS4V2BES00 | Extracted fields: year=2025, desc=Essential IVT, trim=Essential
[2026-07-28 14:33:12] [DEBUG   ] [chrome_api.mapper] mapper | HYUNDAI | ELCS4V2BES00 | ModelName from ADS: Elantra
[2026-07-28 14:33:12] [DEBUG   ] [semantic.standardizer] standardizer | Hyundai | No trim alias found for: 'Essential'
[2026-07-28 14:33:12] [DEBUG   ] [semantic.standardizer] standardizer | Hyundai | No description patterns matched: 'Essential IVT'
[2026-07-28 14:33:12] [DEBUG   ] [chrome_api.mapper] mapper | HYUNDAI | ELCS4V2BES00 | Applied standardization rules
[2026-07-28 14:33:12] [INFO    ] [chrome_api.mapper] mapper | HYUNDAI | Loaded 6 ENGINE_TYPE keywords: ['hev', 'hybrid', 'phev', 'ev', 'plug-in', 'electric']
[2026-07-28 14:33:12] [DEBUG   ] [chrome_api.mapper] mapper | HYUNDAI | ELCS4V2BES00 | Searching text: 'elantra essential ivt'
[2026-07-28 14:33:12] [DEBUG   ] [chrome_api.mapper] mapper | HYUNDAI | ELCS4V2BES00 | No ENGINE_TYPE keyword found
[2026-07-28 14:33:12] [INFO    ] [chrome_api.mapper] mapper | HYUNDAI | ELCS4V2BES00 | Row complete: model=Elantra, trim=Essential IVT, engine_type=None
[2026-07-28 14:33:12] [DEBUG   ] [chrome_api.mapper] mapper | HYUNDAI | ELCS4V2BPR00 | Extracted fields: year=2025, desc=Preferred IVT, trim=Preferred
[2026-07-28 14:33:12] [DEBUG   ] [chrome_api.mapper] mapper | HYUNDAI | ELCS4V2BPR00 | ModelName from ADS: Elantra
[2026-07-28 14:33:12] [DEBUG   ] [semantic.standardizer] standardizer | Hyundai | No trim alias found for: 'Preferred'
[2026-07-28 14:33:12] [DEBUG   ] [semantic.standardizer] standardizer | Hyundai | No description patterns matched: 'Preferred IVT'
[2026-07-28 14:33:12] [DEBUG   ] [chrome_api.mapper] mapper | HYUNDAI | ELCS4V2BPR00 | Applied standardization rules
[2026-07-28 14:33:12] [INFO    ] [chrome_api.mapper] mapper | HYUNDAI | Loaded 6 ENGINE_TYPE keywords: ['hev', 'hybrid', 'phev', 'ev', 'plug-in', 'electric']
[2026-07-28 14:33:12] [DEBUG   ] [chrome_api.mapper] mapper | HYUNDAI | ELCS4V2BPR00 | Searching text: 'elantra preferred ivt'
[2026-07-28 14:33:12] [DEBUG   ] [chrome_api.mapper] mapper | HYUNDAI | ELCS4V2BPR00 | No ENGINE_TYPE keyword found
[2026-07-28 14:33:12] [INFO    ] [chrome_api.mapper] mapper | HYUNDAI | ELCS4V2BPR00 | Row complete: model=Elantra, trim=Preferred IVT, engine_type=None
[2026-07-28 14:33:12] [DEBUG   ] [chrome_api.mapper] mapper | HYUNDAI | ELCS4V2BPRTE | Extracted fields: year=2025, desc=Preferred IVT w/Tech Pkg, trim=Preferred
[2026-07-28 14:33:12] [DEBUG   ] [chrome_api.mapper] mapper | HYUNDAI | ELCS4V2BPRTE | ModelName from ADS: Elantra
[2026-07-28 14:33:12] [DEBUG   ] [semantic.standardizer] standardizer | Hyundai | No trim alias found for: 'Preferred'
[2026-07-28 14:33:12] [DEBUG   ] [semantic.standardizer] standardizer | Hyundai | No description patterns matched: 'Preferred IVT w/Tech Pkg'
[2026-07-28 14:33:12] [DEBUG   ] [chrome_api.mapper] mapper | HYUNDAI | ELCS4V2BPRTE | Applied standardization rules
[2026-07-28 14:33:12] [INFO    ] [chrome_api.mapper] mapper | HYUNDAI | Loaded 6 ENGINE_TYPE keywords: ['hev', 'hybrid', 'phev', 'ev', 'plug-in', 'electric']
[2026-07-28 14:33:12] [DEBUG   ] [chrome_api.mapper] mapper | HYUNDAI | ELCS4V2BPRTE | Searching text: 'elantra preferred ivt w/tech pkg'
[2026-07-28 14:33:12] [DEBUG   ] [chrome_api.mapper] mapper | HYUNDAI | ELCS4V2BPRTE | No ENGINE_TYPE keyword found
[2026-07-28 14:33:12] [INFO    ] [chrome_api.mapper] mapper | HYUNDAI | ELCS4V2BPRTE | Row complete: model=Elantra, trim=Preferred IVT w/Tech Pkg, engine_type=None
[2026-07-28 14:33:12] [DEBUG   ] [chrome_api.mapper] mapper | HYUNDAI | ELCS4V2BLU00 | Extracted fields: year=2025, desc=Luxury IVT, trim=Luxury
[2026-07-28 14:33:12] [DEBUG   ] [chrome_api.mapper] mapper | HYUNDAI | ELCS4V2BLU00 | ModelName from ADS: Elantra
[2026-07-28 14:33:12] [DEBUG   ] [semantic.standardizer] standardizer | Hyundai | No trim alias found for: 'Luxury'
[2026-07-28 14:33:12] [DEBUG   ] [semantic.standardizer] standardizer | Hyundai | No description patterns matched: 'Luxury IVT'
[2026-07-28 14:33:12] [DEBUG   ] [chrome_api.mapper] mapper | HYUNDAI | ELCS4V2BLU00 | Applied standardization rules
[2026-07-28 14:33:12] [INFO    ] [chrome_api.mapper] mapper | HYUNDAI | Loaded 6 ENGINE_TYPE keywords: ['hev', 'hybrid', 'phev', 'ev', 'plug-in', 'electric']
[2026-07-28 14:33:12] [DEBUG   ] [chrome_api.mapper] mapper | HYUNDAI | ELCS4V2BLU00 | Searching text: 'elantra luxury ivt'
[2026-07-28 14:33:12] [DEBUG   ] [chrome_api.mapper] mapper | HYUNDAI | ELCS4V2BLU00 | No ENGINE_TYPE keyword found
[2026-07-28 14:33:12] [INFO    ] [chrome_api.mapper] mapper | HYUNDAI | ELCS4V2BLU00 | Row complete: model=Elantra, trim=Luxury IVT, engine_type=None
[2026-07-28 14:33:12] [DEBUG   ] [chrome_api.mapper] mapper | HYUNDAI | ELCS4V2BLUME | Extracted fields: year=2025, desc=Luxury IVT w/Two-Tone Interior, trim=Luxury
[2026-07-28 14:33:12] [DEBUG   ] [chrome_api.mapper] mapper | HYUNDAI | ELCS4V2BLUME | ModelName from ADS: Elantra
[2026-07-28 14:33:12] [DEBUG   ] [semantic.standardizer] standardizer | Hyundai | No trim alias found for: 'Luxury'
[2026-07-28 14:33:12] [DEBUG   ] [semantic.standardizer] standardizer | Hyundai | No description patterns matched: 'Luxury IVT w/Two-Tone Interior'
[2026-07-28 14:33:12] [DEBUG   ] [chrome_api.mapper] mapper | HYUNDAI | ELCS4V2BLUME | Applied standardization rules
[2026-07-28 14:33:12] [INFO    ] [chrome_api.mapper] mapper | HYUNDAI | Loaded 6 ENGINE_TYPE keywords: ['hev', 'hybrid', 'phev', 'ev', 'plug-in', 'electric']
[2026-07-28 14:33:12] [DEBUG   ] [chrome_api.mapper] mapper | HYUNDAI | ELCS4V2BLUME | Searching text: 'elantra luxury ivt w/two-tone interior'
[2026-07-28 14:33:12] [DEBUG   ] [chrome_api.mapper] mapper | HYUNDAI | ELCS4V2BLUME | No ENGINE_TYPE keyword found
[2026-07-28 14:33:12] [INFO    ] [chrome_api.mapper] mapper | HYUNDAI | ELCS4V2BLUME | Row complete: model=Elantra, trim=Luxury IVT w/Two-Tone Interior, engine_type=None
[2026-07-28 14:33:12] [DEBUG   ] [chrome_api.mapper] mapper | HYUNDAI | ELCS4U1ANLUL | Extracted fields: year=2025, desc=N Line Ultimate DCT, trim=N Line Ultimate
[2026-07-28 14:33:12] [DEBUG   ] [chrome_api.mapper] mapper | HYUNDAI | ELCS4U1ANLUL | ModelName from ADS: Elantra
[2026-07-28 14:33:12] [DEBUG   ] [chrome_api.mapper] mapper | HYUNDAI | ELCS4U1ANLUL | Applied standardization rules
[2026-07-28 14:33:12] [INFO    ] [chrome_api.mapper] mapper | HYUNDAI | Loaded 6 ENGINE_TYPE keywords: ['hev', 'hybrid', 'phev', 'ev', 'plug-in', 'electric']
[2026-07-28 14:33:12] [DEBUG   ] [chrome_api.mapper] mapper | HYUNDAI | ELCS4U1ANLUL | Searching text: 'elantra n-line ultimate dct'
[2026-07-28 14:33:12] [DEBUG   ] [chrome_api.mapper] mapper | HYUNDAI | ELCS4U1ANLUL | No ENGINE_TYPE keyword found
[2026-07-28 14:33:12] [INFO    ] [chrome_api.mapper] mapper | HYUNDAI | ELCS4U1ANLUL | Row complete: model=Elantra, trim=N-Line Ultimate DCT, engine_type=None
[2026-07-28 14:33:12] [INFO    ] [chrome_api.mapper] mapper | ads_response_to_rows | Hyundai | Converted 6/6 trims to rows
[2026-07-28 14:33:12] [DEBUG   ] [chrome_api.service] refresh_from_ads | Hyundai 2025 Elantra | Converted 6 trims to rows
[2026-07-28 14:33:12] [DEBUG   ] [urllib3.connectionpool] https://demos.autodatasolutions.com:443 "POST /ADSDemo/api/full/ymmt/year/2025/make/Hyundai/model/Elantra%20Hybrid/ HTTP/1.1" 200 None
[2026-07-28 14:33:12] [INFO    ] [chrome_api.mapper] mapper | ads_response_to_rows | Hyundai | Processing 2 trims from ADS response
[2026-07-28 14:33:12] [DEBUG   ] [chrome_api.mapper] mapper | HYUNDAI | ELHS4T1BLUHE | Extracted fields: year=2025, desc=Luxury DCT, trim=Luxury
[2026-07-28 14:33:12] [DEBUG   ] [chrome_api.mapper] mapper | HYUNDAI | ELHS4T1BLUHE | ModelName from ADS: Elantra Hybrid
[2026-07-28 14:33:12] [DEBUG   ] [semantic.standardizer] standardizer | Hyundai | No trim alias found for: 'Luxury'
[2026-07-28 14:33:12] [DEBUG   ] [semantic.standardizer] standardizer | Hyundai | No description patterns matched: 'Luxury DCT'
[2026-07-28 14:33:12] [DEBUG   ] [chrome_api.mapper] mapper | HYUNDAI | ELHS4T1BLUHE | Applied standardization rules
[2026-07-28 14:33:12] [INFO    ] [chrome_api.mapper] mapper | HYUNDAI | Loaded 6 ENGINE_TYPE keywords: ['hev', 'hybrid', 'phev', 'ev', 'plug-in', 'electric']
[2026-07-28 14:33:12] [DEBUG   ] [chrome_api.mapper] mapper | HYUNDAI | ELHS4T1BLUHE | Searching text: 'elantra hybrid luxury dct'
[2026-07-28 14:33:12] [DEBUG   ] [chrome_api.mapper] mapper | HYUNDAI | ELHS4T1BLUHE | Found keyword 'hybrid' in 'Elantra Hybrid Luxury DCT'
[2026-07-28 14:33:12] [WARNING ] [chrome_api.mapper] mapper | HYUNDAI | ELHS4T1BLUHE | Keyword 'hybrid' found but NOT in translator. Returning keyword as-is.
[2026-07-28 14:33:12] [INFO    ] [chrome_api.mapper] mapper | HYUNDAI | ELHS4T1BLUHE | Row complete: model=Elantra Hybrid, trim=Luxury DCT, engine_type=hybrid
[2026-07-28 14:33:12] [DEBUG   ] [chrome_api.mapper] mapper | HYUNDAI | ELHS4T1BLUHM | Extracted fields: year=2025, desc=Luxury DCT w/Two-Tone Interior, trim=Luxury
[2026-07-28 14:33:12] [DEBUG   ] [chrome_api.mapper] mapper | HYUNDAI | ELHS4T1BLUHM | ModelName from ADS: Elantra Hybrid
[2026-07-28 14:33:12] [DEBUG   ] [semantic.standardizer] standardizer | Hyundai | No trim alias found for: 'Luxury'
[2026-07-28 14:33:12] [DEBUG   ] [semantic.standardizer] standardizer | Hyundai | No description patterns matched: 'Luxury DCT w/Two-Tone Interior'
[2026-07-28 14:33:12] [DEBUG   ] [chrome_api.mapper] mapper | HYUNDAI | ELHS4T1BLUHM | Applied standardization rules
[2026-07-28 14:33:12] [INFO    ] [chrome_api.mapper] mapper | HYUNDAI | Loaded 6 ENGINE_TYPE keywords: ['hev', 'hybrid', 'phev', 'ev', 'plug-in', 'electric']
[2026-07-28 14:33:12] [DEBUG   ] [chrome_api.mapper] mapper | HYUNDAI | ELHS4T1BLUHM | Searching text: 'elantra hybrid luxury dct w/two-tone interior'
[2026-07-28 14:33:12] [DEBUG   ] [chrome_api.mapper] mapper | HYUNDAI | ELHS4T1BLUHM | Found keyword 'hybrid' in 'Elantra Hybrid Luxury DCT w/Two-Tone Interior'
[2026-07-28 14:33:12] [WARNING ] [chrome_api.mapper] mapper | HYUNDAI | ELHS4T1BLUHM | Keyword 'hybrid' found but NOT in translator. Returning keyword as-is.
[2026-07-28 14:33:12] [INFO    ] [chrome_api.mapper] mapper | HYUNDAI | ELHS4T1BLUHM | Row complete: model=Elantra Hybrid, trim=Luxury DCT w/Two-Tone Interior, engine_type=hybrid
[2026-07-28 14:33:12] [INFO    ] [chrome_api.mapper] mapper | ads_response_to_rows | Hyundai | Converted 2/2 trims to rows
[2026-07-28 14:33:12] [DEBUG   ] [chrome_api.service] refresh_from_ads | Hyundai 2025 Elantra Hybrid | Converted 2 trims to rows
[2026-07-28 14:33:12] [DEBUG   ] [urllib3.connectionpool] https://demos.autodatasolutions.com:443 "POST /ADSDemo/api/full/ymmt/year/2025/make/Hyundai/model/Elantra%20N/ HTTP/1.1" 200 None
[2026-07-28 14:33:13] [INFO    ] [chrome_api.mapper] mapper | ads_response_to_rows | Hyundai | Processing 2 trims from ADS response
[2026-07-28 14:33:13] [DEBUG   ] [chrome_api.mapper] mapper | HYUNDAI | ELCS472ANN00 | Extracted fields: year=2025, desc=Manual, trim=None
[2026-07-28 14:33:13] [DEBUG   ] [chrome_api.mapper] mapper | HYUNDAI | ELCS472ANN00 | ModelName from ADS: Elantra N
[2026-07-28 14:33:13] [DEBUG   ] [semantic.standardizer] standardizer | Hyundai | No description patterns matched: 'Manual'
[2026-07-28 14:33:13] [DEBUG   ] [chrome_api.mapper] mapper | HYUNDAI | ELCS472ANN00 | Applied standardization rules
[2026-07-28 14:33:13] [INFO    ] [chrome_api.mapper] mapper | HYUNDAI | Loaded 6 ENGINE_TYPE keywords: ['hev', 'hybrid', 'phev', 'ev', 'plug-in', 'electric']
[2026-07-28 14:33:13] [DEBUG   ] [chrome_api.mapper] mapper | HYUNDAI | ELCS472ANN00 | Searching text: 'elantra n manual'
[2026-07-28 14:33:13] [DEBUG   ] [chrome_api.mapper] mapper | HYUNDAI | ELCS472ANN00 | No ENGINE_TYPE keyword found
[2026-07-28 14:33:13] [INFO    ] [chrome_api.mapper] mapper | HYUNDAI | ELCS472ANN00 | Row complete: model=Elantra N, trim=Manual, engine_type=None
[2026-07-28 14:33:13] [DEBUG   ] [chrome_api.mapper] mapper | HYUNDAI | ELCS4M2ANN00 | Extracted fields: year=2025, desc=DCT, trim=None
[2026-07-28 14:33:13] [DEBUG   ] [chrome_api.mapper] mapper | HYUNDAI | ELCS4M2ANN00 | ModelName from ADS: Elantra N
[2026-07-28 14:33:13] [DEBUG   ] [semantic.standardizer] standardizer | Hyundai | No description patterns matched: 'DCT'
[2026-07-28 14:33:13] [DEBUG   ] [chrome_api.mapper] mapper | HYUNDAI | ELCS4M2ANN00 | Applied standardization rules
[2026-07-28 14:33:13] [INFO    ] [chrome_api.mapper] mapper | HYUNDAI | Loaded 6 ENGINE_TYPE keywords: ['hev', 'hybrid', 'phev', 'ev', 'plug-in', 'electric']
[2026-07-28 14:33:13] [DEBUG   ] [chrome_api.mapper] mapper | HYUNDAI | ELCS4M2ANN00 | Searching text: 'elantra n dct'
[2026-07-28 14:33:13] [DEBUG   ] [chrome_api.mapper] mapper | HYUNDAI | ELCS4M2ANN00 | No ENGINE_TYPE keyword found
[2026-07-28 14:33:13] [INFO    ] [chrome_api.mapper] mapper | HYUNDAI | ELCS4M2ANN00 | Row complete: model=Elantra N, trim=DCT, engine_type=None
[2026-07-28 14:33:13] [INFO    ] [chrome_api.mapper] mapper | ads_response_to_rows | Hyundai | Converted 2/2 trims to rows
[2026-07-28 14:33:13] [DEBUG   ] [chrome_api.service] refresh_from_ads | Hyundai 2025 Elantra N | Converted 2 trims to rows
[2026-07-28 14:33:13] [DEBUG   ] [urllib3.connectionpool] https://demos.autodatasolutions.com:443 "POST /ADSDemo/api/full/ymmt/year/2025/make/Hyundai/model/IONIQ%205/ HTTP/1.1" 200 None
[2026-07-28 14:33:13] [INFO    ] [chrome_api.mapper] mapper | ads_response_to_rows | Hyundai | Processing 4 trims from ADS response
[2026-07-28 14:33:13] [DEBUG   ] [chrome_api.mapper] mapper | HYUNDAI | I5EW5ZE4PRLR | Extracted fields: year=2025, desc=Preferred RWD Long Range, trim=Preferred
[2026-07-28 14:33:13] [DEBUG   ] [chrome_api.mapper] mapper | HYUNDAI | I5EW5ZE4PRLR | ModelName from ADS: IONIQ 5
[2026-07-28 14:33:13] [DEBUG   ] [semantic.standardizer] standardizer | Hyundai | No trim alias found for: 'Preferred'
[2026-07-28 14:33:13] [DEBUG   ] [semantic.standardizer] standardizer | Hyundai | No description patterns matched: 'Preferred RWD Long Range'
[2026-07-28 14:33:13] [DEBUG   ] [chrome_api.mapper] mapper | HYUNDAI | I5EW5ZE4PRLR | Applied standardization rules
[2026-07-28 14:33:13] [INFO    ] [chrome_api.mapper] mapper | HYUNDAI | Loaded 6 ENGINE_TYPE keywords: ['hev', 'hybrid', 'phev', 'ev', 'plug-in', 'electric']
[2026-07-28 14:33:13] [DEBUG   ] [chrome_api.mapper] mapper | HYUNDAI | I5EW5ZE4PRLR | Searching text: 'ioniq 5 preferred rwd long range'
[2026-07-28 14:33:13] [DEBUG   ] [chrome_api.mapper] mapper | HYUNDAI | I5EW5ZE4PRLR | No ENGINE_TYPE keyword found
[2026-07-28 14:33:13] [INFO    ] [chrome_api.mapper] mapper | HYUNDAI | I5EW5ZE4PRLR | Row complete: model=IONIQ 5, trim=Preferred RWD Long Range, engine_type=None
[2026-07-28 14:33:13] [DEBUG   ] [chrome_api.mapper] mapper | HYUNDAI | I5EW5ZE2PRLR | Extracted fields: year=2025, desc=Preferred AWD Long Range, trim=Preferred
[2026-07-28 14:33:13] [DEBUG   ] [chrome_api.mapper] mapper | HYUNDAI | I5EW5ZE2PRLR | ModelName from ADS: IONIQ 5
[2026-07-28 14:33:13] [DEBUG   ] [semantic.standardizer] standardizer | Hyundai | No trim alias found for: 'Preferred'
[2026-07-28 14:33:13] [DEBUG   ] [semantic.standardizer] standardizer | Hyundai | No description patterns matched: 'Preferred AWD Long Range'
[2026-07-28 14:33:13] [DEBUG   ] [chrome_api.mapper] mapper | HYUNDAI | I5EW5ZE2PRLR | Applied standardization rules
[2026-07-28 14:33:13] [INFO    ] [chrome_api.mapper] mapper | HYUNDAI | Loaded 6 ENGINE_TYPE keywords: ['hev', 'hybrid', 'phev', 'ev', 'plug-in', 'electric']
[2026-07-28 14:33:13] [DEBUG   ] [chrome_api.mapper] mapper | HYUNDAI | I5EW5ZE2PRLR | Searching text: 'ioniq 5 preferred awd long range'
[2026-07-28 14:33:13] [DEBUG   ] [chrome_api.mapper] mapper | HYUNDAI | I5EW5ZE2PRLR | No ENGINE_TYPE keyword found
[2026-07-28 14:33:13] [INFO    ] [chrome_api.mapper] mapper | HYUNDAI | I5EW5ZE2PRLR | Row complete: model=IONIQ 5, trim=Preferred AWD Long Range, engine_type=None
[2026-07-28 14:33:13] [DEBUG   ] [chrome_api.mapper] mapper | HYUNDAI | I5EW5ZE2PRUP | Extracted fields: year=2025, desc=Preferred AWD Long Range w/Ultimate Pkg, trim=Preferred
[2026-07-28 14:33:13] [DEBUG   ] [chrome_api.mapper] mapper | HYUNDAI | I5EW5ZE2PRUP | ModelName from ADS: IONIQ 5
[2026-07-28 14:33:13] [DEBUG   ] [semantic.standardizer] standardizer | Hyundai | No trim alias found for: 'Preferred'
[2026-07-28 14:33:13] [DEBUG   ] [semantic.standardizer] standardizer | Hyundai | No description patterns matched: 'Preferred AWD Long Range w/Ultimate Pkg'
[2026-07-28 14:33:13] [DEBUG   ] [chrome_api.mapper] mapper | HYUNDAI | I5EW5ZE2PRUP | Applied standardization rules
[2026-07-28 14:33:13] [INFO    ] [chrome_api.mapper] mapper | HYUNDAI | Loaded 6 ENGINE_TYPE keywords: ['hev', 'hybrid', 'phev', 'ev', 'plug-in', 'electric']
[2026-07-28 14:33:13] [DEBUG   ] [chrome_api.mapper] mapper | HYUNDAI | I5EW5ZE2PRUP | Searching text: 'ioniq 5 preferred awd long range w/ultimate pkg'
[2026-07-28 14:33:13] [DEBUG   ] [chrome_api.mapper] mapper | HYUNDAI | I5EW5ZE2PRUP | No ENGINE_TYPE keyword found
[2026-07-28 14:33:13] [INFO    ] [chrome_api.mapper] mapper | HYUNDAI | I5EW5ZE2PRUP | Row complete: model=IONIQ 5, trim=Preferred AWD Long Range w/Ultimate Pkg, engine_type=None
[2026-07-28 14:33:13] [DEBUG   ] [chrome_api.mapper] mapper | HYUNDAI | I5EW5ZE4PRPR | Extracted fields: year=2025, desc=Preferred RWD Standard Range, trim=Preferred
[2026-07-28 14:33:13] [DEBUG   ] [chrome_api.mapper] mapper | HYUNDAI | I5EW5ZE4PRPR | ModelName from ADS: IONIQ 5
[2026-07-28 14:33:13] [DEBUG   ] [semantic.standardizer] standardizer | Hyundai | No trim alias found for: 'Preferred'
[2026-07-28 14:33:13] [DEBUG   ] [semantic.standardizer] standardizer | Hyundai | No description patterns matched: 'Preferred RWD Standard Range'
[2026-07-28 14:33:13] [DEBUG   ] [chrome_api.mapper] mapper | HYUNDAI | I5EW5ZE4PRPR | Applied standardization rules
[2026-07-28 14:33:13] [INFO    ] [chrome_api.mapper] mapper | HYUNDAI | Loaded 6 ENGINE_TYPE keywords: ['hev', 'hybrid', 'phev', 'ev', 'plug-in', 'electric']
[2026-07-28 14:33:13] [DEBUG   ] [chrome_api.mapper] mapper | HYUNDAI | I5EW5ZE4PRPR | Searching text: 'ioniq 5 preferred rwd standard range'
[2026-07-28 14:33:13] [DEBUG   ] [chrome_api.mapper] mapper | HYUNDAI | I5EW5ZE4PRPR | No ENGINE_TYPE keyword found
[2026-07-28 14:33:13] [INFO    ] [chrome_api.mapper] mapper | HYUNDAI | I5EW5ZE4PRPR | Row complete: model=IONIQ 5, trim=Preferred RWD Standard Range, engine_type=None
[2026-07-28 14:33:13] [INFO    ] [chrome_api.mapper] mapper | ads_response_to_rows | Hyundai | Converted 4/4 trims to rows
[2026-07-28 14:33:13] [DEBUG   ] [chrome_api.service] refresh_from_ads | Hyundai 2025 IONIQ 5 | Converted 4 trims to rows
[2026-07-28 14:33:14] [DEBUG   ] [urllib3.connectionpool] https://demos.autodatasolutions.com:443 "POST /ADSDemo/api/full/ymmt/year/2025/make/Hyundai/model/IONIQ%205%20N/ HTTP/1.1" 200 None
[2026-07-28 14:33:14] [INFO    ] [chrome_api.mapper] mapper | ads_response_to_rows | Hyundai | Processing 1 trims from ADS response
[2026-07-28 14:33:14] [DEBUG   ] [chrome_api.mapper] mapper | HYUNDAI | I5EW5ZE3NN00 | Extracted fields: year=2025, desc=AWD, trim=None
[2026-07-28 14:33:14] [DEBUG   ] [chrome_api.mapper] mapper | HYUNDAI | I5EW5ZE3NN00 | ModelName from ADS: IONIQ 5 N
[2026-07-28 14:33:14] [DEBUG   ] [semantic.standardizer] standardizer | Hyundai | No description patterns matched: 'AWD'
[2026-07-28 14:33:14] [DEBUG   ] [chrome_api.mapper] mapper | HYUNDAI | I5EW5ZE3NN00 | Applied standardization rules
[2026-07-28 14:33:14] [INFO    ] [chrome_api.mapper] mapper | HYUNDAI | Loaded 6 ENGINE_TYPE keywords: ['hev', 'hybrid', 'phev', 'ev', 'plug-in', 'electric']
[2026-07-28 14:33:14] [DEBUG   ] [chrome_api.mapper] mapper | HYUNDAI | I5EW5ZE3NN00 | Searching text: 'ioniq 5 n awd'
[2026-07-28 14:33:14] [DEBUG   ] [chrome_api.mapper] mapper | HYUNDAI | I5EW5ZE3NN00 | No ENGINE_TYPE keyword found
[2026-07-28 14:33:14] [INFO    ] [chrome_api.mapper] mapper | HYUNDAI | I5EW5ZE3NN00 | Row complete: model=IONIQ 5 N, trim=AWD, engine_type=None
[2026-07-28 14:33:14] [INFO    ] [chrome_api.mapper] mapper | ads_response_to_rows | Hyundai | Converted 1/1 trims to rows
[2026-07-28 14:33:14] [DEBUG   ] [chrome_api.service] refresh_from_ads | Hyundai 2025 IONIQ 5 N | Converted 1 trims to rows
[2026-07-28 14:33:14] [DEBUG   ] [urllib3.connectionpool] https://demos.autodatasolutions.com:443 "POST /ADSDemo/api/full/ymmt/year/2025/make/Hyundai/model/IONIQ%206/ HTTP/1.1" 200 None
[2026-07-28 14:33:15] [INFO    ] [chrome_api.mapper] mapper | ads_response_to_rows | Hyundai | Processing 3 trims from ADS response
[2026-07-28 14:33:15] [DEBUG   ] [chrome_api.mapper] mapper | HYUNDAI | I6ES4ZE4PRLR | Extracted fields: year=2025, desc=Preferred RWD Long Range, trim=Preferred
[2026-07-28 14:33:15] [DEBUG   ] [chrome_api.mapper] mapper | HYUNDAI | I6ES4ZE4PRLR | ModelName from ADS: IONIQ 6
[2026-07-28 14:33:15] [DEBUG   ] [semantic.standardizer] standardizer | Hyundai | No trim alias found for: 'Preferred'
[2026-07-28 14:33:15] [DEBUG   ] [semantic.standardizer] standardizer | Hyundai | No description patterns matched: 'Preferred RWD Long Range'
[2026-07-28 14:33:15] [DEBUG   ] [chrome_api.mapper] mapper | HYUNDAI | I6ES4ZE4PRLR | Applied standardization rules
[2026-07-28 14:33:15] [INFO    ] [chrome_api.mapper] mapper | HYUNDAI | Loaded 6 ENGINE_TYPE keywords: ['hev', 'hybrid', 'phev', 'ev', 'plug-in', 'electric']
[2026-07-28 14:33:15] [DEBUG   ] [chrome_api.mapper] mapper | HYUNDAI | I6ES4ZE4PRLR | Searching text: 'ioniq 6 preferred rwd long range'
[2026-07-28 14:33:15] [DEBUG   ] [chrome_api.mapper] mapper | HYUNDAI | I6ES4ZE4PRLR | No ENGINE_TYPE keyword found
[2026-07-28 14:33:15] [INFO    ] [chrome_api.mapper] mapper | HYUNDAI | I6ES4ZE4PRLR | Row complete: model=IONIQ 6, trim=Preferred RWD Long Range, engine_type=None
[2026-07-28 14:33:15] [DEBUG   ] [chrome_api.mapper] mapper | HYUNDAI | I6ES4ZE2PRLR | Extracted fields: year=2025, desc=Preferred AWD Long Range, trim=Preferred
[2026-07-28 14:33:15] [DEBUG   ] [chrome_api.mapper] mapper | HYUNDAI | I6ES4ZE2PRLR | ModelName from ADS: IONIQ 6
[2026-07-28 14:33:15] [DEBUG   ] [semantic.standardizer] standardizer | Hyundai | No trim alias found for: 'Preferred'
[2026-07-28 14:33:15] [DEBUG   ] [semantic.standardizer] standardizer | Hyundai | No description patterns matched: 'Preferred AWD Long Range'
[2026-07-28 14:33:15] [DEBUG   ] [chrome_api.mapper] mapper | HYUNDAI | I6ES4ZE2PRLR | Applied standardization rules
[2026-07-28 14:33:15] [INFO    ] [chrome_api.mapper] mapper | HYUNDAI | Loaded 6 ENGINE_TYPE keywords: ['hev', 'hybrid', 'phev', 'ev', 'plug-in', 'electric']
[2026-07-28 14:33:15] [DEBUG   ] [chrome_api.mapper] mapper | HYUNDAI | I6ES4ZE2PRLR | Searching text: 'ioniq 6 preferred awd long range'
[2026-07-28 14:33:15] [DEBUG   ] [chrome_api.mapper] mapper | HYUNDAI | I6ES4ZE2PRLR | No ENGINE_TYPE keyword found
[2026-07-28 14:33:15] [INFO    ] [chrome_api.mapper] mapper | HYUNDAI | I6ES4ZE2PRLR | Row complete: model=IONIQ 6, trim=Preferred AWD Long Range, engine_type=None
[2026-07-28 14:33:15] [DEBUG   ] [chrome_api.mapper] mapper | HYUNDAI | I6ES4ZE2PRUP | Extracted fields: year=2025, desc=Preferred AWD Long Range w/Ultimate Pkg, trim=Preferred
[2026-07-28 14:33:15] [DEBUG   ] [chrome_api.mapper] mapper | HYUNDAI | I6ES4ZE2PRUP | ModelName from ADS: IONIQ 6
[2026-07-28 14:33:15] [DEBUG   ] [semantic.standardizer] standardizer | Hyundai | No trim alias found for: 'Preferred'
[2026-07-28 14:33:15] [DEBUG   ] [semantic.standardizer] standardizer | Hyundai | No description patterns matched: 'Preferred AWD Long Range w/Ultimate Pkg'
[2026-07-28 14:33:15] [DEBUG   ] [chrome_api.mapper] mapper | HYUNDAI | I6ES4ZE2PRUP | Applied standardization rules
[2026-07-28 14:33:15] [INFO    ] [chrome_api.mapper] mapper | HYUNDAI | Loaded 6 ENGINE_TYPE keywords: ['hev', 'hybrid', 'phev', 'ev', 'plug-in', 'electric']
[2026-07-28 14:33:15] [DEBUG   ] [chrome_api.mapper] mapper | HYUNDAI | I6ES4ZE2PRUP | Searching text: 'ioniq 6 preferred awd long range w/ultimate pkg'
[2026-07-28 14:33:15] [DEBUG   ] [chrome_api.mapper] mapper | HYUNDAI | I6ES4ZE2PRUP | No ENGINE_TYPE keyword found
[2026-07-28 14:33:15] [INFO    ] [chrome_api.mapper] mapper | HYUNDAI | I6ES4ZE2PRUP | Row complete: model=IONIQ 6, trim=Preferred AWD Long Range w/Ultimate Pkg, engine_type=None
[2026-07-28 14:33:15] [INFO    ] [chrome_api.mapper] mapper | ads_response_to_rows | Hyundai | Converted 3/3 trims to rows
[2026-07-28 14:33:15] [DEBUG   ] [chrome_api.service] refresh_from_ads | Hyundai 2025 IONIQ 6 | Converted 3 trims to rows
[2026-07-28 14:33:15] [DEBUG   ] [urllib3.connectionpool] https://demos.autodatasolutions.com:443 "POST /ADSDemo/api/full/ymmt/year/2025/make/Hyundai/model/Kona/ HTTP/1.1" 200 None
[2026-07-28 14:33:15] [INFO    ] [chrome_api.mapper] mapper | ads_response_to_rows | Hyundai | Processing 10 trims from ADS response
[2026-07-28 14:33:15] [DEBUG   ] [chrome_api.mapper] mapper | HYUNDAI | KOCW5V2BES00 | Extracted fields: year=2025, desc=2.0L Essential FWD, trim=Essential
[2026-07-28 14:33:15] [DEBUG   ] [chrome_api.mapper] mapper | HYUNDAI | KOCW5V2BES00 | ModelName from ADS: Kona
[2026-07-28 14:33:15] [DEBUG   ] [semantic.standardizer] standardizer | Hyundai | No trim alias found for: 'Essential'
[2026-07-28 14:33:15] [DEBUG   ] [semantic.standardizer] standardizer | Hyundai | No description patterns matched: '2.0L Essential FWD'
[2026-07-28 14:33:15] [DEBUG   ] [chrome_api.mapper] mapper | HYUNDAI | KOCW5V2BES00 | Applied standardization rules
[2026-07-28 14:33:15] [INFO    ] [chrome_api.mapper] mapper | HYUNDAI | Loaded 6 ENGINE_TYPE keywords: ['hev', 'hybrid', 'phev', 'ev', 'plug-in', 'electric']
[2026-07-28 14:33:15] [DEBUG   ] [chrome_api.mapper] mapper | HYUNDAI | KOCW5V2BES00 | Searching text: 'kona 2.0l essential fwd'
[2026-07-28 14:33:15] [DEBUG   ] [chrome_api.mapper] mapper | HYUNDAI | KOCW5V2BES00 | No ENGINE_TYPE keyword found
[2026-07-28 14:33:15] [INFO    ] [chrome_api.mapper] mapper | HYUNDAI | KOCW5V2BES00 | Row complete: model=Kona, trim=2.0L Essential FWD, engine_type=None
[2026-07-28 14:33:15] [DEBUG   ] [chrome_api.mapper] mapper | HYUNDAI | KOCW5V2BPR00 | Extracted fields: year=2025, desc=2.0L Preferred FWD, trim=Preferred
[2026-07-28 14:33:15] [DEBUG   ] [chrome_api.mapper] mapper | HYUNDAI | KOCW5V2BPR00 | ModelName from ADS: Kona
[2026-07-28 14:33:15] [DEBUG   ] [semantic.standardizer] standardizer | Hyundai | No trim alias found for: 'Preferred'
[2026-07-28 14:33:15] [DEBUG   ] [semantic.standardizer] standardizer | Hyundai | No description patterns matched: '2.0L Preferred FWD'
[2026-07-28 14:33:15] [DEBUG   ] [chrome_api.mapper] mapper | HYUNDAI | KOCW5V2BPR00 | Applied standardization rules
[2026-07-28 14:33:15] [INFO    ] [chrome_api.mapper] mapper | HYUNDAI | Loaded 6 ENGINE_TYPE keywords: ['hev', 'hybrid', 'phev', 'ev', 'plug-in', 'electric']
[2026-07-28 14:33:15] [DEBUG   ] [chrome_api.mapper] mapper | HYUNDAI | KOCW5V2BPR00 | Searching text: 'kona 2.0l preferred fwd'
[2026-07-28 14:33:15] [DEBUG   ] [chrome_api.mapper] mapper | HYUNDAI | KOCW5V2BPR00 | No ENGINE_TYPE keyword found
[2026-07-28 14:33:15] [INFO    ] [chrome_api.mapper] mapper | HYUNDAI | KOCW5V2BPR00 | Row complete: model=Kona, trim=2.0L Preferred FWD, engine_type=None
[2026-07-28 14:33:15] [DEBUG   ] [chrome_api.mapper] mapper | HYUNDAI | KOCW5Q2BES00 | Extracted fields: year=2025, desc=2.0L Essential AWD, trim=Essential
[2026-07-28 14:33:15] [DEBUG   ] [chrome_api.mapper] mapper | HYUNDAI | KOCW5Q2BES00 | ModelName from ADS: Kona
[2026-07-28 14:33:15] [DEBUG   ] [semantic.standardizer] standardizer | Hyundai | No trim alias found for: 'Essential'
[2026-07-28 14:33:15] [DEBUG   ] [semantic.standardizer] standardizer | Hyundai | No description patterns matched: '2.0L Essential AWD'
[2026-07-28 14:33:15] [DEBUG   ] [chrome_api.mapper] mapper | HYUNDAI | KOCW5Q2BES00 | Applied standardization rules
[2026-07-28 14:33:15] [INFO    ] [chrome_api.mapper] mapper | HYUNDAI | Loaded 6 ENGINE_TYPE keywords: ['hev', 'hybrid', 'phev', 'ev', 'plug-in', 'electric']
[2026-07-28 14:33:15] [DEBUG   ] [chrome_api.mapper] mapper | HYUNDAI | KOCW5Q2BES00 | Searching text: 'kona 2.0l essential awd'
[2026-07-28 14:33:15] [DEBUG   ] [chrome_api.mapper] mapper | HYUNDAI | KOCW5Q2BES00 | No ENGINE_TYPE keyword found
[2026-07-28 14:33:15] [INFO    ] [chrome_api.mapper] mapper | HYUNDAI | KOCW5Q2BES00 | Row complete: model=Kona, trim=2.0L Essential AWD, engine_type=None
[2026-07-28 14:33:15] [DEBUG   ] [chrome_api.mapper] mapper | HYUNDAI | KOCW5Q2BPR00 | Extracted fields: year=2025, desc=2.0L Preferred AWD, trim=Preferred
[2026-07-28 14:33:15] [DEBUG   ] [chrome_api.mapper] mapper | HYUNDAI | KOCW5Q2BPR00 | ModelName from ADS: Kona
[2026-07-28 14:33:15] [DEBUG   ] [semantic.standardizer] standardizer | Hyundai | No trim alias found for: 'Preferred'
[2026-07-28 14:33:15] [DEBUG   ] [semantic.standardizer] standardizer | Hyundai | No description patterns matched: '2.0L Preferred AWD'
[2026-07-28 14:33:15] [DEBUG   ] [chrome_api.mapper] mapper | HYUNDAI | KOCW5Q2BPR00 | Applied standardization rules
[2026-07-28 14:33:15] [INFO    ] [chrome_api.mapper] mapper | HYUNDAI | Loaded 6 ENGINE_TYPE keywords: ['hev', 'hybrid', 'phev', 'ev', 'plug-in', 'electric']
[2026-07-28 14:33:15] [DEBUG   ] [chrome_api.mapper] mapper | HYUNDAI | KOCW5Q2BPR00 | Searching text: 'kona 2.0l preferred awd'
[2026-07-28 14:33:15] [DEBUG   ] [chrome_api.mapper] mapper | HYUNDAI | KOCW5Q2BPR00 | No ENGINE_TYPE keyword found
[2026-07-28 14:33:15] [INFO    ] [chrome_api.mapper] mapper | HYUNDAI | KOCW5Q2BPR00 | Row complete: model=Kona, trim=2.0L Preferred AWD, engine_type=None
[2026-07-28 14:33:15] [DEBUG   ] [chrome_api.mapper] mapper | HYUNDAI | KOCW5Q2BPRTR | Extracted fields: year=2025, desc=2.0L Preferred AWD w/Trend Package, trim=Preferred
[2026-07-28 14:33:15] [DEBUG   ] [chrome_api.mapper] mapper | HYUNDAI | KOCW5Q2BPRTR | ModelName from ADS: Kona
[2026-07-28 14:33:15] [DEBUG   ] [semantic.standardizer] standardizer | Hyundai | No trim alias found for: 'Preferred'
[2026-07-28 14:33:15] [DEBUG   ] [semantic.standardizer] standardizer | Hyundai | No description patterns matched: '2.0L Preferred AWD w/Trend Package'
[2026-07-28 14:33:15] [DEBUG   ] [chrome_api.mapper] mapper | HYUNDAI | KOCW5Q2BPRTR | Applied standardization rules
[2026-07-28 14:33:15] [INFO    ] [chrome_api.mapper] mapper | HYUNDAI | Loaded 6 ENGINE_TYPE keywords: ['hev', 'hybrid', 'phev', 'ev', 'plug-in', 'electric']
[2026-07-28 14:33:15] [DEBUG   ] [chrome_api.mapper] mapper | HYUNDAI | KOCW5Q2BPRTR | Searching text: 'kona 2.0l preferred awd w/trend package'
[2026-07-28 14:33:15] [DEBUG   ] [chrome_api.mapper] mapper | HYUNDAI | KOCW5Q2BPRTR | No ENGINE_TYPE keyword found
[2026-07-28 14:33:15] [INFO    ] [chrome_api.mapper] mapper | HYUNDAI | KOCW5Q2BPRTR | Row complete: model=Kona, trim=2.0L Preferred AWD w/Trend Package, engine_type=None
[2026-07-28 14:33:15] [DEBUG   ] [chrome_api.mapper] mapper | HYUNDAI | KOCW5K1ANL00 | Extracted fields: year=2025, desc=1.6T N Line AWD, trim=N Line
[2026-07-28 14:33:15] [DEBUG   ] [chrome_api.mapper] mapper | HYUNDAI | KOCW5K1ANL00 | ModelName from ADS: Kona
[2026-07-28 14:33:15] [DEBUG   ] [chrome_api.mapper] mapper | HYUNDAI | KOCW5K1ANL00 | Applied standardization rules
[2026-07-28 14:33:15] [INFO    ] [chrome_api.mapper] mapper | HYUNDAI | Loaded 6 ENGINE_TYPE keywords: ['hev', 'hybrid', 'phev', 'ev', 'plug-in', 'electric']
[2026-07-28 14:33:15] [DEBUG   ] [chrome_api.mapper] mapper | HYUNDAI | KOCW5K1ANL00 | Searching text: 'kona 1.6t n-line awd'
[2026-07-28 14:33:15] [DEBUG   ] [chrome_api.mapper] mapper | HYUNDAI | KOCW5K1ANL00 | No ENGINE_TYPE keyword found
[2026-07-28 14:33:15] [INFO    ] [chrome_api.mapper] mapper | HYUNDAI | KOCW5K1ANL00 | Row complete: model=Kona, trim=1.6T N-Line AWD, engine_type=None
[2026-07-28 14:33:15] [DEBUG   ] [chrome_api.mapper] mapper | HYUNDAI | KOCW5K1ANLTT | Extracted fields: year=2025, desc=1.6T N Line AWD w/Two-Tone Roof, trim=N Line
[2026-07-28 14:33:15] [DEBUG   ] [chrome_api.mapper] mapper | HYUNDAI | KOCW5K1ANLTT | ModelName from ADS: Kona
[2026-07-28 14:33:15] [DEBUG   ] [chrome_api.mapper] mapper | HYUNDAI | KOCW5K1ANLTT | Applied standardization rules
[2026-07-28 14:33:15] [INFO    ] [chrome_api.mapper] mapper | HYUNDAI | Loaded 6 ENGINE_TYPE keywords: ['hev', 'hybrid', 'phev', 'ev', 'plug-in', 'electric']
[2026-07-28 14:33:15] [DEBUG   ] [chrome_api.mapper] mapper | HYUNDAI | KOCW5K1ANLTT | Searching text: 'kona 1.6t n-line awd w/two-tone roof'
[2026-07-28 14:33:15] [DEBUG   ] [chrome_api.mapper] mapper | HYUNDAI | KOCW5K1ANLTT | No ENGINE_TYPE keyword found
[2026-07-28 14:33:15] [INFO    ] [chrome_api.mapper] mapper | HYUNDAI | KOCW5K1ANLTT | Row complete: model=Kona, trim=1.6T N-Line AWD w/Two-Tone Roof, engine_type=None
[2026-07-28 14:33:15] [DEBUG   ] [chrome_api.mapper] mapper | HYUNDAI | KOCW5K1ANLUL | Extracted fields: year=2025, desc=1.6T N Line Ultimate AWD, trim=N Line Ultimate
[2026-07-28 14:33:15] [DEBUG   ] [chrome_api.mapper] mapper | HYUNDAI | KOCW5K1ANLUL | ModelName from ADS: Kona
[2026-07-28 14:33:15] [DEBUG   ] [chrome_api.mapper] mapper | HYUNDAI | KOCW5K1ANLUL | Applied standardization rules
[2026-07-28 14:33:15] [INFO    ] [chrome_api.mapper] mapper | HYUNDAI | Loaded 6 ENGINE_TYPE keywords: ['hev', 'hybrid', 'phev', 'ev', 'plug-in', 'electric']
[2026-07-28 14:33:15] [DEBUG   ] [chrome_api.mapper] mapper | HYUNDAI | KOCW5K1ANLUL | Searching text: 'kona 1.6t n-line ultimate awd'
[2026-07-28 14:33:15] [DEBUG   ] [chrome_api.mapper] mapper | HYUNDAI | KOCW5K1ANLUL | No ENGINE_TYPE keyword found
[2026-07-28 14:33:15] [INFO    ] [chrome_api.mapper] mapper | HYUNDAI | KOCW5K1ANLUL | Row complete: model=Kona, trim=1.6T N-Line Ultimate AWD, engine_type=None
[2026-07-28 14:33:15] [DEBUG   ] [chrome_api.mapper] mapper | HYUNDAI | KOCW5K1ANLBA | Extracted fields: year=2025, desc=1.6T N Line Ultimate AWD w/Two-Tone Roof, trim=N Line Ultimate
[2026-07-28 14:33:15] [DEBUG   ] [chrome_api.mapper] mapper | HYUNDAI | KOCW5K1ANLBA | ModelName from ADS: Kona
[2026-07-28 14:33:15] [DEBUG   ] [chrome_api.mapper] mapper | HYUNDAI | KOCW5K1ANLBA | Applied standardization rules
[2026-07-28 14:33:15] [INFO    ] [chrome_api.mapper] mapper | HYUNDAI | Loaded 6 ENGINE_TYPE keywords: ['hev', 'hybrid', 'phev', 'ev', 'plug-in', 'electric']
[2026-07-28 14:33:15] [DEBUG   ] [chrome_api.mapper] mapper | HYUNDAI | KOCW5K1ANLBA | Searching text: 'kona 1.6t n-line ultimate awd w/two-tone roof'
[2026-07-28 14:33:15] [DEBUG   ] [chrome_api.mapper] mapper | HYUNDAI | KOCW5K1ANLBA | No ENGINE_TYPE keyword found
[2026-07-28 14:33:15] [INFO    ] [chrome_api.mapper] mapper | HYUNDAI | KOCW5K1ANLBA | Row complete: model=Kona, trim=1.6T N-Line Ultimate AWD w/Two-Tone Roof, engine_type=None
[2026-07-28 14:33:15] [DEBUG   ] [chrome_api.mapper] mapper | HYUNDAI | KOCW5K1APRSP | Extracted fields: year=2025, desc=1.6T Preferred Sport AWD, trim=Preferred Sport
[2026-07-28 14:33:15] [DEBUG   ] [chrome_api.mapper] mapper | HYUNDAI | KOCW5K1APRSP | ModelName from ADS: Kona
[2026-07-28 14:33:15] [DEBUG   ] [semantic.standardizer] standardizer | Hyundai | No trim alias found for: 'Preferred Sport'
[2026-07-28 14:33:15] [DEBUG   ] [semantic.standardizer] standardizer | Hyundai | No description patterns matched: '1.6T Preferred Sport AWD'
[2026-07-28 14:33:15] [DEBUG   ] [chrome_api.mapper] mapper | HYUNDAI | KOCW5K1APRSP | Applied standardization rules
[2026-07-28 14:33:15] [INFO    ] [chrome_api.mapper] mapper | HYUNDAI | Loaded 6 ENGINE_TYPE keywords: ['hev', 'hybrid', 'phev', 'ev', 'plug-in', 'electric']
[2026-07-28 14:33:15] [DEBUG   ] [chrome_api.mapper] mapper | HYUNDAI | KOCW5K1APRSP | Searching text: 'kona 1.6t preferred sport awd'
[2026-07-28 14:33:15] [DEBUG   ] [chrome_api.mapper] mapper | HYUNDAI | KOCW5K1APRSP | No ENGINE_TYPE keyword found
[2026-07-28 14:33:15] [INFO    ] [chrome_api.mapper] mapper | HYUNDAI | KOCW5K1APRSP | Row complete: model=Kona, trim=1.6T Preferred Sport AWD, engine_type=None
[2026-07-28 14:33:15] [INFO    ] [chrome_api.mapper] mapper | ads_response_to_rows | Hyundai | Converted 10/10 trims to rows
[2026-07-28 14:33:15] [DEBUG   ] [chrome_api.service] refresh_from_ads | Hyundai 2025 Kona | Converted 10 trims to rows
[2026-07-28 14:33:15] [DEBUG   ] [urllib3.connectionpool] https://demos.autodatasolutions.com:443 "POST /ADSDemo/api/full/ymmt/year/2025/make/Hyundai/model/Kona%20Electric/ HTTP/1.1" 200 None
[2026-07-28 14:33:16] [INFO    ] [chrome_api.mapper] mapper | ads_response_to_rows | Hyundai | Processing 10 trims from ADS response
[2026-07-28 14:33:16] [DEBUG   ] [chrome_api.mapper] mapper | HYUNDAI | KEEW5ZE4PR00 | Extracted fields: year=2025, desc=Preferred FWD, trim=Preferred
[2026-07-28 14:33:16] [DEBUG   ] [chrome_api.mapper] mapper | HYUNDAI | KEEW5ZE4PR00 | ModelName from ADS: Kona Electric
[2026-07-28 14:33:16] [DEBUG   ] [semantic.standardizer] standardizer | Hyundai | No trim alias found for: 'Preferred'
[2026-07-28 14:33:16] [DEBUG   ] [semantic.standardizer] standardizer | Hyundai | No description patterns matched: 'Preferred FWD'
[2026-07-28 14:33:16] [DEBUG   ] [chrome_api.mapper] mapper | HYUNDAI | KEEW5ZE4PR00 | Applied standardization rules
[2026-07-28 14:33:16] [INFO    ] [chrome_api.mapper] mapper | HYUNDAI | Loaded 6 ENGINE_TYPE keywords: ['hev', 'hybrid', 'phev', 'ev', 'plug-in', 'electric']
[2026-07-28 14:33:16] [DEBUG   ] [chrome_api.mapper] mapper | HYUNDAI | KEEW5ZE4PR00 | Searching text: 'kona electric preferred fwd'
[2026-07-28 14:33:16] [DEBUG   ] [chrome_api.mapper] mapper | HYUNDAI | KEEW5ZE4PR00 | Found keyword 'electric' in 'Kona Electric Preferred FWD'
[2026-07-28 14:33:16] [WARNING ] [chrome_api.mapper] mapper | HYUNDAI | KEEW5ZE4PR00 | Keyword 'electric' found but NOT in translator. Returning keyword as-is.
[2026-07-28 14:33:16] [INFO    ] [chrome_api.mapper] mapper | HYUNDAI | KEEW5ZE4PR00 | Row complete: model=Kona Electric, trim=Preferred FWD, engine_type=electric
[2026-07-28 14:33:16] [DEBUG   ] [chrome_api.mapper] mapper | HYUNDAI | KE2SEFEME400 | Extracted fields: year=2025, desc=Ultimate FWD *Ltd Avail*, trim=Ultimate
[2026-07-28 14:33:16] [DEBUG   ] [chrome_api.mapper] mapper | HYUNDAI | KE2SEFEME400 | ModelName from ADS: Kona Electric
[2026-07-28 14:33:16] [DEBUG   ] [semantic.standardizer] standardizer | Hyundai | No trim alias found for: 'Ultimate'
[2026-07-28 14:33:16] [DEBUG   ] [semantic.standardizer] standardizer | Hyundai | No description patterns matched: 'Ultimate FWD *Ltd Avail*'
[2026-07-28 14:33:16] [DEBUG   ] [chrome_api.mapper] mapper | HYUNDAI | KE2SEFEME400 | Applied standardization rules
[2026-07-28 14:33:16] [INFO    ] [chrome_api.mapper] mapper | HYUNDAI | Loaded 6 ENGINE_TYPE keywords: ['hev', 'hybrid', 'phev', 'ev', 'plug-in', 'electric']
[2026-07-28 14:33:16] [DEBUG   ] [chrome_api.mapper] mapper | HYUNDAI | KE2SEFEME400 | Searching text: 'kona electric ultimate fwd *ltd avail*'
[2026-07-28 14:33:16] [DEBUG   ] [chrome_api.mapper] mapper | HYUNDAI | KE2SEFEME400 | Found keyword 'electric' in 'Kona Electric Ultimate FWD *Ltd Avail*'
[2026-07-28 14:33:16] [WARNING ] [chrome_api.mapper] mapper | HYUNDAI | KE2SEFEME400 | Keyword 'electric' found but NOT in translator. Returning keyword as-is.
[2026-07-28 14:33:16] [INFO    ] [chrome_api.mapper] mapper | HYUNDAI | KE2SEFEME400 | Row complete: model=Kona Electric, trim=Ultimate FWD *Ltd Avail*, engine_type=electric
[2026-07-28 14:33:16] [DEBUG   ] [chrome_api.mapper] mapper | HYUNDAI | KE2SEFEME466 | Extracted fields: year=2025, desc=Ultimate FWD w/Two-Tone Interior *Ltd Avail*, trim=Ultimate w/Two-Tone Interior
[2026-07-28 14:33:16] [DEBUG   ] [chrome_api.mapper] mapper | HYUNDAI | KE2SEFEME466 | ModelName from ADS: Kona Electric
[2026-07-28 14:33:16] [DEBUG   ] [semantic.standardizer] standardizer | Hyundai | No trim alias found for: 'Ultimate w/Two-Tone Interior'
[2026-07-28 14:33:16] [DEBUG   ] [semantic.standardizer] standardizer | Hyundai | No description patterns matched: 'Ultimate FWD w/Two-Tone Interior *Ltd Avail*'
[2026-07-28 14:33:16] [DEBUG   ] [chrome_api.mapper] mapper | HYUNDAI | KE2SEFEME466 | Applied standardization rules
[2026-07-28 14:33:16] [INFO    ] [chrome_api.mapper] mapper | HYUNDAI | Loaded 6 ENGINE_TYPE keywords: ['hev', 'hybrid', 'phev', 'ev', 'plug-in', 'electric']
[2026-07-28 14:33:16] [DEBUG   ] [chrome_api.mapper] mapper | HYUNDAI | KE2SEFEME466 | Searching text: 'kona electric ultimate fwd w/two-tone interior *ltd avail*'
[2026-07-28 14:33:16] [DEBUG   ] [chrome_api.mapper] mapper | HYUNDAI | KE2SEFEME466 | Found keyword 'electric' in 'Kona Electric Ultimate FWD w/Two-Tone Interior *Ltd Avail*'
[2026-07-28 14:33:16] [WARNING ] [chrome_api.mapper] mapper | HYUNDAI | KE2SEFEME466 | Keyword 'electric' found but NOT in translator. Returning keyword as-is.
[2026-07-28 14:33:16] [INFO    ] [chrome_api.mapper] mapper | HYUNDAI | KE2SEFEME466 | Row complete: model=Kona Electric, trim=Ultimate FWD w/Two-Tone Interior *Ltd Avail*, engine_type=electric
[2026-07-28 14:33:16] [DEBUG   ] [chrome_api.mapper] mapper | HYUNDAI | KE2SEFEME4BF | Extracted fields: year=2025, desc=Ultimate FWD w/Sage-Green Interior *Ltd Avail*, trim=Ultimate w/Sage-Green Interior
[2026-07-28 14:33:16] [DEBUG   ] [chrome_api.mapper] mapper | HYUNDAI | KE2SEFEME4BF | ModelName from ADS: Kona Electric
[2026-07-28 14:33:16] [DEBUG   ] [semantic.standardizer] standardizer | Hyundai | No trim alias found for: 'Ultimate w/Sage-Green Interior'
[2026-07-28 14:33:16] [DEBUG   ] [semantic.standardizer] standardizer | Hyundai | No description patterns matched: 'Ultimate FWD w/Sage-Green Interior *Ltd Avail*'
[2026-07-28 14:33:16] [DEBUG   ] [chrome_api.mapper] mapper | HYUNDAI | KE2SEFEME4BF | Applied standardization rules
[2026-07-28 14:33:16] [INFO    ] [chrome_api.mapper] mapper | HYUNDAI | Loaded 6 ENGINE_TYPE keywords: ['hev', 'hybrid', 'phev', 'ev', 'plug-in', 'electric']
[2026-07-28 14:33:16] [DEBUG   ] [chrome_api.mapper] mapper | HYUNDAI | KE2SEFEME4BF | Searching text: 'kona electric ultimate fwd w/sage-green interior *ltd avail*'
[2026-07-28 14:33:16] [DEBUG   ] [chrome_api.mapper] mapper | HYUNDAI | KE2SEFEME4BF | Found keyword 'electric' in 'Kona Electric Ultimate FWD w/Sage-Green Interior *Ltd Avail*'
[2026-07-28 14:33:16] [WARNING ] [chrome_api.mapper] mapper | HYUNDAI | KE2SEFEME4BF | Keyword 'electric' found but NOT in translator. Returning keyword as-is.
[2026-07-28 14:33:16] [INFO    ] [chrome_api.mapper] mapper | HYUNDAI | KE2SEFEME4BF | Row complete: model=Kona Electric, trim=Ultimate FWD w/Sage-Green Interior *Ltd Avail*, engine_type=electric
[2026-07-28 14:33:16] [DEBUG   ] [chrome_api.mapper] mapper | HYUNDAI | KEEW5ZE4PRTR | Extracted fields: year=2025, desc=Preferred FWD w/Trend Package, trim=Preferred w/Trend Package
[2026-07-28 14:33:16] [DEBUG   ] [chrome_api.mapper] mapper | HYUNDAI | KEEW5ZE4PRTR | ModelName from ADS: Kona Electric
[2026-07-28 14:33:16] [DEBUG   ] [semantic.standardizer] standardizer | Hyundai | No trim alias found for: 'Preferred w/Trend Package'
[2026-07-28 14:33:16] [DEBUG   ] [semantic.standardizer] standardizer | Hyundai | No description patterns matched: 'Preferred FWD w/Trend Package'
[2026-07-28 14:33:16] [DEBUG   ] [chrome_api.mapper] mapper | HYUNDAI | KEEW5ZE4PRTR | Applied standardization rules
[2026-07-28 14:33:16] [INFO    ] [chrome_api.mapper] mapper | HYUNDAI | Loaded 6 ENGINE_TYPE keywords: ['hev', 'hybrid', 'phev', 'ev', 'plug-in', 'electric']
[2026-07-28 14:33:16] [DEBUG   ] [chrome_api.mapper] mapper | HYUNDAI | KEEW5ZE4PRTR | Searching text: 'kona electric preferred fwd w/trend package'
[2026-07-28 14:33:16] [DEBUG   ] [chrome_api.mapper] mapper | HYUNDAI | KEEW5ZE4PRTR | Found keyword 'electric' in 'Kona Electric Preferred FWD w/Trend Package'
[2026-07-28 14:33:16] [WARNING ] [chrome_api.mapper] mapper | HYUNDAI | KEEW5ZE4PRTR | Keyword 'electric' found but NOT in translator. Returning keyword as-is.
[2026-07-28 14:33:16] [INFO    ] [chrome_api.mapper] mapper | HYUNDAI | KEEW5ZE4PRTR | Row complete: model=Kona Electric, trim=Preferred FWD w/Trend Package, engine_type=electric
[2026-07-28 14:33:16] [DEBUG   ] [chrome_api.mapper] mapper | HYUNDAI | KE2SEFEMEO20 | Extracted fields: year=2025, desc=N Line Ultimate FWD *Ltd Avail*, trim=N Line Ultimate
[2026-07-28 14:33:16] [DEBUG   ] [chrome_api.mapper] mapper | HYUNDAI | KE2SEFEMEO20 | ModelName from ADS: Kona Electric
[2026-07-28 14:33:16] [DEBUG   ] [chrome_api.mapper] mapper | HYUNDAI | KE2SEFEMEO20 | Applied standardization rules
[2026-07-28 14:33:16] [INFO    ] [chrome_api.mapper] mapper | HYUNDAI | Loaded 6 ENGINE_TYPE keywords: ['hev', 'hybrid', 'phev', 'ev', 'plug-in', 'electric']
[2026-07-28 14:33:16] [DEBUG   ] [chrome_api.mapper] mapper | HYUNDAI | KE2SEFEMEO20 | Searching text: 'kona electric n-line ultimate fwd *ltd avail*'
[2026-07-28 14:33:16] [DEBUG   ] [chrome_api.mapper] mapper | HYUNDAI | KE2SEFEMEO20 | Found keyword 'electric' in 'Kona Electric N-Line Ultimate FWD *Ltd Avail*'
[2026-07-28 14:33:16] [WARNING ] [chrome_api.mapper] mapper | HYUNDAI | KE2SEFEMEO20 | Keyword 'electric' found but NOT in translator. Returning keyword as-is.
[2026-07-28 14:33:16] [INFO    ] [chrome_api.mapper] mapper | HYUNDAI | KE2SEFEMEO20 | Row complete: model=Kona Electric, trim=N-Line Ultimate FWD *Ltd Avail*, engine_type=electric
[2026-07-28 14:33:16] [DEBUG   ] [chrome_api.mapper] mapper | HYUNDAI | KEEW5ZE4PRUP | Extracted fields: year=2025, desc=Preferred FWD w/Ultimate Package, trim=Preferred w/Ultimate Package
[2026-07-28 14:33:16] [DEBUG   ] [chrome_api.mapper] mapper | HYUNDAI | KEEW5ZE4PRUP | ModelName from ADS: Kona Electric
[2026-07-28 14:33:16] [DEBUG   ] [semantic.standardizer] standardizer | Hyundai | No trim alias found for: 'Preferred w/Ultimate Package'
[2026-07-28 14:33:16] [DEBUG   ] [semantic.standardizer] standardizer | Hyundai | No description patterns matched: 'Preferred FWD w/Ultimate Package'
[2026-07-28 14:33:16] [DEBUG   ] [chrome_api.mapper] mapper | HYUNDAI | KEEW5ZE4PRUP | Applied standardization rules
[2026-07-28 14:33:16] [INFO    ] [chrome_api.mapper] mapper | HYUNDAI | Loaded 6 ENGINE_TYPE keywords: ['hev', 'hybrid', 'phev', 'ev', 'plug-in', 'electric']
[2026-07-28 14:33:16] [DEBUG   ] [chrome_api.mapper] mapper | HYUNDAI | KEEW5ZE4PRUP | Searching text: 'kona electric preferred fwd w/ultimate package'
[2026-07-28 14:33:16] [DEBUG   ] [chrome_api.mapper] mapper | HYUNDAI | KEEW5ZE4PRUP | Found keyword 'electric' in 'Kona Electric Preferred FWD w/Ultimate Package'
[2026-07-28 14:33:16] [WARNING ] [chrome_api.mapper] mapper | HYUNDAI | KEEW5ZE4PRUP | Keyword 'electric' found but NOT in translator. Returning keyword as-is.
[2026-07-28 14:33:16] [INFO    ] [chrome_api.mapper] mapper | HYUNDAI | KEEW5ZE4PRUP | Row complete: model=Kona Electric, trim=Preferred FWD w/Ultimate Package, engine_type=electric
[2026-07-28 14:33:16] [DEBUG   ] [chrome_api.mapper] mapper | HYUNDAI | KEEW5ZE4PRUT | Extracted fields: year=2025, desc=Preferred FWD w/Ultimate Package Two-Tone, trim=Preferred w/Ultimate Package Two-Tone
[2026-07-28 14:33:16] [DEBUG   ] [chrome_api.mapper] mapper | HYUNDAI | KEEW5ZE4PRUT | ModelName from ADS: Kona Electric
[2026-07-28 14:33:16] [DEBUG   ] [semantic.standardizer] standardizer | Hyundai | No trim alias found for: 'Preferred w/Ultimate Package Two-Tone'
[2026-07-28 14:33:16] [DEBUG   ] [semantic.standardizer] standardizer | Hyundai | No description patterns matched: 'Preferred FWD w/Ultimate Package Two-Tone'
[2026-07-28 14:33:16] [DEBUG   ] [chrome_api.mapper] mapper | HYUNDAI | KEEW5ZE4PRUT | Applied standardization rules
[2026-07-28 14:33:16] [INFO    ] [chrome_api.mapper] mapper | HYUNDAI | Loaded 6 ENGINE_TYPE keywords: ['hev', 'hybrid', 'phev', 'ev', 'plug-in', 'electric']
[2026-07-28 14:33:16] [DEBUG   ] [chrome_api.mapper] mapper | HYUNDAI | KEEW5ZE4PRUT | Searching text: 'kona electric preferred fwd w/ultimate package two-tone'
[2026-07-28 14:33:16] [DEBUG   ] [chrome_api.mapper] mapper | HYUNDAI | KEEW5ZE4PRUT | Found keyword 'electric' in 'Kona Electric Preferred FWD w/Ultimate Package Two-Tone'
[2026-07-28 14:33:16] [WARNING ] [chrome_api.mapper] mapper | HYUNDAI | KEEW5ZE4PRUT | Keyword 'electric' found but NOT in translator. Returning keyword as-is.
[2026-07-28 14:33:16] [INFO    ] [chrome_api.mapper] mapper | HYUNDAI | KEEW5ZE4PRUT | Row complete: model=Kona Electric, trim=Preferred FWD w/Ultimate Package Two-Tone, engine_type=electric
[2026-07-28 14:33:16] [DEBUG   ] [chrome_api.mapper] mapper | HYUNDAI | KEEW5ZE4PRUG | Extracted fields: year=2025, desc=Preferred FWD w/Ultimate Package Green Interior, trim=Preferred w/Ultimate Package Green Interior
[2026-07-28 14:33:16] [DEBUG   ] [chrome_api.mapper] mapper | HYUNDAI | KEEW5ZE4PRUG | ModelName from ADS: Kona Electric
[2026-07-28 14:33:16] [DEBUG   ] [semantic.standardizer] standardizer | Hyundai | No trim alias found for: 'Preferred w/Ultimate Package Green Interior'
[2026-07-28 14:33:16] [DEBUG   ] [semantic.standardizer] standardizer | Hyundai | No description patterns matched: 'Preferred FWD w/Ultimate Package Green Interior'
[2026-07-28 14:33:16] [DEBUG   ] [chrome_api.mapper] mapper | HYUNDAI | KEEW5ZE4PRUG | Applied standardization rules
[2026-07-28 14:33:16] [INFO    ] [chrome_api.mapper] mapper | HYUNDAI | Loaded 6 ENGINE_TYPE keywords: ['hev', 'hybrid', 'phev', 'ev', 'plug-in', 'electric']
[2026-07-28 14:33:16] [DEBUG   ] [chrome_api.mapper] mapper | HYUNDAI | KEEW5ZE4PRUG | Searching text: 'kona electric preferred fwd w/ultimate package green interior'
[2026-07-28 14:33:16] [DEBUG   ] [chrome_api.mapper] mapper | HYUNDAI | KEEW5ZE4PRUG | Found keyword 'electric' in 'Kona Electric Preferred FWD w/Ultimate Package Green Interior'
[2026-07-28 14:33:16] [WARNING ] [chrome_api.mapper] mapper | HYUNDAI | KEEW5ZE4PRUG | Keyword 'electric' found but NOT in translator. Returning keyword as-is.
[2026-07-28 14:33:16] [INFO    ] [chrome_api.mapper] mapper | HYUNDAI | KEEW5ZE4PRUG | Row complete: model=Kona Electric, trim=Preferred FWD w/Ultimate Package Green Interior, engine_type=electric
[2026-07-28 14:33:16] [DEBUG   ] [chrome_api.mapper] mapper | HYUNDAI | KEEW5ZE4PRNU | Extracted fields: year=2025, desc=Preferred FWD w/N Line Ultimate Package, trim=Preferred w/N Line Ultimate Package
[2026-07-28 14:33:16] [DEBUG   ] [chrome_api.mapper] mapper | HYUNDAI | KEEW5ZE4PRNU | ModelName from ADS: Kona Electric
[2026-07-28 14:33:16] [DEBUG   ] [semantic.standardizer] standardizer | Hyundai | No trim alias found for: 'Preferred w/N Line Ultimate Package'
[2026-07-28 14:33:16] [DEBUG   ] [chrome_api.mapper] mapper | HYUNDAI | KEEW5ZE4PRNU | Applied standardization rules
[2026-07-28 14:33:16] [INFO    ] [chrome_api.mapper] mapper | HYUNDAI | Loaded 6 ENGINE_TYPE keywords: ['hev', 'hybrid', 'phev', 'ev', 'plug-in', 'electric']
[2026-07-28 14:33:16] [DEBUG   ] [chrome_api.mapper] mapper | HYUNDAI | KEEW5ZE4PRNU | Searching text: 'kona electric preferred fwd w/n-line ultimate package'
[2026-07-28 14:33:16] [DEBUG   ] [chrome_api.mapper] mapper | HYUNDAI | KEEW5ZE4PRNU | Found keyword 'electric' in 'Kona Electric Preferred FWD w/N-Line Ultimate Package'
[2026-07-28 14:33:16] [WARNING ] [chrome_api.mapper] mapper | HYUNDAI | KEEW5ZE4PRNU | Keyword 'electric' found but NOT in translator. Returning keyword as-is.
[2026-07-28 14:33:16] [INFO    ] [chrome_api.mapper] mapper | HYUNDAI | KEEW5ZE4PRNU | Row complete: model=Kona Electric, trim=Preferred FWD w/N-Line Ultimate Package, engine_type=electric
[2026-07-28 14:33:16] [INFO    ] [chrome_api.mapper] mapper | ads_response_to_rows | Hyundai | Converted 10/10 trims to rows
[2026-07-28 14:33:16] [DEBUG   ] [chrome_api.service] refresh_from_ads | Hyundai 2025 Kona Electric | Converted 10 trims to rows
[2026-07-28 14:33:16] [DEBUG   ] [urllib3.connectionpool] https://demos.autodatasolutions.com:443 "POST /ADSDemo/api/full/ymmt/year/2025/make/Hyundai/model/NEXO/ HTTP/1.1" 200 None
[2026-07-28 14:33:17] [INFO    ] [chrome_api.mapper] mapper | ads_response_to_rows | Hyundai | Processing 2 trims from ADS response
[2026-07-28 14:33:17] [DEBUG   ] [chrome_api.mapper] mapper | HYUNDAI | NXFW5ZH1PR00 | Extracted fields: year=2025, desc=Preferred FWD, trim=Preferred
[2026-07-28 14:33:17] [DEBUG   ] [chrome_api.mapper] mapper | HYUNDAI | NXFW5ZH1PR00 | ModelName from ADS: NEXO
[2026-07-28 14:33:17] [DEBUG   ] [semantic.standardizer] standardizer | Hyundai | No trim alias found for: 'Preferred'
[2026-07-28 14:33:17] [DEBUG   ] [semantic.standardizer] standardizer | Hyundai | No description patterns matched: 'Preferred FWD'
[2026-07-28 14:33:17] [DEBUG   ] [chrome_api.mapper] mapper | HYUNDAI | NXFW5ZH1PR00 | Applied standardization rules
[2026-07-28 14:33:17] [INFO    ] [chrome_api.mapper] mapper | HYUNDAI | Loaded 6 ENGINE_TYPE keywords: ['hev', 'hybrid', 'phev', 'ev', 'plug-in', 'electric']
[2026-07-28 14:33:17] [DEBUG   ] [chrome_api.mapper] mapper | HYUNDAI | NXFW5ZH1PR00 | Searching text: 'nexo preferred fwd'
[2026-07-28 14:33:17] [DEBUG   ] [chrome_api.mapper] mapper | HYUNDAI | NXFW5ZH1PR00 | No ENGINE_TYPE keyword found
[2026-07-28 14:33:17] [INFO    ] [chrome_api.mapper] mapper | HYUNDAI | NXFW5ZH1PR00 | Row complete: model=NEXO, trim=Preferred FWD, engine_type=None
[2026-07-28 14:33:17] [DEBUG   ] [chrome_api.mapper] mapper | HYUNDAI | NXFW5ZH1UL00 | Extracted fields: year=2025, desc=Ultimate FWD, trim=Ultimate
[2026-07-28 14:33:17] [DEBUG   ] [chrome_api.mapper] mapper | HYUNDAI | NXFW5ZH1UL00 | ModelName from ADS: NEXO
[2026-07-28 14:33:17] [DEBUG   ] [semantic.standardizer] standardizer | Hyundai | No trim alias found for: 'Ultimate'
[2026-07-28 14:33:17] [DEBUG   ] [semantic.standardizer] standardizer | Hyundai | No description patterns matched: 'Ultimate FWD'
[2026-07-28 14:33:17] [DEBUG   ] [chrome_api.mapper] mapper | HYUNDAI | NXFW5ZH1UL00 | Applied standardization rules
[2026-07-28 14:33:17] [INFO    ] [chrome_api.mapper] mapper | HYUNDAI | Loaded 6 ENGINE_TYPE keywords: ['hev', 'hybrid', 'phev', 'ev', 'plug-in', 'electric']
[2026-07-28 14:33:17] [DEBUG   ] [chrome_api.mapper] mapper | HYUNDAI | NXFW5ZH1UL00 | Searching text: 'nexo ultimate fwd'
[2026-07-28 14:33:17] [DEBUG   ] [chrome_api.mapper] mapper | HYUNDAI | NXFW5ZH1UL00 | No ENGINE_TYPE keyword found
[2026-07-28 14:33:17] [INFO    ] [chrome_api.mapper] mapper | HYUNDAI | NXFW5ZH1UL00 | Row complete: model=NEXO, trim=Ultimate FWD, engine_type=None
[2026-07-28 14:33:17] [INFO    ] [chrome_api.mapper] mapper | ads_response_to_rows | Hyundai | Converted 2/2 trims to rows
[2026-07-28 14:33:17] [DEBUG   ] [chrome_api.service] refresh_from_ads | Hyundai 2025 NEXO | Converted 2 trims to rows
[2026-07-28 14:33:17] [DEBUG   ] [urllib3.connectionpool] https://demos.autodatasolutions.com:443 "POST /ADSDemo/api/full/ymmt/year/2025/make/Hyundai/model/Palisade/ HTTP/1.1" 200 None
[2026-07-28 14:33:17] [INFO    ] [chrome_api.mapper] mapper | ads_response_to_rows | Hyundai | Processing 6 trims from ADS response
[2026-07-28 14:33:17] [DEBUG   ] [chrome_api.mapper] mapper | HYUNDAI | PACW8K3DUR00 | Extracted fields: year=2025, desc=Urban 8-Passenger AWD, trim=Urban
[2026-07-28 14:33:17] [DEBUG   ] [chrome_api.mapper] mapper | HYUNDAI | PACW8K3DUR00 | ModelName from ADS: Palisade
[2026-07-28 14:33:17] [DEBUG   ] [semantic.standardizer] standardizer | Hyundai | No trim alias found for: 'Urban'
[2026-07-28 14:33:17] [DEBUG   ] [semantic.standardizer] standardizer | Hyundai | No description patterns matched: 'Urban 8-Passenger AWD'
[2026-07-28 14:33:17] [DEBUG   ] [chrome_api.mapper] mapper | HYUNDAI | PACW8K3DUR00 | Applied standardization rules
[2026-07-28 14:33:17] [INFO    ] [chrome_api.mapper] mapper | HYUNDAI | Loaded 6 ENGINE_TYPE keywords: ['hev', 'hybrid', 'phev', 'ev', 'plug-in', 'electric']
[2026-07-28 14:33:17] [DEBUG   ] [chrome_api.mapper] mapper | HYUNDAI | PACW8K3DUR00 | Searching text: 'palisade urban 8-passenger awd'
[2026-07-28 14:33:17] [DEBUG   ] [chrome_api.mapper] mapper | HYUNDAI | PACW8K3DUR00 | No ENGINE_TYPE keyword found
[2026-07-28 14:33:17] [INFO    ] [chrome_api.mapper] mapper | HYUNDAI | PACW8K3DUR00 | Row complete: model=Palisade, trim=Urban 8-Passenger AWD, engine_type=None
[2026-07-28 14:33:17] [DEBUG   ] [chrome_api.mapper] mapper | HYUNDAI | PACW7K3DUR91 | Extracted fields: year=2025, desc=Urban 7-Passenger AWD, trim=Urban
[2026-07-28 14:33:17] [DEBUG   ] [chrome_api.mapper] mapper | HYUNDAI | PACW7K3DUR91 | ModelName from ADS: Palisade
[2026-07-28 14:33:17] [DEBUG   ] [semantic.standardizer] standardizer | Hyundai | No trim alias found for: 'Urban'
[2026-07-28 14:33:17] [DEBUG   ] [semantic.standardizer] standardizer | Hyundai | No description patterns matched: 'Urban 7-Passenger AWD'
[2026-07-28 14:33:17] [DEBUG   ] [chrome_api.mapper] mapper | HYUNDAI | PACW7K3DUR91 | Applied standardization rules
[2026-07-28 14:33:17] [INFO    ] [chrome_api.mapper] mapper | HYUNDAI | Loaded 6 ENGINE_TYPE keywords: ['hev', 'hybrid', 'phev', 'ev', 'plug-in', 'electric']
[2026-07-28 14:33:17] [DEBUG   ] [chrome_api.mapper] mapper | HYUNDAI | PACW7K3DUR91 | Searching text: 'palisade urban 7-passenger awd'
[2026-07-28 14:33:17] [DEBUG   ] [chrome_api.mapper] mapper | HYUNDAI | PACW7K3DUR91 | No ENGINE_TYPE keyword found
[2026-07-28 14:33:17] [INFO    ] [chrome_api.mapper] mapper | HYUNDAI | PACW7K3DUR91 | Row complete: model=Palisade, trim=Urban 7-Passenger AWD, engine_type=None
[2026-07-28 14:33:17] [DEBUG   ] [chrome_api.mapper] mapper | HYUNDAI | PACW7K3DULC7 | Extracted fields: year=2025, desc=Ultimate Calligraphy 7-Passenger AWD, trim=Ultimate Calligraphy
[2026-07-28 14:33:17] [DEBUG   ] [chrome_api.mapper] mapper | HYUNDAI | PACW7K3DULC7 | ModelName from ADS: Palisade
[2026-07-28 14:33:17] [DEBUG   ] [semantic.standardizer] standardizer | Hyundai | No trim alias found for: 'Ultimate Calligraphy'
[2026-07-28 14:33:17] [DEBUG   ] [semantic.standardizer] standardizer | Hyundai | No description patterns matched: 'Ultimate Calligraphy 7-Passenger AWD'
[2026-07-28 14:33:17] [DEBUG   ] [chrome_api.mapper] mapper | HYUNDAI | PACW7K3DULC7 | Applied standardization rules
[2026-07-28 14:33:17] [INFO    ] [chrome_api.mapper] mapper | HYUNDAI | Loaded 6 ENGINE_TYPE keywords: ['hev', 'hybrid', 'phev', 'ev', 'plug-in', 'electric']
[2026-07-28 14:33:17] [DEBUG   ] [chrome_api.mapper] mapper | HYUNDAI | PACW7K3DULC7 | Searching text: 'palisade ultimate calligraphy 7-passenger awd'
[2026-07-28 14:33:17] [DEBUG   ] [chrome_api.mapper] mapper | HYUNDAI | PACW7K3DULC7 | No ENGINE_TYPE keyword found
[2026-07-28 14:33:17] [INFO    ] [chrome_api.mapper] mapper | HYUNDAI | PACW7K3DULC7 | Row complete: model=Palisade, trim=Ultimate Calligraphy 7-Passenger AWD, engine_type=None
[2026-07-28 14:33:17] [DEBUG   ] [chrome_api.mapper] mapper | HYUNDAI | PACW7K3DULCB | Extracted fields: year=2025, desc=Ultimate Calligraphy w/Beige 7-Passenger AWD, trim=Ultimate Calligraphy
[2026-07-28 14:33:17] [DEBUG   ] [chrome_api.mapper] mapper | HYUNDAI | PACW7K3DULCB | ModelName from ADS: Palisade
[2026-07-28 14:33:17] [DEBUG   ] [semantic.standardizer] standardizer | Hyundai | No trim alias found for: 'Ultimate Calligraphy'
[2026-07-28 14:33:17] [DEBUG   ] [semantic.standardizer] standardizer | Hyundai | No description patterns matched: 'Ultimate Calligraphy w/Beige 7-Passenger AWD'
[2026-07-28 14:33:17] [DEBUG   ] [chrome_api.mapper] mapper | HYUNDAI | PACW7K3DULCB | Applied standardization rules
[2026-07-28 14:33:17] [INFO    ] [chrome_api.mapper] mapper | HYUNDAI | Loaded 6 ENGINE_TYPE keywords: ['hev', 'hybrid', 'phev', 'ev', 'plug-in', 'electric']
[2026-07-28 14:33:17] [DEBUG   ] [chrome_api.mapper] mapper | HYUNDAI | PACW7K3DULCB | Searching text: 'palisade ultimate calligraphy w/beige 7-passenger awd'
[2026-07-28 14:33:17] [DEBUG   ] [chrome_api.mapper] mapper | HYUNDAI | PACW7K3DULCB | No ENGINE_TYPE keyword found
[2026-07-28 14:33:17] [INFO    ] [chrome_api.mapper] mapper | HYUNDAI | PACW7K3DULCB | Row complete: model=Palisade, trim=Ultimate Calligraphy w/Beige 7-Passenger AWD, engine_type=None
[2026-07-28 14:33:17] [DEBUG   ] [chrome_api.mapper] mapper | HYUNDAI | PACW7K3DULCN | Extracted fields: year=2025, desc=Ultimate Calligraphy Night 7-Passenger AWD, trim=Ultimate Calligraphy Night
[2026-07-28 14:33:17] [DEBUG   ] [chrome_api.mapper] mapper | HYUNDAI | PACW7K3DULCN | ModelName from ADS: Palisade
[2026-07-28 14:33:17] [DEBUG   ] [semantic.standardizer] standardizer | Hyundai | No trim alias found for: 'Ultimate Calligraphy Night'
[2026-07-28 14:33:17] [DEBUG   ] [semantic.standardizer] standardizer | Hyundai | No description patterns matched: 'Ultimate Calligraphy Night 7-Passenger AWD'
[2026-07-28 14:33:17] [DEBUG   ] [chrome_api.mapper] mapper | HYUNDAI | PACW7K3DULCN | Applied standardization rules
[2026-07-28 14:33:17] [INFO    ] [chrome_api.mapper] mapper | HYUNDAI | Loaded 6 ENGINE_TYPE keywords: ['hev', 'hybrid', 'phev', 'ev', 'plug-in', 'electric']
[2026-07-28 14:33:17] [DEBUG   ] [chrome_api.mapper] mapper | HYUNDAI | PACW7K3DULCN | Searching text: 'palisade ultimate calligraphy night 7-passenger awd'
[2026-07-28 14:33:17] [DEBUG   ] [chrome_api.mapper] mapper | HYUNDAI | PACW7K3DULCN | No ENGINE_TYPE keyword found
[2026-07-28 14:33:17] [INFO    ] [chrome_api.mapper] mapper | HYUNDAI | PACW7K3DULCN | Row complete: model=Palisade, trim=Ultimate Calligraphy Night 7-Passenger AWD, engine_type=None
[2026-07-28 14:33:17] [DEBUG   ] [chrome_api.mapper] mapper | HYUNDAI | PACW8K3DPR00 | Extracted fields: year=2025, desc=Preferred 8-Passenger AWD, trim=Preferred
[2026-07-28 14:33:17] [DEBUG   ] [chrome_api.mapper] mapper | HYUNDAI | PACW8K3DPR00 | ModelName from ADS: Palisade
[2026-07-28 14:33:17] [DEBUG   ] [semantic.standardizer] standardizer | Hyundai | No trim alias found for: 'Preferred'
[2026-07-28 14:33:17] [DEBUG   ] [semantic.standardizer] standardizer | Hyundai | No description patterns matched: 'Preferred 8-Passenger AWD'
[2026-07-28 14:33:17] [DEBUG   ] [chrome_api.mapper] mapper | HYUNDAI | PACW8K3DPR00 | Applied standardization rules
[2026-07-28 14:33:17] [INFO    ] [chrome_api.mapper] mapper | HYUNDAI | Loaded 6 ENGINE_TYPE keywords: ['hev', 'hybrid', 'phev', 'ev', 'plug-in', 'electric']
[2026-07-28 14:33:17] [DEBUG   ] [chrome_api.mapper] mapper | HYUNDAI | PACW8K3DPR00 | Searching text: 'palisade preferred 8-passenger awd'
[2026-07-28 14:33:17] [DEBUG   ] [chrome_api.mapper] mapper | HYUNDAI | PACW8K3DPR00 | No ENGINE_TYPE keyword found
[2026-07-28 14:33:17] [INFO    ] [chrome_api.mapper] mapper | HYUNDAI | PACW8K3DPR00 | Row complete: model=Palisade, trim=Preferred 8-Passenger AWD, engine_type=None
[2026-07-28 14:33:17] [INFO    ] [chrome_api.mapper] mapper | ads_response_to_rows | Hyundai | Converted 6/6 trims to rows
[2026-07-28 14:33:17] [DEBUG   ] [chrome_api.service] refresh_from_ads | Hyundai 2025 Palisade | Converted 6 trims to rows
[2026-07-28 14:33:17] [DEBUG   ] [urllib3.connectionpool] https://demos.autodatasolutions.com:443 "POST /ADSDemo/api/full/ymmt/year/2025/make/Hyundai/model/Santa%20Cruz/ HTTP/1.1" 200 None
[2026-07-28 14:33:18] [INFO    ] [chrome_api.mapper] mapper | ads_response_to_rows | Hyundai | Processing 4 trims from ADS response
[2026-07-28 14:33:18] [DEBUG   ] [chrome_api.mapper] mapper | HYUNDAI | SZCP5N2DPR00 | Extracted fields: year=2025, desc=Preferred AWD, trim=Preferred
[2026-07-28 14:33:18] [DEBUG   ] [chrome_api.mapper] mapper | HYUNDAI | SZCP5N2DPR00 | ModelName from ADS: Santa Cruz
[2026-07-28 14:33:18] [DEBUG   ] [semantic.standardizer] standardizer | Hyundai | No trim alias found for: 'Preferred'
[2026-07-28 14:33:18] [DEBUG   ] [semantic.standardizer] standardizer | Hyundai | No description patterns matched: 'Preferred AWD'
[2026-07-28 14:33:18] [DEBUG   ] [chrome_api.mapper] mapper | HYUNDAI | SZCP5N2DPR00 | Applied standardization rules
[2026-07-28 14:33:18] [INFO    ] [chrome_api.mapper] mapper | HYUNDAI | Loaded 6 ENGINE_TYPE keywords: ['hev', 'hybrid', 'phev', 'ev', 'plug-in', 'electric']
[2026-07-28 14:33:18] [DEBUG   ] [chrome_api.mapper] mapper | HYUNDAI | SZCP5N2DPR00 | Searching text: 'santa cruz preferred awd'
[2026-07-28 14:33:18] [DEBUG   ] [chrome_api.mapper] mapper | HYUNDAI | SZCP5N2DPR00 | No ENGINE_TYPE keyword found
[2026-07-28 14:33:18] [INFO    ] [chrome_api.mapper] mapper | HYUNDAI | SZCP5N2DPR00 | Row complete: model=Santa Cruz, trim=Preferred AWD, engine_type=None
[2026-07-28 14:33:18] [DEBUG   ] [chrome_api.mapper] mapper | HYUNDAI | SZCP5N2DUL00 | Extracted fields: year=2025, desc=Ultimate AWD, trim=Ultimate
[2026-07-28 14:33:18] [DEBUG   ] [chrome_api.mapper] mapper | HYUNDAI | SZCP5N2DUL00 | ModelName from ADS: Santa Cruz
[2026-07-28 14:33:18] [DEBUG   ] [semantic.standardizer] standardizer | Hyundai | No trim alias found for: 'Ultimate'
[2026-07-28 14:33:18] [DEBUG   ] [semantic.standardizer] standardizer | Hyundai | No description patterns matched: 'Ultimate AWD'
[2026-07-28 14:33:18] [DEBUG   ] [chrome_api.mapper] mapper | HYUNDAI | SZCP5N2DUL00 | Applied standardization rules
[2026-07-28 14:33:18] [INFO    ] [chrome_api.mapper] mapper | HYUNDAI | Loaded 6 ENGINE_TYPE keywords: ['hev', 'hybrid', 'phev', 'ev', 'plug-in', 'electric']
[2026-07-28 14:33:18] [DEBUG   ] [chrome_api.mapper] mapper | HYUNDAI | SZCP5N2DUL00 | Searching text: 'santa cruz ultimate awd'
[2026-07-28 14:33:18] [DEBUG   ] [chrome_api.mapper] mapper | HYUNDAI | SZCP5N2DUL00 | No ENGINE_TYPE keyword found
[2026-07-28 14:33:18] [INFO    ] [chrome_api.mapper] mapper | HYUNDAI | SZCP5N2DUL00 | Row complete: model=Santa Cruz, trim=Ultimate AWD, engine_type=None
[2026-07-28 14:33:18] [DEBUG   ] [chrome_api.mapper] mapper | HYUNDAI | SZCP5N2DUL95 | Extracted fields: year=2025, desc=Ultimate AWD w/Colour Pkg, trim=Ultimate
[2026-07-28 14:33:18] [DEBUG   ] [chrome_api.mapper] mapper | HYUNDAI | SZCP5N2DUL95 | ModelName from ADS: Santa Cruz
[2026-07-28 14:33:18] [DEBUG   ] [semantic.standardizer] standardizer | Hyundai | No trim alias found for: 'Ultimate'
[2026-07-28 14:33:18] [DEBUG   ] [semantic.standardizer] standardizer | Hyundai | No description patterns matched: 'Ultimate AWD w/Colour Pkg'
[2026-07-28 14:33:18] [DEBUG   ] [chrome_api.mapper] mapper | HYUNDAI | SZCP5N2DUL95 | Applied standardization rules
[2026-07-28 14:33:18] [INFO    ] [chrome_api.mapper] mapper | HYUNDAI | Loaded 6 ENGINE_TYPE keywords: ['hev', 'hybrid', 'phev', 'ev', 'plug-in', 'electric']
[2026-07-28 14:33:18] [DEBUG   ] [chrome_api.mapper] mapper | HYUNDAI | SZCP5N2DUL95 | Searching text: 'santa cruz ultimate awd w/colour pkg'
[2026-07-28 14:33:18] [DEBUG   ] [chrome_api.mapper] mapper | HYUNDAI | SZCP5N2DUL95 | No ENGINE_TYPE keyword found
[2026-07-28 14:33:18] [INFO    ] [chrome_api.mapper] mapper | HYUNDAI | SZCP5N2DUL95 | Row complete: model=Santa Cruz, trim=Ultimate AWD w/Colour Pkg, engine_type=None
[2026-07-28 14:33:18] [DEBUG   ] [chrome_api.mapper] mapper | HYUNDAI | SZCP5N2DXR00 | Extracted fields: year=2025, desc=XRT AWD, trim=XRT
[2026-07-28 14:33:18] [DEBUG   ] [chrome_api.mapper] mapper | HYUNDAI | SZCP5N2DXR00 | ModelName from ADS: Santa Cruz
[2026-07-28 14:33:18] [DEBUG   ] [semantic.standardizer] standardizer | Hyundai | No trim alias found for: 'XRT'
[2026-07-28 14:33:18] [DEBUG   ] [semantic.standardizer] standardizer | Hyundai | No description patterns matched: 'XRT AWD'
[2026-07-28 14:33:18] [DEBUG   ] [chrome_api.mapper] mapper | HYUNDAI | SZCP5N2DXR00 | Applied standardization rules
[2026-07-28 14:33:18] [INFO    ] [chrome_api.mapper] mapper | HYUNDAI | Loaded 6 ENGINE_TYPE keywords: ['hev', 'hybrid', 'phev', 'ev', 'plug-in', 'electric']
[2026-07-28 14:33:18] [DEBUG   ] [chrome_api.mapper] mapper | HYUNDAI | SZCP5N2DXR00 | Searching text: 'santa cruz xrt awd'
[2026-07-28 14:33:18] [DEBUG   ] [chrome_api.mapper] mapper | HYUNDAI | SZCP5N2DXR00 | No ENGINE_TYPE keyword found
[2026-07-28 14:33:18] [INFO    ] [chrome_api.mapper] mapper | HYUNDAI | SZCP5N2DXR00 | Row complete: model=Santa Cruz, trim=XRT AWD, engine_type=None
[2026-07-28 14:33:18] [INFO    ] [chrome_api.mapper] mapper | ads_response_to_rows | Hyundai | Converted 4/4 trims to rows
[2026-07-28 14:33:18] [DEBUG   ] [chrome_api.service] refresh_from_ads | Hyundai 2025 Santa Cruz | Converted 4 trims to rows
[2026-07-28 14:33:18] [DEBUG   ] [urllib3.connectionpool] https://demos.autodatasolutions.com:443 "POST /ADSDemo/api/full/ymmt/year/2025/make/Hyundai/model/Santa%20Fe/ HTTP/1.1" 200 None
[2026-07-28 14:33:18] [INFO    ] [chrome_api.mapper] mapper | ads_response_to_rows | Hyundai | Processing 4 trims from ADS response
[2026-07-28 14:33:18] [DEBUG   ] [chrome_api.mapper] mapper | HYUNDAI | SACW7N2DXR00 | Extracted fields: year=2025, desc=XRT AWD, trim=XRT
[2026-07-28 14:33:18] [DEBUG   ] [chrome_api.mapper] mapper | HYUNDAI | SACW7N2DXR00 | ModelName from ADS: Santa Fe
[2026-07-28 14:33:18] [DEBUG   ] [semantic.standardizer] standardizer | Hyundai | No trim alias found for: 'XRT'
[2026-07-28 14:33:18] [DEBUG   ] [semantic.standardizer] standardizer | Hyundai | No description patterns matched: 'XRT AWD'
[2026-07-28 14:33:18] [DEBUG   ] [chrome_api.mapper] mapper | HYUNDAI | SACW7N2DXR00 | Applied standardization rules
[2026-07-28 14:33:18] [INFO    ] [chrome_api.mapper] mapper | HYUNDAI | Loaded 6 ENGINE_TYPE keywords: ['hev', 'hybrid', 'phev', 'ev', 'plug-in', 'electric']
[2026-07-28 14:33:18] [DEBUG   ] [chrome_api.mapper] mapper | HYUNDAI | SACW7N2DXR00 | Searching text: 'santa fe xrt awd'
[2026-07-28 14:33:18] [DEBUG   ] [chrome_api.mapper] mapper | HYUNDAI | SACW7N2DXR00 | No ENGINE_TYPE keyword found
[2026-07-28 14:33:18] [INFO    ] [chrome_api.mapper] mapper | HYUNDAI | SACW7N2DXR00 | Row complete: model=Santa Fe, trim=XRT AWD, engine_type=None
[2026-07-28 14:33:18] [DEBUG   ] [chrome_api.mapper] mapper | HYUNDAI | SACW7N2DLU00 | Extracted fields: year=2025, desc=Luxury AWD, trim=Luxury
[2026-07-28 14:33:18] [DEBUG   ] [chrome_api.mapper] mapper | HYUNDAI | SACW7N2DLU00 | ModelName from ADS: Santa Fe
[2026-07-28 14:33:18] [DEBUG   ] [semantic.standardizer] standardizer | Hyundai | No trim alias found for: 'Luxury'
[2026-07-28 14:33:18] [DEBUG   ] [semantic.standardizer] standardizer | Hyundai | No description patterns matched: 'Luxury AWD'
[2026-07-28 14:33:18] [DEBUG   ] [chrome_api.mapper] mapper | HYUNDAI | SACW7N2DLU00 | Applied standardization rules
[2026-07-28 14:33:18] [INFO    ] [chrome_api.mapper] mapper | HYUNDAI | Loaded 6 ENGINE_TYPE keywords: ['hev', 'hybrid', 'phev', 'ev', 'plug-in', 'electric']
[2026-07-28 14:33:18] [DEBUG   ] [chrome_api.mapper] mapper | HYUNDAI | SACW7N2DLU00 | Searching text: 'santa fe luxury awd'
[2026-07-28 14:33:18] [DEBUG   ] [chrome_api.mapper] mapper | HYUNDAI | SACW7N2DLU00 | No ENGINE_TYPE keyword found
[2026-07-28 14:33:18] [INFO    ] [chrome_api.mapper] mapper | HYUNDAI | SACW7N2DLU00 | Row complete: model=Santa Fe, trim=Luxury AWD, engine_type=None
[2026-07-28 14:33:18] [DEBUG   ] [chrome_api.mapper] mapper | HYUNDAI | SACW6N2DULBG | Extracted fields: year=2025, desc=Ultimate Calligraphy AWD, trim=Ultimate Calligraphy
[2026-07-28 14:33:18] [DEBUG   ] [chrome_api.mapper] mapper | HYUNDAI | SACW6N2DULBG | ModelName from ADS: Santa Fe
[2026-07-28 14:33:18] [DEBUG   ] [semantic.standardizer] standardizer | Hyundai | No trim alias found for: 'Ultimate Calligraphy'
[2026-07-28 14:33:18] [DEBUG   ] [semantic.standardizer] standardizer | Hyundai | No description patterns matched: 'Ultimate Calligraphy AWD'
[2026-07-28 14:33:18] [DEBUG   ] [chrome_api.mapper] mapper | HYUNDAI | SACW6N2DULBG | Applied standardization rules
[2026-07-28 14:33:18] [INFO    ] [chrome_api.mapper] mapper | HYUNDAI | Loaded 6 ENGINE_TYPE keywords: ['hev', 'hybrid', 'phev', 'ev', 'plug-in', 'electric']
[2026-07-28 14:33:18] [DEBUG   ] [chrome_api.mapper] mapper | HYUNDAI | SACW6N2DULBG | Searching text: 'santa fe ultimate calligraphy awd'
[2026-07-28 14:33:18] [DEBUG   ] [chrome_api.mapper] mapper | HYUNDAI | SACW6N2DULBG | No ENGINE_TYPE keyword found
[2026-07-28 14:33:18] [INFO    ] [chrome_api.mapper] mapper | HYUNDAI | SACW6N2DULBG | Row complete: model=Santa Fe, trim=Ultimate Calligraphy AWD, engine_type=None
[2026-07-28 14:33:18] [DEBUG   ] [chrome_api.mapper] mapper | HYUNDAI | SACW6N2DULBH | Extracted fields: year=2025, desc=Ultimate Calligraphy AWD w/Beige Interior, trim=Ultimate Calligraphy
[2026-07-28 14:33:18] [DEBUG   ] [chrome_api.mapper] mapper | HYUNDAI | SACW6N2DULBH | ModelName from ADS: Santa Fe
[2026-07-28 14:33:18] [DEBUG   ] [semantic.standardizer] standardizer | Hyundai | No trim alias found for: 'Ultimate Calligraphy'
[2026-07-28 14:33:18] [DEBUG   ] [semantic.standardizer] standardizer | Hyundai | No description patterns matched: 'Ultimate Calligraphy AWD w/Beige Interior'
[2026-07-28 14:33:18] [DEBUG   ] [chrome_api.mapper] mapper | HYUNDAI | SACW6N2DULBH | Applied standardization rules
[2026-07-28 14:33:18] [INFO    ] [chrome_api.mapper] mapper | HYUNDAI | Loaded 6 ENGINE_TYPE keywords: ['hev', 'hybrid', 'phev', 'ev', 'plug-in', 'electric']
[2026-07-28 14:33:18] [DEBUG   ] [chrome_api.mapper] mapper | HYUNDAI | SACW6N2DULBH | Searching text: 'santa fe ultimate calligraphy awd w/beige interior'
[2026-07-28 14:33:18] [DEBUG   ] [chrome_api.mapper] mapper | HYUNDAI | SACW6N2DULBH | No ENGINE_TYPE keyword found
[2026-07-28 14:33:18] [INFO    ] [chrome_api.mapper] mapper | HYUNDAI | SACW6N2DULBH | Row complete: model=Santa Fe, trim=Ultimate Calligraphy AWD w/Beige Interior, engine_type=None
[2026-07-28 14:33:18] [INFO    ] [chrome_api.mapper] mapper | ads_response_to_rows | Hyundai | Converted 4/4 trims to rows
[2026-07-28 14:33:18] [DEBUG   ] [chrome_api.service] refresh_from_ads | Hyundai 2025 Santa Fe | Converted 4 trims to rows
[2026-07-28 14:33:19] [DEBUG   ] [urllib3.connectionpool] https://demos.autodatasolutions.com:443 "POST /ADSDemo/api/full/ymmt/year/2025/make/Hyundai/model/Santa%20Fe%20Hybrid/ HTTP/1.1" 200 None
[2026-07-28 14:33:19] [INFO    ] [chrome_api.mapper] mapper | ads_response_to_rows | Hyundai | Processing 2 trims from ADS response
[2026-07-28 14:33:19] [DEBUG   ] [chrome_api.mapper] mapper | HYUNDAI | SAHW7G1APRHE | Extracted fields: year=2025, desc=Preferred AWD, trim=Preferred
[2026-07-28 14:33:19] [DEBUG   ] [chrome_api.mapper] mapper | HYUNDAI | SAHW7G1APRHE | ModelName from ADS: Santa Fe Hybrid
[2026-07-28 14:33:19] [DEBUG   ] [semantic.standardizer] standardizer | Hyundai | No trim alias found for: 'Preferred'
[2026-07-28 14:33:19] [DEBUG   ] [semantic.standardizer] standardizer | Hyundai | No description patterns matched: 'Preferred AWD'
[2026-07-28 14:33:19] [DEBUG   ] [chrome_api.mapper] mapper | HYUNDAI | SAHW7G1APRHE | Applied standardization rules
[2026-07-28 14:33:19] [INFO    ] [chrome_api.mapper] mapper | HYUNDAI | Loaded 6 ENGINE_TYPE keywords: ['hev', 'hybrid', 'phev', 'ev', 'plug-in', 'electric']
[2026-07-28 14:33:19] [DEBUG   ] [chrome_api.mapper] mapper | HYUNDAI | SAHW7G1APRHE | Searching text: 'santa fe hybrid preferred awd'
[2026-07-28 14:33:19] [DEBUG   ] [chrome_api.mapper] mapper | HYUNDAI | SAHW7G1APRHE | Found keyword 'hybrid' in 'Santa Fe Hybrid Preferred AWD'
[2026-07-28 14:33:19] [WARNING ] [chrome_api.mapper] mapper | HYUNDAI | SAHW7G1APRHE | Keyword 'hybrid' found but NOT in translator. Returning keyword as-is.
[2026-07-28 14:33:19] [INFO    ] [chrome_api.mapper] mapper | HYUNDAI | SAHW7G1APRHE | Row complete: model=Santa Fe Hybrid, trim=Preferred AWD, engine_type=hybrid
[2026-07-28 14:33:19] [DEBUG   ] [chrome_api.mapper] mapper | HYUNDAI | SAHW7G1APRTH | Extracted fields: year=2025, desc=Preferred AWD w/Trend Pkg, trim=Preferred
[2026-07-28 14:33:19] [DEBUG   ] [chrome_api.mapper] mapper | HYUNDAI | SAHW7G1APRTH | ModelName from ADS: Santa Fe Hybrid
[2026-07-28 14:33:19] [DEBUG   ] [semantic.standardizer] standardizer | Hyundai | No trim alias found for: 'Preferred'
[2026-07-28 14:33:19] [DEBUG   ] [semantic.standardizer] standardizer | Hyundai | No description patterns matched: 'Preferred AWD w/Trend Pkg'
[2026-07-28 14:33:19] [DEBUG   ] [chrome_api.mapper] mapper | HYUNDAI | SAHW7G1APRTH | Applied standardization rules
[2026-07-28 14:33:19] [INFO    ] [chrome_api.mapper] mapper | HYUNDAI | Loaded 6 ENGINE_TYPE keywords: ['hev', 'hybrid', 'phev', 'ev', 'plug-in', 'electric']
[2026-07-28 14:33:19] [DEBUG   ] [chrome_api.mapper] mapper | HYUNDAI | SAHW7G1APRTH | Searching text: 'santa fe hybrid preferred awd w/trend pkg'
[2026-07-28 14:33:19] [DEBUG   ] [chrome_api.mapper] mapper | HYUNDAI | SAHW7G1APRTH | Found keyword 'hybrid' in 'Santa Fe Hybrid Preferred AWD w/Trend Pkg'
[2026-07-28 14:33:19] [WARNING ] [chrome_api.mapper] mapper | HYUNDAI | SAHW7G1APRTH | Keyword 'hybrid' found but NOT in translator. Returning keyword as-is.
[2026-07-28 14:33:19] [INFO    ] [chrome_api.mapper] mapper | HYUNDAI | SAHW7G1APRTH | Row complete: model=Santa Fe Hybrid, trim=Preferred AWD w/Trend Pkg, engine_type=hybrid
[2026-07-28 14:33:19] [INFO    ] [chrome_api.mapper] mapper | ads_response_to_rows | Hyundai | Converted 2/2 trims to rows
[2026-07-28 14:33:19] [DEBUG   ] [chrome_api.service] refresh_from_ads | Hyundai 2025 Santa Fe Hybrid | Converted 2 trims to rows
[2026-07-28 14:33:19] [DEBUG   ] [urllib3.connectionpool] https://demos.autodatasolutions.com:443 "POST /ADSDemo/api/full/ymmt/year/2025/make/Hyundai/model/Sonata/ HTTP/1.1" 200 None
[2026-07-28 14:33:20] [INFO    ] [chrome_api.mapper] mapper | ads_response_to_rows | Hyundai | Processing 3 trims from ADS response
[2026-07-28 14:33:20] [DEBUG   ] [chrome_api.mapper] mapper | HYUNDAI | SOCS4J2EPRTR | Extracted fields: year=2025, desc=2.5L Preferred-Trend FWD, trim=Preferred-Trend
[2026-07-28 14:33:20] [DEBUG   ] [chrome_api.mapper] mapper | HYUNDAI | SOCS4J2EPRTR | ModelName from ADS: Sonata
[2026-07-28 14:33:20] [DEBUG   ] [semantic.standardizer] standardizer | Hyundai | No trim alias found for: 'Preferred-Trend'
[2026-07-28 14:33:20] [DEBUG   ] [semantic.standardizer] standardizer | Hyundai | No description patterns matched: '2.5L Preferred-Trend FWD'
[2026-07-28 14:33:20] [DEBUG   ] [chrome_api.mapper] mapper | HYUNDAI | SOCS4J2EPRTR | Applied standardization rules
[2026-07-28 14:33:20] [INFO    ] [chrome_api.mapper] mapper | HYUNDAI | Loaded 6 ENGINE_TYPE keywords: ['hev', 'hybrid', 'phev', 'ev', 'plug-in', 'electric']
[2026-07-28 14:33:20] [DEBUG   ] [chrome_api.mapper] mapper | HYUNDAI | SOCS4J2EPRTR | Searching text: 'sonata 2.5l preferred-trend fwd'
[2026-07-28 14:33:20] [DEBUG   ] [chrome_api.mapper] mapper | HYUNDAI | SOCS4J2EPRTR | No ENGINE_TYPE keyword found
[2026-07-28 14:33:20] [INFO    ] [chrome_api.mapper] mapper | HYUNDAI | SOCS4J2EPRTR | Row complete: model=Sonata, trim=2.5L Preferred-Trend FWD, engine_type=None
[2026-07-28 14:33:20] [DEBUG   ] [chrome_api.mapper] mapper | HYUNDAI | SOCS4M2DNL00 | Extracted fields: year=2025, desc=2.5T N Line Ultimate FWD, trim=N Line Ultimate
[2026-07-28 14:33:20] [DEBUG   ] [chrome_api.mapper] mapper | HYUNDAI | SOCS4M2DNL00 | ModelName from ADS: Sonata
[2026-07-28 14:33:20] [DEBUG   ] [chrome_api.mapper] mapper | HYUNDAI | SOCS4M2DNL00 | Applied standardization rules
[2026-07-28 14:33:20] [INFO    ] [chrome_api.mapper] mapper | HYUNDAI | Loaded 6 ENGINE_TYPE keywords: ['hev', 'hybrid', 'phev', 'ev', 'plug-in', 'electric']
[2026-07-28 14:33:20] [DEBUG   ] [chrome_api.mapper] mapper | HYUNDAI | SOCS4M2DNL00 | Searching text: 'sonata 2.5t n-line ultimate fwd'
[2026-07-28 14:33:20] [DEBUG   ] [chrome_api.mapper] mapper | HYUNDAI | SOCS4M2DNL00 | No ENGINE_TYPE keyword found
[2026-07-28 14:33:20] [INFO    ] [chrome_api.mapper] mapper | HYUNDAI | SOCS4M2DNL00 | Row complete: model=Sonata, trim=2.5T N-Line Ultimate FWD, engine_type=None
[2026-07-28 14:33:20] [DEBUG   ] [chrome_api.mapper] mapper | HYUNDAI | SOCS4K2EPRTR | Extracted fields: year=2025, desc=2.5L Preferred-Trend AWD, trim=Preferred-Trend
[2026-07-28 14:33:20] [DEBUG   ] [chrome_api.mapper] mapper | HYUNDAI | SOCS4K2EPRTR | ModelName from ADS: Sonata
[2026-07-28 14:33:20] [DEBUG   ] [semantic.standardizer] standardizer | Hyundai | No trim alias found for: 'Preferred-Trend'
[2026-07-28 14:33:20] [DEBUG   ] [semantic.standardizer] standardizer | Hyundai | No description patterns matched: '2.5L Preferred-Trend AWD'
[2026-07-28 14:33:20] [DEBUG   ] [chrome_api.mapper] mapper | HYUNDAI | SOCS4K2EPRTR | Applied standardization rules
[2026-07-28 14:33:20] [INFO    ] [chrome_api.mapper] mapper | HYUNDAI | Loaded 6 ENGINE_TYPE keywords: ['hev', 'hybrid', 'phev', 'ev', 'plug-in', 'electric']
[2026-07-28 14:33:20] [DEBUG   ] [chrome_api.mapper] mapper | HYUNDAI | SOCS4K2EPRTR | Searching text: 'sonata 2.5l preferred-trend awd'
[2026-07-28 14:33:20] [DEBUG   ] [chrome_api.mapper] mapper | HYUNDAI | SOCS4K2EPRTR | No ENGINE_TYPE keyword found
[2026-07-28 14:33:20] [INFO    ] [chrome_api.mapper] mapper | HYUNDAI | SOCS4K2EPRTR | Row complete: model=Sonata, trim=2.5L Preferred-Trend AWD, engine_type=None
[2026-07-28 14:33:20] [INFO    ] [chrome_api.mapper] mapper | ads_response_to_rows | Hyundai | Converted 3/3 trims to rows
[2026-07-28 14:33:20] [DEBUG   ] [chrome_api.service] refresh_from_ads | Hyundai 2025 Sonata | Converted 3 trims to rows
[2026-07-28 14:33:20] [DEBUG   ] [urllib3.connectionpool] https://demos.autodatasolutions.com:443 "POST /ADSDemo/api/full/ymmt/year/2025/make/Hyundai/model/Tucson/ HTTP/1.1" 200 None
[2026-07-28 14:33:20] [INFO    ] [chrome_api.mapper] mapper | ads_response_to_rows | Hyundai | Processing 5 trims from ADS response
[2026-07-28 14:33:20] [DEBUG   ] [chrome_api.mapper] mapper | HYUNDAI | TUCWDK2EPR00 | Extracted fields: year=2025, desc=Preferred AWD, trim=Preferred
[2026-07-28 14:33:20] [DEBUG   ] [chrome_api.mapper] mapper | HYUNDAI | TUCWDK2EPR00 | ModelName from ADS: Tucson
[2026-07-28 14:33:20] [DEBUG   ] [semantic.standardizer] standardizer | Hyundai | No trim alias found for: 'Preferred'
[2026-07-28 14:33:20] [DEBUG   ] [semantic.standardizer] standardizer | Hyundai | No description patterns matched: 'Preferred AWD'
[2026-07-28 14:33:20] [DEBUG   ] [chrome_api.mapper] mapper | HYUNDAI | TUCWDK2EPR00 | Applied standardization rules
[2026-07-28 14:33:20] [INFO    ] [chrome_api.mapper] mapper | HYUNDAI | Loaded 6 ENGINE_TYPE keywords: ['hev', 'hybrid', 'phev', 'ev', 'plug-in', 'electric']
[2026-07-28 14:33:20] [DEBUG   ] [chrome_api.mapper] mapper | HYUNDAI | TUCWDK2EPR00 | Searching text: 'tucson preferred awd'
[2026-07-28 14:33:20] [DEBUG   ] [chrome_api.mapper] mapper | HYUNDAI | TUCWDK2EPR00 | No ENGINE_TYPE keyword found
[2026-07-28 14:33:20] [INFO    ] [chrome_api.mapper] mapper | HYUNDAI | TUCWDK2EPR00 | Row complete: model=Tucson, trim=Preferred AWD, engine_type=None
[2026-07-28 14:33:20] [DEBUG   ] [chrome_api.mapper] mapper | HYUNDAI | TUCWDK2EPRTR | Extracted fields: year=2025, desc=Preferred AWD w/Trend Pkg, trim=Preferred
[2026-07-28 14:33:20] [DEBUG   ] [chrome_api.mapper] mapper | HYUNDAI | TUCWDK2EPRTR | ModelName from ADS: Tucson
[2026-07-28 14:33:20] [DEBUG   ] [semantic.standardizer] standardizer | Hyundai | No trim alias found for: 'Preferred'
[2026-07-28 14:33:20] [DEBUG   ] [semantic.standardizer] standardizer | Hyundai | No description patterns matched: 'Preferred AWD w/Trend Pkg'
[2026-07-28 14:33:20] [DEBUG   ] [chrome_api.mapper] mapper | HYUNDAI | TUCWDK2EPRTR | Applied standardization rules
[2026-07-28 14:33:20] [INFO    ] [chrome_api.mapper] mapper | HYUNDAI | Loaded 6 ENGINE_TYPE keywords: ['hev', 'hybrid', 'phev', 'ev', 'plug-in', 'electric']
[2026-07-28 14:33:20] [DEBUG   ] [chrome_api.mapper] mapper | HYUNDAI | TUCWDK2EPRTR | Searching text: 'tucson preferred awd w/trend pkg'
[2026-07-28 14:33:20] [DEBUG   ] [chrome_api.mapper] mapper | HYUNDAI | TUCWDK2EPRTR | No ENGINE_TYPE keyword found
[2026-07-28 14:33:20] [INFO    ] [chrome_api.mapper] mapper | HYUNDAI | TUCWDK2EPRTR | Row complete: model=Tucson, trim=Preferred AWD w/Trend Pkg, engine_type=None
[2026-07-28 14:33:20] [DEBUG   ] [chrome_api.mapper] mapper | HYUNDAI | TUCWDK2EXR00 | Extracted fields: year=2025, desc=XRT AWD, trim=XRT
[2026-07-28 14:33:20] [DEBUG   ] [chrome_api.mapper] mapper | HYUNDAI | TUCWDK2EXR00 | ModelName from ADS: Tucson
[2026-07-28 14:33:20] [DEBUG   ] [semantic.standardizer] standardizer | Hyundai | No trim alias found for: 'XRT'
[2026-07-28 14:33:20] [DEBUG   ] [semantic.standardizer] standardizer | Hyundai | No description patterns matched: 'XRT AWD'
[2026-07-28 14:33:20] [DEBUG   ] [chrome_api.mapper] mapper | HYUNDAI | TUCWDK2EXR00 | Applied standardization rules
[2026-07-28 14:33:20] [INFO    ] [chrome_api.mapper] mapper | HYUNDAI | Loaded 6 ENGINE_TYPE keywords: ['hev', 'hybrid', 'phev', 'ev', 'plug-in', 'electric']
[2026-07-28 14:33:20] [DEBUG   ] [chrome_api.mapper] mapper | HYUNDAI | TUCWDK2EXR00 | Searching text: 'tucson xrt awd'
[2026-07-28 14:33:20] [DEBUG   ] [chrome_api.mapper] mapper | HYUNDAI | TUCWDK2EXR00 | No ENGINE_TYPE keyword found
[2026-07-28 14:33:20] [INFO    ] [chrome_api.mapper] mapper | HYUNDAI | TUCWDK2EXR00 | Row complete: model=Tucson, trim=XRT AWD, engine_type=None
[2026-07-28 14:33:20] [DEBUG   ] [chrome_api.mapper] mapper | HYUNDAI | TUCWDK2EPM00 | Extracted fields: year=2025, desc=Preferred AWD, trim=Preferred
[2026-07-28 14:33:20] [DEBUG   ] [chrome_api.mapper] mapper | HYUNDAI | TUCWDK2EPM00 | ModelName from ADS: Tucson
[2026-07-28 14:33:20] [DEBUG   ] [semantic.standardizer] standardizer | Hyundai | No trim alias found for: 'Preferred'
[2026-07-28 14:33:20] [DEBUG   ] [semantic.standardizer] standardizer | Hyundai | No description patterns matched: 'Preferred AWD'
[2026-07-28 14:33:20] [DEBUG   ] [chrome_api.mapper] mapper | HYUNDAI | TUCWDK2EPM00 | Applied standardization rules
[2026-07-28 14:33:20] [INFO    ] [chrome_api.mapper] mapper | HYUNDAI | Loaded 6 ENGINE_TYPE keywords: ['hev', 'hybrid', 'phev', 'ev', 'plug-in', 'electric']
[2026-07-28 14:33:20] [DEBUG   ] [chrome_api.mapper] mapper | HYUNDAI | TUCWDK2EPM00 | Searching text: 'tucson preferred awd'
[2026-07-28 14:33:20] [DEBUG   ] [chrome_api.mapper] mapper | HYUNDAI | TUCWDK2EPM00 | No ENGINE_TYPE keyword found
[2026-07-28 14:33:20] [INFO    ] [chrome_api.mapper] mapper | HYUNDAI | TUCWDK2EPM00 | Row complete: model=Tucson, trim=Preferred AWD, engine_type=None
[2026-07-28 14:33:20] [DEBUG   ] [chrome_api.mapper] mapper | HYUNDAI | TUCWDK2EPMTM | Extracted fields: year=2025, desc=Preferred AWD w/Trend Pkg, trim=Preferred
[2026-07-28 14:33:20] [DEBUG   ] [chrome_api.mapper] mapper | HYUNDAI | TUCWDK2EPMTM | ModelName from ADS: Tucson
[2026-07-28 14:33:20] [DEBUG   ] [semantic.standardizer] standardizer | Hyundai | No trim alias found for: 'Preferred'
[2026-07-28 14:33:20] [DEBUG   ] [semantic.standardizer] standardizer | Hyundai | No description patterns matched: 'Preferred AWD w/Trend Pkg'
[2026-07-28 14:33:20] [DEBUG   ] [chrome_api.mapper] mapper | HYUNDAI | TUCWDK2EPMTM | Applied standardization rules
[2026-07-28 14:33:20] [INFO    ] [chrome_api.mapper] mapper | HYUNDAI | Loaded 6 ENGINE_TYPE keywords: ['hev', 'hybrid', 'phev', 'ev', 'plug-in', 'electric']
[2026-07-28 14:33:20] [DEBUG   ] [chrome_api.mapper] mapper | HYUNDAI | TUCWDK2EPMTM | Searching text: 'tucson preferred awd w/trend pkg'
[2026-07-28 14:33:20] [DEBUG   ] [chrome_api.mapper] mapper | HYUNDAI | TUCWDK2EPMTM | No ENGINE_TYPE keyword found
[2026-07-28 14:33:20] [INFO    ] [chrome_api.mapper] mapper | HYUNDAI | TUCWDK2EPMTM | Row complete: model=Tucson, trim=Preferred AWD w/Trend Pkg, engine_type=None
[2026-07-28 14:33:20] [INFO    ] [chrome_api.mapper] mapper | ads_response_to_rows | Hyundai | Converted 5/5 trims to rows
[2026-07-28 14:33:20] [DEBUG   ] [chrome_api.service] refresh_from_ads | Hyundai 2025 Tucson | Converted 5 trims to rows
[2026-07-28 14:33:20] [DEBUG   ] [urllib3.connectionpool] https://demos.autodatasolutions.com:443 "POST /ADSDemo/api/full/ymmt/year/2025/make/Hyundai/model/Tucson%20Hybrid/ HTTP/1.1" 200 None
[2026-07-28 14:33:21] [INFO    ] [chrome_api.mapper] mapper | ads_response_to_rows | Hyundai | Processing 2 trims from ADS response
[2026-07-28 14:33:21] [DEBUG   ] [chrome_api.mapper] mapper | HYUNDAI | TUHWDG1ANLHE | Extracted fields: year=2025, desc=N-Line AWD, trim=N-Line
[2026-07-28 14:33:21] [DEBUG   ] [chrome_api.mapper] mapper | HYUNDAI | TUHWDG1ANLHE | ModelName from ADS: Tucson Hybrid
[2026-07-28 14:33:21] [DEBUG   ] [semantic.standardizer] standardizer | Hyundai | No description patterns matched: 'N-Line AWD'
[2026-07-28 14:33:21] [DEBUG   ] [chrome_api.mapper] mapper | HYUNDAI | TUHWDG1ANLHE | Applied standardization rules
[2026-07-28 14:33:21] [INFO    ] [chrome_api.mapper] mapper | HYUNDAI | Loaded 6 ENGINE_TYPE keywords: ['hev', 'hybrid', 'phev', 'ev', 'plug-in', 'electric']
[2026-07-28 14:33:21] [DEBUG   ] [chrome_api.mapper] mapper | HYUNDAI | TUHWDG1ANLHE | Searching text: 'tucson hybrid n-line awd'
[2026-07-28 14:33:21] [DEBUG   ] [chrome_api.mapper] mapper | HYUNDAI | TUHWDG1ANLHE | Found keyword 'hybrid' in 'Tucson Hybrid N-Line AWD'
[2026-07-28 14:33:21] [WARNING ] [chrome_api.mapper] mapper | HYUNDAI | TUHWDG1ANLHE | Keyword 'hybrid' found but NOT in translator. Returning keyword as-is.
[2026-07-28 14:33:21] [INFO    ] [chrome_api.mapper] mapper | HYUNDAI | TUHWDG1ANLHE | Row complete: model=Tucson Hybrid, trim=N-Line AWD, engine_type=hybrid
[2026-07-28 14:33:21] [DEBUG   ] [chrome_api.mapper] mapper | HYUNDAI | TUHWDG1AULHE | Extracted fields: year=2025, desc=Ultimate AWD, trim=Ultimate
[2026-07-28 14:33:21] [DEBUG   ] [chrome_api.mapper] mapper | HYUNDAI | TUHWDG1AULHE | ModelName from ADS: Tucson Hybrid
[2026-07-28 14:33:21] [DEBUG   ] [semantic.standardizer] standardizer | Hyundai | No trim alias found for: 'Ultimate'
[2026-07-28 14:33:21] [DEBUG   ] [semantic.standardizer] standardizer | Hyundai | No description patterns matched: 'Ultimate AWD'
[2026-07-28 14:33:21] [DEBUG   ] [chrome_api.mapper] mapper | HYUNDAI | TUHWDG1AULHE | Applied standardization rules
[2026-07-28 14:33:21] [INFO    ] [chrome_api.mapper] mapper | HYUNDAI | Loaded 6 ENGINE_TYPE keywords: ['hev', 'hybrid', 'phev', 'ev', 'plug-in', 'electric']
[2026-07-28 14:33:21] [DEBUG   ] [chrome_api.mapper] mapper | HYUNDAI | TUHWDG1AULHE | Searching text: 'tucson hybrid ultimate awd'
[2026-07-28 14:33:21] [DEBUG   ] [chrome_api.mapper] mapper | HYUNDAI | TUHWDG1AULHE | Found keyword 'hybrid' in 'Tucson Hybrid Ultimate AWD'
[2026-07-28 14:33:21] [WARNING ] [chrome_api.mapper] mapper | HYUNDAI | TUHWDG1AULHE | Keyword 'hybrid' found but NOT in translator. Returning keyword as-is.
[2026-07-28 14:33:21] [INFO    ] [chrome_api.mapper] mapper | HYUNDAI | TUHWDG1AULHE | Row complete: model=Tucson Hybrid, trim=Ultimate AWD, engine_type=hybrid
[2026-07-28 14:33:21] [INFO    ] [chrome_api.mapper] mapper | ads_response_to_rows | Hyundai | Converted 2/2 trims to rows
[2026-07-28 14:33:21] [DEBUG   ] [chrome_api.service] refresh_from_ads | Hyundai 2025 Tucson Hybrid | Converted 2 trims to rows
[2026-07-28 14:33:21] [DEBUG   ] [urllib3.connectionpool] https://demos.autodatasolutions.com:443 "POST /ADSDemo/api/full/ymmt/year/2025/make/Hyundai/model/Tucson%20Plug-In%20Hybrid/ HTTP/1.1" 200 None
[2026-07-28 14:33:22] [INFO    ] [chrome_api.mapper] mapper | ads_response_to_rows | Hyundai | Processing 1 trims from ADS response
[2026-07-28 14:33:22] [DEBUG   ] [chrome_api.mapper] mapper | HYUNDAI | TUPWDG1AULPH | Extracted fields: year=2025, desc=Ultimate AWD, trim=Ultimate
[2026-07-28 14:33:22] [DEBUG   ] [chrome_api.mapper] mapper | HYUNDAI | TUPWDG1AULPH | ModelName from ADS: Tucson Plug-In Hybrid
[2026-07-28 14:33:22] [DEBUG   ] [semantic.standardizer] standardizer | Hyundai | No trim alias found for: 'Ultimate'
[2026-07-28 14:33:22] [DEBUG   ] [semantic.standardizer] standardizer | Hyundai | No description patterns matched: 'Ultimate AWD'
[2026-07-28 14:33:22] [DEBUG   ] [chrome_api.mapper] mapper | HYUNDAI | TUPWDG1AULPH | Applied standardization rules
[2026-07-28 14:33:22] [INFO    ] [chrome_api.mapper] mapper | HYUNDAI | Loaded 6 ENGINE_TYPE keywords: ['hev', 'hybrid', 'phev', 'ev', 'plug-in', 'electric']
[2026-07-28 14:33:22] [DEBUG   ] [chrome_api.mapper] mapper | HYUNDAI | TUPWDG1AULPH | Searching text: 'tucson plug-in hybrid ultimate awd'
[2026-07-28 14:33:22] [DEBUG   ] [chrome_api.mapper] mapper | HYUNDAI | TUPWDG1AULPH | Found keyword 'hybrid' in 'Tucson Plug-In Hybrid Ultimate AWD'
[2026-07-28 14:33:22] [WARNING ] [chrome_api.mapper] mapper | HYUNDAI | TUPWDG1AULPH | Keyword 'hybrid' found but NOT in translator. Returning keyword as-is.
[2026-07-28 14:33:22] [INFO    ] [chrome_api.mapper] mapper | HYUNDAI | TUPWDG1AULPH | Row complete: model=Tucson Plug-In Hybrid, trim=Ultimate AWD, engine_type=hybrid
[2026-07-28 14:33:22] [INFO    ] [chrome_api.mapper] mapper | ads_response_to_rows | Hyundai | Converted 1/1 trims to rows
[2026-07-28 14:33:22] [DEBUG   ] [chrome_api.service] refresh_from_ads | Hyundai 2025 Tucson Plug-In Hybrid | Converted 1 trims to rows
[2026-07-28 14:33:22] [DEBUG   ] [urllib3.connectionpool] https://demos.autodatasolutions.com:443 "POST /ADSDemo/api/full/ymmt/year/2025/make/Hyundai/model/Venue/ HTTP/1.1" 200 None
[2026-07-28 14:33:22] [INFO    ] [chrome_api.mapper] mapper | ads_response_to_rows | Hyundai | Processing 6 trims from ADS response
[2026-07-28 14:33:22] [DEBUG   ] [chrome_api.mapper] mapper | HYUNDAI | VNCW5V1FES00 | Extracted fields: year=2025, desc=Essential IVT, trim=Essential
[2026-07-28 14:33:22] [DEBUG   ] [chrome_api.mapper] mapper | HYUNDAI | VNCW5V1FES00 | ModelName from ADS: Venue
[2026-07-28 14:33:22] [DEBUG   ] [semantic.standardizer] standardizer | Hyundai | No trim alias found for: 'Essential'
[2026-07-28 14:33:22] [DEBUG   ] [semantic.standardizer] standardizer | Hyundai | No description patterns matched: 'Essential IVT'
[2026-07-28 14:33:22] [DEBUG   ] [chrome_api.mapper] mapper | HYUNDAI | VNCW5V1FES00 | Applied standardization rules
[2026-07-28 14:33:22] [INFO    ] [chrome_api.mapper] mapper | HYUNDAI | Loaded 6 ENGINE_TYPE keywords: ['hev', 'hybrid', 'phev', 'ev', 'plug-in', 'electric']
[2026-07-28 14:33:22] [DEBUG   ] [chrome_api.mapper] mapper | HYUNDAI | VNCW5V1FES00 | Searching text: 'venue essential ivt'
[2026-07-28 14:33:22] [DEBUG   ] [chrome_api.mapper] mapper | HYUNDAI | VNCW5V1FES00 | No ENGINE_TYPE keyword found
[2026-07-28 14:33:22] [INFO    ] [chrome_api.mapper] mapper | HYUNDAI | VNCW5V1FES00 | Row complete: model=Venue, trim=Essential IVT, engine_type=None
[2026-07-28 14:33:22] [DEBUG   ] [chrome_api.mapper] mapper | HYUNDAI | VNCW5V1FESTT | Extracted fields: year=2025, desc=Essential IVT w/Two-Tone, trim=Essential
[2026-07-28 14:33:22] [DEBUG   ] [chrome_api.mapper] mapper | HYUNDAI | VNCW5V1FESTT | ModelName from ADS: Venue
[2026-07-28 14:33:22] [DEBUG   ] [semantic.standardizer] standardizer | Hyundai | No trim alias found for: 'Essential'
[2026-07-28 14:33:22] [DEBUG   ] [semantic.standardizer] standardizer | Hyundai | No description patterns matched: 'Essential IVT w/Two-Tone'
[2026-07-28 14:33:22] [DEBUG   ] [chrome_api.mapper] mapper | HYUNDAI | VNCW5V1FESTT | Applied standardization rules
[2026-07-28 14:33:22] [INFO    ] [chrome_api.mapper] mapper | HYUNDAI | Loaded 6 ENGINE_TYPE keywords: ['hev', 'hybrid', 'phev', 'ev', 'plug-in', 'electric']
[2026-07-28 14:33:22] [DEBUG   ] [chrome_api.mapper] mapper | HYUNDAI | VNCW5V1FESTT | Searching text: 'venue essential ivt w/two-tone'
[2026-07-28 14:33:22] [DEBUG   ] [chrome_api.mapper] mapper | HYUNDAI | VNCW5V1FESTT | No ENGINE_TYPE keyword found
[2026-07-28 14:33:22] [INFO    ] [chrome_api.mapper] mapper | HYUNDAI | VNCW5V1FESTT | Row complete: model=Venue, trim=Essential IVT w/Two-Tone, engine_type=None
[2026-07-28 14:33:22] [DEBUG   ] [chrome_api.mapper] mapper | HYUNDAI | VNCW5V1FPR00 | Extracted fields: year=2025, desc=Preferred IVT, trim=Preferred
[2026-07-28 14:33:22] [DEBUG   ] [chrome_api.mapper] mapper | HYUNDAI | VNCW5V1FPR00 | ModelName from ADS: Venue
[2026-07-28 14:33:22] [DEBUG   ] [semantic.standardizer] standardizer | Hyundai | No trim alias found for: 'Preferred'
[2026-07-28 14:33:22] [DEBUG   ] [semantic.standardizer] standardizer | Hyundai | No description patterns matched: 'Preferred IVT'
[2026-07-28 14:33:22] [DEBUG   ] [chrome_api.mapper] mapper | HYUNDAI | VNCW5V1FPR00 | Applied standardization rules
[2026-07-28 14:33:22] [INFO    ] [chrome_api.mapper] mapper | HYUNDAI | Loaded 6 ENGINE_TYPE keywords: ['hev', 'hybrid', 'phev', 'ev', 'plug-in', 'electric']
[2026-07-28 14:33:22] [DEBUG   ] [chrome_api.mapper] mapper | HYUNDAI | VNCW5V1FPR00 | Searching text: 'venue preferred ivt'
[2026-07-28 14:33:22] [DEBUG   ] [chrome_api.mapper] mapper | HYUNDAI | VNCW5V1FPR00 | No ENGINE_TYPE keyword found
[2026-07-28 14:33:22] [INFO    ] [chrome_api.mapper] mapper | HYUNDAI | VNCW5V1FPR00 | Row complete: model=Venue, trim=Preferred IVT, engine_type=None
[2026-07-28 14:33:22] [DEBUG   ] [chrome_api.mapper] mapper | HYUNDAI | VNCW5V1FPRTT | Extracted fields: year=2025, desc=Preferred IVT w/Two-Tone, trim=Preferred
[2026-07-28 14:33:22] [DEBUG   ] [chrome_api.mapper] mapper | HYUNDAI | VNCW5V1FPRTT | ModelName from ADS: Venue
[2026-07-28 14:33:22] [DEBUG   ] [semantic.standardizer] standardizer | Hyundai | No trim alias found for: 'Preferred'
[2026-07-28 14:33:22] [DEBUG   ] [semantic.standardizer] standardizer | Hyundai | No description patterns matched: 'Preferred IVT w/Two-Tone'
[2026-07-28 14:33:22] [DEBUG   ] [chrome_api.mapper] mapper | HYUNDAI | VNCW5V1FPRTT | Applied standardization rules
[2026-07-28 14:33:22] [INFO    ] [chrome_api.mapper] mapper | HYUNDAI | Loaded 6 ENGINE_TYPE keywords: ['hev', 'hybrid', 'phev', 'ev', 'plug-in', 'electric']
[2026-07-28 14:33:22] [DEBUG   ] [chrome_api.mapper] mapper | HYUNDAI | VNCW5V1FPRTT | Searching text: 'venue preferred ivt w/two-tone'
[2026-07-28 14:33:22] [DEBUG   ] [chrome_api.mapper] mapper | HYUNDAI | VNCW5V1FPRTT | No ENGINE_TYPE keyword found
[2026-07-28 14:33:22] [INFO    ] [chrome_api.mapper] mapper | HYUNDAI | VNCW5V1FPRTT | Row complete: model=Venue, trim=Preferred IVT w/Two-Tone, engine_type=None
[2026-07-28 14:33:22] [DEBUG   ] [chrome_api.mapper] mapper | HYUNDAI | VNCW5V1FUL00 | Extracted fields: year=2025, desc=Ultimate IVT w/Black Interior, trim=Ultimate
[2026-07-28 14:33:22] [DEBUG   ] [chrome_api.mapper] mapper | HYUNDAI | VNCW5V1FUL00 | ModelName from ADS: Venue
[2026-07-28 14:33:22] [DEBUG   ] [semantic.standardizer] standardizer | Hyundai | No trim alias found for: 'Ultimate'
[2026-07-28 14:33:22] [DEBUG   ] [semantic.standardizer] standardizer | Hyundai | No description patterns matched: 'Ultimate IVT w/Black Interior'
[2026-07-28 14:33:22] [DEBUG   ] [chrome_api.mapper] mapper | HYUNDAI | VNCW5V1FUL00 | Applied standardization rules
[2026-07-28 14:33:22] [INFO    ] [chrome_api.mapper] mapper | HYUNDAI | Loaded 6 ENGINE_TYPE keywords: ['hev', 'hybrid', 'phev', 'ev', 'plug-in', 'electric']
[2026-07-28 14:33:22] [DEBUG   ] [chrome_api.mapper] mapper | HYUNDAI | VNCW5V1FUL00 | Searching text: 'venue ultimate ivt w/black interior'
[2026-07-28 14:33:22] [DEBUG   ] [chrome_api.mapper] mapper | HYUNDAI | VNCW5V1FUL00 | No ENGINE_TYPE keyword found
[2026-07-28 14:33:22] [INFO    ] [chrome_api.mapper] mapper | HYUNDAI | VNCW5V1FUL00 | Row complete: model=Venue, trim=Ultimate IVT w/Black Interior, engine_type=None
[2026-07-28 14:33:22] [DEBUG   ] [chrome_api.mapper] mapper | HYUNDAI | VNCW5V1FULCP | Extracted fields: year=2025, desc=Ultimate IVT w/Denim Interior, trim=Ultimate
[2026-07-28 14:33:22] [DEBUG   ] [chrome_api.mapper] mapper | HYUNDAI | VNCW5V1FULCP | ModelName from ADS: Venue
[2026-07-28 14:33:22] [DEBUG   ] [semantic.standardizer] standardizer | Hyundai | No trim alias found for: 'Ultimate'
[2026-07-28 14:33:22] [DEBUG   ] [semantic.standardizer] standardizer | Hyundai | No description patterns matched: 'Ultimate IVT w/Denim Interior'
[2026-07-28 14:33:22] [DEBUG   ] [chrome_api.mapper] mapper | HYUNDAI | VNCW5V1FULCP | Applied standardization rules
[2026-07-28 14:33:22] [INFO    ] [chrome_api.mapper] mapper | HYUNDAI | Loaded 6 ENGINE_TYPE keywords: ['hev', 'hybrid', 'phev', 'ev', 'plug-in', 'electric']
[2026-07-28 14:33:22] [DEBUG   ] [chrome_api.mapper] mapper | HYUNDAI | VNCW5V1FULCP | Searching text: 'venue ultimate ivt w/denim interior'
[2026-07-28 14:33:22] [DEBUG   ] [chrome_api.mapper] mapper | HYUNDAI | VNCW5V1FULCP | No ENGINE_TYPE keyword found
[2026-07-28 14:33:22] [INFO    ] [chrome_api.mapper] mapper | HYUNDAI | VNCW5V1FULCP | Row complete: model=Venue, trim=Ultimate IVT w/Denim Interior, engine_type=None
[2026-07-28 14:33:22] [INFO    ] [chrome_api.mapper] mapper | ads_response_to_rows | Hyundai | Converted 6/6 trims to rows
[2026-07-28 14:33:22] [DEBUG   ] [chrome_api.service] refresh_from_ads | Hyundai 2025 Venue | Converted 6 trims to rows
[2026-07-28 14:33:22] [DEBUG   ] [urllib3.connectionpool] https://demos.autodatasolutions.com:443 "GET /ADSDemo/api/ymmt/models/make/Hyundai/year/2026/country/CA/language/en?sort=ASC HTTP/1.1" 200 None
[2026-07-28 14:33:23] [DEBUG   ] [urllib3.connectionpool] https://demos.autodatasolutions.com:443 "POST /ADSDemo/api/full/ymmt/year/2026/make/Hyundai/model/Elantra/ HTTP/1.1" 200 None
[2026-07-28 14:33:23] [INFO    ] [chrome_api.mapper] mapper | ads_response_to_rows | Hyundai | Processing 6 trims from ADS response
[2026-07-28 14:33:23] [DEBUG   ] [chrome_api.mapper] mapper | HYUNDAI | ELCS4V2BES00 | Extracted fields: year=2026, desc=Essential IVT, trim=Essential
[2026-07-28 14:33:23] [DEBUG   ] [chrome_api.mapper] mapper | HYUNDAI | ELCS4V2BES00 | ModelName from ADS: Elantra
[2026-07-28 14:33:23] [DEBUG   ] [semantic.standardizer] standardizer | Hyundai | No trim alias found for: 'Essential'
[2026-07-28 14:33:23] [DEBUG   ] [semantic.standardizer] standardizer | Hyundai | No description patterns matched: 'Essential IVT'
[2026-07-28 14:33:23] [DEBUG   ] [chrome_api.mapper] mapper | HYUNDAI | ELCS4V2BES00 | Applied standardization rules
[2026-07-28 14:33:23] [INFO    ] [chrome_api.mapper] mapper | HYUNDAI | Loaded 6 ENGINE_TYPE keywords: ['hev', 'hybrid', 'phev', 'ev', 'plug-in', 'electric']
[2026-07-28 14:33:23] [DEBUG   ] [chrome_api.mapper] mapper | HYUNDAI | ELCS4V2BES00 | Searching text: 'elantra essential ivt'
[2026-07-28 14:33:23] [DEBUG   ] [chrome_api.mapper] mapper | HYUNDAI | ELCS4V2BES00 | No ENGINE_TYPE keyword found
[2026-07-28 14:33:23] [INFO    ] [chrome_api.mapper] mapper | HYUNDAI | ELCS4V2BES00 | Row complete: model=Elantra, trim=Essential IVT, engine_type=None
[2026-07-28 14:33:23] [DEBUG   ] [chrome_api.mapper] mapper | HYUNDAI | ELCS4V2BPR00 | Extracted fields: year=2026, desc=Preferred IVT, trim=Preferred
[2026-07-28 14:33:23] [DEBUG   ] [chrome_api.mapper] mapper | HYUNDAI | ELCS4V2BPR00 | ModelName from ADS: Elantra
[2026-07-28 14:33:23] [DEBUG   ] [semantic.standardizer] standardizer | Hyundai | No trim alias found for: 'Preferred'
[2026-07-28 14:33:23] [DEBUG   ] [semantic.standardizer] standardizer | Hyundai | No description patterns matched: 'Preferred IVT'
[2026-07-28 14:33:23] [DEBUG   ] [chrome_api.mapper] mapper | HYUNDAI | ELCS4V2BPR00 | Applied standardization rules
[2026-07-28 14:33:23] [INFO    ] [chrome_api.mapper] mapper | HYUNDAI | Loaded 6 ENGINE_TYPE keywords: ['hev', 'hybrid', 'phev', 'ev', 'plug-in', 'electric']
[2026-07-28 14:33:23] [DEBUG   ] [chrome_api.mapper] mapper | HYUNDAI | ELCS4V2BPR00 | Searching text: 'elantra preferred ivt'
[2026-07-28 14:33:23] [DEBUG   ] [chrome_api.mapper] mapper | HYUNDAI | ELCS4V2BPR00 | No ENGINE_TYPE keyword found
[2026-07-28 14:33:23] [INFO    ] [chrome_api.mapper] mapper | HYUNDAI | ELCS4V2BPR00 | Row complete: model=Elantra, trim=Preferred IVT, engine_type=None
[2026-07-28 14:33:23] [DEBUG   ] [chrome_api.mapper] mapper | HYUNDAI | ELCS4V2BPRTE | Extracted fields: year=2026, desc=Preferred IVT w/Tech Pkg, trim=Preferred
[2026-07-28 14:33:23] [DEBUG   ] [chrome_api.mapper] mapper | HYUNDAI | ELCS4V2BPRTE | ModelName from ADS: Elantra
[2026-07-28 14:33:23] [DEBUG   ] [semantic.standardizer] standardizer | Hyundai | No trim alias found for: 'Preferred'
[2026-07-28 14:33:23] [DEBUG   ] [semantic.standardizer] standardizer | Hyundai | No description patterns matched: 'Preferred IVT w/Tech Pkg'
[2026-07-28 14:33:23] [DEBUG   ] [chrome_api.mapper] mapper | HYUNDAI | ELCS4V2BPRTE | Applied standardization rules
[2026-07-28 14:33:23] [INFO    ] [chrome_api.mapper] mapper | HYUNDAI | Loaded 6 ENGINE_TYPE keywords: ['hev', 'hybrid', 'phev', 'ev', 'plug-in', 'electric']
[2026-07-28 14:33:23] [DEBUG   ] [chrome_api.mapper] mapper | HYUNDAI | ELCS4V2BPRTE | Searching text: 'elantra preferred ivt w/tech pkg'
[2026-07-28 14:33:23] [DEBUG   ] [chrome_api.mapper] mapper | HYUNDAI | ELCS4V2BPRTE | No ENGINE_TYPE keyword found
[2026-07-28 14:33:23] [INFO    ] [chrome_api.mapper] mapper | HYUNDAI | ELCS4V2BPRTE | Row complete: model=Elantra, trim=Preferred IVT w/Tech Pkg, engine_type=None
[2026-07-28 14:33:23] [DEBUG   ] [chrome_api.mapper] mapper | HYUNDAI | ELCS4V2BLU00 | Extracted fields: year=2026, desc=Luxury IVT, trim=Luxury
[2026-07-28 14:33:23] [DEBUG   ] [chrome_api.mapper] mapper | HYUNDAI | ELCS4V2BLU00 | ModelName from ADS: Elantra
[2026-07-28 14:33:23] [DEBUG   ] [semantic.standardizer] standardizer | Hyundai | No trim alias found for: 'Luxury'
[2026-07-28 14:33:23] [DEBUG   ] [semantic.standardizer] standardizer | Hyundai | No description patterns matched: 'Luxury IVT'
[2026-07-28 14:33:23] [DEBUG   ] [chrome_api.mapper] mapper | HYUNDAI | ELCS4V2BLU00 | Applied standardization rules
[2026-07-28 14:33:23] [INFO    ] [chrome_api.mapper] mapper | HYUNDAI | Loaded 6 ENGINE_TYPE keywords: ['hev', 'hybrid', 'phev', 'ev', 'plug-in', 'electric']
[2026-07-28 14:33:23] [DEBUG   ] [chrome_api.mapper] mapper | HYUNDAI | ELCS4V2BLU00 | Searching text: 'elantra luxury ivt'
[2026-07-28 14:33:23] [DEBUG   ] [chrome_api.mapper] mapper | HYUNDAI | ELCS4V2BLU00 | No ENGINE_TYPE keyword found
[2026-07-28 14:33:23] [INFO    ] [chrome_api.mapper] mapper | HYUNDAI | ELCS4V2BLU00 | Row complete: model=Elantra, trim=Luxury IVT, engine_type=None
[2026-07-28 14:33:23] [DEBUG   ] [chrome_api.mapper] mapper | HYUNDAI | ELCS4V2BLUME | Extracted fields: year=2026, desc=Luxury IVT w/Two-Tone Interior, trim=Luxury
[2026-07-28 14:33:23] [DEBUG   ] [chrome_api.mapper] mapper | HYUNDAI | ELCS4V2BLUME | ModelName from ADS: Elantra
[2026-07-28 14:33:23] [DEBUG   ] [semantic.standardizer] standardizer | Hyundai | No trim alias found for: 'Luxury'
[2026-07-28 14:33:23] [DEBUG   ] [semantic.standardizer] standardizer | Hyundai | No description patterns matched: 'Luxury IVT w/Two-Tone Interior'
[2026-07-28 14:33:23] [DEBUG   ] [chrome_api.mapper] mapper | HYUNDAI | ELCS4V2BLUME | Applied standardization rules
[2026-07-28 14:33:23] [INFO    ] [chrome_api.mapper] mapper | HYUNDAI | Loaded 6 ENGINE_TYPE keywords: ['hev', 'hybrid', 'phev', 'ev', 'plug-in', 'electric']
[2026-07-28 14:33:23] [DEBUG   ] [chrome_api.mapper] mapper | HYUNDAI | ELCS4V2BLUME | Searching text: 'elantra luxury ivt w/two-tone interior'
[2026-07-28 14:33:23] [DEBUG   ] [chrome_api.mapper] mapper | HYUNDAI | ELCS4V2BLUME | No ENGINE_TYPE keyword found
[2026-07-28 14:33:23] [INFO    ] [chrome_api.mapper] mapper | HYUNDAI | ELCS4V2BLUME | Row complete: model=Elantra, trim=Luxury IVT w/Two-Tone Interior, engine_type=None
[2026-07-28 14:33:23] [DEBUG   ] [chrome_api.mapper] mapper | HYUNDAI | ELCS4U1ANLUL | Extracted fields: year=2026, desc=N Line Ultimate DCT, trim=N Line Ultimate
[2026-07-28 14:33:23] [DEBUG   ] [chrome_api.mapper] mapper | HYUNDAI | ELCS4U1ANLUL | ModelName from ADS: Elantra
[2026-07-28 14:33:23] [DEBUG   ] [chrome_api.mapper] mapper | HYUNDAI | ELCS4U1ANLUL | Applied standardization rules
[2026-07-28 14:33:23] [INFO    ] [chrome_api.mapper] mapper | HYUNDAI | Loaded 6 ENGINE_TYPE keywords: ['hev', 'hybrid', 'phev', 'ev', 'plug-in', 'electric']
[2026-07-28 14:33:23] [DEBUG   ] [chrome_api.mapper] mapper | HYUNDAI | ELCS4U1ANLUL | Searching text: 'elantra n-line ultimate dct'
[2026-07-28 14:33:23] [DEBUG   ] [chrome_api.mapper] mapper | HYUNDAI | ELCS4U1ANLUL | No ENGINE_TYPE keyword found
[2026-07-28 14:33:23] [INFO    ] [chrome_api.mapper] mapper | HYUNDAI | ELCS4U1ANLUL | Row complete: model=Elantra, trim=N-Line Ultimate DCT, engine_type=None
[2026-07-28 14:33:23] [INFO    ] [chrome_api.mapper] mapper | ads_response_to_rows | Hyundai | Converted 6/6 trims to rows
[2026-07-28 14:33:23] [DEBUG   ] [chrome_api.service] refresh_from_ads | Hyundai 2026 Elantra | Converted 6 trims to rows
[2026-07-28 14:33:24] [DEBUG   ] [urllib3.connectionpool] https://demos.autodatasolutions.com:443 "POST /ADSDemo/api/full/ymmt/year/2026/make/Hyundai/model/Elantra%20Hybrid/ HTTP/1.1" 200 None
[2026-07-28 14:33:24] [INFO    ] [chrome_api.mapper] mapper | ads_response_to_rows | Hyundai | Processing 2 trims from ADS response
[2026-07-28 14:33:24] [DEBUG   ] [chrome_api.mapper] mapper | HYUNDAI | ELHS4T1BLUHE | Extracted fields: year=2026, desc=Luxury Sedan, trim=Luxury
[2026-07-28 14:33:24] [DEBUG   ] [chrome_api.mapper] mapper | HYUNDAI | ELHS4T1BLUHE | ModelName from ADS: Elantra Hybrid
[2026-07-28 14:33:24] [DEBUG   ] [semantic.standardizer] standardizer | Hyundai | No trim alias found for: 'Luxury'
[2026-07-28 14:33:24] [DEBUG   ] [semantic.standardizer] standardizer | Hyundai | No description patterns matched: 'Luxury Sedan'
[2026-07-28 14:33:24] [DEBUG   ] [chrome_api.mapper] mapper | HYUNDAI | ELHS4T1BLUHE | Applied standardization rules
[2026-07-28 14:33:24] [INFO    ] [chrome_api.mapper] mapper | HYUNDAI | Loaded 6 ENGINE_TYPE keywords: ['hev', 'hybrid', 'phev', 'ev', 'plug-in', 'electric']
[2026-07-28 14:33:24] [DEBUG   ] [chrome_api.mapper] mapper | HYUNDAI | ELHS4T1BLUHE | Searching text: 'elantra hybrid luxury sedan'
[2026-07-28 14:33:24] [DEBUG   ] [chrome_api.mapper] mapper | HYUNDAI | ELHS4T1BLUHE | Found keyword 'hybrid' in 'Elantra Hybrid Luxury Sedan'
[2026-07-28 14:33:24] [WARNING ] [chrome_api.mapper] mapper | HYUNDAI | ELHS4T1BLUHE | Keyword 'hybrid' found but NOT in translator. Returning keyword as-is.
[2026-07-28 14:33:24] [INFO    ] [chrome_api.mapper] mapper | HYUNDAI | ELHS4T1BLUHE | Row complete: model=Elantra Hybrid, trim=Luxury Sedan, engine_type=hybrid
[2026-07-28 14:33:24] [DEBUG   ] [chrome_api.mapper] mapper | HYUNDAI | ELHS4T1BLUHM | Extracted fields: year=2026, desc=Luxury Sedan w/Two-Tone Interior, trim=Luxury
[2026-07-28 14:33:24] [DEBUG   ] [chrome_api.mapper] mapper | HYUNDAI | ELHS4T1BLUHM | ModelName from ADS: Elantra Hybrid
[2026-07-28 14:33:24] [DEBUG   ] [semantic.standardizer] standardizer | Hyundai | No trim alias found for: 'Luxury'
[2026-07-28 14:33:24] [DEBUG   ] [semantic.standardizer] standardizer | Hyundai | No description patterns matched: 'Luxury Sedan w/Two-Tone Interior'
[2026-07-28 14:33:24] [DEBUG   ] [chrome_api.mapper] mapper | HYUNDAI | ELHS4T1BLUHM | Applied standardization rules
[2026-07-28 14:33:24] [INFO    ] [chrome_api.mapper] mapper | HYUNDAI | Loaded 6 ENGINE_TYPE keywords: ['hev', 'hybrid', 'phev', 'ev', 'plug-in', 'electric']
[2026-07-28 14:33:24] [DEBUG   ] [chrome_api.mapper] mapper | HYUNDAI | ELHS4T1BLUHM | Searching text: 'elantra hybrid luxury sedan w/two-tone interior'
[2026-07-28 14:33:24] [DEBUG   ] [chrome_api.mapper] mapper | HYUNDAI | ELHS4T1BLUHM | Found keyword 'hybrid' in 'Elantra Hybrid Luxury Sedan w/Two-Tone Interior'
[2026-07-28 14:33:24] [WARNING ] [chrome_api.mapper] mapper | HYUNDAI | ELHS4T1BLUHM | Keyword 'hybrid' found but NOT in translator. Returning keyword as-is.
[2026-07-28 14:33:24] [INFO    ] [chrome_api.mapper] mapper | HYUNDAI | ELHS4T1BLUHM | Row complete: model=Elantra Hybrid, trim=Luxury Sedan w/Two-Tone Interior, engine_type=hybrid
[2026-07-28 14:33:24] [INFO    ] [chrome_api.mapper] mapper | ads_response_to_rows | Hyundai | Converted 2/2 trims to rows
[2026-07-28 14:33:24] [DEBUG   ] [chrome_api.service] refresh_from_ads | Hyundai 2026 Elantra Hybrid | Converted 2 trims to rows
[2026-07-28 14:33:24] [DEBUG   ] [urllib3.connectionpool] https://demos.autodatasolutions.com:443 "POST /ADSDemo/api/full/ymmt/year/2026/make/Hyundai/model/Elantra%20N/ HTTP/1.1" 200 None
[2026-07-28 14:33:25] [INFO    ] [chrome_api.mapper] mapper | ads_response_to_rows | Hyundai | Processing 4 trims from ADS response
[2026-07-28 14:33:25] [DEBUG   ] [chrome_api.mapper] mapper | HYUNDAI | ELCS472ANN00 | Extracted fields: year=2026, desc=Manual, trim=None
[2026-07-28 14:33:25] [DEBUG   ] [chrome_api.mapper] mapper | HYUNDAI | ELCS472ANN00 | ModelName from ADS: Elantra N
[2026-07-28 14:33:25] [DEBUG   ] [semantic.standardizer] standardizer | Hyundai | No description patterns matched: 'Manual'
[2026-07-28 14:33:25] [DEBUG   ] [chrome_api.mapper] mapper | HYUNDAI | ELCS472ANN00 | Applied standardization rules
[2026-07-28 14:33:25] [INFO    ] [chrome_api.mapper] mapper | HYUNDAI | Loaded 6 ENGINE_TYPE keywords: ['hev', 'hybrid', 'phev', 'ev', 'plug-in', 'electric']
[2026-07-28 14:33:25] [DEBUG   ] [chrome_api.mapper] mapper | HYUNDAI | ELCS472ANN00 | Searching text: 'elantra n manual'
[2026-07-28 14:33:25] [DEBUG   ] [chrome_api.mapper] mapper | HYUNDAI | ELCS472ANN00 | No ENGINE_TYPE keyword found
[2026-07-28 14:33:25] [INFO    ] [chrome_api.mapper] mapper | HYUNDAI | ELCS472ANN00 | Row complete: model=Elantra N, trim=Manual, engine_type=None
[2026-07-28 14:33:25] [DEBUG   ] [chrome_api.mapper] mapper | HYUNDAI | ELCS4M2ANN00 | Extracted fields: year=2026, desc=DCT, trim=None
[2026-07-28 14:33:25] [DEBUG   ] [chrome_api.mapper] mapper | HYUNDAI | ELCS4M2ANN00 | ModelName from ADS: Elantra N
[2026-07-28 14:33:25] [DEBUG   ] [semantic.standardizer] standardizer | Hyundai | No description patterns matched: 'DCT'
[2026-07-28 14:33:25] [DEBUG   ] [chrome_api.mapper] mapper | HYUNDAI | ELCS4M2ANN00 | Applied standardization rules
[2026-07-28 14:33:25] [INFO    ] [chrome_api.mapper] mapper | HYUNDAI | Loaded 6 ENGINE_TYPE keywords: ['hev', 'hybrid', 'phev', 'ev', 'plug-in', 'electric']
[2026-07-28 14:33:25] [DEBUG   ] [chrome_api.mapper] mapper | HYUNDAI | ELCS4M2ANN00 | Searching text: 'elantra n dct'
[2026-07-28 14:33:25] [DEBUG   ] [chrome_api.mapper] mapper | HYUNDAI | ELCS4M2ANN00 | No ENGINE_TYPE keyword found
[2026-07-28 14:33:25] [INFO    ] [chrome_api.mapper] mapper | HYUNDAI | ELCS4M2ANN00 | Row complete: model=Elantra N, trim=DCT, engine_type=None
[2026-07-28 14:33:25] [DEBUG   ] [chrome_api.mapper] mapper | HYUNDAI | ELCS472ANNTC | Extracted fields: year=2026, desc=TCR Manual, trim=TCR
[2026-07-28 14:33:25] [DEBUG   ] [chrome_api.mapper] mapper | HYUNDAI | ELCS472ANNTC | ModelName from ADS: Elantra N
[2026-07-28 14:33:25] [DEBUG   ] [semantic.standardizer] standardizer | Hyundai | No trim alias found for: 'TCR'
[2026-07-28 14:33:25] [DEBUG   ] [semantic.standardizer] standardizer | Hyundai | No description patterns matched: 'TCR Manual'
[2026-07-28 14:33:25] [DEBUG   ] [chrome_api.mapper] mapper | HYUNDAI | ELCS472ANNTC | Applied standardization rules
[2026-07-28 14:33:25] [INFO    ] [chrome_api.mapper] mapper | HYUNDAI | Loaded 6 ENGINE_TYPE keywords: ['hev', 'hybrid', 'phev', 'ev', 'plug-in', 'electric']
[2026-07-28 14:33:25] [DEBUG   ] [chrome_api.mapper] mapper | HYUNDAI | ELCS472ANNTC | Searching text: 'elantra n tcr manual'
[2026-07-28 14:33:25] [DEBUG   ] [chrome_api.mapper] mapper | HYUNDAI | ELCS472ANNTC | No ENGINE_TYPE keyword found
[2026-07-28 14:33:25] [INFO    ] [chrome_api.mapper] mapper | HYUNDAI | ELCS472ANNTC | Row complete: model=Elantra N, trim=TCR Manual, engine_type=None
[2026-07-28 14:33:25] [DEBUG   ] [chrome_api.mapper] mapper | HYUNDAI | ELCS4M2ANNTC | Extracted fields: year=2026, desc=TCR DCT, trim=TCR
[2026-07-28 14:33:25] [DEBUG   ] [chrome_api.mapper] mapper | HYUNDAI | ELCS4M2ANNTC | ModelName from ADS: Elantra N
[2026-07-28 14:33:25] [DEBUG   ] [semantic.standardizer] standardizer | Hyundai | No trim alias found for: 'TCR'
[2026-07-28 14:33:25] [DEBUG   ] [semantic.standardizer] standardizer | Hyundai | No description patterns matched: 'TCR DCT'
[2026-07-28 14:33:25] [DEBUG   ] [chrome_api.mapper] mapper | HYUNDAI | ELCS4M2ANNTC | Applied standardization rules
[2026-07-28 14:33:25] [INFO    ] [chrome_api.mapper] mapper | HYUNDAI | Loaded 6 ENGINE_TYPE keywords: ['hev', 'hybrid', 'phev', 'ev', 'plug-in', 'electric']
[2026-07-28 14:33:25] [DEBUG   ] [chrome_api.mapper] mapper | HYUNDAI | ELCS4M2ANNTC | Searching text: 'elantra n tcr dct'
[2026-07-28 14:33:25] [DEBUG   ] [chrome_api.mapper] mapper | HYUNDAI | ELCS4M2ANNTC | No ENGINE_TYPE keyword found
[2026-07-28 14:33:25] [INFO    ] [chrome_api.mapper] mapper | HYUNDAI | ELCS4M2ANNTC | Row complete: model=Elantra N, trim=TCR DCT, engine_type=None
[2026-07-28 14:33:25] [INFO    ] [chrome_api.mapper] mapper | ads_response_to_rows | Hyundai | Converted 4/4 trims to rows
[2026-07-28 14:33:25] [DEBUG   ] [chrome_api.service] refresh_from_ads | Hyundai 2026 Elantra N | Converted 4 trims to rows
[2026-07-28 14:33:25] [DEBUG   ] [urllib3.connectionpool] https://demos.autodatasolutions.com:443 "POST /ADSDemo/api/full/ymmt/year/2026/make/Hyundai/model/IONIQ%205/ HTTP/1.1" 200 None
[2026-07-28 14:33:25] [INFO    ] [chrome_api.mapper] mapper | ads_response_to_rows | Hyundai | Processing 3 trims from ADS response
[2026-07-28 14:33:25] [DEBUG   ] [chrome_api.mapper] mapper | HYUNDAI | I5EW5ZE4PRLR | Extracted fields: year=2026, desc=Preferred RWD Long Range, trim=Preferred
[2026-07-28 14:33:25] [DEBUG   ] [chrome_api.mapper] mapper | HYUNDAI | I5EW5ZE4PRLR | ModelName from ADS: IONIQ 5
[2026-07-28 14:33:25] [DEBUG   ] [semantic.standardizer] standardizer | Hyundai | No trim alias found for: 'Preferred'
[2026-07-28 14:33:25] [DEBUG   ] [semantic.standardizer] standardizer | Hyundai | No description patterns matched: 'Preferred RWD Long Range'
[2026-07-28 14:33:25] [DEBUG   ] [chrome_api.mapper] mapper | HYUNDAI | I5EW5ZE4PRLR | Applied standardization rules
[2026-07-28 14:33:25] [INFO    ] [chrome_api.mapper] mapper | HYUNDAI | Loaded 6 ENGINE_TYPE keywords: ['hev', 'hybrid', 'phev', 'ev', 'plug-in', 'electric']
[2026-07-28 14:33:25] [DEBUG   ] [chrome_api.mapper] mapper | HYUNDAI | I5EW5ZE4PRLR | Searching text: 'ioniq 5 preferred rwd long range'
[2026-07-28 14:33:25] [DEBUG   ] [chrome_api.mapper] mapper | HYUNDAI | I5EW5ZE4PRLR | No ENGINE_TYPE keyword found
[2026-07-28 14:33:25] [INFO    ] [chrome_api.mapper] mapper | HYUNDAI | I5EW5ZE4PRLR | Row complete: model=IONIQ 5, trim=Preferred RWD Long Range, engine_type=None
[2026-07-28 14:33:25] [DEBUG   ] [chrome_api.mapper] mapper | HYUNDAI | I5EW5ZE2PRLR | Extracted fields: year=2026, desc=Preferred AWD Long Range, trim=Preferred
[2026-07-28 14:33:25] [DEBUG   ] [chrome_api.mapper] mapper | HYUNDAI | I5EW5ZE2PRLR | ModelName from ADS: IONIQ 5
[2026-07-28 14:33:25] [DEBUG   ] [semantic.standardizer] standardizer | Hyundai | No trim alias found for: 'Preferred'
[2026-07-28 14:33:25] [DEBUG   ] [semantic.standardizer] standardizer | Hyundai | No description patterns matched: 'Preferred AWD Long Range'
[2026-07-28 14:33:25] [DEBUG   ] [chrome_api.mapper] mapper | HYUNDAI | I5EW5ZE2PRLR | Applied standardization rules
[2026-07-28 14:33:25] [INFO    ] [chrome_api.mapper] mapper | HYUNDAI | Loaded 6 ENGINE_TYPE keywords: ['hev', 'hybrid', 'phev', 'ev', 'plug-in', 'electric']
[2026-07-28 14:33:25] [DEBUG   ] [chrome_api.mapper] mapper | HYUNDAI | I5EW5ZE2PRLR | Searching text: 'ioniq 5 preferred awd long range'
[2026-07-28 14:33:25] [DEBUG   ] [chrome_api.mapper] mapper | HYUNDAI | I5EW5ZE2PRLR | No ENGINE_TYPE keyword found
[2026-07-28 14:33:25] [INFO    ] [chrome_api.mapper] mapper | HYUNDAI | I5EW5ZE2PRLR | Row complete: model=IONIQ 5, trim=Preferred AWD Long Range, engine_type=None
[2026-07-28 14:33:25] [DEBUG   ] [chrome_api.mapper] mapper | HYUNDAI | I5EW5ZE2PRUP | Extracted fields: year=2026, desc=Preferred AWD Long Range w/Ultimate Pkg, trim=Preferred
[2026-07-28 14:33:25] [DEBUG   ] [chrome_api.mapper] mapper | HYUNDAI | I5EW5ZE2PRUP | ModelName from ADS: IONIQ 5
[2026-07-28 14:33:25] [DEBUG   ] [semantic.standardizer] standardizer | Hyundai | No trim alias found for: 'Preferred'
[2026-07-28 14:33:25] [DEBUG   ] [semantic.standardizer] standardizer | Hyundai | No description patterns matched: 'Preferred AWD Long Range w/Ultimate Pkg'
[2026-07-28 14:33:25] [DEBUG   ] [chrome_api.mapper] mapper | HYUNDAI | I5EW5ZE2PRUP | Applied standardization rules
[2026-07-28 14:33:25] [INFO    ] [chrome_api.mapper] mapper | HYUNDAI | Loaded 6 ENGINE_TYPE keywords: ['hev', 'hybrid', 'phev', 'ev', 'plug-in', 'electric']
[2026-07-28 14:33:25] [DEBUG   ] [chrome_api.mapper] mapper | HYUNDAI | I5EW5ZE2PRUP | Searching text: 'ioniq 5 preferred awd long range w/ultimate pkg'
[2026-07-28 14:33:25] [DEBUG   ] [chrome_api.mapper] mapper | HYUNDAI | I5EW5ZE2PRUP | No ENGINE_TYPE keyword found
[2026-07-28 14:33:25] [INFO    ] [chrome_api.mapper] mapper | HYUNDAI | I5EW5ZE2PRUP | Row complete: model=IONIQ 5, trim=Preferred AWD Long Range w/Ultimate Pkg, engine_type=None
[2026-07-28 14:33:25] [INFO    ] [chrome_api.mapper] mapper | ads_response_to_rows | Hyundai | Converted 3/3 trims to rows
[2026-07-28 14:33:25] [DEBUG   ] [chrome_api.service] refresh_from_ads | Hyundai 2026 IONIQ 5 | Converted 3 trims to rows
[2026-07-28 14:33:26] [DEBUG   ] [urllib3.connectionpool] https://demos.autodatasolutions.com:443 "POST /ADSDemo/api/full/ymmt/year/2026/make/Hyundai/model/IONIQ%209/ HTTP/1.1" 200 None
[2026-07-28 14:33:26] [INFO    ] [chrome_api.mapper] mapper | ads_response_to_rows | Hyundai | Processing 5 trims from ADS response
[2026-07-28 14:33:26] [DEBUG   ] [chrome_api.mapper] mapper | HYUNDAI | I9EW7ZE4ES00 | Extracted fields: year=2026, desc=Essential RWD, trim=Essential
[2026-07-28 14:33:26] [DEBUG   ] [chrome_api.mapper] mapper | HYUNDAI | I9EW7ZE4ES00 | ModelName from ADS: IONIQ 9
[2026-07-28 14:33:26] [DEBUG   ] [semantic.standardizer] standardizer | Hyundai | No trim alias found for: 'Essential'
[2026-07-28 14:33:26] [DEBUG   ] [semantic.standardizer] standardizer | Hyundai | No description patterns matched: 'Essential RWD'
[2026-07-28 14:33:26] [DEBUG   ] [chrome_api.mapper] mapper | HYUNDAI | I9EW7ZE4ES00 | Applied standardization rules
[2026-07-28 14:33:26] [INFO    ] [chrome_api.mapper] mapper | HYUNDAI | Loaded 6 ENGINE_TYPE keywords: ['hev', 'hybrid', 'phev', 'ev', 'plug-in', 'electric']
[2026-07-28 14:33:26] [DEBUG   ] [chrome_api.mapper] mapper | HYUNDAI | I9EW7ZE4ES00 | Searching text: 'ioniq 9 essential rwd'
[2026-07-28 14:33:26] [DEBUG   ] [chrome_api.mapper] mapper | HYUNDAI | I9EW7ZE4ES00 | No ENGINE_TYPE keyword found
[2026-07-28 14:33:26] [INFO    ] [chrome_api.mapper] mapper | HYUNDAI | I9EW7ZE4ES00 | Row complete: model=IONIQ 9, trim=Essential RWD, engine_type=None
[2026-07-28 14:33:26] [DEBUG   ] [chrome_api.mapper] mapper | HYUNDAI | I9EW7ZE2PR00 | Extracted fields: year=2026, desc=Preferred AWD, trim=Preferred
[2026-07-28 14:33:26] [DEBUG   ] [chrome_api.mapper] mapper | HYUNDAI | I9EW7ZE2PR00 | ModelName from ADS: IONIQ 9
[2026-07-28 14:33:26] [DEBUG   ] [semantic.standardizer] standardizer | Hyundai | No trim alias found for: 'Preferred'
[2026-07-28 14:33:26] [DEBUG   ] [semantic.standardizer] standardizer | Hyundai | No description patterns matched: 'Preferred AWD'
[2026-07-28 14:33:26] [DEBUG   ] [chrome_api.mapper] mapper | HYUNDAI | I9EW7ZE2PR00 | Applied standardization rules
[2026-07-28 14:33:26] [INFO    ] [chrome_api.mapper] mapper | HYUNDAI | Loaded 6 ENGINE_TYPE keywords: ['hev', 'hybrid', 'phev', 'ev', 'plug-in', 'electric']
[2026-07-28 14:33:26] [DEBUG   ] [chrome_api.mapper] mapper | HYUNDAI | I9EW7ZE2PR00 | Searching text: 'ioniq 9 preferred awd'
[2026-07-28 14:33:26] [DEBUG   ] [chrome_api.mapper] mapper | HYUNDAI | I9EW7ZE2PR00 | No ENGINE_TYPE keyword found
[2026-07-28 14:33:26] [INFO    ] [chrome_api.mapper] mapper | HYUNDAI | I9EW7ZE2PR00 | Row complete: model=IONIQ 9, trim=Preferred AWD, engine_type=None
[2026-07-28 14:33:26] [DEBUG   ] [chrome_api.mapper] mapper | HYUNDAI | I9EW7ZE2PRLP | Extracted fields: year=2026, desc=Preferred AWD w/Luxury Pkg, trim=Preferred
[2026-07-28 14:33:26] [DEBUG   ] [chrome_api.mapper] mapper | HYUNDAI | I9EW7ZE2PRLP | ModelName from ADS: IONIQ 9
[2026-07-28 14:33:26] [DEBUG   ] [semantic.standardizer] standardizer | Hyundai | No trim alias found for: 'Preferred'
[2026-07-28 14:33:26] [DEBUG   ] [semantic.standardizer] standardizer | Hyundai | No description patterns matched: 'Preferred AWD w/Luxury Pkg'
[2026-07-28 14:33:26] [DEBUG   ] [chrome_api.mapper] mapper | HYUNDAI | I9EW7ZE2PRLP | Applied standardization rules
[2026-07-28 14:33:26] [INFO    ] [chrome_api.mapper] mapper | HYUNDAI | Loaded 6 ENGINE_TYPE keywords: ['hev', 'hybrid', 'phev', 'ev', 'plug-in', 'electric']
[2026-07-28 14:33:26] [DEBUG   ] [chrome_api.mapper] mapper | HYUNDAI | I9EW7ZE2PRLP | Searching text: 'ioniq 9 preferred awd w/luxury pkg'
[2026-07-28 14:33:26] [DEBUG   ] [chrome_api.mapper] mapper | HYUNDAI | I9EW7ZE2PRLP | No ENGINE_TYPE keyword found
[2026-07-28 14:33:26] [INFO    ] [chrome_api.mapper] mapper | HYUNDAI | I9EW7ZE2PRLP | Row complete: model=IONIQ 9, trim=Preferred AWD w/Luxury Pkg, engine_type=None
[2026-07-28 14:33:26] [DEBUG   ] [chrome_api.mapper] mapper | HYUNDAI | I9EW6ZE1PRBG | Extracted fields: year=2026, desc=Preferred + AWD w/Ultimate Calligraphy Pkg, trim=Preferred +
[2026-07-28 14:33:26] [DEBUG   ] [chrome_api.mapper] mapper | HYUNDAI | I9EW6ZE1PRBG | ModelName from ADS: IONIQ 9
[2026-07-28 14:33:26] [DEBUG   ] [semantic.standardizer] standardizer | Hyundai | No trim alias found for: 'Preferred +'
[2026-07-28 14:33:26] [DEBUG   ] [semantic.standardizer] standardizer | Hyundai | No description patterns matched: 'Preferred + AWD w/Ultimate Calligraphy Pkg'
[2026-07-28 14:33:26] [DEBUG   ] [chrome_api.mapper] mapper | HYUNDAI | I9EW6ZE1PRBG | Applied standardization rules
[2026-07-28 14:33:26] [INFO    ] [chrome_api.mapper] mapper | HYUNDAI | Loaded 6 ENGINE_TYPE keywords: ['hev', 'hybrid', 'phev', 'ev', 'plug-in', 'electric']
[2026-07-28 14:33:26] [DEBUG   ] [chrome_api.mapper] mapper | HYUNDAI | I9EW6ZE1PRBG | Searching text: 'ioniq 9 preferred + awd w/ultimate calligraphy pkg'
[2026-07-28 14:33:26] [DEBUG   ] [chrome_api.mapper] mapper | HYUNDAI | I9EW6ZE1PRBG | No ENGINE_TYPE keyword found
[2026-07-28 14:33:26] [INFO    ] [chrome_api.mapper] mapper | HYUNDAI | I9EW6ZE1PRBG | Row complete: model=IONIQ 9, trim=Preferred + AWD w/Ultimate Calligraphy Pkg, engine_type=None
[2026-07-28 14:33:26] [DEBUG   ] [chrome_api.mapper] mapper | HYUNDAI | I9EW7ZE1PR00 | Extracted fields: year=2026, desc=Preferred + AWD, trim=Preferred +
[2026-07-28 14:33:26] [DEBUG   ] [chrome_api.mapper] mapper | HYUNDAI | I9EW7ZE1PR00 | ModelName from ADS: IONIQ 9
[2026-07-28 14:33:26] [DEBUG   ] [semantic.standardizer] standardizer | Hyundai | No trim alias found for: 'Preferred +'
[2026-07-28 14:33:26] [DEBUG   ] [semantic.standardizer] standardizer | Hyundai | No description patterns matched: 'Preferred + AWD'
[2026-07-28 14:33:26] [DEBUG   ] [chrome_api.mapper] mapper | HYUNDAI | I9EW7ZE1PR00 | Applied standardization rules
[2026-07-28 14:33:26] [INFO    ] [chrome_api.mapper] mapper | HYUNDAI | Loaded 6 ENGINE_TYPE keywords: ['hev', 'hybrid', 'phev', 'ev', 'plug-in', 'electric']
[2026-07-28 14:33:26] [DEBUG   ] [chrome_api.mapper] mapper | HYUNDAI | I9EW7ZE1PR00 | Searching text: 'ioniq 9 preferred + awd'
[2026-07-28 14:33:26] [DEBUG   ] [chrome_api.mapper] mapper | HYUNDAI | I9EW7ZE1PR00 | No ENGINE_TYPE keyword found
[2026-07-28 14:33:26] [INFO    ] [chrome_api.mapper] mapper | HYUNDAI | I9EW7ZE1PR00 | Row complete: model=IONIQ 9, trim=Preferred + AWD, engine_type=None
[2026-07-28 14:33:26] [INFO    ] [chrome_api.mapper] mapper | ads_response_to_rows | Hyundai | Converted 5/5 trims to rows
[2026-07-28 14:33:26] [DEBUG   ] [chrome_api.service] refresh_from_ads | Hyundai 2026 IONIQ 9 | Converted 5 trims to rows
[2026-07-28 14:33:26] [DEBUG   ] [urllib3.connectionpool] https://demos.autodatasolutions.com:443 "POST /ADSDemo/api/full/ymmt/year/2026/make/Hyundai/model/Kona/ HTTP/1.1" 200 None
[2026-07-28 14:33:27] [INFO    ] [chrome_api.mapper] mapper | ads_response_to_rows | Hyundai | Processing 9 trims from ADS response
[2026-07-28 14:33:27] [DEBUG   ] [chrome_api.mapper] mapper | HYUNDAI | KOCW5V2BES00 | Extracted fields: year=2026, desc=2.0L Essential FWD, trim=Essential
[2026-07-28 14:33:27] [DEBUG   ] [chrome_api.mapper] mapper | HYUNDAI | KOCW5V2BES00 | ModelName from ADS: Kona
[2026-07-28 14:33:27] [DEBUG   ] [semantic.standardizer] standardizer | Hyundai | No trim alias found for: 'Essential'
[2026-07-28 14:33:27] [DEBUG   ] [semantic.standardizer] standardizer | Hyundai | No description patterns matched: '2.0L Essential FWD'
[2026-07-28 14:33:27] [DEBUG   ] [chrome_api.mapper] mapper | HYUNDAI | KOCW5V2BES00 | Applied standardization rules
[2026-07-28 14:33:27] [INFO    ] [chrome_api.mapper] mapper | HYUNDAI | Loaded 6 ENGINE_TYPE keywords: ['hev', 'hybrid', 'phev', 'ev', 'plug-in', 'electric']
[2026-07-28 14:33:27] [DEBUG   ] [chrome_api.mapper] mapper | HYUNDAI | KOCW5V2BES00 | Searching text: 'kona 2.0l essential fwd'
[2026-07-28 14:33:27] [DEBUG   ] [chrome_api.mapper] mapper | HYUNDAI | KOCW5V2BES00 | No ENGINE_TYPE keyword found
[2026-07-28 14:33:27] [INFO    ] [chrome_api.mapper] mapper | HYUNDAI | KOCW5V2BES00 | Row complete: model=Kona, trim=2.0L Essential FWD, engine_type=None
[2026-07-28 14:33:27] [DEBUG   ] [chrome_api.mapper] mapper | HYUNDAI | KOCW5V2BPR00 | Extracted fields: year=2026, desc=2.0L Preferred FWD, trim=Preferred
[2026-07-28 14:33:27] [DEBUG   ] [chrome_api.mapper] mapper | HYUNDAI | KOCW5V2BPR00 | ModelName from ADS: Kona
[2026-07-28 14:33:27] [DEBUG   ] [semantic.standardizer] standardizer | Hyundai | No trim alias found for: 'Preferred'
[2026-07-28 14:33:27] [DEBUG   ] [semantic.standardizer] standardizer | Hyundai | No description patterns matched: '2.0L Preferred FWD'
[2026-07-28 14:33:27] [DEBUG   ] [chrome_api.mapper] mapper | HYUNDAI | KOCW5V2BPR00 | Applied standardization rules
[2026-07-28 14:33:27] [INFO    ] [chrome_api.mapper] mapper | HYUNDAI | Loaded 6 ENGINE_TYPE keywords: ['hev', 'hybrid', 'phev', 'ev', 'plug-in', 'electric']
[2026-07-28 14:33:27] [DEBUG   ] [chrome_api.mapper] mapper | HYUNDAI | KOCW5V2BPR00 | Searching text: 'kona 2.0l preferred fwd'
[2026-07-28 14:33:27] [DEBUG   ] [chrome_api.mapper] mapper | HYUNDAI | KOCW5V2BPR00 | No ENGINE_TYPE keyword found
[2026-07-28 14:33:27] [INFO    ] [chrome_api.mapper] mapper | HYUNDAI | KOCW5V2BPR00 | Row complete: model=Kona, trim=2.0L Preferred FWD, engine_type=None
[2026-07-28 14:33:27] [DEBUG   ] [chrome_api.mapper] mapper | HYUNDAI | KOCW5Q2BES00 | Extracted fields: year=2026, desc=2.0L Essential AWD, trim=Essential
[2026-07-28 14:33:27] [DEBUG   ] [chrome_api.mapper] mapper | HYUNDAI | KOCW5Q2BES00 | ModelName from ADS: Kona
[2026-07-28 14:33:27] [DEBUG   ] [semantic.standardizer] standardizer | Hyundai | No trim alias found for: 'Essential'
[2026-07-28 14:33:27] [DEBUG   ] [semantic.standardizer] standardizer | Hyundai | No description patterns matched: '2.0L Essential AWD'
[2026-07-28 14:33:27] [DEBUG   ] [chrome_api.mapper] mapper | HYUNDAI | KOCW5Q2BES00 | Applied standardization rules
[2026-07-28 14:33:27] [INFO    ] [chrome_api.mapper] mapper | HYUNDAI | Loaded 6 ENGINE_TYPE keywords: ['hev', 'hybrid', 'phev', 'ev', 'plug-in', 'electric']
[2026-07-28 14:33:27] [DEBUG   ] [chrome_api.mapper] mapper | HYUNDAI | KOCW5Q2BES00 | Searching text: 'kona 2.0l essential awd'
[2026-07-28 14:33:27] [DEBUG   ] [chrome_api.mapper] mapper | HYUNDAI | KOCW5Q2BES00 | No ENGINE_TYPE keyword found
[2026-07-28 14:33:27] [INFO    ] [chrome_api.mapper] mapper | HYUNDAI | KOCW5Q2BES00 | Row complete: model=Kona, trim=2.0L Essential AWD, engine_type=None
[2026-07-28 14:33:27] [DEBUG   ] [chrome_api.mapper] mapper | HYUNDAI | KOCW5Q2BPR00 | Extracted fields: year=2026, desc=2.0L Preferred AWD, trim=Preferred
[2026-07-28 14:33:27] [DEBUG   ] [chrome_api.mapper] mapper | HYUNDAI | KOCW5Q2BPR00 | ModelName from ADS: Kona
[2026-07-28 14:33:27] [DEBUG   ] [semantic.standardizer] standardizer | Hyundai | No trim alias found for: 'Preferred'
[2026-07-28 14:33:27] [DEBUG   ] [semantic.standardizer] standardizer | Hyundai | No description patterns matched: '2.0L Preferred AWD'
[2026-07-28 14:33:27] [DEBUG   ] [chrome_api.mapper] mapper | HYUNDAI | KOCW5Q2BPR00 | Applied standardization rules
[2026-07-28 14:33:27] [INFO    ] [chrome_api.mapper] mapper | HYUNDAI | Loaded 6 ENGINE_TYPE keywords: ['hev', 'hybrid', 'phev', 'ev', 'plug-in', 'electric']
[2026-07-28 14:33:27] [DEBUG   ] [chrome_api.mapper] mapper | HYUNDAI | KOCW5Q2BPR00 | Searching text: 'kona 2.0l preferred awd'
[2026-07-28 14:33:27] [DEBUG   ] [chrome_api.mapper] mapper | HYUNDAI | KOCW5Q2BPR00 | No ENGINE_TYPE keyword found
[2026-07-28 14:33:27] [INFO    ] [chrome_api.mapper] mapper | HYUNDAI | KOCW5Q2BPR00 | Row complete: model=Kona, trim=2.0L Preferred AWD, engine_type=None
[2026-07-28 14:33:27] [DEBUG   ] [chrome_api.mapper] mapper | HYUNDAI | KOCW5Q2BPRTR | Extracted fields: year=2026, desc=2.0L Preferred AWD w/Trend Package, trim=Preferred
[2026-07-28 14:33:27] [DEBUG   ] [chrome_api.mapper] mapper | HYUNDAI | KOCW5Q2BPRTR | ModelName from ADS: Kona
[2026-07-28 14:33:27] [DEBUG   ] [semantic.standardizer] standardizer | Hyundai | No trim alias found for: 'Preferred'
[2026-07-28 14:33:27] [DEBUG   ] [semantic.standardizer] standardizer | Hyundai | No description patterns matched: '2.0L Preferred AWD w/Trend Package'
[2026-07-28 14:33:27] [DEBUG   ] [chrome_api.mapper] mapper | HYUNDAI | KOCW5Q2BPRTR | Applied standardization rules
[2026-07-28 14:33:27] [INFO    ] [chrome_api.mapper] mapper | HYUNDAI | Loaded 6 ENGINE_TYPE keywords: ['hev', 'hybrid', 'phev', 'ev', 'plug-in', 'electric']
[2026-07-28 14:33:27] [DEBUG   ] [chrome_api.mapper] mapper | HYUNDAI | KOCW5Q2BPRTR | Searching text: 'kona 2.0l preferred awd w/trend package'
[2026-07-28 14:33:27] [DEBUG   ] [chrome_api.mapper] mapper | HYUNDAI | KOCW5Q2BPRTR | No ENGINE_TYPE keyword found
[2026-07-28 14:33:27] [INFO    ] [chrome_api.mapper] mapper | HYUNDAI | KOCW5Q2BPRTR | Row complete: model=Kona, trim=2.0L Preferred AWD w/Trend Package, engine_type=None
[2026-07-28 14:33:27] [DEBUG   ] [chrome_api.mapper] mapper | HYUNDAI | KOCW5K1ANL00 | Extracted fields: year=2026, desc=1.6T N Line AWD, trim=N Line
[2026-07-28 14:33:27] [DEBUG   ] [chrome_api.mapper] mapper | HYUNDAI | KOCW5K1ANL00 | ModelName from ADS: Kona
[2026-07-28 14:33:27] [DEBUG   ] [chrome_api.mapper] mapper | HYUNDAI | KOCW5K1ANL00 | Applied standardization rules
[2026-07-28 14:33:27] [INFO    ] [chrome_api.mapper] mapper | HYUNDAI | Loaded 6 ENGINE_TYPE keywords: ['hev', 'hybrid', 'phev', 'ev', 'plug-in', 'electric']
[2026-07-28 14:33:27] [DEBUG   ] [chrome_api.mapper] mapper | HYUNDAI | KOCW5K1ANL00 | Searching text: 'kona 1.6t n-line awd'
[2026-07-28 14:33:27] [DEBUG   ] [chrome_api.mapper] mapper | HYUNDAI | KOCW5K1ANL00 | No ENGINE_TYPE keyword found
[2026-07-28 14:33:27] [INFO    ] [chrome_api.mapper] mapper | HYUNDAI | KOCW5K1ANL00 | Row complete: model=Kona, trim=1.6T N-Line AWD, engine_type=None
[2026-07-28 14:33:27] [DEBUG   ] [chrome_api.mapper] mapper | HYUNDAI | KOCW5K1ANLTT | Extracted fields: year=2026, desc=1.6T N Line AWD w/Two-Tone Roof, trim=N Line
[2026-07-28 14:33:27] [DEBUG   ] [chrome_api.mapper] mapper | HYUNDAI | KOCW5K1ANLTT | ModelName from ADS: Kona
[2026-07-28 14:33:27] [DEBUG   ] [chrome_api.mapper] mapper | HYUNDAI | KOCW5K1ANLTT | Applied standardization rules
[2026-07-28 14:33:27] [INFO    ] [chrome_api.mapper] mapper | HYUNDAI | Loaded 6 ENGINE_TYPE keywords: ['hev', 'hybrid', 'phev', 'ev', 'plug-in', 'electric']
[2026-07-28 14:33:27] [DEBUG   ] [chrome_api.mapper] mapper | HYUNDAI | KOCW5K1ANLTT | Searching text: 'kona 1.6t n-line awd w/two-tone roof'
[2026-07-28 14:33:27] [DEBUG   ] [chrome_api.mapper] mapper | HYUNDAI | KOCW5K1ANLTT | No ENGINE_TYPE keyword found
[2026-07-28 14:33:27] [INFO    ] [chrome_api.mapper] mapper | HYUNDAI | KOCW5K1ANLTT | Row complete: model=Kona, trim=1.6T N-Line AWD w/Two-Tone Roof, engine_type=None
[2026-07-28 14:33:27] [DEBUG   ] [chrome_api.mapper] mapper | HYUNDAI | KOCW5K1ANLUL | Extracted fields: year=2026, desc=1.6T N Line Ultimate AWD, trim=N Line Ultimate
[2026-07-28 14:33:27] [DEBUG   ] [chrome_api.mapper] mapper | HYUNDAI | KOCW5K1ANLUL | ModelName from ADS: Kona
[2026-07-28 14:33:27] [DEBUG   ] [chrome_api.mapper] mapper | HYUNDAI | KOCW5K1ANLUL | Applied standardization rules
[2026-07-28 14:33:27] [INFO    ] [chrome_api.mapper] mapper | HYUNDAI | Loaded 6 ENGINE_TYPE keywords: ['hev', 'hybrid', 'phev', 'ev', 'plug-in', 'electric']
[2026-07-28 14:33:27] [DEBUG   ] [chrome_api.mapper] mapper | HYUNDAI | KOCW5K1ANLUL | Searching text: 'kona 1.6t n-line ultimate awd'
[2026-07-28 14:33:27] [DEBUG   ] [chrome_api.mapper] mapper | HYUNDAI | KOCW5K1ANLUL | No ENGINE_TYPE keyword found
[2026-07-28 14:33:27] [INFO    ] [chrome_api.mapper] mapper | HYUNDAI | KOCW5K1ANLUL | Row complete: model=Kona, trim=1.6T N-Line Ultimate AWD, engine_type=None
[2026-07-28 14:33:27] [DEBUG   ] [chrome_api.mapper] mapper | HYUNDAI | KOCW5K1ANLBA | Extracted fields: year=2026, desc=1.6T N Line Ultimate AWD w/Two-Tone Roof, trim=N Line Ultimate
[2026-07-28 14:33:27] [DEBUG   ] [chrome_api.mapper] mapper | HYUNDAI | KOCW5K1ANLBA | ModelName from ADS: Kona
[2026-07-28 14:33:27] [DEBUG   ] [chrome_api.mapper] mapper | HYUNDAI | KOCW5K1ANLBA | Applied standardization rules
[2026-07-28 14:33:27] [INFO    ] [chrome_api.mapper] mapper | HYUNDAI | Loaded 6 ENGINE_TYPE keywords: ['hev', 'hybrid', 'phev', 'ev', 'plug-in', 'electric']
[2026-07-28 14:33:27] [DEBUG   ] [chrome_api.mapper] mapper | HYUNDAI | KOCW5K1ANLBA | Searching text: 'kona 1.6t n-line ultimate awd w/two-tone roof'
[2026-07-28 14:33:27] [DEBUG   ] [chrome_api.mapper] mapper | HYUNDAI | KOCW5K1ANLBA | No ENGINE_TYPE keyword found
[2026-07-28 14:33:27] [INFO    ] [chrome_api.mapper] mapper | HYUNDAI | KOCW5K1ANLBA | Row complete: model=Kona, trim=1.6T N-Line Ultimate AWD w/Two-Tone Roof, engine_type=None
[2026-07-28 14:33:27] [INFO    ] [chrome_api.mapper] mapper | ads_response_to_rows | Hyundai | Converted 9/9 trims to rows
[2026-07-28 14:33:27] [DEBUG   ] [chrome_api.service] refresh_from_ads | Hyundai 2026 Kona | Converted 9 trims to rows
[2026-07-28 14:33:27] [DEBUG   ] [urllib3.connectionpool] https://demos.autodatasolutions.com:443 "POST /ADSDemo/api/full/ymmt/year/2026/make/Hyundai/model/Kona%20Electric/ HTTP/1.1" 200 None
[2026-07-28 14:33:27] [INFO    ] [chrome_api.mapper] mapper | ads_response_to_rows | Hyundai | Processing 4 trims from ADS response
[2026-07-28 14:33:27] [DEBUG   ] [chrome_api.mapper] mapper | HYUNDAI | KEEW5ZE4PR00 | Extracted fields: year=2026, desc=Preferred FWD, trim=Preferred
[2026-07-28 14:33:27] [DEBUG   ] [chrome_api.mapper] mapper | HYUNDAI | KEEW5ZE4PR00 | ModelName from ADS: Kona Electric
[2026-07-28 14:33:27] [DEBUG   ] [semantic.standardizer] standardizer | Hyundai | No trim alias found for: 'Preferred'
[2026-07-28 14:33:27] [DEBUG   ] [semantic.standardizer] standardizer | Hyundai | No description patterns matched: 'Preferred FWD'
[2026-07-28 14:33:27] [DEBUG   ] [chrome_api.mapper] mapper | HYUNDAI | KEEW5ZE4PR00 | Applied standardization rules
[2026-07-28 14:33:27] [INFO    ] [chrome_api.mapper] mapper | HYUNDAI | Loaded 6 ENGINE_TYPE keywords: ['hev', 'hybrid', 'phev', 'ev', 'plug-in', 'electric']
[2026-07-28 14:33:27] [DEBUG   ] [chrome_api.mapper] mapper | HYUNDAI | KEEW5ZE4PR00 | Searching text: 'kona electric preferred fwd'
[2026-07-28 14:33:27] [DEBUG   ] [chrome_api.mapper] mapper | HYUNDAI | KEEW5ZE4PR00 | Found keyword 'electric' in 'Kona Electric Preferred FWD'
[2026-07-28 14:33:27] [WARNING ] [chrome_api.mapper] mapper | HYUNDAI | KEEW5ZE4PR00 | Keyword 'electric' found but NOT in translator. Returning keyword as-is.
[2026-07-28 14:33:27] [INFO    ] [chrome_api.mapper] mapper | HYUNDAI | KEEW5ZE4PR00 | Row complete: model=Kona Electric, trim=Preferred FWD, engine_type=electric
[2026-07-28 14:33:27] [DEBUG   ] [chrome_api.mapper] mapper | HYUNDAI | KEEW5ZE4PRTR | Extracted fields: year=2026, desc=Preferred FWD w/Trend Package, trim=Preferred
[2026-07-28 14:33:27] [DEBUG   ] [chrome_api.mapper] mapper | HYUNDAI | KEEW5ZE4PRTR | ModelName from ADS: Kona Electric
[2026-07-28 14:33:27] [DEBUG   ] [semantic.standardizer] standardizer | Hyundai | No trim alias found for: 'Preferred'
[2026-07-28 14:33:27] [DEBUG   ] [semantic.standardizer] standardizer | Hyundai | No description patterns matched: 'Preferred FWD w/Trend Package'
[2026-07-28 14:33:27] [DEBUG   ] [chrome_api.mapper] mapper | HYUNDAI | KEEW5ZE4PRTR | Applied standardization rules
[2026-07-28 14:33:27] [INFO    ] [chrome_api.mapper] mapper | HYUNDAI | Loaded 6 ENGINE_TYPE keywords: ['hev', 'hybrid', 'phev', 'ev', 'plug-in', 'electric']
[2026-07-28 14:33:27] [DEBUG   ] [chrome_api.mapper] mapper | HYUNDAI | KEEW5ZE4PRTR | Searching text: 'kona electric preferred fwd w/trend package'
[2026-07-28 14:33:27] [DEBUG   ] [chrome_api.mapper] mapper | HYUNDAI | KEEW5ZE4PRTR | Found keyword 'electric' in 'Kona Electric Preferred FWD w/Trend Package'
[2026-07-28 14:33:27] [WARNING ] [chrome_api.mapper] mapper | HYUNDAI | KEEW5ZE4PRTR | Keyword 'electric' found but NOT in translator. Returning keyword as-is.
[2026-07-28 14:33:27] [INFO    ] [chrome_api.mapper] mapper | HYUNDAI | KEEW5ZE4PRTR | Row complete: model=Kona Electric, trim=Preferred FWD w/Trend Package, engine_type=electric
[2026-07-28 14:33:27] [DEBUG   ] [chrome_api.mapper] mapper | HYUNDAI | KEEW5ZE4PRUP | Extracted fields: year=2026, desc=Preferred FWD w/Ultimate Package, trim=Preferred
[2026-07-28 14:33:27] [DEBUG   ] [chrome_api.mapper] mapper | HYUNDAI | KEEW5ZE4PRUP | ModelName from ADS: Kona Electric
[2026-07-28 14:33:27] [DEBUG   ] [semantic.standardizer] standardizer | Hyundai | No trim alias found for: 'Preferred'
[2026-07-28 14:33:27] [DEBUG   ] [semantic.standardizer] standardizer | Hyundai | No description patterns matched: 'Preferred FWD w/Ultimate Package'
[2026-07-28 14:33:27] [DEBUG   ] [chrome_api.mapper] mapper | HYUNDAI | KEEW5ZE4PRUP | Applied standardization rules
[2026-07-28 14:33:27] [INFO    ] [chrome_api.mapper] mapper | HYUNDAI | Loaded 6 ENGINE_TYPE keywords: ['hev', 'hybrid', 'phev', 'ev', 'plug-in', 'electric']
[2026-07-28 14:33:27] [DEBUG   ] [chrome_api.mapper] mapper | HYUNDAI | KEEW5ZE4PRUP | Searching text: 'kona electric preferred fwd w/ultimate package'
[2026-07-28 14:33:27] [DEBUG   ] [chrome_api.mapper] mapper | HYUNDAI | KEEW5ZE4PRUP | Found keyword 'electric' in 'Kona Electric Preferred FWD w/Ultimate Package'
[2026-07-28 14:33:27] [WARNING ] [chrome_api.mapper] mapper | HYUNDAI | KEEW5ZE4PRUP | Keyword 'electric' found but NOT in translator. Returning keyword as-is.
[2026-07-28 14:33:27] [INFO    ] [chrome_api.mapper] mapper | HYUNDAI | KEEW5ZE4PRUP | Row complete: model=Kona Electric, trim=Preferred FWD w/Ultimate Package, engine_type=electric
[2026-07-28 14:33:27] [DEBUG   ] [chrome_api.mapper] mapper | HYUNDAI | KEEW5ZE4PRUT | Extracted fields: year=2026, desc=Preferred FWD w/Ultimate Package Two-Tone, trim=Preferred
[2026-07-28 14:33:27] [DEBUG   ] [chrome_api.mapper] mapper | HYUNDAI | KEEW5ZE4PRUT | ModelName from ADS: Kona Electric
[2026-07-28 14:33:27] [DEBUG   ] [semantic.standardizer] standardizer | Hyundai | No trim alias found for: 'Preferred'
[2026-07-28 14:33:27] [DEBUG   ] [semantic.standardizer] standardizer | Hyundai | No description patterns matched: 'Preferred FWD w/Ultimate Package Two-Tone'
[2026-07-28 14:33:27] [DEBUG   ] [chrome_api.mapper] mapper | HYUNDAI | KEEW5ZE4PRUT | Applied standardization rules
[2026-07-28 14:33:27] [INFO    ] [chrome_api.mapper] mapper | HYUNDAI | Loaded 6 ENGINE_TYPE keywords: ['hev', 'hybrid', 'phev', 'ev', 'plug-in', 'electric']
[2026-07-28 14:33:27] [DEBUG   ] [chrome_api.mapper] mapper | HYUNDAI | KEEW5ZE4PRUT | Searching text: 'kona electric preferred fwd w/ultimate package two-tone'
[2026-07-28 14:33:27] [DEBUG   ] [chrome_api.mapper] mapper | HYUNDAI | KEEW5ZE4PRUT | Found keyword 'electric' in 'Kona Electric Preferred FWD w/Ultimate Package Two-Tone'
[2026-07-28 14:33:27] [WARNING ] [chrome_api.mapper] mapper | HYUNDAI | KEEW5ZE4PRUT | Keyword 'electric' found but NOT in translator. Returning keyword as-is.
[2026-07-28 14:33:27] [INFO    ] [chrome_api.mapper] mapper | HYUNDAI | KEEW5ZE4PRUT | Row complete: model=Kona Electric, trim=Preferred FWD w/Ultimate Package Two-Tone, engine_type=electric
[2026-07-28 14:33:27] [INFO    ] [chrome_api.mapper] mapper | ads_response_to_rows | Hyundai | Converted 4/4 trims to rows
[2026-07-28 14:33:27] [DEBUG   ] [chrome_api.service] refresh_from_ads | Hyundai 2026 Kona Electric | Converted 4 trims to rows
[2026-07-28 14:33:27] [DEBUG   ] [urllib3.connectionpool] https://demos.autodatasolutions.com:443 "POST /ADSDemo/api/full/ymmt/year/2026/make/Hyundai/model/Palisade/ HTTP/1.1" 200 None
[2026-07-28 14:33:28] [INFO    ] [chrome_api.mapper] mapper | ads_response_to_rows | Hyundai | Processing 3 trims from ADS response
[2026-07-28 14:33:28] [DEBUG   ] [chrome_api.mapper] mapper | HYUNDAI | PACW8K3FPRTR | Extracted fields: year=2026, desc=Preferred Trend AWD, trim=Preferred Trend
[2026-07-28 14:33:28] [DEBUG   ] [chrome_api.mapper] mapper | HYUNDAI | PACW8K3FPRTR | ModelName from ADS: Palisade
[2026-07-28 14:33:28] [DEBUG   ] [semantic.standardizer] standardizer | Hyundai | No trim alias found for: 'Preferred Trend'
[2026-07-28 14:33:28] [DEBUG   ] [semantic.standardizer] standardizer | Hyundai | No description patterns matched: 'Preferred Trend AWD'
[2026-07-28 14:33:28] [DEBUG   ] [chrome_api.mapper] mapper | HYUNDAI | PACW8K3FPRTR | Applied standardization rules
[2026-07-28 14:33:28] [INFO    ] [chrome_api.mapper] mapper | HYUNDAI | Loaded 6 ENGINE_TYPE keywords: ['hev', 'hybrid', 'phev', 'ev', 'plug-in', 'electric']
[2026-07-28 14:33:28] [DEBUG   ] [chrome_api.mapper] mapper | HYUNDAI | PACW8K3FPRTR | Searching text: 'palisade preferred trend awd'
[2026-07-28 14:33:28] [DEBUG   ] [chrome_api.mapper] mapper | HYUNDAI | PACW8K3FPRTR | No ENGINE_TYPE keyword found
[2026-07-28 14:33:28] [INFO    ] [chrome_api.mapper] mapper | HYUNDAI | PACW8K3FPRTR | Row complete: model=Palisade, trim=Preferred Trend AWD, engine_type=None
[2026-07-28 14:33:28] [DEBUG   ] [chrome_api.mapper] mapper | HYUNDAI | PACW7K3FULCA | Extracted fields: year=2026, desc=Ultimate Calligraphy AWD, trim=Ultimate Calligraphy
[2026-07-28 14:33:28] [DEBUG   ] [chrome_api.mapper] mapper | HYUNDAI | PACW7K3FULCA | ModelName from ADS: Palisade
[2026-07-28 14:33:28] [DEBUG   ] [semantic.standardizer] standardizer | Hyundai | No trim alias found for: 'Ultimate Calligraphy'
[2026-07-28 14:33:28] [DEBUG   ] [semantic.standardizer] standardizer | Hyundai | No description patterns matched: 'Ultimate Calligraphy AWD'
[2026-07-28 14:33:28] [DEBUG   ] [chrome_api.mapper] mapper | HYUNDAI | PACW7K3FULCA | Applied standardization rules
[2026-07-28 14:33:28] [INFO    ] [chrome_api.mapper] mapper | HYUNDAI | Loaded 6 ENGINE_TYPE keywords: ['hev', 'hybrid', 'phev', 'ev', 'plug-in', 'electric']
[2026-07-28 14:33:28] [DEBUG   ] [chrome_api.mapper] mapper | HYUNDAI | PACW7K3FULCA | Searching text: 'palisade ultimate calligraphy awd'
[2026-07-28 14:33:28] [DEBUG   ] [chrome_api.mapper] mapper | HYUNDAI | PACW7K3FULCA | No ENGINE_TYPE keyword found
[2026-07-28 14:33:28] [INFO    ] [chrome_api.mapper] mapper | HYUNDAI | PACW7K3FULCA | Row complete: model=Palisade, trim=Ultimate Calligraphy AWD, engine_type=None
[2026-07-28 14:33:28] [DEBUG   ] [chrome_api.mapper] mapper | HYUNDAI | PACW7K3FXP00 | Extracted fields: year=2026, desc=XRT Pro AWD, trim=XRT Pro
[2026-07-28 14:33:28] [DEBUG   ] [chrome_api.mapper] mapper | HYUNDAI | PACW7K3FXP00 | ModelName from ADS: Palisade
[2026-07-28 14:33:28] [DEBUG   ] [semantic.standardizer] standardizer | Hyundai | No trim alias found for: 'XRT Pro'
[2026-07-28 14:33:28] [DEBUG   ] [semantic.standardizer] standardizer | Hyundai | No description patterns matched: 'XRT Pro AWD'
[2026-07-28 14:33:28] [DEBUG   ] [chrome_api.mapper] mapper | HYUNDAI | PACW7K3FXP00 | Applied standardization rules
[2026-07-28 14:33:28] [INFO    ] [chrome_api.mapper] mapper | HYUNDAI | Loaded 6 ENGINE_TYPE keywords: ['hev', 'hybrid', 'phev', 'ev', 'plug-in', 'electric']
[2026-07-28 14:33:28] [DEBUG   ] [chrome_api.mapper] mapper | HYUNDAI | PACW7K3FXP00 | Searching text: 'palisade xrt pro awd'
[2026-07-28 14:33:28] [DEBUG   ] [chrome_api.mapper] mapper | HYUNDAI | PACW7K3FXP00 | No ENGINE_TYPE keyword found
[2026-07-28 14:33:28] [INFO    ] [chrome_api.mapper] mapper | HYUNDAI | PACW7K3FXP00 | Row complete: model=Palisade, trim=XRT Pro AWD, engine_type=None
[2026-07-28 14:33:28] [INFO    ] [chrome_api.mapper] mapper | ads_response_to_rows | Hyundai | Converted 3/3 trims to rows
[2026-07-28 14:33:28] [DEBUG   ] [chrome_api.service] refresh_from_ads | Hyundai 2026 Palisade | Converted 3 trims to rows
[2026-07-28 14:33:28] [DEBUG   ] [urllib3.connectionpool] https://demos.autodatasolutions.com:443 "POST /ADSDemo/api/full/ymmt/year/2026/make/Hyundai/model/Palisade%20Hybrid/ HTTP/1.1" 200 None
[2026-07-28 14:33:29] [INFO    ] [chrome_api.mapper] mapper | ads_response_to_rows | Hyundai | Processing 4 trims from ADS response
[2026-07-28 14:33:29] [DEBUG   ] [chrome_api.mapper] mapper | HYUNDAI | PAHW8G2DLU8H | Extracted fields: year=2026, desc=Luxury 8-Passenger AWD, trim=Luxury
[2026-07-28 14:33:29] [DEBUG   ] [chrome_api.mapper] mapper | HYUNDAI | PAHW8G2DLU8H | ModelName from ADS: Palisade Hybrid
[2026-07-28 14:33:29] [DEBUG   ] [semantic.standardizer] standardizer | Hyundai | No trim alias found for: 'Luxury'
[2026-07-28 14:33:29] [DEBUG   ] [semantic.standardizer] standardizer | Hyundai | No description patterns matched: 'Luxury 8-Passenger AWD'
[2026-07-28 14:33:29] [DEBUG   ] [chrome_api.mapper] mapper | HYUNDAI | PAHW8G2DLU8H | Applied standardization rules
[2026-07-28 14:33:29] [INFO    ] [chrome_api.mapper] mapper | HYUNDAI | Loaded 6 ENGINE_TYPE keywords: ['hev', 'hybrid', 'phev', 'ev', 'plug-in', 'electric']
[2026-07-28 14:33:29] [DEBUG   ] [chrome_api.mapper] mapper | HYUNDAI | PAHW8G2DLU8H | Searching text: 'palisade hybrid luxury 8-passenger awd'
[2026-07-28 14:33:29] [DEBUG   ] [chrome_api.mapper] mapper | HYUNDAI | PAHW8G2DLU8H | Found keyword 'hybrid' in 'Palisade Hybrid Luxury 8-Passenger AWD'
[2026-07-28 14:33:29] [WARNING ] [chrome_api.mapper] mapper | HYUNDAI | PAHW8G2DLU8H | Keyword 'hybrid' found but NOT in translator. Returning keyword as-is.
[2026-07-28 14:33:29] [INFO    ] [chrome_api.mapper] mapper | HYUNDAI | PAHW8G2DLU8H | Row complete: model=Palisade Hybrid, trim=Luxury 8-Passenger AWD, engine_type=hybrid
[2026-07-28 14:33:29] [DEBUG   ] [chrome_api.mapper] mapper | HYUNDAI | PAHW7G2DLU7H | Extracted fields: year=2026, desc=Luxury 7-Passenger AWD, trim=Luxury
[2026-07-28 14:33:29] [DEBUG   ] [chrome_api.mapper] mapper | HYUNDAI | PAHW7G2DLU7H | ModelName from ADS: Palisade Hybrid
[2026-07-28 14:33:29] [DEBUG   ] [semantic.standardizer] standardizer | Hyundai | No trim alias found for: 'Luxury'
[2026-07-28 14:33:29] [DEBUG   ] [semantic.standardizer] standardizer | Hyundai | No description patterns matched: 'Luxury 7-Passenger AWD'
[2026-07-28 14:33:29] [DEBUG   ] [chrome_api.mapper] mapper | HYUNDAI | PAHW7G2DLU7H | Applied standardization rules
[2026-07-28 14:33:29] [INFO    ] [chrome_api.mapper] mapper | HYUNDAI | Loaded 6 ENGINE_TYPE keywords: ['hev', 'hybrid', 'phev', 'ev', 'plug-in', 'electric']
[2026-07-28 14:33:29] [DEBUG   ] [chrome_api.mapper] mapper | HYUNDAI | PAHW7G2DLU7H | Searching text: 'palisade hybrid luxury 7-passenger awd'
[2026-07-28 14:33:29] [DEBUG   ] [chrome_api.mapper] mapper | HYUNDAI | PAHW7G2DLU7H | Found keyword 'hybrid' in 'Palisade Hybrid Luxury 7-Passenger AWD'
[2026-07-28 14:33:29] [WARNING ] [chrome_api.mapper] mapper | HYUNDAI | PAHW7G2DLU7H | Keyword 'hybrid' found but NOT in translator. Returning keyword as-is.
[2026-07-28 14:33:29] [INFO    ] [chrome_api.mapper] mapper | HYUNDAI | PAHW7G2DLU7H | Row complete: model=Palisade Hybrid, trim=Luxury 7-Passenger AWD, engine_type=hybrid
[2026-07-28 14:33:29] [DEBUG   ] [chrome_api.mapper] mapper | HYUNDAI | PAHW7G2DULCH | Extracted fields: year=2026, desc=Ultimate Calligraphy AWD, trim=Ultimate Calligraphy
[2026-07-28 14:33:29] [DEBUG   ] [chrome_api.mapper] mapper | HYUNDAI | PAHW7G2DULCH | ModelName from ADS: Palisade Hybrid
[2026-07-28 14:33:29] [DEBUG   ] [semantic.standardizer] standardizer | Hyundai | No trim alias found for: 'Ultimate Calligraphy'
[2026-07-28 14:33:29] [DEBUG   ] [semantic.standardizer] standardizer | Hyundai | No description patterns matched: 'Ultimate Calligraphy AWD'
[2026-07-28 14:33:29] [DEBUG   ] [chrome_api.mapper] mapper | HYUNDAI | PAHW7G2DULCH | Applied standardization rules
[2026-07-28 14:33:29] [INFO    ] [chrome_api.mapper] mapper | HYUNDAI | Loaded 6 ENGINE_TYPE keywords: ['hev', 'hybrid', 'phev', 'ev', 'plug-in', 'electric']
[2026-07-28 14:33:29] [DEBUG   ] [chrome_api.mapper] mapper | HYUNDAI | PAHW7G2DULCH | Searching text: 'palisade hybrid ultimate calligraphy awd'
[2026-07-28 14:33:29] [DEBUG   ] [chrome_api.mapper] mapper | HYUNDAI | PAHW7G2DULCH | Found keyword 'hybrid' in 'Palisade Hybrid Ultimate Calligraphy AWD'
[2026-07-28 14:33:29] [WARNING ] [chrome_api.mapper] mapper | HYUNDAI | PAHW7G2DULCH | Keyword 'hybrid' found but NOT in translator. Returning keyword as-is.
[2026-07-28 14:33:29] [INFO    ] [chrome_api.mapper] mapper | HYUNDAI | PAHW7G2DULCH | Row complete: model=Palisade Hybrid, trim=Ultimate Calligraphy AWD, engine_type=hybrid
[2026-07-28 14:33:29] [DEBUG   ] [chrome_api.mapper] mapper | HYUNDAI | PAHW7G2DULCH | Extracted fields: year=2026, desc=Ultimate Calligraphy NHL Special Edition AWD, trim=Ultimate Calligraphy NHL Special Edition
[2026-07-28 14:33:29] [DEBUG   ] [chrome_api.mapper] mapper | HYUNDAI | PAHW7G2DULCH | ModelName from ADS: Palisade Hybrid
[2026-07-28 14:33:29] [DEBUG   ] [semantic.standardizer] standardizer | Hyundai | No trim alias found for: 'Ultimate Calligraphy NHL Special Edition'
[2026-07-28 14:33:29] [DEBUG   ] [semantic.standardizer] standardizer | Hyundai | No description patterns matched: 'Ultimate Calligraphy NHL Special Edition AWD'
[2026-07-28 14:33:29] [DEBUG   ] [chrome_api.mapper] mapper | HYUNDAI | PAHW7G2DULCH | Applied standardization rules
[2026-07-28 14:33:29] [INFO    ] [chrome_api.mapper] mapper | HYUNDAI | Loaded 6 ENGINE_TYPE keywords: ['hev', 'hybrid', 'phev', 'ev', 'plug-in', 'electric']
[2026-07-28 14:33:29] [DEBUG   ] [chrome_api.mapper] mapper | HYUNDAI | PAHW7G2DULCH | Searching text: 'palisade hybrid ultimate calligraphy nhl special edition awd'
[2026-07-28 14:33:29] [DEBUG   ] [chrome_api.mapper] mapper | HYUNDAI | PAHW7G2DULCH | Found keyword 'hybrid' in 'Palisade Hybrid Ultimate Calligraphy NHL Special Edition AWD'
[2026-07-28 14:33:29] [WARNING ] [chrome_api.mapper] mapper | HYUNDAI | PAHW7G2DULCH | Keyword 'hybrid' found but NOT in translator. Returning keyword as-is.
[2026-07-28 14:33:29] [INFO    ] [chrome_api.mapper] mapper | HYUNDAI | PAHW7G2DULCH | Row complete: model=Palisade Hybrid, trim=Ultimate Calligraphy NHL Special Edition AWD, engine_type=hybrid
[2026-07-28 14:33:29] [INFO    ] [chrome_api.mapper] mapper | ads_response_to_rows | Hyundai | Converted 4/4 trims to rows
[2026-07-28 14:33:29] [DEBUG   ] [chrome_api.service] refresh_from_ads | Hyundai 2026 Palisade Hybrid | Converted 4 trims to rows
[2026-07-28 14:33:29] [DEBUG   ] [urllib3.connectionpool] https://demos.autodatasolutions.com:443 "POST /ADSDemo/api/full/ymmt/year/2026/make/Hyundai/model/Santa%20Fe/ HTTP/1.1" 200 None
[2026-07-28 14:33:29] [INFO    ] [chrome_api.mapper] mapper | ads_response_to_rows | Hyundai | Processing 0 trims from ADS response
[2026-07-28 14:33:29] [INFO    ] [chrome_api.mapper] mapper | ads_response_to_rows | Hyundai | Converted 0/0 trims to rows
[2026-07-28 14:33:29] [DEBUG   ] [chrome_api.service] refresh_from_ads | Hyundai 2026 Santa Fe | Converted 0 trims to rows
[2026-07-28 14:33:29] [DEBUG   ] [urllib3.connectionpool] https://demos.autodatasolutions.com:443 "POST /ADSDemo/api/full/ymmt/year/2026/make/Hyundai/model/Santa%20Fe%20Hybrid/ HTTP/1.1" 200 None
[2026-07-28 14:33:30] [INFO    ] [chrome_api.mapper] mapper | ads_response_to_rows | Hyundai | Processing 5 trims from ADS response
[2026-07-28 14:33:30] [DEBUG   ] [chrome_api.mapper] mapper | HYUNDAI | SAHW7G1APRHE | Extracted fields: year=2026, desc=Preferred AWD, trim=Preferred
[2026-07-28 14:33:30] [DEBUG   ] [chrome_api.mapper] mapper | HYUNDAI | SAHW7G1APRHE | ModelName from ADS: Santa Fe Hybrid
[2026-07-28 14:33:30] [DEBUG   ] [semantic.standardizer] standardizer | Hyundai | No trim alias found for: 'Preferred'
[2026-07-28 14:33:30] [DEBUG   ] [semantic.standardizer] standardizer | Hyundai | No description patterns matched: 'Preferred AWD'
[2026-07-28 14:33:30] [DEBUG   ] [chrome_api.mapper] mapper | HYUNDAI | SAHW7G1APRHE | Applied standardization rules
[2026-07-28 14:33:30] [INFO    ] [chrome_api.mapper] mapper | HYUNDAI | Loaded 6 ENGINE_TYPE keywords: ['hev', 'hybrid', 'phev', 'ev', 'plug-in', 'electric']
[2026-07-28 14:33:30] [DEBUG   ] [chrome_api.mapper] mapper | HYUNDAI | SAHW7G1APRHE | Searching text: 'santa fe hybrid preferred awd'
[2026-07-28 14:33:30] [DEBUG   ] [chrome_api.mapper] mapper | HYUNDAI | SAHW7G1APRHE | Found keyword 'hybrid' in 'Santa Fe Hybrid Preferred AWD'
[2026-07-28 14:33:30] [WARNING ] [chrome_api.mapper] mapper | HYUNDAI | SAHW7G1APRHE | Keyword 'hybrid' found but NOT in translator. Returning keyword as-is.
[2026-07-28 14:33:30] [INFO    ] [chrome_api.mapper] mapper | HYUNDAI | SAHW7G1APRHE | Row complete: model=Santa Fe Hybrid, trim=Preferred AWD, engine_type=hybrid
[2026-07-28 14:33:30] [DEBUG   ] [chrome_api.mapper] mapper | HYUNDAI | SAHW7G1APRTH | Extracted fields: year=2026, desc=Preferred AWD w/Trend Pkg, trim=Preferred
[2026-07-28 14:33:30] [DEBUG   ] [chrome_api.mapper] mapper | HYUNDAI | SAHW7G1APRTH | ModelName from ADS: Santa Fe Hybrid
[2026-07-28 14:33:30] [DEBUG   ] [semantic.standardizer] standardizer | Hyundai | No trim alias found for: 'Preferred'
[2026-07-28 14:33:30] [DEBUG   ] [semantic.standardizer] standardizer | Hyundai | No description patterns matched: 'Preferred AWD w/Trend Pkg'
[2026-07-28 14:33:30] [DEBUG   ] [chrome_api.mapper] mapper | HYUNDAI | SAHW7G1APRTH | Applied standardization rules
[2026-07-28 14:33:30] [INFO    ] [chrome_api.mapper] mapper | HYUNDAI | Loaded 6 ENGINE_TYPE keywords: ['hev', 'hybrid', 'phev', 'ev', 'plug-in', 'electric']
[2026-07-28 14:33:30] [DEBUG   ] [chrome_api.mapper] mapper | HYUNDAI | SAHW7G1APRTH | Searching text: 'santa fe hybrid preferred awd w/trend pkg'
[2026-07-28 14:33:30] [DEBUG   ] [chrome_api.mapper] mapper | HYUNDAI | SAHW7G1APRTH | Found keyword 'hybrid' in 'Santa Fe Hybrid Preferred AWD w/Trend Pkg'
[2026-07-28 14:33:30] [WARNING ] [chrome_api.mapper] mapper | HYUNDAI | SAHW7G1APRTH | Keyword 'hybrid' found but NOT in translator. Returning keyword as-is.
[2026-07-28 14:33:30] [INFO    ] [chrome_api.mapper] mapper | HYUNDAI | SAHW7G1APRTH | Row complete: model=Santa Fe Hybrid, trim=Preferred AWD w/Trend Pkg, engine_type=hybrid
[2026-07-28 14:33:30] [DEBUG   ] [chrome_api.mapper] mapper | HYUNDAI | SAHW7G1ALUHE | Extracted fields: year=2026, desc=Luxury AWD, trim=Luxury
[2026-07-28 14:33:30] [DEBUG   ] [chrome_api.mapper] mapper | HYUNDAI | SAHW7G1ALUHE | ModelName from ADS: Santa Fe Hybrid
[2026-07-28 14:33:30] [DEBUG   ] [semantic.standardizer] standardizer | Hyundai | No trim alias found for: 'Luxury'
[2026-07-28 14:33:30] [DEBUG   ] [semantic.standardizer] standardizer | Hyundai | No description patterns matched: 'Luxury AWD'
[2026-07-28 14:33:30] [DEBUG   ] [chrome_api.mapper] mapper | HYUNDAI | SAHW7G1ALUHE | Applied standardization rules
[2026-07-28 14:33:30] [INFO    ] [chrome_api.mapper] mapper | HYUNDAI | Loaded 6 ENGINE_TYPE keywords: ['hev', 'hybrid', 'phev', 'ev', 'plug-in', 'electric']
[2026-07-28 14:33:30] [DEBUG   ] [chrome_api.mapper] mapper | HYUNDAI | SAHW7G1ALUHE | Searching text: 'santa fe hybrid luxury awd'
[2026-07-28 14:33:30] [DEBUG   ] [chrome_api.mapper] mapper | HYUNDAI | SAHW7G1ALUHE | Found keyword 'hybrid' in 'Santa Fe Hybrid Luxury AWD'
[2026-07-28 14:33:30] [WARNING ] [chrome_api.mapper] mapper | HYUNDAI | SAHW7G1ALUHE | Keyword 'hybrid' found but NOT in translator. Returning keyword as-is.
[2026-07-28 14:33:30] [INFO    ] [chrome_api.mapper] mapper | HYUNDAI | SAHW7G1ALUHE | Row complete: model=Santa Fe Hybrid, trim=Luxury AWD, engine_type=hybrid
[2026-07-28 14:33:30] [DEBUG   ] [chrome_api.mapper] mapper | HYUNDAI | SAHW6G1AULBG | Extracted fields: year=2026, desc=Ultimate Calligraphy AWD, trim=Ultimate Calligraphy
[2026-07-28 14:33:30] [DEBUG   ] [chrome_api.mapper] mapper | HYUNDAI | SAHW6G1AULBG | ModelName from ADS: Santa Fe Hybrid
[2026-07-28 14:33:30] [DEBUG   ] [semantic.standardizer] standardizer | Hyundai | No trim alias found for: 'Ultimate Calligraphy'
[2026-07-28 14:33:30] [DEBUG   ] [semantic.standardizer] standardizer | Hyundai | No description patterns matched: 'Ultimate Calligraphy AWD'
[2026-07-28 14:33:30] [DEBUG   ] [chrome_api.mapper] mapper | HYUNDAI | SAHW6G1AULBG | Applied standardization rules
[2026-07-28 14:33:30] [INFO    ] [chrome_api.mapper] mapper | HYUNDAI | Loaded 6 ENGINE_TYPE keywords: ['hev', 'hybrid', 'phev', 'ev', 'plug-in', 'electric']
[2026-07-28 14:33:30] [DEBUG   ] [chrome_api.mapper] mapper | HYUNDAI | SAHW6G1AULBG | Searching text: 'santa fe hybrid ultimate calligraphy awd'
[2026-07-28 14:33:30] [DEBUG   ] [chrome_api.mapper] mapper | HYUNDAI | SAHW6G1AULBG | Found keyword 'hybrid' in 'Santa Fe Hybrid Ultimate Calligraphy AWD'
[2026-07-28 14:33:30] [WARNING ] [chrome_api.mapper] mapper | HYUNDAI | SAHW6G1AULBG | Keyword 'hybrid' found but NOT in translator. Returning keyword as-is.
[2026-07-28 14:33:30] [INFO    ] [chrome_api.mapper] mapper | HYUNDAI | SAHW6G1AULBG | Row complete: model=Santa Fe Hybrid, trim=Ultimate Calligraphy AWD, engine_type=hybrid
[2026-07-28 14:33:30] [DEBUG   ] [chrome_api.mapper] mapper | HYUNDAI | SAHW6G1AULBH | Extracted fields: year=2026, desc=Ultimate Calligraphy AWD w/Beige, trim=Ultimate Calligraphy
[2026-07-28 14:33:30] [DEBUG   ] [chrome_api.mapper] mapper | HYUNDAI | SAHW6G1AULBH | ModelName from ADS: Santa Fe Hybrid
[2026-07-28 14:33:30] [DEBUG   ] [semantic.standardizer] standardizer | Hyundai | No trim alias found for: 'Ultimate Calligraphy'
[2026-07-28 14:33:30] [DEBUG   ] [semantic.standardizer] standardizer | Hyundai | No description patterns matched: 'Ultimate Calligraphy AWD w/Beige'
[2026-07-28 14:33:30] [DEBUG   ] [chrome_api.mapper] mapper | HYUNDAI | SAHW6G1AULBH | Applied standardization rules
[2026-07-28 14:33:30] [INFO    ] [chrome_api.mapper] mapper | HYUNDAI | Loaded 6 ENGINE_TYPE keywords: ['hev', 'hybrid', 'phev', 'ev', 'plug-in', 'electric']
[2026-07-28 14:33:30] [DEBUG   ] [chrome_api.mapper] mapper | HYUNDAI | SAHW6G1AULBH | Searching text: 'santa fe hybrid ultimate calligraphy awd w/beige'
[2026-07-28 14:33:30] [DEBUG   ] [chrome_api.mapper] mapper | HYUNDAI | SAHW6G1AULBH | Found keyword 'hybrid' in 'Santa Fe Hybrid Ultimate Calligraphy AWD w/Beige'
[2026-07-28 14:33:30] [WARNING ] [chrome_api.mapper] mapper | HYUNDAI | SAHW6G1AULBH | Keyword 'hybrid' found but NOT in translator. Returning keyword as-is.
[2026-07-28 14:33:30] [INFO    ] [chrome_api.mapper] mapper | HYUNDAI | SAHW6G1AULBH | Row complete: model=Santa Fe Hybrid, trim=Ultimate Calligraphy AWD w/Beige, engine_type=hybrid
[2026-07-28 14:33:30] [INFO    ] [chrome_api.mapper] mapper | ads_response_to_rows | Hyundai | Converted 5/5 trims to rows
[2026-07-28 14:33:30] [DEBUG   ] [chrome_api.service] refresh_from_ads | Hyundai 2026 Santa Fe Hybrid | Converted 5 trims to rows
[2026-07-28 14:33:30] [DEBUG   ] [urllib3.connectionpool] https://demos.autodatasolutions.com:443 "POST /ADSDemo/api/full/ymmt/year/2026/make/Hyundai/model/Sonata/ HTTP/1.1" 200 None
[2026-07-28 14:33:30] [INFO    ] [chrome_api.mapper] mapper | ads_response_to_rows | Hyundai | Processing 2 trims from ADS response
[2026-07-28 14:33:30] [DEBUG   ] [chrome_api.mapper] mapper | HYUNDAI | SOCS4M2DNL00 | Extracted fields: year=2026, desc=N Line FWD, trim=N Line
[2026-07-28 14:33:30] [DEBUG   ] [chrome_api.mapper] mapper | HYUNDAI | SOCS4M2DNL00 | ModelName from ADS: Sonata
[2026-07-28 14:33:30] [DEBUG   ] [chrome_api.mapper] mapper | HYUNDAI | SOCS4M2DNL00 | Applied standardization rules
[2026-07-28 14:33:30] [INFO    ] [chrome_api.mapper] mapper | HYUNDAI | Loaded 6 ENGINE_TYPE keywords: ['hev', 'hybrid', 'phev', 'ev', 'plug-in', 'electric']
[2026-07-28 14:33:30] [DEBUG   ] [chrome_api.mapper] mapper | HYUNDAI | SOCS4M2DNL00 | Searching text: 'sonata n-line fwd'
[2026-07-28 14:33:30] [DEBUG   ] [chrome_api.mapper] mapper | HYUNDAI | SOCS4M2DNL00 | No ENGINE_TYPE keyword found
[2026-07-28 14:33:30] [INFO    ] [chrome_api.mapper] mapper | HYUNDAI | SOCS4M2DNL00 | Row complete: model=Sonata, trim=N-Line FWD, engine_type=None
[2026-07-28 14:33:30] [DEBUG   ] [chrome_api.mapper] mapper | HYUNDAI | SOCS4K2EPRTR | Extracted fields: year=2026, desc=Preferred-Trend AWD, trim=Preferred-Trend
[2026-07-28 14:33:30] [DEBUG   ] [chrome_api.mapper] mapper | HYUNDAI | SOCS4K2EPRTR | ModelName from ADS: Sonata
[2026-07-28 14:33:30] [DEBUG   ] [semantic.standardizer] standardizer | Hyundai | No trim alias found for: 'Preferred-Trend'
[2026-07-28 14:33:30] [DEBUG   ] [semantic.standardizer] standardizer | Hyundai | No description patterns matched: 'Preferred-Trend AWD'
[2026-07-28 14:33:30] [DEBUG   ] [chrome_api.mapper] mapper | HYUNDAI | SOCS4K2EPRTR | Applied standardization rules
[2026-07-28 14:33:30] [INFO    ] [chrome_api.mapper] mapper | HYUNDAI | Loaded 6 ENGINE_TYPE keywords: ['hev', 'hybrid', 'phev', 'ev', 'plug-in', 'electric']
[2026-07-28 14:33:30] [DEBUG   ] [chrome_api.mapper] mapper | HYUNDAI | SOCS4K2EPRTR | Searching text: 'sonata preferred-trend awd'
[2026-07-28 14:33:30] [DEBUG   ] [chrome_api.mapper] mapper | HYUNDAI | SOCS4K2EPRTR | No ENGINE_TYPE keyword found
[2026-07-28 14:33:30] [INFO    ] [chrome_api.mapper] mapper | HYUNDAI | SOCS4K2EPRTR | Row complete: model=Sonata, trim=Preferred-Trend AWD, engine_type=None
[2026-07-28 14:33:30] [INFO    ] [chrome_api.mapper] mapper | ads_response_to_rows | Hyundai | Converted 2/2 trims to rows
[2026-07-28 14:33:30] [DEBUG   ] [chrome_api.service] refresh_from_ads | Hyundai 2026 Sonata | Converted 2 trims to rows
[2026-07-28 14:33:31] [DEBUG   ] [urllib3.connectionpool] https://demos.autodatasolutions.com:443 "POST /ADSDemo/api/full/ymmt/year/2026/make/Hyundai/model/Sonata%20Hybrid/ HTTP/1.1" 200 None
[2026-07-28 14:33:31] [INFO    ] [chrome_api.mapper] mapper | ads_response_to_rows | Hyundai | Processing 1 trims from ADS response
[2026-07-28 14:33:31] [DEBUG   ] [chrome_api.mapper] mapper | HYUNDAI | SHHS4F2FPRTH | Extracted fields: year=2026, desc=Preferred-Trend FWD, trim=Preferred-Trend
[2026-07-28 14:33:31] [DEBUG   ] [chrome_api.mapper] mapper | HYUNDAI | SHHS4F2FPRTH | ModelName from ADS: Sonata Hybrid
[2026-07-28 14:33:31] [DEBUG   ] [semantic.standardizer] standardizer | Hyundai | No trim alias found for: 'Preferred-Trend'
[2026-07-28 14:33:31] [DEBUG   ] [semantic.standardizer] standardizer | Hyundai | No description patterns matched: 'Preferred-Trend FWD'
[2026-07-28 14:33:31] [DEBUG   ] [chrome_api.mapper] mapper | HYUNDAI | SHHS4F2FPRTH | Applied standardization rules
[2026-07-28 14:33:31] [INFO    ] [chrome_api.mapper] mapper | HYUNDAI | Loaded 6 ENGINE_TYPE keywords: ['hev', 'hybrid', 'phev', 'ev', 'plug-in', 'electric']
[2026-07-28 14:33:31] [DEBUG   ] [chrome_api.mapper] mapper | HYUNDAI | SHHS4F2FPRTH | Searching text: 'sonata hybrid preferred-trend fwd'
[2026-07-28 14:33:31] [DEBUG   ] [chrome_api.mapper] mapper | HYUNDAI | SHHS4F2FPRTH | Found keyword 'hybrid' in 'Sonata Hybrid Preferred-Trend FWD'
[2026-07-28 14:33:31] [WARNING ] [chrome_api.mapper] mapper | HYUNDAI | SHHS4F2FPRTH | Keyword 'hybrid' found but NOT in translator. Returning keyword as-is.
[2026-07-28 14:33:31] [INFO    ] [chrome_api.mapper] mapper | HYUNDAI | SHHS4F2FPRTH | Row complete: model=Sonata Hybrid, trim=Preferred-Trend FWD, engine_type=hybrid
[2026-07-28 14:33:31] [INFO    ] [chrome_api.mapper] mapper | ads_response_to_rows | Hyundai | Converted 1/1 trims to rows
[2026-07-28 14:33:31] [DEBUG   ] [chrome_api.service] refresh_from_ads | Hyundai 2026 Sonata Hybrid | Converted 1 trims to rows
[2026-07-28 14:33:31] [DEBUG   ] [urllib3.connectionpool] https://demos.autodatasolutions.com:443 "POST /ADSDemo/api/full/ymmt/year/2026/make/Hyundai/model/Tucson/ HTTP/1.1" 200 None
[2026-07-28 14:33:32] [INFO    ] [chrome_api.mapper] mapper | ads_response_to_rows | Hyundai | Processing 4 trims from ADS response
[2026-07-28 14:33:32] [DEBUG   ] [chrome_api.mapper] mapper | HYUNDAI | TUCWDK2EPR00 | Extracted fields: year=2026, desc=Preferred AWD, trim=Preferred
[2026-07-28 14:33:32] [DEBUG   ] [chrome_api.mapper] mapper | HYUNDAI | TUCWDK2EPR00 | ModelName from ADS: Tucson
[2026-07-28 14:33:32] [DEBUG   ] [semantic.standardizer] standardizer | Hyundai | No trim alias found for: 'Preferred'
[2026-07-28 14:33:32] [DEBUG   ] [semantic.standardizer] standardizer | Hyundai | No description patterns matched: 'Preferred AWD'
[2026-07-28 14:33:32] [DEBUG   ] [chrome_api.mapper] mapper | HYUNDAI | TUCWDK2EPR00 | Applied standardization rules
[2026-07-28 14:33:32] [INFO    ] [chrome_api.mapper] mapper | HYUNDAI | Loaded 6 ENGINE_TYPE keywords: ['hev', 'hybrid', 'phev', 'ev', 'plug-in', 'electric']
[2026-07-28 14:33:32] [DEBUG   ] [chrome_api.mapper] mapper | HYUNDAI | TUCWDK2EPR00 | Searching text: 'tucson preferred awd'
[2026-07-28 14:33:32] [DEBUG   ] [chrome_api.mapper] mapper | HYUNDAI | TUCWDK2EPR00 | No ENGINE_TYPE keyword found
[2026-07-28 14:33:32] [INFO    ] [chrome_api.mapper] mapper | HYUNDAI | TUCWDK2EPR00 | Row complete: model=Tucson, trim=Preferred AWD, engine_type=None
[2026-07-28 14:33:32] [DEBUG   ] [chrome_api.mapper] mapper | HYUNDAI | TUCWDK2EPRTR | Extracted fields: year=2026, desc=Preferred AWD w/Trend Pkg, trim=Preferred
[2026-07-28 14:33:32] [DEBUG   ] [chrome_api.mapper] mapper | HYUNDAI | TUCWDK2EPRTR | ModelName from ADS: Tucson
[2026-07-28 14:33:32] [DEBUG   ] [semantic.standardizer] standardizer | Hyundai | No trim alias found for: 'Preferred'
[2026-07-28 14:33:32] [DEBUG   ] [semantic.standardizer] standardizer | Hyundai | No description patterns matched: 'Preferred AWD w/Trend Pkg'
[2026-07-28 14:33:32] [DEBUG   ] [chrome_api.mapper] mapper | HYUNDAI | TUCWDK2EPRTR | Applied standardization rules
[2026-07-28 14:33:32] [INFO    ] [chrome_api.mapper] mapper | HYUNDAI | Loaded 6 ENGINE_TYPE keywords: ['hev', 'hybrid', 'phev', 'ev', 'plug-in', 'electric']
[2026-07-28 14:33:32] [DEBUG   ] [chrome_api.mapper] mapper | HYUNDAI | TUCWDK2EPRTR | Searching text: 'tucson preferred awd w/trend pkg'
[2026-07-28 14:33:32] [DEBUG   ] [chrome_api.mapper] mapper | HYUNDAI | TUCWDK2EPRTR | No ENGINE_TYPE keyword found
[2026-07-28 14:33:32] [INFO    ] [chrome_api.mapper] mapper | HYUNDAI | TUCWDK2EPRTR | Row complete: model=Tucson, trim=Preferred AWD w/Trend Pkg, engine_type=None
[2026-07-28 14:33:32] [DEBUG   ] [chrome_api.mapper] mapper | HYUNDAI | TUCWDK2EPM00 | Extracted fields: year=2026, desc=Preferred AWD, trim=Preferred
[2026-07-28 14:33:32] [DEBUG   ] [chrome_api.mapper] mapper | HYUNDAI | TUCWDK2EPM00 | ModelName from ADS: Tucson
[2026-07-28 14:33:32] [DEBUG   ] [semantic.standardizer] standardizer | Hyundai | No trim alias found for: 'Preferred'
[2026-07-28 14:33:32] [DEBUG   ] [semantic.standardizer] standardizer | Hyundai | No description patterns matched: 'Preferred AWD'
[2026-07-28 14:33:32] [DEBUG   ] [chrome_api.mapper] mapper | HYUNDAI | TUCWDK2EPM00 | Applied standardization rules
[2026-07-28 14:33:32] [INFO    ] [chrome_api.mapper] mapper | HYUNDAI | Loaded 6 ENGINE_TYPE keywords: ['hev', 'hybrid', 'phev', 'ev', 'plug-in', 'electric']
[2026-07-28 14:33:32] [DEBUG   ] [chrome_api.mapper] mapper | HYUNDAI | TUCWDK2EPM00 | Searching text: 'tucson preferred awd'
[2026-07-28 14:33:32] [DEBUG   ] [chrome_api.mapper] mapper | HYUNDAI | TUCWDK2EPM00 | No ENGINE_TYPE keyword found
[2026-07-28 14:33:32] [INFO    ] [chrome_api.mapper] mapper | HYUNDAI | TUCWDK2EPM00 | Row complete: model=Tucson, trim=Preferred AWD, engine_type=None
[2026-07-28 14:33:32] [DEBUG   ] [chrome_api.mapper] mapper | HYUNDAI | TUCWDK2EPMTM | Extracted fields: year=2026, desc=Preferred AWD w/Trend Pkg, trim=Preferred
[2026-07-28 14:33:32] [DEBUG   ] [chrome_api.mapper] mapper | HYUNDAI | TUCWDK2EPMTM | ModelName from ADS: Tucson
[2026-07-28 14:33:32] [DEBUG   ] [semantic.standardizer] standardizer | Hyundai | No trim alias found for: 'Preferred'
[2026-07-28 14:33:32] [DEBUG   ] [semantic.standardizer] standardizer | Hyundai | No description patterns matched: 'Preferred AWD w/Trend Pkg'
[2026-07-28 14:33:32] [DEBUG   ] [chrome_api.mapper] mapper | HYUNDAI | TUCWDK2EPMTM | Applied standardization rules
[2026-07-28 14:33:32] [INFO    ] [chrome_api.mapper] mapper | HYUNDAI | Loaded 6 ENGINE_TYPE keywords: ['hev', 'hybrid', 'phev', 'ev', 'plug-in', 'electric']
[2026-07-28 14:33:32] [DEBUG   ] [chrome_api.mapper] mapper | HYUNDAI | TUCWDK2EPMTM | Searching text: 'tucson preferred awd w/trend pkg'
[2026-07-28 14:33:32] [DEBUG   ] [chrome_api.mapper] mapper | HYUNDAI | TUCWDK2EPMTM | No ENGINE_TYPE keyword found
[2026-07-28 14:33:32] [INFO    ] [chrome_api.mapper] mapper | HYUNDAI | TUCWDK2EPMTM | Row complete: model=Tucson, trim=Preferred AWD w/Trend Pkg, engine_type=None
[2026-07-28 14:33:32] [INFO    ] [chrome_api.mapper] mapper | ads_response_to_rows | Hyundai | Converted 4/4 trims to rows
[2026-07-28 14:33:32] [DEBUG   ] [chrome_api.service] refresh_from_ads | Hyundai 2026 Tucson | Converted 4 trims to rows
[2026-07-28 14:33:32] [DEBUG   ] [urllib3.connectionpool] https://demos.autodatasolutions.com:443 "POST /ADSDemo/api/full/ymmt/year/2026/make/Hyundai/model/Tucson%20Hybrid/ HTTP/1.1" 200 None
[2026-07-28 14:33:32] [INFO    ] [chrome_api.mapper] mapper | ads_response_to_rows | Hyundai | Processing 3 trims from ADS response
[2026-07-28 14:33:32] [DEBUG   ] [chrome_api.mapper] mapper | HYUNDAI | TUHWDG1ANLHE | Extracted fields: year=2026, desc=N-Line AWD, trim=N-Line
[2026-07-28 14:33:32] [DEBUG   ] [chrome_api.mapper] mapper | HYUNDAI | TUHWDG1ANLHE | ModelName from ADS: Tucson Hybrid
[2026-07-28 14:33:32] [DEBUG   ] [semantic.standardizer] standardizer | Hyundai | No description patterns matched: 'N-Line AWD'
[2026-07-28 14:33:32] [DEBUG   ] [chrome_api.mapper] mapper | HYUNDAI | TUHWDG1ANLHE | Applied standardization rules
[2026-07-28 14:33:32] [INFO    ] [chrome_api.mapper] mapper | HYUNDAI | Loaded 6 ENGINE_TYPE keywords: ['hev', 'hybrid', 'phev', 'ev', 'plug-in', 'electric']
[2026-07-28 14:33:32] [DEBUG   ] [chrome_api.mapper] mapper | HYUNDAI | TUHWDG1ANLHE | Searching text: 'tucson hybrid n-line awd'
[2026-07-28 14:33:32] [DEBUG   ] [chrome_api.mapper] mapper | HYUNDAI | TUHWDG1ANLHE | Found keyword 'hybrid' in 'Tucson Hybrid N-Line AWD'
[2026-07-28 14:33:32] [WARNING ] [chrome_api.mapper] mapper | HYUNDAI | TUHWDG1ANLHE | Keyword 'hybrid' found but NOT in translator. Returning keyword as-is.
[2026-07-28 14:33:32] [INFO    ] [chrome_api.mapper] mapper | HYUNDAI | TUHWDG1ANLHE | Row complete: model=Tucson Hybrid, trim=N-Line AWD, engine_type=hybrid
[2026-07-28 14:33:32] [DEBUG   ] [chrome_api.mapper] mapper | HYUNDAI | TUHWDG1AULHE | Extracted fields: year=2026, desc=Ultimate AWD, trim=Ultimate
[2026-07-28 14:33:32] [DEBUG   ] [chrome_api.mapper] mapper | HYUNDAI | TUHWDG1AULHE | ModelName from ADS: Tucson Hybrid
[2026-07-28 14:33:32] [DEBUG   ] [semantic.standardizer] standardizer | Hyundai | No trim alias found for: 'Ultimate'
[2026-07-28 14:33:32] [DEBUG   ] [semantic.standardizer] standardizer | Hyundai | No description patterns matched: 'Ultimate AWD'
[2026-07-28 14:33:32] [DEBUG   ] [chrome_api.mapper] mapper | HYUNDAI | TUHWDG1AULHE | Applied standardization rules
[2026-07-28 14:33:32] [INFO    ] [chrome_api.mapper] mapper | HYUNDAI | Loaded 6 ENGINE_TYPE keywords: ['hev', 'hybrid', 'phev', 'ev', 'plug-in', 'electric']
[2026-07-28 14:33:32] [DEBUG   ] [chrome_api.mapper] mapper | HYUNDAI | TUHWDG1AULHE | Searching text: 'tucson hybrid ultimate awd'
[2026-07-28 14:33:32] [DEBUG   ] [chrome_api.mapper] mapper | HYUNDAI | TUHWDG1AULHE | Found keyword 'hybrid' in 'Tucson Hybrid Ultimate AWD'
[2026-07-28 14:33:32] [WARNING ] [chrome_api.mapper] mapper | HYUNDAI | TUHWDG1AULHE | Keyword 'hybrid' found but NOT in translator. Returning keyword as-is.
[2026-07-28 14:33:32] [INFO    ] [chrome_api.mapper] mapper | HYUNDAI | TUHWDG1AULHE | Row complete: model=Tucson Hybrid, trim=Ultimate AWD, engine_type=hybrid
[2026-07-28 14:33:32] [DEBUG   ] [chrome_api.mapper] mapper | HYUNDAI | TUHWDG1ANE00 | Extracted fields: year=2026, desc=Night Edition AWD, trim=Night Edition
[2026-07-28 14:33:32] [DEBUG   ] [chrome_api.mapper] mapper | HYUNDAI | TUHWDG1ANE00 | ModelName from ADS: Tucson Hybrid
[2026-07-28 14:33:32] [DEBUG   ] [semantic.standardizer] standardizer | Hyundai | No trim alias found for: 'Night Edition'
[2026-07-28 14:33:32] [DEBUG   ] [semantic.standardizer] standardizer | Hyundai | No description patterns matched: 'Night Edition AWD'
[2026-07-28 14:33:32] [DEBUG   ] [chrome_api.mapper] mapper | HYUNDAI | TUHWDG1ANE00 | Applied standardization rules
[2026-07-28 14:33:32] [INFO    ] [chrome_api.mapper] mapper | HYUNDAI | Loaded 6 ENGINE_TYPE keywords: ['hev', 'hybrid', 'phev', 'ev', 'plug-in', 'electric']
[2026-07-28 14:33:32] [DEBUG   ] [chrome_api.mapper] mapper | HYUNDAI | TUHWDG1ANE00 | Searching text: 'tucson hybrid night edition awd'
[2026-07-28 14:33:32] [DEBUG   ] [chrome_api.mapper] mapper | HYUNDAI | TUHWDG1ANE00 | Found keyword 'hybrid' in 'Tucson Hybrid Night Edition AWD'
[2026-07-28 14:33:32] [WARNING ] [chrome_api.mapper] mapper | HYUNDAI | TUHWDG1ANE00 | Keyword 'hybrid' found but NOT in translator. Returning keyword as-is.
[2026-07-28 14:33:32] [INFO    ] [chrome_api.mapper] mapper | HYUNDAI | TUHWDG1ANE00 | Row complete: model=Tucson Hybrid, trim=Night Edition AWD, engine_type=hybrid
[2026-07-28 14:33:32] [INFO    ] [chrome_api.mapper] mapper | ads_response_to_rows | Hyundai | Converted 3/3 trims to rows
[2026-07-28 14:33:32] [DEBUG   ] [chrome_api.service] refresh_from_ads | Hyundai 2026 Tucson Hybrid | Converted 3 trims to rows
[2026-07-28 14:33:32] [DEBUG   ] [urllib3.connectionpool] https://demos.autodatasolutions.com:443 "POST /ADSDemo/api/full/ymmt/year/2026/make/Hyundai/model/Tucson%20Plug-In%20Hybrid/ HTTP/1.1" 200 None
[2026-07-28 14:33:33] [INFO    ] [chrome_api.mapper] mapper | ads_response_to_rows | Hyundai | Processing 1 trims from ADS response
[2026-07-28 14:33:33] [DEBUG   ] [chrome_api.mapper] mapper | HYUNDAI | TUPWDG1AULPH | Extracted fields: year=2026, desc=Ultimate AWD, trim=Ultimate
[2026-07-28 14:33:33] [DEBUG   ] [chrome_api.mapper] mapper | HYUNDAI | TUPWDG1AULPH | ModelName from ADS: Tucson Plug-In Hybrid
[2026-07-28 14:33:33] [DEBUG   ] [semantic.standardizer] standardizer | Hyundai | No trim alias found for: 'Ultimate'
[2026-07-28 14:33:33] [DEBUG   ] [semantic.standardizer] standardizer | Hyundai | No description patterns matched: 'Ultimate AWD'
[2026-07-28 14:33:33] [DEBUG   ] [chrome_api.mapper] mapper | HYUNDAI | TUPWDG1AULPH | Applied standardization rules
[2026-07-28 14:33:33] [INFO    ] [chrome_api.mapper] mapper | HYUNDAI | Loaded 6 ENGINE_TYPE keywords: ['hev', 'hybrid', 'phev', 'ev', 'plug-in', 'electric']
[2026-07-28 14:33:33] [DEBUG   ] [chrome_api.mapper] mapper | HYUNDAI | TUPWDG1AULPH | Searching text: 'tucson plug-in hybrid ultimate awd'
[2026-07-28 14:33:33] [DEBUG   ] [chrome_api.mapper] mapper | HYUNDAI | TUPWDG1AULPH | Found keyword 'hybrid' in 'Tucson Plug-In Hybrid Ultimate AWD'
[2026-07-28 14:33:33] [WARNING ] [chrome_api.mapper] mapper | HYUNDAI | TUPWDG1AULPH | Keyword 'hybrid' found but NOT in translator. Returning keyword as-is.
[2026-07-28 14:33:33] [INFO    ] [chrome_api.mapper] mapper | HYUNDAI | TUPWDG1AULPH | Row complete: model=Tucson Plug-In Hybrid, trim=Ultimate AWD, engine_type=hybrid
[2026-07-28 14:33:33] [INFO    ] [chrome_api.mapper] mapper | ads_response_to_rows | Hyundai | Converted 1/1 trims to rows
[2026-07-28 14:33:33] [DEBUG   ] [chrome_api.service] refresh_from_ads | Hyundai 2026 Tucson Plug-In Hybrid | Converted 1 trims to rows
[2026-07-28 14:33:33] [DEBUG   ] [urllib3.connectionpool] https://demos.autodatasolutions.com:443 "POST /ADSDemo/api/full/ymmt/year/2026/make/Hyundai/model/Venue/ HTTP/1.1" 200 None
[2026-07-28 14:33:34] [INFO    ] [chrome_api.mapper] mapper | ads_response_to_rows | Hyundai | Processing 6 trims from ADS response
[2026-07-28 14:33:34] [DEBUG   ] [chrome_api.mapper] mapper | HYUNDAI | VNCW5V1FES00 | Extracted fields: year=2026, desc=Essential IVT, trim=Essential
[2026-07-28 14:33:34] [DEBUG   ] [chrome_api.mapper] mapper | HYUNDAI | VNCW5V1FES00 | ModelName from ADS: Venue
[2026-07-28 14:33:34] [DEBUG   ] [semantic.standardizer] standardizer | Hyundai | No trim alias found for: 'Essential'
[2026-07-28 14:33:34] [DEBUG   ] [semantic.standardizer] standardizer | Hyundai | No description patterns matched: 'Essential IVT'
[2026-07-28 14:33:34] [DEBUG   ] [chrome_api.mapper] mapper | HYUNDAI | VNCW5V1FES00 | Applied standardization rules
[2026-07-28 14:33:34] [INFO    ] [chrome_api.mapper] mapper | HYUNDAI | Loaded 6 ENGINE_TYPE keywords: ['hev', 'hybrid', 'phev', 'ev', 'plug-in', 'electric']
[2026-07-28 14:33:34] [DEBUG   ] [chrome_api.mapper] mapper | HYUNDAI | VNCW5V1FES00 | Searching text: 'venue essential ivt'
[2026-07-28 14:33:34] [DEBUG   ] [chrome_api.mapper] mapper | HYUNDAI | VNCW5V1FES00 | No ENGINE_TYPE keyword found
[2026-07-28 14:33:34] [INFO    ] [chrome_api.mapper] mapper | HYUNDAI | VNCW5V1FES00 | Row complete: model=Venue, trim=Essential IVT, engine_type=None
[2026-07-28 14:33:34] [DEBUG   ] [chrome_api.mapper] mapper | HYUNDAI | VNCW5V1FESTT | Extracted fields: year=2026, desc=Essential IVT w/Two-Tone, trim=Essential
[2026-07-28 14:33:34] [DEBUG   ] [chrome_api.mapper] mapper | HYUNDAI | VNCW5V1FESTT | ModelName from ADS: Venue
[2026-07-28 14:33:34] [DEBUG   ] [semantic.standardizer] standardizer | Hyundai | No trim alias found for: 'Essential'
[2026-07-28 14:33:34] [DEBUG   ] [semantic.standardizer] standardizer | Hyundai | No description patterns matched: 'Essential IVT w/Two-Tone'
[2026-07-28 14:33:34] [DEBUG   ] [chrome_api.mapper] mapper | HYUNDAI | VNCW5V1FESTT | Applied standardization rules
[2026-07-28 14:33:34] [INFO    ] [chrome_api.mapper] mapper | HYUNDAI | Loaded 6 ENGINE_TYPE keywords: ['hev', 'hybrid', 'phev', 'ev', 'plug-in', 'electric']
[2026-07-28 14:33:34] [DEBUG   ] [chrome_api.mapper] mapper | HYUNDAI | VNCW5V1FESTT | Searching text: 'venue essential ivt w/two-tone'
[2026-07-28 14:33:34] [DEBUG   ] [chrome_api.mapper] mapper | HYUNDAI | VNCW5V1FESTT | No ENGINE_TYPE keyword found
[2026-07-28 14:33:34] [INFO    ] [chrome_api.mapper] mapper | HYUNDAI | VNCW5V1FESTT | Row complete: model=Venue, trim=Essential IVT w/Two-Tone, engine_type=None
[2026-07-28 14:33:34] [DEBUG   ] [chrome_api.mapper] mapper | HYUNDAI | VNCW5V1FPR00 | Extracted fields: year=2026, desc=Preferred IVT, trim=Preferred
[2026-07-28 14:33:34] [DEBUG   ] [chrome_api.mapper] mapper | HYUNDAI | VNCW5V1FPR00 | ModelName from ADS: Venue
[2026-07-28 14:33:34] [DEBUG   ] [semantic.standardizer] standardizer | Hyundai | No trim alias found for: 'Preferred'
[2026-07-28 14:33:34] [DEBUG   ] [semantic.standardizer] standardizer | Hyundai | No description patterns matched: 'Preferred IVT'
[2026-07-28 14:33:34] [DEBUG   ] [chrome_api.mapper] mapper | HYUNDAI | VNCW5V1FPR00 | Applied standardization rules
[2026-07-28 14:33:34] [INFO    ] [chrome_api.mapper] mapper | HYUNDAI | Loaded 6 ENGINE_TYPE keywords: ['hev', 'hybrid', 'phev', 'ev', 'plug-in', 'electric']
[2026-07-28 14:33:34] [DEBUG   ] [chrome_api.mapper] mapper | HYUNDAI | VNCW5V1FPR00 | Searching text: 'venue preferred ivt'
[2026-07-28 14:33:34] [DEBUG   ] [chrome_api.mapper] mapper | HYUNDAI | VNCW5V1FPR00 | No ENGINE_TYPE keyword found
[2026-07-28 14:33:34] [INFO    ] [chrome_api.mapper] mapper | HYUNDAI | VNCW5V1FPR00 | Row complete: model=Venue, trim=Preferred IVT, engine_type=None
[2026-07-28 14:33:34] [DEBUG   ] [chrome_api.mapper] mapper | HYUNDAI | VNCW5V1FPRTT | Extracted fields: year=2026, desc=Preferred IVT w/Two-Tone, trim=Preferred
[2026-07-28 14:33:34] [DEBUG   ] [chrome_api.mapper] mapper | HYUNDAI | VNCW5V1FPRTT | ModelName from ADS: Venue
[2026-07-28 14:33:34] [DEBUG   ] [semantic.standardizer] standardizer | Hyundai | No trim alias found for: 'Preferred'
[2026-07-28 14:33:34] [DEBUG   ] [semantic.standardizer] standardizer | Hyundai | No description patterns matched: 'Preferred IVT w/Two-Tone'
[2026-07-28 14:33:34] [DEBUG   ] [chrome_api.mapper] mapper | HYUNDAI | VNCW5V1FPRTT | Applied standardization rules
[2026-07-28 14:33:34] [INFO    ] [chrome_api.mapper] mapper | HYUNDAI | Loaded 6 ENGINE_TYPE keywords: ['hev', 'hybrid', 'phev', 'ev', 'plug-in', 'electric']
[2026-07-28 14:33:34] [DEBUG   ] [chrome_api.mapper] mapper | HYUNDAI | VNCW5V1FPRTT | Searching text: 'venue preferred ivt w/two-tone'
[2026-07-28 14:33:34] [DEBUG   ] [chrome_api.mapper] mapper | HYUNDAI | VNCW5V1FPRTT | No ENGINE_TYPE keyword found
[2026-07-28 14:33:34] [INFO    ] [chrome_api.mapper] mapper | HYUNDAI | VNCW5V1FPRTT | Row complete: model=Venue, trim=Preferred IVT w/Two-Tone, engine_type=None
[2026-07-28 14:33:34] [DEBUG   ] [chrome_api.mapper] mapper | HYUNDAI | VNCW5V1FUL00 | Extracted fields: year=2026, desc=Ultimate IVT w/Black Interior, trim=Ultimate
[2026-07-28 14:33:34] [DEBUG   ] [chrome_api.mapper] mapper | HYUNDAI | VNCW5V1FUL00 | ModelName from ADS: Venue
[2026-07-28 14:33:34] [DEBUG   ] [semantic.standardizer] standardizer | Hyundai | No trim alias found for: 'Ultimate'
[2026-07-28 14:33:34] [DEBUG   ] [semantic.standardizer] standardizer | Hyundai | No description patterns matched: 'Ultimate IVT w/Black Interior'
[2026-07-28 14:33:34] [DEBUG   ] [chrome_api.mapper] mapper | HYUNDAI | VNCW5V1FUL00 | Applied standardization rules
[2026-07-28 14:33:34] [INFO    ] [chrome_api.mapper] mapper | HYUNDAI | Loaded 6 ENGINE_TYPE keywords: ['hev', 'hybrid', 'phev', 'ev', 'plug-in', 'electric']
[2026-07-28 14:33:34] [DEBUG   ] [chrome_api.mapper] mapper | HYUNDAI | VNCW5V1FUL00 | Searching text: 'venue ultimate ivt w/black interior'
[2026-07-28 14:33:34] [DEBUG   ] [chrome_api.mapper] mapper | HYUNDAI | VNCW5V1FUL00 | No ENGINE_TYPE keyword found
[2026-07-28 14:33:34] [INFO    ] [chrome_api.mapper] mapper | HYUNDAI | VNCW5V1FUL00 | Row complete: model=Venue, trim=Ultimate IVT w/Black Interior, engine_type=None
[2026-07-28 14:33:34] [DEBUG   ] [chrome_api.mapper] mapper | HYUNDAI | VNCW5V1FULCP | Extracted fields: year=2026, desc=Ultimate IVT w/Denim Interior, trim=Ultimate
[2026-07-28 14:33:34] [DEBUG   ] [chrome_api.mapper] mapper | HYUNDAI | VNCW5V1FULCP | ModelName from ADS: Venue
[2026-07-28 14:33:34] [DEBUG   ] [semantic.standardizer] standardizer | Hyundai | No trim alias found for: 'Ultimate'
[2026-07-28 14:33:34] [DEBUG   ] [semantic.standardizer] standardizer | Hyundai | No description patterns matched: 'Ultimate IVT w/Denim Interior'
[2026-07-28 14:33:34] [DEBUG   ] [chrome_api.mapper] mapper | HYUNDAI | VNCW5V1FULCP | Applied standardization rules
[2026-07-28 14:33:34] [INFO    ] [chrome_api.mapper] mapper | HYUNDAI | Loaded 6 ENGINE_TYPE keywords: ['hev', 'hybrid', 'phev', 'ev', 'plug-in', 'electric']
[2026-07-28 14:33:34] [DEBUG   ] [chrome_api.mapper] mapper | HYUNDAI | VNCW5V1FULCP | Searching text: 'venue ultimate ivt w/denim interior'
[2026-07-28 14:33:34] [DEBUG   ] [chrome_api.mapper] mapper | HYUNDAI | VNCW5V1FULCP | No ENGINE_TYPE keyword found
[2026-07-28 14:33:34] [INFO    ] [chrome_api.mapper] mapper | HYUNDAI | VNCW5V1FULCP | Row complete: model=Venue, trim=Ultimate IVT w/Denim Interior, engine_type=None
[2026-07-28 14:33:34] [INFO    ] [chrome_api.mapper] mapper | ads_response_to_rows | Hyundai | Converted 6/6 trims to rows
[2026-07-28 14:33:34] [DEBUG   ] [chrome_api.service] refresh_from_ads | Hyundai 2026 Venue | Converted 6 trims to rows
[2026-07-28 14:33:34] [INFO    ] [chrome_api.service] refresh_from_ads | Genesis | Starting fetch
[2026-07-28 14:33:34] [DEBUG   ] [chrome_api.service] service | Genesis | Loading configs from: C:\Users\paxm\OneDrive - PBS SYSTEMS\Desktop\Office\Projects\OEM Accessory project\OEM_Accessories_v1\accy_v2\model_lookup\configs
[2026-07-28 14:33:34] [DEBUG   ] [chrome_api.service] service | Genesis | Loaded classification.json (60 keywords)
[2026-07-28 14:33:34] [DEBUG   ] [chrome_api.service] service | Genesis | Loaded translator.json (3 categories)
[2026-07-28 14:33:34] [DEBUG   ] [chrome_api.service] service | Genesis | Standardization file not found: C:\Users\paxm\OneDrive - PBS SYSTEMS\Desktop\Office\Projects\OEM Accessory project\OEM_Accessories_v1\accy_v2\model_lookup\configs\genesis_standardization.yaml
[2026-07-28 14:33:34] [INFO    ] [chrome_api.service] service | Genesis | Configs loaded | components: classification, translator
[2026-07-28 14:33:34] [DEBUG   ] [urllib3.connectionpool] https://demos.autodatasolutions.com:443 "GET /ADSDemo/api/ymmt/models/make/Genesis/year/2024/country/CA/language/en?sort=ASC HTTP/1.1" 200 None
[2026-07-28 14:33:34] [DEBUG   ] [urllib3.connectionpool] https://demos.autodatasolutions.com:443 "POST /ADSDemo/api/full/ymmt/year/2024/make/Genesis/model/Electrified%20G80/ HTTP/1.1" 200 None
[2026-07-28 14:33:35] [INFO    ] [chrome_api.mapper] mapper | ads_response_to_rows | Genesis | Processing 1 trims from ADS response
[2026-07-28 14:33:35] [DEBUG   ] [chrome_api.mapper] mapper | GENESIS | G8ES4ZE1GP00 | Extracted fields: year=2024, desc=AWD, trim=None
[2026-07-28 14:33:35] [DEBUG   ] [chrome_api.mapper] mapper | GENESIS | G8ES4ZE1GP00 | ModelName from ADS: Electrified G80
[2026-07-28 14:33:35] [INFO    ] [chrome_api.mapper] mapper | GENESIS | Loaded 11 ENGINE_TYPE keywords: ['electrified', 'electric', 'ev', '3.3t', '3.5t', '3.8', '5.0', '5.0l', '2.5t', '2.0t', 'e-sc']
[2026-07-28 14:33:35] [DEBUG   ] [chrome_api.mapper] mapper | GENESIS | G8ES4ZE1GP00 | Searching text: 'electrified g80 awd'
[2026-07-28 14:33:35] [DEBUG   ] [chrome_api.mapper] mapper | GENESIS | G8ES4ZE1GP00 | Found keyword 'electrified' in 'Electrified G80 AWD'
[2026-07-28 14:33:35] [WARNING ] [chrome_api.mapper] mapper | GENESIS | G8ES4ZE1GP00 | Keyword 'electrified' found but NOT in translator. Returning keyword as-is.
[2026-07-28 14:33:35] [INFO    ] [chrome_api.mapper] mapper | GENESIS | G8ES4ZE1GP00 | Row complete: model=Electrified G80, trim=AWD, engine_type=electrified
[2026-07-28 14:33:35] [INFO    ] [chrome_api.mapper] mapper | ads_response_to_rows | Genesis | Converted 1/1 trims to rows
[2026-07-28 14:33:35] [DEBUG   ] [chrome_api.service] refresh_from_ads | Genesis 2024 Electrified G80 | Converted 1 trims to rows
[2026-07-28 14:33:35] [DEBUG   ] [urllib3.connectionpool] https://demos.autodatasolutions.com:443 "POST /ADSDemo/api/full/ymmt/year/2024/make/Genesis/model/Electrified%20GV70/ HTTP/1.1" 200 None
[2026-07-28 14:33:35] [INFO    ] [chrome_api.mapper] mapper | ads_response_to_rows | Genesis | Processing 1 trims from ADS response
[2026-07-28 14:33:35] [DEBUG   ] [chrome_api.mapper] mapper | GENESIS | V7EW5ZE1GP00 | Extracted fields: year=2024, desc=Prestige AWD, trim=Prestige
[2026-07-28 14:33:35] [DEBUG   ] [chrome_api.mapper] mapper | GENESIS | V7EW5ZE1GP00 | ModelName from ADS: Electrified GV70
[2026-07-28 14:33:35] [INFO    ] [chrome_api.mapper] mapper | GENESIS | Loaded 11 ENGINE_TYPE keywords: ['electrified', 'electric', 'ev', '3.3t', '3.5t', '3.8', '5.0', '5.0l', '2.5t', '2.0t', 'e-sc']
[2026-07-28 14:33:35] [DEBUG   ] [chrome_api.mapper] mapper | GENESIS | V7EW5ZE1GP00 | Searching text: 'electrified gv70 prestige awd'
[2026-07-28 14:33:35] [DEBUG   ] [chrome_api.mapper] mapper | GENESIS | V7EW5ZE1GP00 | Found keyword 'electrified' in 'Electrified GV70 Prestige AWD'
[2026-07-28 14:33:35] [WARNING ] [chrome_api.mapper] mapper | GENESIS | V7EW5ZE1GP00 | Keyword 'electrified' found but NOT in translator. Returning keyword as-is.
[2026-07-28 14:33:35] [INFO    ] [chrome_api.mapper] mapper | GENESIS | V7EW5ZE1GP00 | Row complete: model=Electrified GV70, trim=Prestige AWD, engine_type=electrified
[2026-07-28 14:33:35] [INFO    ] [chrome_api.mapper] mapper | ads_response_to_rows | Genesis | Converted 1/1 trims to rows
[2026-07-28 14:33:35] [DEBUG   ] [chrome_api.service] refresh_from_ads | Genesis 2024 Electrified GV70 | Converted 1 trims to rows
[2026-07-28 14:33:36] [DEBUG   ] [urllib3.connectionpool] https://demos.autodatasolutions.com:443 "POST /ADSDemo/api/full/ymmt/year/2024/make/Genesis/model/G70/ HTTP/1.1" 200 None
[2026-07-28 14:33:36] [INFO    ] [chrome_api.mapper] mapper | ads_response_to_rows | Genesis | Processing 4 trims from ADS response
[2026-07-28 14:33:36] [DEBUG   ] [chrome_api.mapper] mapper | GENESIS | G7CS4K2DGA00 | Extracted fields: year=2024, desc=2.5T Advanced AWD, trim=2.5T Advanced
[2026-07-28 14:33:36] [DEBUG   ] [chrome_api.mapper] mapper | GENESIS | G7CS4K2DGA00 | ModelName from ADS: G70
[2026-07-28 14:33:36] [INFO    ] [chrome_api.mapper] mapper | GENESIS | Loaded 11 ENGINE_TYPE keywords: ['electrified', 'electric', 'ev', '3.3t', '3.5t', '3.8', '5.0', '5.0l', '2.5t', '2.0t', 'e-sc']
[2026-07-28 14:33:36] [DEBUG   ] [chrome_api.mapper] mapper | GENESIS | G7CS4K2DGA00 | Searching text: 'g70 2.5t advanced awd'
[2026-07-28 14:33:36] [DEBUG   ] [chrome_api.mapper] mapper | GENESIS | G7CS4K2DGA00 | Found keyword '2.5t' in 'G70 2.5T Advanced AWD'
[2026-07-28 14:33:36] [WARNING ] [chrome_api.mapper] mapper | GENESIS | G7CS4K2DGA00 | Keyword '2.5t' found but NOT in translator. Returning keyword as-is.
[2026-07-28 14:33:36] [INFO    ] [chrome_api.mapper] mapper | GENESIS | G7CS4K2DGA00 | Row complete: model=G70, trim=2.5T Advanced AWD, engine_type=2.5t
[2026-07-28 14:33:36] [DEBUG   ] [chrome_api.mapper] mapper | GENESIS | G7CS4K2DGP00 | Extracted fields: year=2024, desc=2.5T Prestige AWD, trim=2.5T Prestige
[2026-07-28 14:33:36] [DEBUG   ] [chrome_api.mapper] mapper | GENESIS | G7CS4K2DGP00 | ModelName from ADS: G70
[2026-07-28 14:33:36] [INFO    ] [chrome_api.mapper] mapper | GENESIS | Loaded 11 ENGINE_TYPE keywords: ['electrified', 'electric', 'ev', '3.3t', '3.5t', '3.8', '5.0', '5.0l', '2.5t', '2.0t', 'e-sc']
[2026-07-28 14:33:36] [DEBUG   ] [chrome_api.mapper] mapper | GENESIS | G7CS4K2DGP00 | Searching text: 'g70 2.5t prestige awd'
[2026-07-28 14:33:36] [DEBUG   ] [chrome_api.mapper] mapper | GENESIS | G7CS4K2DGP00 | Found keyword '2.5t' in 'G70 2.5T Prestige AWD'
[2026-07-28 14:33:36] [WARNING ] [chrome_api.mapper] mapper | GENESIS | G7CS4K2DGP00 | Keyword '2.5t' found but NOT in translator. Returning keyword as-is.
[2026-07-28 14:33:36] [INFO    ] [chrome_api.mapper] mapper | GENESIS | G7CS4K2DGP00 | Row complete: model=G70, trim=2.5T Prestige AWD, engine_type=2.5t
[2026-07-28 14:33:36] [DEBUG   ] [chrome_api.mapper] mapper | GENESIS | G7CS4K3AGA00 | Extracted fields: year=2024, desc=3.3T Advanced AWD, trim=3.3T Advanced
[2026-07-28 14:33:36] [DEBUG   ] [chrome_api.mapper] mapper | GENESIS | G7CS4K3AGA00 | ModelName from ADS: G70
[2026-07-28 14:33:36] [INFO    ] [chrome_api.mapper] mapper | GENESIS | Loaded 11 ENGINE_TYPE keywords: ['electrified', 'electric', 'ev', '3.3t', '3.5t', '3.8', '5.0', '5.0l', '2.5t', '2.0t', 'e-sc']
[2026-07-28 14:33:36] [DEBUG   ] [chrome_api.mapper] mapper | GENESIS | G7CS4K3AGA00 | Searching text: 'g70 3.3t advanced awd'
[2026-07-28 14:33:36] [DEBUG   ] [chrome_api.mapper] mapper | GENESIS | G7CS4K3AGA00 | Found keyword '3.3t' in 'G70 3.3T Advanced AWD'
[2026-07-28 14:33:36] [WARNING ] [chrome_api.mapper] mapper | GENESIS | G7CS4K3AGA00 | Keyword '3.3t' found but NOT in translator. Returning keyword as-is.
[2026-07-28 14:33:36] [INFO    ] [chrome_api.mapper] mapper | GENESIS | G7CS4K3AGA00 | Row complete: model=G70, trim=3.3T Advanced AWD, engine_type=3.3t
[2026-07-28 14:33:36] [DEBUG   ] [chrome_api.mapper] mapper | GENESIS | G7CS4K3AGS00 | Extracted fields: year=2024, desc=3.3T Sport AWD, trim=3.3T Sport
[2026-07-28 14:33:36] [DEBUG   ] [chrome_api.mapper] mapper | GENESIS | G7CS4K3AGS00 | ModelName from ADS: G70
[2026-07-28 14:33:36] [INFO    ] [chrome_api.mapper] mapper | GENESIS | Loaded 11 ENGINE_TYPE keywords: ['electrified', 'electric', 'ev', '3.3t', '3.5t', '3.8', '5.0', '5.0l', '2.5t', '2.0t', 'e-sc']
[2026-07-28 14:33:36] [DEBUG   ] [chrome_api.mapper] mapper | GENESIS | G7CS4K3AGS00 | Searching text: 'g70 3.3t sport awd'
[2026-07-28 14:33:36] [DEBUG   ] [chrome_api.mapper] mapper | GENESIS | G7CS4K3AGS00 | Found keyword '3.3t' in 'G70 3.3T Sport AWD'
[2026-07-28 14:33:36] [WARNING ] [chrome_api.mapper] mapper | GENESIS | G7CS4K3AGS00 | Keyword '3.3t' found but NOT in translator. Returning keyword as-is.
[2026-07-28 14:33:36] [INFO    ] [chrome_api.mapper] mapper | GENESIS | G7CS4K3AGS00 | Row complete: model=G70, trim=3.3T Sport AWD, engine_type=3.3t
[2026-07-28 14:33:36] [INFO    ] [chrome_api.mapper] mapper | ads_response_to_rows | Genesis | Converted 4/4 trims to rows
[2026-07-28 14:33:36] [DEBUG   ] [chrome_api.service] refresh_from_ads | Genesis 2024 G70 | Converted 4 trims to rows
[2026-07-28 14:33:36] [DEBUG   ] [urllib3.connectionpool] https://demos.autodatasolutions.com:443 "POST /ADSDemo/api/full/ymmt/year/2024/make/Genesis/model/G80/ HTTP/1.1" 200 None
[2026-07-28 14:33:37] [INFO    ] [chrome_api.mapper] mapper | ads_response_to_rows | Genesis | Processing 2 trims from ADS response
[2026-07-28 14:33:37] [DEBUG   ] [chrome_api.mapper] mapper | GENESIS | G8CS4K2DGA00 | Extracted fields: year=2024, desc=2.5T Advanced AWD, trim=2.5T Advanced
[2026-07-28 14:33:37] [DEBUG   ] [chrome_api.mapper] mapper | GENESIS | G8CS4K2DGA00 | ModelName from ADS: G80
[2026-07-28 14:33:37] [INFO    ] [chrome_api.mapper] mapper | GENESIS | Loaded 11 ENGINE_TYPE keywords: ['electrified', 'electric', 'ev', '3.3t', '3.5t', '3.8', '5.0', '5.0l', '2.5t', '2.0t', 'e-sc']
[2026-07-28 14:33:37] [DEBUG   ] [chrome_api.mapper] mapper | GENESIS | G8CS4K2DGA00 | Searching text: 'g80 2.5t advanced awd'
[2026-07-28 14:33:37] [DEBUG   ] [chrome_api.mapper] mapper | GENESIS | G8CS4K2DGA00 | Found keyword '2.5t' in 'G80 2.5T Advanced AWD'
[2026-07-28 14:33:37] [WARNING ] [chrome_api.mapper] mapper | GENESIS | G8CS4K2DGA00 | Keyword '2.5t' found but NOT in translator. Returning keyword as-is.
[2026-07-28 14:33:37] [INFO    ] [chrome_api.mapper] mapper | GENESIS | G8CS4K2DGA00 | Row complete: model=G80, trim=2.5T Advanced AWD, engine_type=2.5t
[2026-07-28 14:33:37] [DEBUG   ] [chrome_api.mapper] mapper | GENESIS | G8CS4K3BGSAU | Extracted fields: year=2024, desc=3.5T Sport Plus AWD, trim=3.5T Sport Plus
[2026-07-28 14:33:37] [DEBUG   ] [chrome_api.mapper] mapper | GENESIS | G8CS4K3BGSAU | ModelName from ADS: G80
[2026-07-28 14:33:37] [INFO    ] [chrome_api.mapper] mapper | GENESIS | Loaded 11 ENGINE_TYPE keywords: ['electrified', 'electric', 'ev', '3.3t', '3.5t', '3.8', '5.0', '5.0l', '2.5t', '2.0t', 'e-sc']
[2026-07-28 14:33:37] [DEBUG   ] [chrome_api.mapper] mapper | GENESIS | G8CS4K3BGSAU | Searching text: 'g80 3.5t sport plus awd'
[2026-07-28 14:33:37] [DEBUG   ] [chrome_api.mapper] mapper | GENESIS | G8CS4K3BGSAU | Found keyword '3.5t' in 'G80 3.5T Sport Plus AWD'
[2026-07-28 14:33:37] [WARNING ] [chrome_api.mapper] mapper | GENESIS | G8CS4K3BGSAU | Keyword '3.5t' found but NOT in translator. Returning keyword as-is.
[2026-07-28 14:33:37] [INFO    ] [chrome_api.mapper] mapper | GENESIS | G8CS4K3BGSAU | Row complete: model=G80, trim=3.5T Sport Plus AWD, engine_type=3.5t
[2026-07-28 14:33:37] [INFO    ] [chrome_api.mapper] mapper | ads_response_to_rows | Genesis | Converted 2/2 trims to rows
[2026-07-28 14:33:37] [DEBUG   ] [chrome_api.service] refresh_from_ads | Genesis 2024 G80 | Converted 2 trims to rows
[2026-07-28 14:33:37] [DEBUG   ] [urllib3.connectionpool] https://demos.autodatasolutions.com:443 "POST /ADSDemo/api/full/ymmt/year/2024/make/Genesis/model/G90/ HTTP/1.1" 200 None
[2026-07-28 14:33:37] [INFO    ] [chrome_api.mapper] mapper | ads_response_to_rows | Genesis | Processing 1 trims from ADS response
[2026-07-28 14:33:37] [DEBUG   ] [chrome_api.mapper] mapper | GENESIS | G9CS4K3BXXPS | Extracted fields: year=2024, desc=e-SC Prestige AWD, trim=e-SC Prestige
[2026-07-28 14:33:37] [DEBUG   ] [chrome_api.mapper] mapper | GENESIS | G9CS4K3BXXPS | ModelName from ADS: G90
[2026-07-28 14:33:37] [INFO    ] [chrome_api.mapper] mapper | GENESIS | Loaded 11 ENGINE_TYPE keywords: ['electrified', 'electric', 'ev', '3.3t', '3.5t', '3.8', '5.0', '5.0l', '2.5t', '2.0t', 'e-sc']
[2026-07-28 14:33:37] [DEBUG   ] [chrome_api.mapper] mapper | GENESIS | G9CS4K3BXXPS | Searching text: 'g90 e-sc prestige awd'
[2026-07-28 14:33:37] [DEBUG   ] [chrome_api.mapper] mapper | GENESIS | G9CS4K3BXXPS | Found keyword 'e-sc' in 'G90 e-SC Prestige AWD'
[2026-07-28 14:33:37] [WARNING ] [chrome_api.mapper] mapper | GENESIS | G9CS4K3BXXPS | Keyword 'e-sc' found but NOT in translator. Returning keyword as-is.
[2026-07-28 14:33:37] [INFO    ] [chrome_api.mapper] mapper | GENESIS | G9CS4K3BXXPS | Row complete: model=G90, trim=e-SC Prestige AWD, engine_type=e-sc
[2026-07-28 14:33:37] [INFO    ] [chrome_api.mapper] mapper | ads_response_to_rows | Genesis | Converted 1/1 trims to rows
[2026-07-28 14:33:37] [DEBUG   ] [chrome_api.service] refresh_from_ads | Genesis 2024 G90 | Converted 1 trims to rows
[2026-07-28 14:33:37] [DEBUG   ] [urllib3.connectionpool] https://demos.autodatasolutions.com:443 "POST /ADSDemo/api/full/ymmt/year/2024/make/Genesis/model/GV60/ HTTP/1.1" 200 None
[2026-07-28 14:33:38] [INFO    ] [chrome_api.mapper] mapper | ads_response_to_rows | Genesis | Processing 3 trims from ADS response
[2026-07-28 14:33:38] [DEBUG   ] [chrome_api.mapper] mapper | GENESIS | V6EW5ZE227AD | Extracted fields: year=2024, desc=Advanced AWD, trim=Advanced
[2026-07-28 14:33:38] [DEBUG   ] [chrome_api.mapper] mapper | GENESIS | V6EW5ZE227AD | ModelName from ADS: GV60
[2026-07-28 14:33:38] [INFO    ] [chrome_api.mapper] mapper | GENESIS | Loaded 11 ENGINE_TYPE keywords: ['electrified', 'electric', 'ev', '3.3t', '3.5t', '3.8', '5.0', '5.0l', '2.5t', '2.0t', 'e-sc']
[2026-07-28 14:33:38] [DEBUG   ] [chrome_api.mapper] mapper | GENESIS | V6EW5ZE227AD | Searching text: 'gv60 advanced awd'
[2026-07-28 14:33:38] [DEBUG   ] [chrome_api.mapper] mapper | GENESIS | V6EW5ZE227AD | No ENGINE_TYPE keyword found
[2026-07-28 14:33:38] [INFO    ] [chrome_api.mapper] mapper | GENESIS | V6EW5ZE227AD | Row complete: model=GV60, trim=Advanced AWD, engine_type=None
[2026-07-28 14:33:38] [DEBUG   ] [chrome_api.mapper] mapper | GENESIS | V6EW5ZE127AR | Extracted fields: year=2024, desc=Performance AWD, trim=Performance
[2026-07-28 14:33:38] [DEBUG   ] [chrome_api.mapper] mapper | GENESIS | V6EW5ZE127AR | ModelName from ADS: GV60
[2026-07-28 14:33:38] [INFO    ] [chrome_api.mapper] mapper | GENESIS | Loaded 11 ENGINE_TYPE keywords: ['electrified', 'electric', 'ev', '3.3t', '3.5t', '3.8', '5.0', '5.0l', '2.5t', '2.0t', 'e-sc']
[2026-07-28 14:33:38] [DEBUG   ] [chrome_api.mapper] mapper | GENESIS | V6EW5ZE127AR | Searching text: 'gv60 performance awd'
[2026-07-28 14:33:38] [DEBUG   ] [chrome_api.mapper] mapper | GENESIS | V6EW5ZE127AR | No ENGINE_TYPE keyword found
[2026-07-28 14:33:38] [INFO    ] [chrome_api.mapper] mapper | GENESIS | V6EW5ZE127AR | Row complete: model=GV60, trim=Performance AWD, engine_type=None
[2026-07-28 14:33:38] [DEBUG   ] [chrome_api.mapper] mapper | GENESIS | V6EW5ZE127PF | Extracted fields: year=2024, desc=Performance AWD w/Navy Interior, trim=Performance
[2026-07-28 14:33:38] [DEBUG   ] [chrome_api.mapper] mapper | GENESIS | V6EW5ZE127PF | ModelName from ADS: GV60
[2026-07-28 14:33:38] [INFO    ] [chrome_api.mapper] mapper | GENESIS | Loaded 11 ENGINE_TYPE keywords: ['electrified', 'electric', 'ev', '3.3t', '3.5t', '3.8', '5.0', '5.0l', '2.5t', '2.0t', 'e-sc']
[2026-07-28 14:33:38] [DEBUG   ] [chrome_api.mapper] mapper | GENESIS | V6EW5ZE127PF | Searching text: 'gv60 performance awd w/navy interior'
[2026-07-28 14:33:38] [DEBUG   ] [chrome_api.mapper] mapper | GENESIS | V6EW5ZE127PF | No ENGINE_TYPE keyword found
[2026-07-28 14:33:38] [INFO    ] [chrome_api.mapper] mapper | GENESIS | V6EW5ZE127PF | Row complete: model=GV60, trim=Performance AWD w/Navy Interior, engine_type=None
[2026-07-28 14:33:38] [INFO    ] [chrome_api.mapper] mapper | ads_response_to_rows | Genesis | Converted 3/3 trims to rows
[2026-07-28 14:33:38] [DEBUG   ] [chrome_api.service] refresh_from_ads | Genesis 2024 GV60 | Converted 3 trims to rows
[2026-07-28 14:33:38] [DEBUG   ] [urllib3.connectionpool] https://demos.autodatasolutions.com:443 "POST /ADSDemo/api/full/ymmt/year/2024/make/Genesis/model/GV70/ HTTP/1.1" 200 None
[2026-07-28 14:33:39] [INFO    ] [chrome_api.mapper] mapper | ads_response_to_rows | Genesis | Processing 6 trims from ADS response
[2026-07-28 14:33:39] [DEBUG   ] [chrome_api.mapper] mapper | GENESIS | V7CW5K2D27AD | Extracted fields: year=2024, desc=2.5T Advanced AWD, trim=2.5T Advanced
[2026-07-28 14:33:39] [DEBUG   ] [chrome_api.mapper] mapper | GENESIS | V7CW5K2D27AD | ModelName from ADS: GV70
[2026-07-28 14:33:39] [INFO    ] [chrome_api.mapper] mapper | GENESIS | Loaded 11 ENGINE_TYPE keywords: ['electrified', 'electric', 'ev', '3.3t', '3.5t', '3.8', '5.0', '5.0l', '2.5t', '2.0t', 'e-sc']
[2026-07-28 14:33:39] [DEBUG   ] [chrome_api.mapper] mapper | GENESIS | V7CW5K2D27AD | Searching text: 'gv70 2.5t advanced awd'
[2026-07-28 14:33:39] [DEBUG   ] [chrome_api.mapper] mapper | GENESIS | V7CW5K2D27AD | Found keyword '2.5t' in 'GV70 2.5T Advanced AWD'
[2026-07-28 14:33:39] [WARNING ] [chrome_api.mapper] mapper | GENESIS | V7CW5K2D27AD | Keyword '2.5t' found but NOT in translator. Returning keyword as-is.
[2026-07-28 14:33:39] [INFO    ] [chrome_api.mapper] mapper | GENESIS | V7CW5K2D27AD | Row complete: model=GV70, trim=2.5T Advanced AWD, engine_type=2.5t
[2026-07-28 14:33:39] [DEBUG   ] [chrome_api.mapper] mapper | GENESIS | V7CW5K2DGAAU | Extracted fields: year=2024, desc=2.5T Advanced Plus AWD, trim=2.5T Advanced Plus
[2026-07-28 14:33:39] [DEBUG   ] [chrome_api.mapper] mapper | GENESIS | V7CW5K2DGAAU | ModelName from ADS: GV70
[2026-07-28 14:33:39] [INFO    ] [chrome_api.mapper] mapper | GENESIS | Loaded 11 ENGINE_TYPE keywords: ['electrified', 'electric', 'ev', '3.3t', '3.5t', '3.8', '5.0', '5.0l', '2.5t', '2.0t', 'e-sc']
[2026-07-28 14:33:39] [DEBUG   ] [chrome_api.mapper] mapper | GENESIS | V7CW5K2DGAAU | Searching text: 'gv70 2.5t advanced plus awd'
[2026-07-28 14:33:39] [DEBUG   ] [chrome_api.mapper] mapper | GENESIS | V7CW5K2DGAAU | Found keyword '2.5t' in 'GV70 2.5T Advanced Plus AWD'
[2026-07-28 14:33:39] [WARNING ] [chrome_api.mapper] mapper | GENESIS | V7CW5K2DGAAU | Keyword '2.5t' found but NOT in translator. Returning keyword as-is.
[2026-07-28 14:33:39] [INFO    ] [chrome_api.mapper] mapper | GENESIS | V7CW5K2DGAAU | Row complete: model=GV70, trim=2.5T Advanced Plus AWD, engine_type=2.5t
[2026-07-28 14:33:39] [DEBUG   ] [chrome_api.mapper] mapper | GENESIS | V7CW5K2DGP00 | Extracted fields: year=2024, desc=2.5T Prestige AWD, trim=2.5T Prestige
[2026-07-28 14:33:39] [DEBUG   ] [chrome_api.mapper] mapper | GENESIS | V7CW5K2DGP00 | ModelName from ADS: GV70
[2026-07-28 14:33:39] [INFO    ] [chrome_api.mapper] mapper | GENESIS | Loaded 11 ENGINE_TYPE keywords: ['electrified', 'electric', 'ev', '3.3t', '3.5t', '3.8', '5.0', '5.0l', '2.5t', '2.0t', 'e-sc']
[2026-07-28 14:33:39] [DEBUG   ] [chrome_api.mapper] mapper | GENESIS | V7CW5K2DGP00 | Searching text: 'gv70 2.5t prestige awd'
[2026-07-28 14:33:39] [DEBUG   ] [chrome_api.mapper] mapper | GENESIS | V7CW5K2DGP00 | Found keyword '2.5t' in 'GV70 2.5T Prestige AWD'
[2026-07-28 14:33:39] [WARNING ] [chrome_api.mapper] mapper | GENESIS | V7CW5K2DGP00 | Keyword '2.5t' found but NOT in translator. Returning keyword as-is.
[2026-07-28 14:33:39] [INFO    ] [chrome_api.mapper] mapper | GENESIS | V7CW5K2DGP00 | Row complete: model=GV70, trim=2.5T Prestige AWD, engine_type=2.5t
[2026-07-28 14:33:39] [DEBUG   ] [chrome_api.mapper] mapper | GENESIS | V7CW5K3BGS00 | Extracted fields: year=2024, desc=3.5T Sport AWD, trim=3.5T Sport
[2026-07-28 14:33:39] [DEBUG   ] [chrome_api.mapper] mapper | GENESIS | V7CW5K3BGS00 | ModelName from ADS: GV70
[2026-07-28 14:33:39] [INFO    ] [chrome_api.mapper] mapper | GENESIS | Loaded 11 ENGINE_TYPE keywords: ['electrified', 'electric', 'ev', '3.3t', '3.5t', '3.8', '5.0', '5.0l', '2.5t', '2.0t', 'e-sc']
[2026-07-28 14:33:39] [DEBUG   ] [chrome_api.mapper] mapper | GENESIS | V7CW5K3BGS00 | Searching text: 'gv70 3.5t sport awd'
[2026-07-28 14:33:39] [DEBUG   ] [chrome_api.mapper] mapper | GENESIS | V7CW5K3BGS00 | Found keyword '3.5t' in 'GV70 3.5T Sport AWD'
[2026-07-28 14:33:39] [WARNING ] [chrome_api.mapper] mapper | GENESIS | V7CW5K3BGS00 | Keyword '3.5t' found but NOT in translator. Returning keyword as-is.
[2026-07-28 14:33:39] [INFO    ] [chrome_api.mapper] mapper | GENESIS | V7CW5K3BGS00 | Row complete: model=GV70, trim=3.5T Sport AWD, engine_type=3.5t
[2026-07-28 14:33:39] [DEBUG   ] [chrome_api.mapper] mapper | GENESIS | V7CW5K3BGSAF | Extracted fields: year=2024, desc=3.5T Sport Plus w/o LSD, trim=3.5T Sport Plus w/o LSD
[2026-07-28 14:33:39] [DEBUG   ] [chrome_api.mapper] mapper | GENESIS | V7CW5K3BGSAF | ModelName from ADS: GV70
[2026-07-28 14:33:39] [INFO    ] [chrome_api.mapper] mapper | GENESIS | Loaded 11 ENGINE_TYPE keywords: ['electrified', 'electric', 'ev', '3.3t', '3.5t', '3.8', '5.0', '5.0l', '2.5t', '2.0t', 'e-sc']
[2026-07-28 14:33:39] [DEBUG   ] [chrome_api.mapper] mapper | GENESIS | V7CW5K3BGSAF | Searching text: 'gv70 3.5t sport plus w/o lsd'
[2026-07-28 14:33:39] [DEBUG   ] [chrome_api.mapper] mapper | GENESIS | V7CW5K3BGSAF | Found keyword '3.5t' in 'GV70 3.5T Sport Plus w/o LSD'
[2026-07-28 14:33:39] [WARNING ] [chrome_api.mapper] mapper | GENESIS | V7CW5K3BGSAF | Keyword '3.5t' found but NOT in translator. Returning keyword as-is.
[2026-07-28 14:33:39] [INFO    ] [chrome_api.mapper] mapper | GENESIS | V7CW5K3BGSAF | Row complete: model=GV70, trim=3.5T Sport Plus w/o LSD, engine_type=3.5t
[2026-07-28 14:33:39] [DEBUG   ] [chrome_api.mapper] mapper | GENESIS | V7CW5K3BGSBE | Extracted fields: year=2024, desc=3.5T Sport Plus w/LSD, trim=3.5T Sport Plus w/LSD
[2026-07-28 14:33:39] [DEBUG   ] [chrome_api.mapper] mapper | GENESIS | V7CW5K3BGSBE | ModelName from ADS: GV70
[2026-07-28 14:33:39] [INFO    ] [chrome_api.mapper] mapper | GENESIS | Loaded 11 ENGINE_TYPE keywords: ['electrified', 'electric', 'ev', '3.3t', '3.5t', '3.8', '5.0', '5.0l', '2.5t', '2.0t', 'e-sc']
[2026-07-28 14:33:39] [DEBUG   ] [chrome_api.mapper] mapper | GENESIS | V7CW5K3BGSBE | Searching text: 'gv70 3.5t sport plus w/lsd'
[2026-07-28 14:33:39] [DEBUG   ] [chrome_api.mapper] mapper | GENESIS | V7CW5K3BGSBE | Found keyword '3.5t' in 'GV70 3.5T Sport Plus w/LSD'
[2026-07-28 14:33:39] [WARNING ] [chrome_api.mapper] mapper | GENESIS | V7CW5K3BGSBE | Keyword '3.5t' found but NOT in translator. Returning keyword as-is.
[2026-07-28 14:33:39] [INFO    ] [chrome_api.mapper] mapper | GENESIS | V7CW5K3BGSBE | Row complete: model=GV70, trim=3.5T Sport Plus w/LSD, engine_type=3.5t
[2026-07-28 14:33:39] [INFO    ] [chrome_api.mapper] mapper | ads_response_to_rows | Genesis | Converted 6/6 trims to rows
[2026-07-28 14:33:39] [DEBUG   ] [chrome_api.service] refresh_from_ads | Genesis 2024 GV70 | Converted 6 trims to rows
[2026-07-28 14:33:39] [DEBUG   ] [urllib3.connectionpool] https://demos.autodatasolutions.com:443 "POST /ADSDemo/api/full/ymmt/year/2024/make/Genesis/model/GV80/ HTTP/1.1" 200 None
[2026-07-28 14:33:39] [INFO    ] [chrome_api.mapper] mapper | ads_response_to_rows | Genesis | Processing 7 trims from ADS response
[2026-07-28 14:33:39] [DEBUG   ] [chrome_api.mapper] mapper | GENESIS | V8CW5K2DGA00 | Extracted fields: year=2024, desc=2.5T Advanced AWD, trim=2.5T Advanced
[2026-07-28 14:33:39] [DEBUG   ] [chrome_api.mapper] mapper | GENESIS | V8CW5K2DGA00 | ModelName from ADS: GV80
[2026-07-28 14:33:39] [INFO    ] [chrome_api.mapper] mapper | GENESIS | Loaded 11 ENGINE_TYPE keywords: ['electrified', 'electric', 'ev', '3.3t', '3.5t', '3.8', '5.0', '5.0l', '2.5t', '2.0t', 'e-sc']
[2026-07-28 14:33:39] [DEBUG   ] [chrome_api.mapper] mapper | GENESIS | V8CW5K2DGA00 | Searching text: 'gv80 2.5t advanced awd'
[2026-07-28 14:33:39] [DEBUG   ] [chrome_api.mapper] mapper | GENESIS | V8CW5K2DGA00 | Found keyword '2.5t' in 'GV80 2.5T Advanced AWD'
[2026-07-28 14:33:39] [WARNING ] [chrome_api.mapper] mapper | GENESIS | V8CW5K2DGA00 | Keyword '2.5t' found but NOT in translator. Returning keyword as-is.
[2026-07-28 14:33:39] [INFO    ] [chrome_api.mapper] mapper | GENESIS | V8CW5K2DGA00 | Row complete: model=GV80, trim=2.5T Advanced AWD, engine_type=2.5t
[2026-07-28 14:33:39] [DEBUG   ] [chrome_api.mapper] mapper | GENESIS | V8CW5K3BGPAM | Extracted fields: year=2024, desc=3.5T Prestige AWD 5P, trim=3.5T Prestige
[2026-07-28 14:33:39] [DEBUG   ] [chrome_api.mapper] mapper | GENESIS | V8CW5K3BGPAM | ModelName from ADS: GV80
[2026-07-28 14:33:39] [INFO    ] [chrome_api.mapper] mapper | GENESIS | Loaded 11 ENGINE_TYPE keywords: ['electrified', 'electric', 'ev', '3.3t', '3.5t', '3.8', '5.0', '5.0l', '2.5t', '2.0t', 'e-sc']
[2026-07-28 14:33:39] [DEBUG   ] [chrome_api.mapper] mapper | GENESIS | V8CW5K3BGPAM | Searching text: 'gv80 3.5t prestige awd 5p'
[2026-07-28 14:33:39] [DEBUG   ] [chrome_api.mapper] mapper | GENESIS | V8CW5K3BGPAM | Found keyword '3.5t' in 'GV80 3.5T Prestige AWD 5P'
[2026-07-28 14:33:39] [WARNING ] [chrome_api.mapper] mapper | GENESIS | V8CW5K3BGPAM | Keyword '3.5t' found but NOT in translator. Returning keyword as-is.
[2026-07-28 14:33:39] [INFO    ] [chrome_api.mapper] mapper | GENESIS | V8CW5K3BGPAM | Row complete: model=GV80, trim=3.5T Prestige AWD 5P, engine_type=3.5t
[2026-07-28 14:33:39] [DEBUG   ] [chrome_api.mapper] mapper | GENESIS | V8CW5K3BGPAP | Extracted fields: year=2024, desc=3.5T Prestige AWD 5P w/Matte Paint, trim=3.5T Prestige
[2026-07-28 14:33:39] [DEBUG   ] [chrome_api.mapper] mapper | GENESIS | V8CW5K3BGPAP | ModelName from ADS: GV80
[2026-07-28 14:33:39] [INFO    ] [chrome_api.mapper] mapper | GENESIS | Loaded 11 ENGINE_TYPE keywords: ['electrified', 'electric', 'ev', '3.3t', '3.5t', '3.8', '5.0', '5.0l', '2.5t', '2.0t', 'e-sc']
[2026-07-28 14:33:39] [DEBUG   ] [chrome_api.mapper] mapper | GENESIS | V8CW5K3BGPAP | Searching text: 'gv80 3.5t prestige awd 5p w/matte paint'
[2026-07-28 14:33:39] [DEBUG   ] [chrome_api.mapper] mapper | GENESIS | V8CW5K3BGPAP | Found keyword '3.5t' in 'GV80 3.5T Prestige AWD 5P w/Matte Paint'
[2026-07-28 14:33:39] [WARNING ] [chrome_api.mapper] mapper | GENESIS | V8CW5K3BGPAP | Keyword '3.5t' found but NOT in translator. Returning keyword as-is.
[2026-07-28 14:33:39] [INFO    ] [chrome_api.mapper] mapper | GENESIS | V8CW5K3BGPAP | Row complete: model=GV80, trim=3.5T Prestige AWD 5P w/Matte Paint, engine_type=3.5t
[2026-07-28 14:33:39] [DEBUG   ] [chrome_api.mapper] mapper | GENESIS | V8CW7K3BGP00 | Extracted fields: year=2024, desc=3.5T Prestige AWD 7P, trim=3.5T Prestige
[2026-07-28 14:33:39] [DEBUG   ] [chrome_api.mapper] mapper | GENESIS | V8CW7K3BGP00 | ModelName from ADS: GV80
[2026-07-28 14:33:39] [INFO    ] [chrome_api.mapper] mapper | GENESIS | Loaded 11 ENGINE_TYPE keywords: ['electrified', 'electric', 'ev', '3.3t', '3.5t', '3.8', '5.0', '5.0l', '2.5t', '2.0t', 'e-sc']
[2026-07-28 14:33:39] [DEBUG   ] [chrome_api.mapper] mapper | GENESIS | V8CW7K3BGP00 | Searching text: 'gv80 3.5t prestige awd 7p'
[2026-07-28 14:33:39] [DEBUG   ] [chrome_api.mapper] mapper | GENESIS | V8CW7K3BGP00 | Found keyword '3.5t' in 'GV80 3.5T Prestige AWD 7P'
[2026-07-28 14:33:39] [WARNING ] [chrome_api.mapper] mapper | GENESIS | V8CW7K3BGP00 | Keyword '3.5t' found but NOT in translator. Returning keyword as-is.
[2026-07-28 14:33:39] [INFO    ] [chrome_api.mapper] mapper | GENESIS | V8CW7K3BGP00 | Row complete: model=GV80, trim=3.5T Prestige AWD 7P, engine_type=3.5t
[2026-07-28 14:33:39] [DEBUG   ] [chrome_api.mapper] mapper | GENESIS | V8CW7K3BGPAO | Extracted fields: year=2024, desc=3.5T Prestige AWD 7P w/Matte Paint, trim=3.5T Prestige
[2026-07-28 14:33:39] [DEBUG   ] [chrome_api.mapper] mapper | GENESIS | V8CW7K3BGPAO | ModelName from ADS: GV80
[2026-07-28 14:33:39] [INFO    ] [chrome_api.mapper] mapper | GENESIS | Loaded 11 ENGINE_TYPE keywords: ['electrified', 'electric', 'ev', '3.3t', '3.5t', '3.8', '5.0', '5.0l', '2.5t', '2.0t', 'e-sc']
[2026-07-28 14:33:39] [DEBUG   ] [chrome_api.mapper] mapper | GENESIS | V8CW7K3BGPAO | Searching text: 'gv80 3.5t prestige awd 7p w/matte paint'
[2026-07-28 14:33:39] [DEBUG   ] [chrome_api.mapper] mapper | GENESIS | V8CW7K3BGPAO | Found keyword '3.5t' in 'GV80 3.5T Prestige AWD 7P w/Matte Paint'
[2026-07-28 14:33:39] [WARNING ] [chrome_api.mapper] mapper | GENESIS | V8CW7K3BGPAO | Keyword '3.5t' found but NOT in translator. Returning keyword as-is.
[2026-07-28 14:33:39] [INFO    ] [chrome_api.mapper] mapper | GENESIS | V8CW7K3BGPAO | Row complete: model=GV80, trim=3.5T Prestige AWD 7P w/Matte Paint, engine_type=3.5t
[2026-07-28 14:33:39] [DEBUG   ] [chrome_api.mapper] mapper | GENESIS | V8CW5K3BGAAX | Extracted fields: year=2024, desc=3.5T Advanced AWD 5P, trim=3.5T Advanced
[2026-07-28 14:33:39] [DEBUG   ] [chrome_api.mapper] mapper | GENESIS | V8CW5K3BGAAX | ModelName from ADS: GV80
[2026-07-28 14:33:39] [INFO    ] [chrome_api.mapper] mapper | GENESIS | Loaded 11 ENGINE_TYPE keywords: ['electrified', 'electric', 'ev', '3.3t', '3.5t', '3.8', '5.0', '5.0l', '2.5t', '2.0t', 'e-sc']
[2026-07-28 14:33:39] [DEBUG   ] [chrome_api.mapper] mapper | GENESIS | V8CW5K3BGAAX | Searching text: 'gv80 3.5t advanced awd 5p'
[2026-07-28 14:33:39] [DEBUG   ] [chrome_api.mapper] mapper | GENESIS | V8CW5K3BGAAX | Found keyword '3.5t' in 'GV80 3.5T Advanced AWD 5P'
[2026-07-28 14:33:39] [WARNING ] [chrome_api.mapper] mapper | GENESIS | V8CW5K3BGAAX | Keyword '3.5t' found but NOT in translator. Returning keyword as-is.
[2026-07-28 14:33:39] [INFO    ] [chrome_api.mapper] mapper | GENESIS | V8CW5K3BGAAX | Row complete: model=GV80, trim=3.5T Advanced AWD 5P, engine_type=3.5t
[2026-07-28 14:33:39] [DEBUG   ] [chrome_api.mapper] mapper | GENESIS | V8CW5K3BGAAY | Extracted fields: year=2024, desc=3.5T Advanced AWD 5P w/Matte Paint, trim=3.5T Advanced
[2026-07-28 14:33:39] [DEBUG   ] [chrome_api.mapper] mapper | GENESIS | V8CW5K3BGAAY | ModelName from ADS: GV80
[2026-07-28 14:33:39] [INFO    ] [chrome_api.mapper] mapper | GENESIS | Loaded 11 ENGINE_TYPE keywords: ['electrified', 'electric', 'ev', '3.3t', '3.5t', '3.8', '5.0', '5.0l', '2.5t', '2.0t', 'e-sc']
[2026-07-28 14:33:39] [DEBUG   ] [chrome_api.mapper] mapper | GENESIS | V8CW5K3BGAAY | Searching text: 'gv80 3.5t advanced awd 5p w/matte paint'
[2026-07-28 14:33:39] [DEBUG   ] [chrome_api.mapper] mapper | GENESIS | V8CW5K3BGAAY | Found keyword '3.5t' in 'GV80 3.5T Advanced AWD 5P w/Matte Paint'
[2026-07-28 14:33:39] [WARNING ] [chrome_api.mapper] mapper | GENESIS | V8CW5K3BGAAY | Keyword '3.5t' found but NOT in translator. Returning keyword as-is.
[2026-07-28 14:33:39] [INFO    ] [chrome_api.mapper] mapper | GENESIS | V8CW5K3BGAAY | Row complete: model=GV80, trim=3.5T Advanced AWD 5P w/Matte Paint, engine_type=3.5t
[2026-07-28 14:33:39] [INFO    ] [chrome_api.mapper] mapper | ads_response_to_rows | Genesis | Converted 7/7 trims to rows
[2026-07-28 14:33:39] [DEBUG   ] [chrome_api.service] refresh_from_ads | Genesis 2024 GV80 | Converted 7 trims to rows
[2026-07-28 14:33:39] [DEBUG   ] [urllib3.connectionpool] https://demos.autodatasolutions.com:443 "GET /ADSDemo/api/ymmt/models/make/Genesis/year/2025/country/CA/language/en?sort=ASC HTTP/1.1" 200 None
[2026-07-28 14:33:40] [DEBUG   ] [urllib3.connectionpool] https://demos.autodatasolutions.com:443 "POST /ADSDemo/api/full/ymmt/year/2025/make/Genesis/model/Electrified%20GV70/ HTTP/1.1" 200 None
[2026-07-28 14:33:41] [INFO    ] [chrome_api.mapper] mapper | ads_response_to_rows | Genesis | Processing 3 trims from ADS response
[2026-07-28 14:33:41] [DEBUG   ] [chrome_api.mapper] mapper | GENESIS | V7EW5ZE1GP00 | Extracted fields: year=2025, desc=Prestige AWD, trim=Prestige
[2026-07-28 14:33:41] [DEBUG   ] [chrome_api.mapper] mapper | GENESIS | V7EW5ZE1GP00 | ModelName from ADS: Electrified GV70
[2026-07-28 14:33:41] [INFO    ] [chrome_api.mapper] mapper | GENESIS | Loaded 11 ENGINE_TYPE keywords: ['electrified', 'electric', 'ev', '3.3t', '3.5t', '3.8', '5.0', '5.0l', '2.5t', '2.0t', 'e-sc']
[2026-07-28 14:33:41] [DEBUG   ] [chrome_api.mapper] mapper | GENESIS | V7EW5ZE1GP00 | Searching text: 'electrified gv70 prestige awd'
[2026-07-28 14:33:41] [DEBUG   ] [chrome_api.mapper] mapper | GENESIS | V7EW5ZE1GP00 | Found keyword 'electrified' in 'Electrified GV70 Prestige AWD'
[2026-07-28 14:33:41] [WARNING ] [chrome_api.mapper] mapper | GENESIS | V7EW5ZE1GP00 | Keyword 'electrified' found but NOT in translator. Returning keyword as-is.
[2026-07-28 14:33:41] [INFO    ] [chrome_api.mapper] mapper | GENESIS | V7EW5ZE1GP00 | Row complete: model=Electrified GV70, trim=Prestige AWD, engine_type=electrified
[2026-07-28 14:33:41] [DEBUG   ] [chrome_api.mapper] mapper | GENESIS | V7EW5ZE1GA00 | Extracted fields: year=2025, desc=Advanced AWD, trim=Advanced
[2026-07-28 14:33:41] [DEBUG   ] [chrome_api.mapper] mapper | GENESIS | V7EW5ZE1GA00 | ModelName from ADS: Electrified GV70
[2026-07-28 14:33:41] [INFO    ] [chrome_api.mapper] mapper | GENESIS | Loaded 11 ENGINE_TYPE keywords: ['electrified', 'electric', 'ev', '3.3t', '3.5t', '3.8', '5.0', '5.0l', '2.5t', '2.0t', 'e-sc']
[2026-07-28 14:33:41] [DEBUG   ] [chrome_api.mapper] mapper | GENESIS | V7EW5ZE1GA00 | Searching text: 'electrified gv70 advanced awd'
[2026-07-28 14:33:41] [DEBUG   ] [chrome_api.mapper] mapper | GENESIS | V7EW5ZE1GA00 | Found keyword 'electrified' in 'Electrified GV70 Advanced AWD'
[2026-07-28 14:33:41] [WARNING ] [chrome_api.mapper] mapper | GENESIS | V7EW5ZE1GA00 | Keyword 'electrified' found but NOT in translator. Returning keyword as-is.
[2026-07-28 14:33:41] [INFO    ] [chrome_api.mapper] mapper | GENESIS | V7EW5ZE1GA00 | Row complete: model=Electrified GV70, trim=Advanced AWD, engine_type=electrified
[2026-07-28 14:33:41] [DEBUG   ] [chrome_api.mapper] mapper | GENESIS | V7EW5ZE1GAAU | Extracted fields: year=2025, desc=Advanced Plus AWD, trim=Advanced Plus
[2026-07-28 14:33:41] [DEBUG   ] [chrome_api.mapper] mapper | GENESIS | V7EW5ZE1GAAU | ModelName from ADS: Electrified GV70
[2026-07-28 14:33:41] [INFO    ] [chrome_api.mapper] mapper | GENESIS | Loaded 11 ENGINE_TYPE keywords: ['electrified', 'electric', 'ev', '3.3t', '3.5t', '3.8', '5.0', '5.0l', '2.5t', '2.0t', 'e-sc']
[2026-07-28 14:33:41] [DEBUG   ] [chrome_api.mapper] mapper | GENESIS | V7EW5ZE1GAAU | Searching text: 'electrified gv70 advanced plus awd'
[2026-07-28 14:33:41] [DEBUG   ] [chrome_api.mapper] mapper | GENESIS | V7EW5ZE1GAAU | Found keyword 'electrified' in 'Electrified GV70 Advanced Plus AWD'
[2026-07-28 14:33:41] [WARNING ] [chrome_api.mapper] mapper | GENESIS | V7EW5ZE1GAAU | Keyword 'electrified' found but NOT in translator. Returning keyword as-is.
[2026-07-28 14:33:41] [INFO    ] [chrome_api.mapper] mapper | GENESIS | V7EW5ZE1GAAU | Row complete: model=Electrified GV70, trim=Advanced Plus AWD, engine_type=electrified
[2026-07-28 14:33:41] [INFO    ] [chrome_api.mapper] mapper | ads_response_to_rows | Genesis | Converted 3/3 trims to rows
[2026-07-28 14:33:41] [DEBUG   ] [chrome_api.service] refresh_from_ads | Genesis 2025 Electrified GV70 | Converted 3 trims to rows
[2026-07-28 14:33:41] [DEBUG   ] [urllib3.connectionpool] https://demos.autodatasolutions.com:443 "POST /ADSDemo/api/full/ymmt/year/2025/make/Genesis/model/G70/ HTTP/1.1" 200 None
[2026-07-28 14:33:41] [INFO    ] [chrome_api.mapper] mapper | ads_response_to_rows | Genesis | Processing 4 trims from ADS response
[2026-07-28 14:33:41] [DEBUG   ] [chrome_api.mapper] mapper | GENESIS | G7CS4K2DGA00 | Extracted fields: year=2025, desc=2.5T Advanced AWD, trim=2.5T Advanced
[2026-07-28 14:33:41] [DEBUG   ] [chrome_api.mapper] mapper | GENESIS | G7CS4K2DGA00 | ModelName from ADS: G70
[2026-07-28 14:33:41] [INFO    ] [chrome_api.mapper] mapper | GENESIS | Loaded 11 ENGINE_TYPE keywords: ['electrified', 'electric', 'ev', '3.3t', '3.5t', '3.8', '5.0', '5.0l', '2.5t', '2.0t', 'e-sc']
[2026-07-28 14:33:41] [DEBUG   ] [chrome_api.mapper] mapper | GENESIS | G7CS4K2DGA00 | Searching text: 'g70 2.5t advanced awd'
[2026-07-28 14:33:41] [DEBUG   ] [chrome_api.mapper] mapper | GENESIS | G7CS4K2DGA00 | Found keyword '2.5t' in 'G70 2.5T Advanced AWD'
[2026-07-28 14:33:41] [WARNING ] [chrome_api.mapper] mapper | GENESIS | G7CS4K2DGA00 | Keyword '2.5t' found but NOT in translator. Returning keyword as-is.
[2026-07-28 14:33:41] [INFO    ] [chrome_api.mapper] mapper | GENESIS | G7CS4K2DGA00 | Row complete: model=G70, trim=2.5T Advanced AWD, engine_type=2.5t
[2026-07-28 14:33:41] [DEBUG   ] [chrome_api.mapper] mapper | GENESIS | G7CS4K2DGP00 | Extracted fields: year=2025, desc=2.5T Prestige AWD, trim=2.5T Prestige
[2026-07-28 14:33:41] [DEBUG   ] [chrome_api.mapper] mapper | GENESIS | G7CS4K2DGP00 | ModelName from ADS: G70
[2026-07-28 14:33:41] [INFO    ] [chrome_api.mapper] mapper | GENESIS | Loaded 11 ENGINE_TYPE keywords: ['electrified', 'electric', 'ev', '3.3t', '3.5t', '3.8', '5.0', '5.0l', '2.5t', '2.0t', 'e-sc']
[2026-07-28 14:33:41] [DEBUG   ] [chrome_api.mapper] mapper | GENESIS | G7CS4K2DGP00 | Searching text: 'g70 2.5t prestige awd'
[2026-07-28 14:33:41] [DEBUG   ] [chrome_api.mapper] mapper | GENESIS | G7CS4K2DGP00 | Found keyword '2.5t' in 'G70 2.5T Prestige AWD'
[2026-07-28 14:33:41] [WARNING ] [chrome_api.mapper] mapper | GENESIS | G7CS4K2DGP00 | Keyword '2.5t' found but NOT in translator. Returning keyword as-is.
[2026-07-28 14:33:41] [INFO    ] [chrome_api.mapper] mapper | GENESIS | G7CS4K2DGP00 | Row complete: model=G70, trim=2.5T Prestige AWD, engine_type=2.5t
[2026-07-28 14:33:41] [DEBUG   ] [chrome_api.mapper] mapper | GENESIS | G7CS4K3AGA00 | Extracted fields: year=2025, desc=3.3T Advanced AWD, trim=3.3T Advanced
[2026-07-28 14:33:41] [DEBUG   ] [chrome_api.mapper] mapper | GENESIS | G7CS4K3AGA00 | ModelName from ADS: G70
[2026-07-28 14:33:41] [INFO    ] [chrome_api.mapper] mapper | GENESIS | Loaded 11 ENGINE_TYPE keywords: ['electrified', 'electric', 'ev', '3.3t', '3.5t', '3.8', '5.0', '5.0l', '2.5t', '2.0t', 'e-sc']
[2026-07-28 14:33:41] [DEBUG   ] [chrome_api.mapper] mapper | GENESIS | G7CS4K3AGA00 | Searching text: 'g70 3.3t advanced awd'
[2026-07-28 14:33:41] [DEBUG   ] [chrome_api.mapper] mapper | GENESIS | G7CS4K3AGA00 | Found keyword '3.3t' in 'G70 3.3T Advanced AWD'
[2026-07-28 14:33:41] [WARNING ] [chrome_api.mapper] mapper | GENESIS | G7CS4K3AGA00 | Keyword '3.3t' found but NOT in translator. Returning keyword as-is.
[2026-07-28 14:33:41] [INFO    ] [chrome_api.mapper] mapper | GENESIS | G7CS4K3AGA00 | Row complete: model=G70, trim=3.3T Advanced AWD, engine_type=3.3t
[2026-07-28 14:33:41] [DEBUG   ] [chrome_api.mapper] mapper | GENESIS | G7CS4K3AGS00 | Extracted fields: year=2025, desc=3.3T Sport AWD, trim=3.3T Sport
[2026-07-28 14:33:41] [DEBUG   ] [chrome_api.mapper] mapper | GENESIS | G7CS4K3AGS00 | ModelName from ADS: G70
[2026-07-28 14:33:41] [INFO    ] [chrome_api.mapper] mapper | GENESIS | Loaded 11 ENGINE_TYPE keywords: ['electrified', 'electric', 'ev', '3.3t', '3.5t', '3.8', '5.0', '5.0l', '2.5t', '2.0t', 'e-sc']
[2026-07-28 14:33:41] [DEBUG   ] [chrome_api.mapper] mapper | GENESIS | G7CS4K3AGS00 | Searching text: 'g70 3.3t sport awd'
[2026-07-28 14:33:41] [DEBUG   ] [chrome_api.mapper] mapper | GENESIS | G7CS4K3AGS00 | Found keyword '3.3t' in 'G70 3.3T Sport AWD'
[2026-07-28 14:33:41] [WARNING ] [chrome_api.mapper] mapper | GENESIS | G7CS4K3AGS00 | Keyword '3.3t' found but NOT in translator. Returning keyword as-is.
[2026-07-28 14:33:41] [INFO    ] [chrome_api.mapper] mapper | GENESIS | G7CS4K3AGS00 | Row complete: model=G70, trim=3.3T Sport AWD, engine_type=3.3t
[2026-07-28 14:33:41] [INFO    ] [chrome_api.mapper] mapper | ads_response_to_rows | Genesis | Converted 4/4 trims to rows
[2026-07-28 14:33:41] [DEBUG   ] [chrome_api.service] refresh_from_ads | Genesis 2025 G70 | Converted 4 trims to rows
[2026-07-28 14:33:41] [DEBUG   ] [urllib3.connectionpool] https://demos.autodatasolutions.com:443 "POST /ADSDemo/api/full/ymmt/year/2025/make/Genesis/model/G80/ HTTP/1.1" 200 None
[2026-07-28 14:33:42] [INFO    ] [chrome_api.mapper] mapper | ads_response_to_rows | Genesis | Processing 2 trims from ADS response
[2026-07-28 14:33:42] [DEBUG   ] [chrome_api.mapper] mapper | GENESIS | G8CS4K2DGA00 | Extracted fields: year=2025, desc=2.5T Advanced AWD, trim=2.5T Advanced
[2026-07-28 14:33:42] [DEBUG   ] [chrome_api.mapper] mapper | GENESIS | G8CS4K2DGA00 | ModelName from ADS: G80
[2026-07-28 14:33:42] [INFO    ] [chrome_api.mapper] mapper | GENESIS | Loaded 11 ENGINE_TYPE keywords: ['electrified', 'electric', 'ev', '3.3t', '3.5t', '3.8', '5.0', '5.0l', '2.5t', '2.0t', 'e-sc']
[2026-07-28 14:33:42] [DEBUG   ] [chrome_api.mapper] mapper | GENESIS | G8CS4K2DGA00 | Searching text: 'g80 2.5t advanced awd'
[2026-07-28 14:33:42] [DEBUG   ] [chrome_api.mapper] mapper | GENESIS | G8CS4K2DGA00 | Found keyword '2.5t' in 'G80 2.5T Advanced AWD'
[2026-07-28 14:33:42] [WARNING ] [chrome_api.mapper] mapper | GENESIS | G8CS4K2DGA00 | Keyword '2.5t' found but NOT in translator. Returning keyword as-is.
[2026-07-28 14:33:42] [INFO    ] [chrome_api.mapper] mapper | GENESIS | G8CS4K2DGA00 | Row complete: model=G80, trim=2.5T Advanced AWD, engine_type=2.5t
[2026-07-28 14:33:42] [DEBUG   ] [chrome_api.mapper] mapper | GENESIS | G8CS4K3BGSAU | Extracted fields: year=2025, desc=3.5T Sport Plus AWD, trim=3.5T Sport Plus
[2026-07-28 14:33:42] [DEBUG   ] [chrome_api.mapper] mapper | GENESIS | G8CS4K3BGSAU | ModelName from ADS: G80
[2026-07-28 14:33:42] [INFO    ] [chrome_api.mapper] mapper | GENESIS | Loaded 11 ENGINE_TYPE keywords: ['electrified', 'electric', 'ev', '3.3t', '3.5t', '3.8', '5.0', '5.0l', '2.5t', '2.0t', 'e-sc']
[2026-07-28 14:33:42] [DEBUG   ] [chrome_api.mapper] mapper | GENESIS | G8CS4K3BGSAU | Searching text: 'g80 3.5t sport plus awd'
[2026-07-28 14:33:42] [DEBUG   ] [chrome_api.mapper] mapper | GENESIS | G8CS4K3BGSAU | Found keyword '3.5t' in 'G80 3.5T Sport Plus AWD'
[2026-07-28 14:33:42] [WARNING ] [chrome_api.mapper] mapper | GENESIS | G8CS4K3BGSAU | Keyword '3.5t' found but NOT in translator. Returning keyword as-is.
[2026-07-28 14:33:42] [INFO    ] [chrome_api.mapper] mapper | GENESIS | G8CS4K3BGSAU | Row complete: model=G80, trim=3.5T Sport Plus AWD, engine_type=3.5t
[2026-07-28 14:33:42] [INFO    ] [chrome_api.mapper] mapper | ads_response_to_rows | Genesis | Converted 2/2 trims to rows
[2026-07-28 14:33:42] [DEBUG   ] [chrome_api.service] refresh_from_ads | Genesis 2025 G80 | Converted 2 trims to rows
[2026-07-28 14:33:42] [DEBUG   ] [urllib3.connectionpool] https://demos.autodatasolutions.com:443 "POST /ADSDemo/api/full/ymmt/year/2025/make/Genesis/model/G90/ HTTP/1.1" 200 None
[2026-07-28 14:33:43] [INFO    ] [chrome_api.mapper] mapper | ads_response_to_rows | Genesis | Processing 1 trims from ADS response
[2026-07-28 14:33:43] [DEBUG   ] [chrome_api.mapper] mapper | GENESIS | G9CS4K3BXXPS | Extracted fields: year=2025, desc=e-SC Prestige AWD, trim=e-SC Prestige
[2026-07-28 14:33:43] [DEBUG   ] [chrome_api.mapper] mapper | GENESIS | G9CS4K3BXXPS | ModelName from ADS: G90
[2026-07-28 14:33:43] [INFO    ] [chrome_api.mapper] mapper | GENESIS | Loaded 11 ENGINE_TYPE keywords: ['electrified', 'electric', 'ev', '3.3t', '3.5t', '3.8', '5.0', '5.0l', '2.5t', '2.0t', 'e-sc']
[2026-07-28 14:33:43] [DEBUG   ] [chrome_api.mapper] mapper | GENESIS | G9CS4K3BXXPS | Searching text: 'g90 e-sc prestige awd'
[2026-07-28 14:33:43] [DEBUG   ] [chrome_api.mapper] mapper | GENESIS | G9CS4K3BXXPS | Found keyword 'e-sc' in 'G90 e-SC Prestige AWD'
[2026-07-28 14:33:43] [WARNING ] [chrome_api.mapper] mapper | GENESIS | G9CS4K3BXXPS | Keyword 'e-sc' found but NOT in translator. Returning keyword as-is.
[2026-07-28 14:33:43] [INFO    ] [chrome_api.mapper] mapper | GENESIS | G9CS4K3BXXPS | Row complete: model=G90, trim=e-SC Prestige AWD, engine_type=e-sc
[2026-07-28 14:33:43] [INFO    ] [chrome_api.mapper] mapper | ads_response_to_rows | Genesis | Converted 1/1 trims to rows
[2026-07-28 14:33:43] [DEBUG   ] [chrome_api.service] refresh_from_ads | Genesis 2025 G90 | Converted 1 trims to rows
[2026-07-28 14:33:43] [DEBUG   ] [urllib3.connectionpool] https://demos.autodatasolutions.com:443 "POST /ADSDemo/api/full/ymmt/year/2025/make/Genesis/model/GV60/ HTTP/1.1" 200 None
[2026-07-28 14:33:43] [INFO    ] [chrome_api.mapper] mapper | ads_response_to_rows | Genesis | Processing 3 trims from ADS response
[2026-07-28 14:33:43] [DEBUG   ] [chrome_api.mapper] mapper | GENESIS | V6EW5ZE227AD | Extracted fields: year=2025, desc=Advanced AWD, trim=Advanced
[2026-07-28 14:33:43] [DEBUG   ] [chrome_api.mapper] mapper | GENESIS | V6EW5ZE227AD | ModelName from ADS: GV60
[2026-07-28 14:33:43] [INFO    ] [chrome_api.mapper] mapper | GENESIS | Loaded 11 ENGINE_TYPE keywords: ['electrified', 'electric', 'ev', '3.3t', '3.5t', '3.8', '5.0', '5.0l', '2.5t', '2.0t', 'e-sc']
[2026-07-28 14:33:43] [DEBUG   ] [chrome_api.mapper] mapper | GENESIS | V6EW5ZE227AD | Searching text: 'gv60 advanced awd'
[2026-07-28 14:33:43] [DEBUG   ] [chrome_api.mapper] mapper | GENESIS | V6EW5ZE227AD | No ENGINE_TYPE keyword found
[2026-07-28 14:33:43] [INFO    ] [chrome_api.mapper] mapper | GENESIS | V6EW5ZE227AD | Row complete: model=GV60, trim=Advanced AWD, engine_type=None
[2026-07-28 14:33:43] [DEBUG   ] [chrome_api.mapper] mapper | GENESIS | V6EW5ZE127AR | Extracted fields: year=2025, desc=Performance AWD, trim=Performance
[2026-07-28 14:33:43] [DEBUG   ] [chrome_api.mapper] mapper | GENESIS | V6EW5ZE127AR | ModelName from ADS: GV60
[2026-07-28 14:33:43] [INFO    ] [chrome_api.mapper] mapper | GENESIS | Loaded 11 ENGINE_TYPE keywords: ['electrified', 'electric', 'ev', '3.3t', '3.5t', '3.8', '5.0', '5.0l', '2.5t', '2.0t', 'e-sc']
[2026-07-28 14:33:43] [DEBUG   ] [chrome_api.mapper] mapper | GENESIS | V6EW5ZE127AR | Searching text: 'gv60 performance awd'
[2026-07-28 14:33:43] [DEBUG   ] [chrome_api.mapper] mapper | GENESIS | V6EW5ZE127AR | No ENGINE_TYPE keyword found
[2026-07-28 14:33:43] [INFO    ] [chrome_api.mapper] mapper | GENESIS | V6EW5ZE127AR | Row complete: model=GV60, trim=Performance AWD, engine_type=None
[2026-07-28 14:33:43] [DEBUG   ] [chrome_api.mapper] mapper | GENESIS | V6EW5ZE127PF | Extracted fields: year=2025, desc=Performance AWD w/Navy Interior, trim=Performance
[2026-07-28 14:33:43] [DEBUG   ] [chrome_api.mapper] mapper | GENESIS | V6EW5ZE127PF | ModelName from ADS: GV60
[2026-07-28 14:33:43] [INFO    ] [chrome_api.mapper] mapper | GENESIS | Loaded 11 ENGINE_TYPE keywords: ['electrified', 'electric', 'ev', '3.3t', '3.5t', '3.8', '5.0', '5.0l', '2.5t', '2.0t', 'e-sc']
[2026-07-28 14:33:43] [DEBUG   ] [chrome_api.mapper] mapper | GENESIS | V6EW5ZE127PF | Searching text: 'gv60 performance awd w/navy interior'
[2026-07-28 14:33:43] [DEBUG   ] [chrome_api.mapper] mapper | GENESIS | V6EW5ZE127PF | No ENGINE_TYPE keyword found
[2026-07-28 14:33:43] [INFO    ] [chrome_api.mapper] mapper | GENESIS | V6EW5ZE127PF | Row complete: model=GV60, trim=Performance AWD w/Navy Interior, engine_type=None
[2026-07-28 14:33:43] [INFO    ] [chrome_api.mapper] mapper | ads_response_to_rows | Genesis | Converted 3/3 trims to rows
[2026-07-28 14:33:43] [DEBUG   ] [chrome_api.service] refresh_from_ads | Genesis 2025 GV60 | Converted 3 trims to rows
[2026-07-28 14:33:43] [DEBUG   ] [urllib3.connectionpool] https://demos.autodatasolutions.com:443 "POST /ADSDemo/api/full/ymmt/year/2025/make/Genesis/model/GV70/ HTTP/1.1" 200 None
[2026-07-28 14:33:44] [INFO    ] [chrome_api.mapper] mapper | ads_response_to_rows | Genesis | Processing 5 trims from ADS response
[2026-07-28 14:33:44] [DEBUG   ] [chrome_api.mapper] mapper | GENESIS | V7CW5K2D27AD | Extracted fields: year=2025, desc=2.5T Advanced AWD, trim=2.5T Advanced
[2026-07-28 14:33:44] [DEBUG   ] [chrome_api.mapper] mapper | GENESIS | V7CW5K2D27AD | ModelName from ADS: GV70
[2026-07-28 14:33:44] [INFO    ] [chrome_api.mapper] mapper | GENESIS | Loaded 11 ENGINE_TYPE keywords: ['electrified', 'electric', 'ev', '3.3t', '3.5t', '3.8', '5.0', '5.0l', '2.5t', '2.0t', 'e-sc']
[2026-07-28 14:33:44] [DEBUG   ] [chrome_api.mapper] mapper | GENESIS | V7CW5K2D27AD | Searching text: 'gv70 2.5t advanced awd'
[2026-07-28 14:33:44] [DEBUG   ] [chrome_api.mapper] mapper | GENESIS | V7CW5K2D27AD | Found keyword '2.5t' in 'GV70 2.5T Advanced AWD'
[2026-07-28 14:33:44] [WARNING ] [chrome_api.mapper] mapper | GENESIS | V7CW5K2D27AD | Keyword '2.5t' found but NOT in translator. Returning keyword as-is.
[2026-07-28 14:33:44] [INFO    ] [chrome_api.mapper] mapper | GENESIS | V7CW5K2D27AD | Row complete: model=GV70, trim=2.5T Advanced AWD, engine_type=2.5t
[2026-07-28 14:33:44] [DEBUG   ] [chrome_api.mapper] mapper | GENESIS | V7CW5K2DGAAU | Extracted fields: year=2025, desc=2.5T Advanced Plus AWD, trim=2.5T Advanced Plus
[2026-07-28 14:33:44] [DEBUG   ] [chrome_api.mapper] mapper | GENESIS | V7CW5K2DGAAU | ModelName from ADS: GV70
[2026-07-28 14:33:44] [INFO    ] [chrome_api.mapper] mapper | GENESIS | Loaded 11 ENGINE_TYPE keywords: ['electrified', 'electric', 'ev', '3.3t', '3.5t', '3.8', '5.0', '5.0l', '2.5t', '2.0t', 'e-sc']
[2026-07-28 14:33:44] [DEBUG   ] [chrome_api.mapper] mapper | GENESIS | V7CW5K2DGAAU | Searching text: 'gv70 2.5t advanced plus awd'
[2026-07-28 14:33:44] [DEBUG   ] [chrome_api.mapper] mapper | GENESIS | V7CW5K2DGAAU | Found keyword '2.5t' in 'GV70 2.5T Advanced Plus AWD'
[2026-07-28 14:33:44] [WARNING ] [chrome_api.mapper] mapper | GENESIS | V7CW5K2DGAAU | Keyword '2.5t' found but NOT in translator. Returning keyword as-is.
[2026-07-28 14:33:44] [INFO    ] [chrome_api.mapper] mapper | GENESIS | V7CW5K2DGAAU | Row complete: model=GV70, trim=2.5T Advanced Plus AWD, engine_type=2.5t
[2026-07-28 14:33:44] [DEBUG   ] [chrome_api.mapper] mapper | GENESIS | V7CW5K2DGP00 | Extracted fields: year=2025, desc=2.5T Prestige AWD, trim=2.5T Prestige
[2026-07-28 14:33:44] [DEBUG   ] [chrome_api.mapper] mapper | GENESIS | V7CW5K2DGP00 | ModelName from ADS: GV70
[2026-07-28 14:33:44] [INFO    ] [chrome_api.mapper] mapper | GENESIS | Loaded 11 ENGINE_TYPE keywords: ['electrified', 'electric', 'ev', '3.3t', '3.5t', '3.8', '5.0', '5.0l', '2.5t', '2.0t', 'e-sc']
[2026-07-28 14:33:44] [DEBUG   ] [chrome_api.mapper] mapper | GENESIS | V7CW5K2DGP00 | Searching text: 'gv70 2.5t prestige awd'
[2026-07-28 14:33:44] [DEBUG   ] [chrome_api.mapper] mapper | GENESIS | V7CW5K2DGP00 | Found keyword '2.5t' in 'GV70 2.5T Prestige AWD'
[2026-07-28 14:33:44] [WARNING ] [chrome_api.mapper] mapper | GENESIS | V7CW5K2DGP00 | Keyword '2.5t' found but NOT in translator. Returning keyword as-is.
[2026-07-28 14:33:44] [INFO    ] [chrome_api.mapper] mapper | GENESIS | V7CW5K2DGP00 | Row complete: model=GV70, trim=2.5T Prestige AWD, engine_type=2.5t
[2026-07-28 14:33:44] [DEBUG   ] [chrome_api.mapper] mapper | GENESIS | V7CW5K3BGS00 | Extracted fields: year=2025, desc=3.5T Sport AWD, trim=3.5T Sport
[2026-07-28 14:33:44] [DEBUG   ] [chrome_api.mapper] mapper | GENESIS | V7CW5K3BGS00 | ModelName from ADS: GV70
[2026-07-28 14:33:44] [INFO    ] [chrome_api.mapper] mapper | GENESIS | Loaded 11 ENGINE_TYPE keywords: ['electrified', 'electric', 'ev', '3.3t', '3.5t', '3.8', '5.0', '5.0l', '2.5t', '2.0t', 'e-sc']
[2026-07-28 14:33:44] [DEBUG   ] [chrome_api.mapper] mapper | GENESIS | V7CW5K3BGS00 | Searching text: 'gv70 3.5t sport awd'
[2026-07-28 14:33:44] [DEBUG   ] [chrome_api.mapper] mapper | GENESIS | V7CW5K3BGS00 | Found keyword '3.5t' in 'GV70 3.5T Sport AWD'
[2026-07-28 14:33:44] [WARNING ] [chrome_api.mapper] mapper | GENESIS | V7CW5K3BGS00 | Keyword '3.5t' found but NOT in translator. Returning keyword as-is.
[2026-07-28 14:33:44] [INFO    ] [chrome_api.mapper] mapper | GENESIS | V7CW5K3BGS00 | Row complete: model=GV70, trim=3.5T Sport AWD, engine_type=3.5t
[2026-07-28 14:33:44] [DEBUG   ] [chrome_api.mapper] mapper | GENESIS | V7CW5K3BGSBE | Extracted fields: year=2025, desc=3.5T Sport Plus w/LSD, trim=3.5T Sport Plus w/LSD
[2026-07-28 14:33:44] [DEBUG   ] [chrome_api.mapper] mapper | GENESIS | V7CW5K3BGSBE | ModelName from ADS: GV70
[2026-07-28 14:33:44] [INFO    ] [chrome_api.mapper] mapper | GENESIS | Loaded 11 ENGINE_TYPE keywords: ['electrified', 'electric', 'ev', '3.3t', '3.5t', '3.8', '5.0', '5.0l', '2.5t', '2.0t', 'e-sc']
[2026-07-28 14:33:44] [DEBUG   ] [chrome_api.mapper] mapper | GENESIS | V7CW5K3BGSBE | Searching text: 'gv70 3.5t sport plus w/lsd'
[2026-07-28 14:33:44] [DEBUG   ] [chrome_api.mapper] mapper | GENESIS | V7CW5K3BGSBE | Found keyword '3.5t' in 'GV70 3.5T Sport Plus w/LSD'
[2026-07-28 14:33:44] [WARNING ] [chrome_api.mapper] mapper | GENESIS | V7CW5K3BGSBE | Keyword '3.5t' found but NOT in translator. Returning keyword as-is.
[2026-07-28 14:33:44] [INFO    ] [chrome_api.mapper] mapper | GENESIS | V7CW5K3BGSBE | Row complete: model=GV70, trim=3.5T Sport Plus w/LSD, engine_type=3.5t
[2026-07-28 14:33:44] [INFO    ] [chrome_api.mapper] mapper | ads_response_to_rows | Genesis | Converted 5/5 trims to rows
[2026-07-28 14:33:44] [DEBUG   ] [chrome_api.service] refresh_from_ads | Genesis 2025 GV70 | Converted 5 trims to rows
[2026-07-28 14:33:44] [DEBUG   ] [urllib3.connectionpool] https://demos.autodatasolutions.com:443 "POST /ADSDemo/api/full/ymmt/year/2025/make/Genesis/model/GV80/ HTTP/1.1" 200 None
[2026-07-28 14:33:45] [INFO    ] [chrome_api.mapper] mapper | ads_response_to_rows | Genesis | Processing 4 trims from ADS response
[2026-07-28 14:33:45] [DEBUG   ] [chrome_api.mapper] mapper | GENESIS | V8CW5K2DGA00 | Extracted fields: year=2025, desc=2.5T Advanced AWD 5P, trim=2.5T Advanced
[2026-07-28 14:33:45] [DEBUG   ] [chrome_api.mapper] mapper | GENESIS | V8CW5K2DGA00 | ModelName from ADS: GV80
[2026-07-28 14:33:45] [INFO    ] [chrome_api.mapper] mapper | GENESIS | Loaded 11 ENGINE_TYPE keywords: ['electrified', 'electric', 'ev', '3.3t', '3.5t', '3.8', '5.0', '5.0l', '2.5t', '2.0t', 'e-sc']
[2026-07-28 14:33:45] [DEBUG   ] [chrome_api.mapper] mapper | GENESIS | V8CW5K2DGA00 | Searching text: 'gv80 2.5t advanced awd 5p'
[2026-07-28 14:33:45] [DEBUG   ] [chrome_api.mapper] mapper | GENESIS | V8CW5K2DGA00 | Found keyword '2.5t' in 'GV80 2.5T Advanced AWD 5P'
[2026-07-28 14:33:45] [WARNING ] [chrome_api.mapper] mapper | GENESIS | V8CW5K2DGA00 | Keyword '2.5t' found but NOT in translator. Returning keyword as-is.
[2026-07-28 14:33:45] [INFO    ] [chrome_api.mapper] mapper | GENESIS | V8CW5K2DGA00 | Row complete: model=GV80, trim=2.5T Advanced AWD 5P, engine_type=2.5t
[2026-07-28 14:33:45] [DEBUG   ] [chrome_api.mapper] mapper | GENESIS | V8CW7K3BGA55 | Extracted fields: year=2025, desc=3.5T Advanced w/Tech Pkg AWD 7P, trim=3.5T Advanced
[2026-07-28 14:33:45] [DEBUG   ] [chrome_api.mapper] mapper | GENESIS | V8CW7K3BGA55 | ModelName from ADS: GV80
[2026-07-28 14:33:45] [INFO    ] [chrome_api.mapper] mapper | GENESIS | Loaded 11 ENGINE_TYPE keywords: ['electrified', 'electric', 'ev', '3.3t', '3.5t', '3.8', '5.0', '5.0l', '2.5t', '2.0t', 'e-sc']
[2026-07-28 14:33:45] [DEBUG   ] [chrome_api.mapper] mapper | GENESIS | V8CW7K3BGA55 | Searching text: 'gv80 3.5t advanced w/tech pkg awd 7p'
[2026-07-28 14:33:45] [DEBUG   ] [chrome_api.mapper] mapper | GENESIS | V8CW7K3BGA55 | Found keyword '3.5t' in 'GV80 3.5T Advanced w/Tech Pkg AWD 7P'
[2026-07-28 14:33:45] [WARNING ] [chrome_api.mapper] mapper | GENESIS | V8CW7K3BGA55 | Keyword '3.5t' found but NOT in translator. Returning keyword as-is.
[2026-07-28 14:33:45] [INFO    ] [chrome_api.mapper] mapper | GENESIS | V8CW7K3BGA55 | Row complete: model=GV80, trim=3.5T Advanced w/Tech Pkg AWD 7P, engine_type=3.5t
[2026-07-28 14:33:45] [DEBUG   ] [chrome_api.mapper] mapper | GENESIS | V8CW7K3BGP00 | Extracted fields: year=2025, desc=3.5T Prestige AWD 7P, trim=3.5T Prestige
[2026-07-28 14:33:45] [DEBUG   ] [chrome_api.mapper] mapper | GENESIS | V8CW7K3BGP00 | ModelName from ADS: GV80
[2026-07-28 14:33:45] [INFO    ] [chrome_api.mapper] mapper | GENESIS | Loaded 11 ENGINE_TYPE keywords: ['electrified', 'electric', 'ev', '3.3t', '3.5t', '3.8', '5.0', '5.0l', '2.5t', '2.0t', 'e-sc']
[2026-07-28 14:33:45] [DEBUG   ] [chrome_api.mapper] mapper | GENESIS | V8CW7K3BGP00 | Searching text: 'gv80 3.5t prestige awd 7p'
[2026-07-28 14:33:45] [DEBUG   ] [chrome_api.mapper] mapper | GENESIS | V8CW7K3BGP00 | Found keyword '3.5t' in 'GV80 3.5T Prestige AWD 7P'
[2026-07-28 14:33:45] [WARNING ] [chrome_api.mapper] mapper | GENESIS | V8CW7K3BGP00 | Keyword '3.5t' found but NOT in translator. Returning keyword as-is.
[2026-07-28 14:33:45] [INFO    ] [chrome_api.mapper] mapper | GENESIS | V8CW7K3BGP00 | Row complete: model=GV80, trim=3.5T Prestige AWD 7P, engine_type=3.5t
[2026-07-28 14:33:45] [DEBUG   ] [chrome_api.mapper] mapper | GENESIS | V8CW5K2DGA55 | Extracted fields: year=2025, desc=2.5T Advanced w/Tech Pkg AWD 5P, trim=2.5T Advanced
[2026-07-28 14:33:45] [DEBUG   ] [chrome_api.mapper] mapper | GENESIS | V8CW5K2DGA55 | ModelName from ADS: GV80
[2026-07-28 14:33:45] [INFO    ] [chrome_api.mapper] mapper | GENESIS | Loaded 11 ENGINE_TYPE keywords: ['electrified', 'electric', 'ev', '3.3t', '3.5t', '3.8', '5.0', '5.0l', '2.5t', '2.0t', 'e-sc']
[2026-07-28 14:33:45] [DEBUG   ] [chrome_api.mapper] mapper | GENESIS | V8CW5K2DGA55 | Searching text: 'gv80 2.5t advanced w/tech pkg awd 5p'
[2026-07-28 14:33:45] [DEBUG   ] [chrome_api.mapper] mapper | GENESIS | V8CW5K2DGA55 | Found keyword '2.5t' in 'GV80 2.5T Advanced w/Tech Pkg AWD 5P'
[2026-07-28 14:33:45] [WARNING ] [chrome_api.mapper] mapper | GENESIS | V8CW5K2DGA55 | Keyword '2.5t' found but NOT in translator. Returning keyword as-is.
[2026-07-28 14:33:45] [INFO    ] [chrome_api.mapper] mapper | GENESIS | V8CW5K2DGA55 | Row complete: model=GV80, trim=2.5T Advanced w/Tech Pkg AWD 5P, engine_type=2.5t
[2026-07-28 14:33:45] [INFO    ] [chrome_api.mapper] mapper | ads_response_to_rows | Genesis | Converted 4/4 trims to rows
[2026-07-28 14:33:45] [DEBUG   ] [chrome_api.service] refresh_from_ads | Genesis 2025 GV80 | Converted 4 trims to rows
[2026-07-28 14:33:45] [DEBUG   ] [urllib3.connectionpool] https://demos.autodatasolutions.com:443 "POST /ADSDemo/api/full/ymmt/year/2025/make/Genesis/model/GV80%20Coupe/ HTTP/1.1" 200 None
[2026-07-28 14:33:45] [INFO    ] [chrome_api.mapper] mapper | ads_response_to_rows | Genesis | Processing 1 trims from ADS response
[2026-07-28 14:33:45] [DEBUG   ] [chrome_api.mapper] mapper | GENESIS | V8CC7K3BGP00 | Extracted fields: year=2025, desc=3.5T e-SC AWD, trim=3.5T e-SC
[2026-07-28 14:33:45] [DEBUG   ] [chrome_api.mapper] mapper | GENESIS | V8CC7K3BGP00 | ModelName from ADS: GV80 Coupe
[2026-07-28 14:33:45] [INFO    ] [chrome_api.mapper] mapper | GENESIS | Loaded 11 ENGINE_TYPE keywords: ['electrified', 'electric', 'ev', '3.3t', '3.5t', '3.8', '5.0', '5.0l', '2.5t', '2.0t', 'e-sc']
[2026-07-28 14:33:45] [DEBUG   ] [chrome_api.mapper] mapper | GENESIS | V8CC7K3BGP00 | Searching text: 'gv80 coupe 3.5t e-sc awd'
[2026-07-28 14:33:45] [DEBUG   ] [chrome_api.mapper] mapper | GENESIS | V8CC7K3BGP00 | Found keyword '3.5t' in 'GV80 Coupe 3.5T e-SC AWD'
[2026-07-28 14:33:45] [WARNING ] [chrome_api.mapper] mapper | GENESIS | V8CC7K3BGP00 | Keyword '3.5t' found but NOT in translator. Returning keyword as-is.
[2026-07-28 14:33:45] [INFO    ] [chrome_api.mapper] mapper | GENESIS | V8CC7K3BGP00 | Row complete: model=GV80 Coupe, trim=3.5T e-SC AWD, engine_type=3.5t
[2026-07-28 14:33:45] [INFO    ] [chrome_api.mapper] mapper | ads_response_to_rows | Genesis | Converted 1/1 trims to rows
[2026-07-28 14:33:45] [DEBUG   ] [chrome_api.service] refresh_from_ads | Genesis 2025 GV80 Coupe | Converted 1 trims to rows
[2026-07-28 14:33:45] [DEBUG   ] [urllib3.connectionpool] https://demos.autodatasolutions.com:443 "GET /ADSDemo/api/ymmt/models/make/Genesis/year/2026/country/CA/language/en?sort=ASC HTTP/1.1" 200 None
[2026-07-28 14:33:46] [DEBUG   ] [urllib3.connectionpool] https://demos.autodatasolutions.com:443 "POST /ADSDemo/api/full/ymmt/year/2026/make/Genesis/model/Electrified%20GV70/ HTTP/1.1" 200 None
[2026-07-28 14:33:47] [INFO    ] [chrome_api.mapper] mapper | ads_response_to_rows | Genesis | Processing 2 trims from ADS response
[2026-07-28 14:33:47] [DEBUG   ] [chrome_api.mapper] mapper | GENESIS | V7EW5ZE1GA00 | Extracted fields: year=2026, desc=Advanced AWD, trim=Advanced
[2026-07-28 14:33:47] [DEBUG   ] [chrome_api.mapper] mapper | GENESIS | V7EW5ZE1GA00 | ModelName from ADS: Electrified GV70
[2026-07-28 14:33:47] [INFO    ] [chrome_api.mapper] mapper | GENESIS | Loaded 11 ENGINE_TYPE keywords: ['electrified', 'electric', 'ev', '3.3t', '3.5t', '3.8', '5.0', '5.0l', '2.5t', '2.0t', 'e-sc']
[2026-07-28 14:33:47] [DEBUG   ] [chrome_api.mapper] mapper | GENESIS | V7EW5ZE1GA00 | Searching text: 'electrified gv70 advanced awd'
[2026-07-28 14:33:47] [DEBUG   ] [chrome_api.mapper] mapper | GENESIS | V7EW5ZE1GA00 | Found keyword 'electrified' in 'Electrified GV70 Advanced AWD'
[2026-07-28 14:33:47] [WARNING ] [chrome_api.mapper] mapper | GENESIS | V7EW5ZE1GA00 | Keyword 'electrified' found but NOT in translator. Returning keyword as-is.
[2026-07-28 14:33:47] [INFO    ] [chrome_api.mapper] mapper | GENESIS | V7EW5ZE1GA00 | Row complete: model=Electrified GV70, trim=Advanced AWD, engine_type=electrified
[2026-07-28 14:33:47] [DEBUG   ] [chrome_api.mapper] mapper | GENESIS | V7EW5ZE1GP00 | Extracted fields: year=2026, desc=Prestige AWD, trim=Prestige
[2026-07-28 14:33:47] [DEBUG   ] [chrome_api.mapper] mapper | GENESIS | V7EW5ZE1GP00 | ModelName from ADS: Electrified GV70
[2026-07-28 14:33:47] [INFO    ] [chrome_api.mapper] mapper | GENESIS | Loaded 11 ENGINE_TYPE keywords: ['electrified', 'electric', 'ev', '3.3t', '3.5t', '3.8', '5.0', '5.0l', '2.5t', '2.0t', 'e-sc']
[2026-07-28 14:33:47] [DEBUG   ] [chrome_api.mapper] mapper | GENESIS | V7EW5ZE1GP00 | Searching text: 'electrified gv70 prestige awd'
[2026-07-28 14:33:47] [DEBUG   ] [chrome_api.mapper] mapper | GENESIS | V7EW5ZE1GP00 | Found keyword 'electrified' in 'Electrified GV70 Prestige AWD'
[2026-07-28 14:33:47] [WARNING ] [chrome_api.mapper] mapper | GENESIS | V7EW5ZE1GP00 | Keyword 'electrified' found but NOT in translator. Returning keyword as-is.
[2026-07-28 14:33:47] [INFO    ] [chrome_api.mapper] mapper | GENESIS | V7EW5ZE1GP00 | Row complete: model=Electrified GV70, trim=Prestige AWD, engine_type=electrified
[2026-07-28 14:33:47] [INFO    ] [chrome_api.mapper] mapper | ads_response_to_rows | Genesis | Converted 2/2 trims to rows
[2026-07-28 14:33:47] [DEBUG   ] [chrome_api.service] refresh_from_ads | Genesis 2026 Electrified GV70 | Converted 2 trims to rows
[2026-07-28 14:33:47] [DEBUG   ] [urllib3.connectionpool] https://demos.autodatasolutions.com:443 "POST /ADSDemo/api/full/ymmt/year/2026/make/Genesis/model/G70/ HTTP/1.1" 200 None
[2026-07-28 14:33:47] [INFO    ] [chrome_api.mapper] mapper | ads_response_to_rows | Genesis | Processing 4 trims from ADS response
[2026-07-28 14:33:47] [DEBUG   ] [chrome_api.mapper] mapper | GENESIS | G7CS4K2DGA00 | Extracted fields: year=2026, desc=2.5T Advanced AWD, trim=2.5T Advanced
[2026-07-28 14:33:47] [DEBUG   ] [chrome_api.mapper] mapper | GENESIS | G7CS4K2DGA00 | ModelName from ADS: G70
[2026-07-28 14:33:47] [INFO    ] [chrome_api.mapper] mapper | GENESIS | Loaded 11 ENGINE_TYPE keywords: ['electrified', 'electric', 'ev', '3.3t', '3.5t', '3.8', '5.0', '5.0l', '2.5t', '2.0t', 'e-sc']
[2026-07-28 14:33:47] [DEBUG   ] [chrome_api.mapper] mapper | GENESIS | G7CS4K2DGA00 | Searching text: 'g70 2.5t advanced awd'
[2026-07-28 14:33:47] [DEBUG   ] [chrome_api.mapper] mapper | GENESIS | G7CS4K2DGA00 | Found keyword '2.5t' in 'G70 2.5T Advanced AWD'
[2026-07-28 14:33:47] [WARNING ] [chrome_api.mapper] mapper | GENESIS | G7CS4K2DGA00 | Keyword '2.5t' found but NOT in translator. Returning keyword as-is.
[2026-07-28 14:33:47] [INFO    ] [chrome_api.mapper] mapper | GENESIS | G7CS4K2DGA00 | Row complete: model=G70, trim=2.5T Advanced AWD, engine_type=2.5t
[2026-07-28 14:33:47] [DEBUG   ] [chrome_api.mapper] mapper | GENESIS | G7CS4K2DGP00 | Extracted fields: year=2026, desc=2.5T Prestige AWD, trim=2.5T Prestige
[2026-07-28 14:33:47] [DEBUG   ] [chrome_api.mapper] mapper | GENESIS | G7CS4K2DGP00 | ModelName from ADS: G70
[2026-07-28 14:33:47] [INFO    ] [chrome_api.mapper] mapper | GENESIS | Loaded 11 ENGINE_TYPE keywords: ['electrified', 'electric', 'ev', '3.3t', '3.5t', '3.8', '5.0', '5.0l', '2.5t', '2.0t', 'e-sc']
[2026-07-28 14:33:47] [DEBUG   ] [chrome_api.mapper] mapper | GENESIS | G7CS4K2DGP00 | Searching text: 'g70 2.5t prestige awd'
[2026-07-28 14:33:47] [DEBUG   ] [chrome_api.mapper] mapper | GENESIS | G7CS4K2DGP00 | Found keyword '2.5t' in 'G70 2.5T Prestige AWD'
[2026-07-28 14:33:47] [WARNING ] [chrome_api.mapper] mapper | GENESIS | G7CS4K2DGP00 | Keyword '2.5t' found but NOT in translator. Returning keyword as-is.
[2026-07-28 14:33:47] [INFO    ] [chrome_api.mapper] mapper | GENESIS | G7CS4K2DGP00 | Row complete: model=G70, trim=2.5T Prestige AWD, engine_type=2.5t
[2026-07-28 14:33:47] [DEBUG   ] [chrome_api.mapper] mapper | GENESIS | G7CS4K3AGS00 | Extracted fields: year=2026, desc=3.3T Sport AWD, trim=3.3T Sport
[2026-07-28 14:33:47] [DEBUG   ] [chrome_api.mapper] mapper | GENESIS | G7CS4K3AGS00 | ModelName from ADS: G70
[2026-07-28 14:33:47] [INFO    ] [chrome_api.mapper] mapper | GENESIS | Loaded 11 ENGINE_TYPE keywords: ['electrified', 'electric', 'ev', '3.3t', '3.5t', '3.8', '5.0', '5.0l', '2.5t', '2.0t', 'e-sc']
[2026-07-28 14:33:47] [DEBUG   ] [chrome_api.mapper] mapper | GENESIS | G7CS4K3AGS00 | Searching text: 'g70 3.3t sport awd'
[2026-07-28 14:33:47] [DEBUG   ] [chrome_api.mapper] mapper | GENESIS | G7CS4K3AGS00 | Found keyword '3.3t' in 'G70 3.3T Sport AWD'
[2026-07-28 14:33:47] [WARNING ] [chrome_api.mapper] mapper | GENESIS | G7CS4K3AGS00 | Keyword '3.3t' found but NOT in translator. Returning keyword as-is.
[2026-07-28 14:33:47] [INFO    ] [chrome_api.mapper] mapper | GENESIS | G7CS4K3AGS00 | Row complete: model=G70, trim=3.3T Sport AWD, engine_type=3.3t
[2026-07-28 14:33:47] [DEBUG   ] [chrome_api.mapper] mapper | GENESIS | G7CS4K3AGSGR | Extracted fields: year=2026, desc=3.3T Graphite Special Edition AWD, trim=3.3T Graphite Special Edition
[2026-07-28 14:33:47] [DEBUG   ] [chrome_api.mapper] mapper | GENESIS | G7CS4K3AGSGR | ModelName from ADS: G70
[2026-07-28 14:33:47] [INFO    ] [chrome_api.mapper] mapper | GENESIS | Loaded 11 ENGINE_TYPE keywords: ['electrified', 'electric', 'ev', '3.3t', '3.5t', '3.8', '5.0', '5.0l', '2.5t', '2.0t', 'e-sc']
[2026-07-28 14:33:47] [DEBUG   ] [chrome_api.mapper] mapper | GENESIS | G7CS4K3AGSGR | Searching text: 'g70 3.3t graphite special edition awd'
[2026-07-28 14:33:47] [DEBUG   ] [chrome_api.mapper] mapper | GENESIS | G7CS4K3AGSGR | Found keyword '3.3t' in 'G70 3.3T Graphite Special Edition AWD'
[2026-07-28 14:33:47] [WARNING ] [chrome_api.mapper] mapper | GENESIS | G7CS4K3AGSGR | Keyword '3.3t' found but NOT in translator. Returning keyword as-is.
[2026-07-28 14:33:47] [INFO    ] [chrome_api.mapper] mapper | GENESIS | G7CS4K3AGSGR | Row complete: model=G70, trim=3.3T Graphite Special Edition AWD, engine_type=3.3t
[2026-07-28 14:33:47] [INFO    ] [chrome_api.mapper] mapper | ads_response_to_rows | Genesis | Converted 4/4 trims to rows
[2026-07-28 14:33:47] [DEBUG   ] [chrome_api.service] refresh_from_ads | Genesis 2026 G70 | Converted 4 trims to rows
[2026-07-28 14:33:47] [DEBUG   ] [urllib3.connectionpool] https://demos.autodatasolutions.com:443 "POST /ADSDemo/api/full/ymmt/year/2026/make/Genesis/model/G80/ HTTP/1.1" 200 None
[2026-07-28 14:33:48] [INFO    ] [chrome_api.mapper] mapper | ads_response_to_rows | Genesis | Processing 3 trims from ADS response
[2026-07-28 14:33:48] [DEBUG   ] [chrome_api.mapper] mapper | GENESIS | G8CS4K2DGA00 | Extracted fields: year=2026, desc=2.5T Advanced AWD, trim=2.5T Advanced
[2026-07-28 14:33:48] [DEBUG   ] [chrome_api.mapper] mapper | GENESIS | G8CS4K2DGA00 | ModelName from ADS: G80
[2026-07-28 14:33:48] [INFO    ] [chrome_api.mapper] mapper | GENESIS | Loaded 11 ENGINE_TYPE keywords: ['electrified', 'electric', 'ev', '3.3t', '3.5t', '3.8', '5.0', '5.0l', '2.5t', '2.0t', 'e-sc']
[2026-07-28 14:33:48] [DEBUG   ] [chrome_api.mapper] mapper | GENESIS | G8CS4K2DGA00 | Searching text: 'g80 2.5t advanced awd'
[2026-07-28 14:33:48] [DEBUG   ] [chrome_api.mapper] mapper | GENESIS | G8CS4K2DGA00 | Found keyword '2.5t' in 'G80 2.5T Advanced AWD'
[2026-07-28 14:33:48] [WARNING ] [chrome_api.mapper] mapper | GENESIS | G8CS4K2DGA00 | Keyword '2.5t' found but NOT in translator. Returning keyword as-is.
[2026-07-28 14:33:48] [INFO    ] [chrome_api.mapper] mapper | GENESIS | G8CS4K2DGA00 | Row complete: model=G80, trim=2.5T Advanced AWD, engine_type=2.5t
[2026-07-28 14:33:48] [DEBUG   ] [chrome_api.mapper] mapper | GENESIS | G8CS4K3BGS00 | Extracted fields: year=2026, desc=3.5T Sport AWD, trim=3.5T Sport
[2026-07-28 14:33:48] [DEBUG   ] [chrome_api.mapper] mapper | GENESIS | G8CS4K3BGS00 | ModelName from ADS: G80
[2026-07-28 14:33:48] [INFO    ] [chrome_api.mapper] mapper | GENESIS | Loaded 11 ENGINE_TYPE keywords: ['electrified', 'electric', 'ev', '3.3t', '3.5t', '3.8', '5.0', '5.0l', '2.5t', '2.0t', 'e-sc']
[2026-07-28 14:33:48] [DEBUG   ] [chrome_api.mapper] mapper | GENESIS | G8CS4K3BGS00 | Searching text: 'g80 3.5t sport awd'
[2026-07-28 14:33:48] [DEBUG   ] [chrome_api.mapper] mapper | GENESIS | G8CS4K3BGS00 | Found keyword '3.5t' in 'G80 3.5T Sport AWD'
[2026-07-28 14:33:48] [WARNING ] [chrome_api.mapper] mapper | GENESIS | G8CS4K3BGS00 | Keyword '3.5t' found but NOT in translator. Returning keyword as-is.
[2026-07-28 14:33:48] [INFO    ] [chrome_api.mapper] mapper | GENESIS | G8CS4K3BGS00 | Row complete: model=G80, trim=3.5T Sport AWD, engine_type=3.5t
[2026-07-28 14:33:48] [DEBUG   ] [chrome_api.mapper] mapper | GENESIS | G8CS4K3BGPBL | Extracted fields: year=2026, desc=3.5T Prestige Black AWD, trim=3.5T Prestige Black
[2026-07-28 14:33:48] [DEBUG   ] [chrome_api.mapper] mapper | GENESIS | G8CS4K3BGPBL | ModelName from ADS: G80
[2026-07-28 14:33:48] [INFO    ] [chrome_api.mapper] mapper | GENESIS | Loaded 11 ENGINE_TYPE keywords: ['electrified', 'electric', 'ev', '3.3t', '3.5t', '3.8', '5.0', '5.0l', '2.5t', '2.0t', 'e-sc']
[2026-07-28 14:33:48] [DEBUG   ] [chrome_api.mapper] mapper | GENESIS | G8CS4K3BGPBL | Searching text: 'g80 3.5t prestige black awd'
[2026-07-28 14:33:48] [DEBUG   ] [chrome_api.mapper] mapper | GENESIS | G8CS4K3BGPBL | Found keyword '3.5t' in 'G80 3.5T Prestige Black AWD'
[2026-07-28 14:33:48] [WARNING ] [chrome_api.mapper] mapper | GENESIS | G8CS4K3BGPBL | Keyword '3.5t' found but NOT in translator. Returning keyword as-is.
[2026-07-28 14:33:48] [INFO    ] [chrome_api.mapper] mapper | GENESIS | G8CS4K3BGPBL | Row complete: model=G80, trim=3.5T Prestige Black AWD, engine_type=3.5t
[2026-07-28 14:33:48] [INFO    ] [chrome_api.mapper] mapper | ads_response_to_rows | Genesis | Converted 3/3 trims to rows
[2026-07-28 14:33:48] [DEBUG   ] [chrome_api.service] refresh_from_ads | Genesis 2026 G80 | Converted 3 trims to rows
[2026-07-28 14:33:48] [DEBUG   ] [urllib3.connectionpool] https://demos.autodatasolutions.com:443 "POST /ADSDemo/api/full/ymmt/year/2026/make/Genesis/model/G90/ HTTP/1.1" 200 None
[2026-07-28 14:33:49] [INFO    ] [chrome_api.mapper] mapper | ads_response_to_rows | Genesis | Processing 3 trims from ADS response
[2026-07-28 14:33:49] [DEBUG   ] [chrome_api.mapper] mapper | GENESIS | G9CS4K3BGP00 | Extracted fields: year=2026, desc=e-SC Prestige AWD, trim=e-SC Prestige
[2026-07-28 14:33:49] [DEBUG   ] [chrome_api.mapper] mapper | GENESIS | G9CS4K3BGP00 | ModelName from ADS: G90
[2026-07-28 14:33:49] [INFO    ] [chrome_api.mapper] mapper | GENESIS | Loaded 11 ENGINE_TYPE keywords: ['electrified', 'electric', 'ev', '3.3t', '3.5t', '3.8', '5.0', '5.0l', '2.5t', '2.0t', 'e-sc']
[2026-07-28 14:33:49] [DEBUG   ] [chrome_api.mapper] mapper | GENESIS | G9CS4K3BGP00 | Searching text: 'g90 e-sc prestige awd'
[2026-07-28 14:33:49] [DEBUG   ] [chrome_api.mapper] mapper | GENESIS | G9CS4K3BGP00 | Found keyword 'e-sc' in 'G90 e-SC Prestige AWD'
[2026-07-28 14:33:49] [WARNING ] [chrome_api.mapper] mapper | GENESIS | G9CS4K3BGP00 | Keyword 'e-sc' found but NOT in translator. Returning keyword as-is.
[2026-07-28 14:33:49] [INFO    ] [chrome_api.mapper] mapper | GENESIS | G9CS4K3BGP00 | Row complete: model=G90, trim=e-SC Prestige AWD, engine_type=e-sc
[2026-07-28 14:33:49] [DEBUG   ] [chrome_api.mapper] mapper | GENESIS | G9CS4K3BGPAW | Extracted fields: year=2026, desc=e-SC Prestige Ash Wood AWD, trim=e-SC Prestige Ash Wood
[2026-07-28 14:33:49] [DEBUG   ] [chrome_api.mapper] mapper | GENESIS | G9CS4K3BGPAW | ModelName from ADS: G90
[2026-07-28 14:33:49] [INFO    ] [chrome_api.mapper] mapper | GENESIS | Loaded 11 ENGINE_TYPE keywords: ['electrified', 'electric', 'ev', '3.3t', '3.5t', '3.8', '5.0', '5.0l', '2.5t', '2.0t', 'e-sc']
[2026-07-28 14:33:49] [DEBUG   ] [chrome_api.mapper] mapper | GENESIS | G9CS4K3BGPAW | Searching text: 'g90 e-sc prestige ash wood awd'
[2026-07-28 14:33:49] [DEBUG   ] [chrome_api.mapper] mapper | GENESIS | G9CS4K3BGPAW | Found keyword 'e-sc' in 'G90 e-SC Prestige Ash Wood AWD'
[2026-07-28 14:33:49] [WARNING ] [chrome_api.mapper] mapper | GENESIS | G9CS4K3BGPAW | Keyword 'e-sc' found but NOT in translator. Returning keyword as-is.
[2026-07-28 14:33:49] [INFO    ] [chrome_api.mapper] mapper | GENESIS | G9CS4K3BGPAW | Row complete: model=G90, trim=e-SC Prestige Ash Wood AWD, engine_type=e-sc
[2026-07-28 14:33:49] [DEBUG   ] [chrome_api.mapper] mapper | GENESIS | G9CS4K3BGPBL | Extracted fields: year=2026, desc=e-SC Prestige Black AWD, trim=e-SC Prestige Black
[2026-07-28 14:33:49] [DEBUG   ] [chrome_api.mapper] mapper | GENESIS | G9CS4K3BGPBL | ModelName from ADS: G90
[2026-07-28 14:33:49] [INFO    ] [chrome_api.mapper] mapper | GENESIS | Loaded 11 ENGINE_TYPE keywords: ['electrified', 'electric', 'ev', '3.3t', '3.5t', '3.8', '5.0', '5.0l', '2.5t', '2.0t', 'e-sc']
[2026-07-28 14:33:49] [DEBUG   ] [chrome_api.mapper] mapper | GENESIS | G9CS4K3BGPBL | Searching text: 'g90 e-sc prestige black awd'
[2026-07-28 14:33:49] [DEBUG   ] [chrome_api.mapper] mapper | GENESIS | G9CS4K3BGPBL | Found keyword 'e-sc' in 'G90 e-SC Prestige Black AWD'
[2026-07-28 14:33:49] [WARNING ] [chrome_api.mapper] mapper | GENESIS | G9CS4K3BGPBL | Keyword 'e-sc' found but NOT in translator. Returning keyword as-is.
[2026-07-28 14:33:49] [INFO    ] [chrome_api.mapper] mapper | GENESIS | G9CS4K3BGPBL | Row complete: model=G90, trim=e-SC Prestige Black AWD, engine_type=e-sc
[2026-07-28 14:33:49] [INFO    ] [chrome_api.mapper] mapper | ads_response_to_rows | Genesis | Converted 3/3 trims to rows
[2026-07-28 14:33:49] [DEBUG   ] [chrome_api.service] refresh_from_ads | Genesis 2026 G90 | Converted 3 trims to rows
[2026-07-28 14:33:49] [DEBUG   ] [urllib3.connectionpool] https://demos.autodatasolutions.com:443 "POST /ADSDemo/api/full/ymmt/year/2026/make/Genesis/model/GV60/ HTTP/1.1" 200 None
[2026-07-28 14:33:49] [INFO    ] [chrome_api.mapper] mapper | ads_response_to_rows | Genesis | Processing 4 trims from ADS response
[2026-07-28 14:33:49] [DEBUG   ] [chrome_api.mapper] mapper | GENESIS | V6EW5ZE2GWAE | Extracted fields: year=2026, desc=Advanced AWD, trim=Advanced
[2026-07-28 14:33:49] [DEBUG   ] [chrome_api.mapper] mapper | GENESIS | V6EW5ZE2GWAE | ModelName from ADS: GV60
[2026-07-28 14:33:49] [INFO    ] [chrome_api.mapper] mapper | GENESIS | Loaded 11 ENGINE_TYPE keywords: ['electrified', 'electric', 'ev', '3.3t', '3.5t', '3.8', '5.0', '5.0l', '2.5t', '2.0t', 'e-sc']
[2026-07-28 14:33:49] [DEBUG   ] [chrome_api.mapper] mapper | GENESIS | V6EW5ZE2GWAE | Searching text: 'gv60 advanced awd'
[2026-07-28 14:33:49] [DEBUG   ] [chrome_api.mapper] mapper | GENESIS | V6EW5ZE2GWAE | No ENGINE_TYPE keyword found
[2026-07-28 14:33:49] [INFO    ] [chrome_api.mapper] mapper | GENESIS | V6EW5ZE2GWAE | Row complete: model=GV60, trim=Advanced AWD, engine_type=None
[2026-07-28 14:33:49] [DEBUG   ] [chrome_api.mapper] mapper | GENESIS | V6EW5ZE2GW00 | Extracted fields: year=2026, desc=AWD *Ltd Avail*, trim=None
[2026-07-28 14:33:49] [DEBUG   ] [chrome_api.mapper] mapper | GENESIS | V6EW5ZE2GW00 | ModelName from ADS: GV60
[2026-07-28 14:33:49] [INFO    ] [chrome_api.mapper] mapper | GENESIS | Loaded 11 ENGINE_TYPE keywords: ['electrified', 'electric', 'ev', '3.3t', '3.5t', '3.8', '5.0', '5.0l', '2.5t', '2.0t', 'e-sc']
[2026-07-28 14:33:49] [DEBUG   ] [chrome_api.mapper] mapper | GENESIS | V6EW5ZE2GW00 | Searching text: 'gv60 awd *ltd avail*'
[2026-07-28 14:33:49] [DEBUG   ] [chrome_api.mapper] mapper | GENESIS | V6EW5ZE2GW00 | No ENGINE_TYPE keyword found
[2026-07-28 14:33:49] [INFO    ] [chrome_api.mapper] mapper | GENESIS | V6EW5ZE2GW00 | Row complete: model=GV60, trim=AWD *Ltd Avail*, engine_type=None
[2026-07-28 14:33:49] [DEBUG   ] [chrome_api.mapper] mapper | GENESIS | V6EW5ZE1GZ00 | Extracted fields: year=2026, desc=+ AWD *Ltd Avail*, trim=+
[2026-07-28 14:33:49] [DEBUG   ] [chrome_api.mapper] mapper | GENESIS | V6EW5ZE1GZ00 | ModelName from ADS: GV60
[2026-07-28 14:33:49] [INFO    ] [chrome_api.mapper] mapper | GENESIS | Loaded 11 ENGINE_TYPE keywords: ['electrified', 'electric', 'ev', '3.3t', '3.5t', '3.8', '5.0', '5.0l', '2.5t', '2.0t', 'e-sc']
[2026-07-28 14:33:49] [DEBUG   ] [chrome_api.mapper] mapper | GENESIS | V6EW5ZE1GZ00 | Searching text: 'gv60 + awd *ltd avail*'
[2026-07-28 14:33:49] [DEBUG   ] [chrome_api.mapper] mapper | GENESIS | V6EW5ZE1GZ00 | No ENGINE_TYPE keyword found
[2026-07-28 14:33:49] [INFO    ] [chrome_api.mapper] mapper | GENESIS | V6EW5ZE1GZ00 | Row complete: model=GV60, trim=+ AWD *Ltd Avail*, engine_type=None
[2026-07-28 14:33:49] [DEBUG   ] [chrome_api.mapper] mapper | GENESIS | V6EW5ZE1GZSP | Extracted fields: year=2026, desc=Sport AWD, trim=Sport
[2026-07-28 14:33:49] [DEBUG   ] [chrome_api.mapper] mapper | GENESIS | V6EW5ZE1GZSP | ModelName from ADS: GV60
[2026-07-28 14:33:49] [INFO    ] [chrome_api.mapper] mapper | GENESIS | Loaded 11 ENGINE_TYPE keywords: ['electrified', 'electric', 'ev', '3.3t', '3.5t', '3.8', '5.0', '5.0l', '2.5t', '2.0t', 'e-sc']
[2026-07-28 14:33:49] [DEBUG   ] [chrome_api.mapper] mapper | GENESIS | V6EW5ZE1GZSP | Searching text: 'gv60 sport awd'
[2026-07-28 14:33:49] [DEBUG   ] [chrome_api.mapper] mapper | GENESIS | V6EW5ZE1GZSP | No ENGINE_TYPE keyword found
[2026-07-28 14:33:49] [INFO    ] [chrome_api.mapper] mapper | GENESIS | V6EW5ZE1GZSP | Row complete: model=GV60, trim=Sport AWD, engine_type=None
[2026-07-28 14:33:49] [INFO    ] [chrome_api.mapper] mapper | ads_response_to_rows | Genesis | Converted 4/4 trims to rows
[2026-07-28 14:33:49] [DEBUG   ] [chrome_api.service] refresh_from_ads | Genesis 2026 GV60 | Converted 4 trims to rows
[2026-07-28 14:33:49] [DEBUG   ] [urllib3.connectionpool] https://demos.autodatasolutions.com:443 "POST /ADSDemo/api/full/ymmt/year/2026/make/Genesis/model/GV70/ HTTP/1.1" 200 None
[2026-07-28 14:33:50] [INFO    ] [chrome_api.mapper] mapper | ads_response_to_rows | Genesis | Processing 5 trims from ADS response
[2026-07-28 14:33:50] [DEBUG   ] [chrome_api.mapper] mapper | GENESIS | V7CW5K2DGA00 | Extracted fields: year=2026, desc=2.5T Advanced AWD, trim=2.5T Advanced
[2026-07-28 14:33:50] [DEBUG   ] [chrome_api.mapper] mapper | GENESIS | V7CW5K2DGA00 | ModelName from ADS: GV70
[2026-07-28 14:33:50] [INFO    ] [chrome_api.mapper] mapper | GENESIS | Loaded 11 ENGINE_TYPE keywords: ['electrified', 'electric', 'ev', '3.3t', '3.5t', '3.8', '5.0', '5.0l', '2.5t', '2.0t', 'e-sc']
[2026-07-28 14:33:50] [DEBUG   ] [chrome_api.mapper] mapper | GENESIS | V7CW5K2DGA00 | Searching text: 'gv70 2.5t advanced awd'
[2026-07-28 14:33:50] [DEBUG   ] [chrome_api.mapper] mapper | GENESIS | V7CW5K2DGA00 | Found keyword '2.5t' in 'GV70 2.5T Advanced AWD'
[2026-07-28 14:33:50] [WARNING ] [chrome_api.mapper] mapper | GENESIS | V7CW5K2DGA00 | Keyword '2.5t' found but NOT in translator. Returning keyword as-is.
[2026-07-28 14:33:50] [INFO    ] [chrome_api.mapper] mapper | GENESIS | V7CW5K2DGA00 | Row complete: model=GV70, trim=2.5T Advanced AWD, engine_type=2.5t
[2026-07-28 14:33:50] [DEBUG   ] [chrome_api.mapper] mapper | GENESIS | V7CW5K2DGA55 | Extracted fields: year=2026, desc=2.5T Advanced Technology Package AWD, trim=2.5T Advanced Technology Package
[2026-07-28 14:33:50] [DEBUG   ] [chrome_api.mapper] mapper | GENESIS | V7CW5K2DGA55 | ModelName from ADS: GV70
[2026-07-28 14:33:50] [INFO    ] [chrome_api.mapper] mapper | GENESIS | Loaded 11 ENGINE_TYPE keywords: ['electrified', 'electric', 'ev', '3.3t', '3.5t', '3.8', '5.0', '5.0l', '2.5t', '2.0t', 'e-sc']
[2026-07-28 14:33:50] [DEBUG   ] [chrome_api.mapper] mapper | GENESIS | V7CW5K2DGA55 | Searching text: 'gv70 2.5t advanced technology package awd'
[2026-07-28 14:33:50] [DEBUG   ] [chrome_api.mapper] mapper | GENESIS | V7CW5K2DGA55 | Found keyword '2.5t' in 'GV70 2.5T Advanced Technology Package AWD'
[2026-07-28 14:33:50] [WARNING ] [chrome_api.mapper] mapper | GENESIS | V7CW5K2DGA55 | Keyword '2.5t' found but NOT in translator. Returning keyword as-is.
[2026-07-28 14:33:50] [INFO    ] [chrome_api.mapper] mapper | GENESIS | V7CW5K2DGA55 | Row complete: model=GV70, trim=2.5T Advanced Technology Package AWD, engine_type=2.5t
[2026-07-28 14:33:50] [DEBUG   ] [chrome_api.mapper] mapper | GENESIS | V7CW5K2DGP00 | Extracted fields: year=2026, desc=2.5T Prestige AWD, trim=2.5T Prestige
[2026-07-28 14:33:50] [DEBUG   ] [chrome_api.mapper] mapper | GENESIS | V7CW5K2DGP00 | ModelName from ADS: GV70
[2026-07-28 14:33:50] [INFO    ] [chrome_api.mapper] mapper | GENESIS | Loaded 11 ENGINE_TYPE keywords: ['electrified', 'electric', 'ev', '3.3t', '3.5t', '3.8', '5.0', '5.0l', '2.5t', '2.0t', 'e-sc']
[2026-07-28 14:33:50] [DEBUG   ] [chrome_api.mapper] mapper | GENESIS | V7CW5K2DGP00 | Searching text: 'gv70 2.5t prestige awd'
[2026-07-28 14:33:50] [DEBUG   ] [chrome_api.mapper] mapper | GENESIS | V7CW5K2DGP00 | Found keyword '2.5t' in 'GV70 2.5T Prestige AWD'
[2026-07-28 14:33:50] [WARNING ] [chrome_api.mapper] mapper | GENESIS | V7CW5K2DGP00 | Keyword '2.5t' found but NOT in translator. Returning keyword as-is.
[2026-07-28 14:33:50] [INFO    ] [chrome_api.mapper] mapper | GENESIS | V7CW5K2DGP00 | Row complete: model=GV70, trim=2.5T Prestige AWD, engine_type=2.5t
[2026-07-28 14:33:50] [DEBUG   ] [chrome_api.mapper] mapper | GENESIS | V7CW5K3BGS00 | Extracted fields: year=2026, desc=3.5T Sport Quilting AWD, trim=3.5T Sport Quilting
[2026-07-28 14:33:50] [DEBUG   ] [chrome_api.mapper] mapper | GENESIS | V7CW5K3BGS00 | ModelName from ADS: GV70
[2026-07-28 14:33:50] [INFO    ] [chrome_api.mapper] mapper | GENESIS | Loaded 11 ENGINE_TYPE keywords: ['electrified', 'electric', 'ev', '3.3t', '3.5t', '3.8', '5.0', '5.0l', '2.5t', '2.0t', 'e-sc']
[2026-07-28 14:33:50] [DEBUG   ] [chrome_api.mapper] mapper | GENESIS | V7CW5K3BGS00 | Searching text: 'gv70 3.5t sport quilting awd'
[2026-07-28 14:33:50] [DEBUG   ] [chrome_api.mapper] mapper | GENESIS | V7CW5K3BGS00 | Found keyword '3.5t' in 'GV70 3.5T Sport Quilting AWD'
[2026-07-28 14:33:50] [WARNING ] [chrome_api.mapper] mapper | GENESIS | V7CW5K3BGS00 | Keyword '3.5t' found but NOT in translator. Returning keyword as-is.
[2026-07-28 14:33:50] [INFO    ] [chrome_api.mapper] mapper | GENESIS | V7CW5K3BGS00 | Row complete: model=GV70, trim=3.5T Sport Quilting AWD, engine_type=3.5t
[2026-07-28 14:33:50] [DEBUG   ] [chrome_api.mapper] mapper | GENESIS | V7CW5K3BGSAU | Extracted fields: year=2026, desc=3.5T Sport Suede AWD, trim=3.5T Sport Suede
[2026-07-28 14:33:50] [DEBUG   ] [chrome_api.mapper] mapper | GENESIS | V7CW5K3BGSAU | ModelName from ADS: GV70
[2026-07-28 14:33:50] [INFO    ] [chrome_api.mapper] mapper | GENESIS | Loaded 11 ENGINE_TYPE keywords: ['electrified', 'electric', 'ev', '3.3t', '3.5t', '3.8', '5.0', '5.0l', '2.5t', '2.0t', 'e-sc']
[2026-07-28 14:33:50] [DEBUG   ] [chrome_api.mapper] mapper | GENESIS | V7CW5K3BGSAU | Searching text: 'gv70 3.5t sport suede awd'
[2026-07-28 14:33:50] [DEBUG   ] [chrome_api.mapper] mapper | GENESIS | V7CW5K3BGSAU | Found keyword '3.5t' in 'GV70 3.5T Sport Suede AWD'
[2026-07-28 14:33:50] [WARNING ] [chrome_api.mapper] mapper | GENESIS | V7CW5K3BGSAU | Keyword '3.5t' found but NOT in translator. Returning keyword as-is.
[2026-07-28 14:33:50] [INFO    ] [chrome_api.mapper] mapper | GENESIS | V7CW5K3BGSAU | Row complete: model=GV70, trim=3.5T Sport Suede AWD, engine_type=3.5t
[2026-07-28 14:33:50] [INFO    ] [chrome_api.mapper] mapper | ads_response_to_rows | Genesis | Converted 5/5 trims to rows
[2026-07-28 14:33:50] [DEBUG   ] [chrome_api.service] refresh_from_ads | Genesis 2026 GV70 | Converted 5 trims to rows
[2026-07-28 14:33:50] [DEBUG   ] [urllib3.connectionpool] https://demos.autodatasolutions.com:443 "POST /ADSDemo/api/full/ymmt/year/2026/make/Genesis/model/GV80/ HTTP/1.1" 200 None
[2026-07-28 14:33:51] [INFO    ] [chrome_api.mapper] mapper | ads_response_to_rows | Genesis | Processing 5 trims from ADS response
[2026-07-28 14:33:51] [DEBUG   ] [chrome_api.mapper] mapper | GENESIS | V8CW5K2DGA00 | Extracted fields: year=2026, desc=2.5T Advanced AWD 5P, trim=2.5T Advanced
[2026-07-28 14:33:51] [DEBUG   ] [chrome_api.mapper] mapper | GENESIS | V8CW5K2DGA00 | ModelName from ADS: GV80
[2026-07-28 14:33:51] [INFO    ] [chrome_api.mapper] mapper | GENESIS | Loaded 11 ENGINE_TYPE keywords: ['electrified', 'electric', 'ev', '3.3t', '3.5t', '3.8', '5.0', '5.0l', '2.5t', '2.0t', 'e-sc']
[2026-07-28 14:33:51] [DEBUG   ] [chrome_api.mapper] mapper | GENESIS | V8CW5K2DGA00 | Searching text: 'gv80 2.5t advanced awd 5p'
[2026-07-28 14:33:51] [DEBUG   ] [chrome_api.mapper] mapper | GENESIS | V8CW5K2DGA00 | Found keyword '2.5t' in 'GV80 2.5T Advanced AWD 5P'
[2026-07-28 14:33:51] [WARNING ] [chrome_api.mapper] mapper | GENESIS | V8CW5K2DGA00 | Keyword '2.5t' found but NOT in translator. Returning keyword as-is.
[2026-07-28 14:33:51] [INFO    ] [chrome_api.mapper] mapper | GENESIS | V8CW5K2DGA00 | Row complete: model=GV80, trim=2.5T Advanced AWD 5P, engine_type=2.5t
[2026-07-28 14:33:51] [DEBUG   ] [chrome_api.mapper] mapper | GENESIS | V8CW5K2DGA55 | Extracted fields: year=2026, desc=2.5T Advanced w/Tech Pkg AWD 5P, trim=2.5T Advanced
[2026-07-28 14:33:51] [DEBUG   ] [chrome_api.mapper] mapper | GENESIS | V8CW5K2DGA55 | ModelName from ADS: GV80
[2026-07-28 14:33:51] [INFO    ] [chrome_api.mapper] mapper | GENESIS | Loaded 11 ENGINE_TYPE keywords: ['electrified', 'electric', 'ev', '3.3t', '3.5t', '3.8', '5.0', '5.0l', '2.5t', '2.0t', 'e-sc']
[2026-07-28 14:33:51] [DEBUG   ] [chrome_api.mapper] mapper | GENESIS | V8CW5K2DGA55 | Searching text: 'gv80 2.5t advanced w/tech pkg awd 5p'
[2026-07-28 14:33:51] [DEBUG   ] [chrome_api.mapper] mapper | GENESIS | V8CW5K2DGA55 | Found keyword '2.5t' in 'GV80 2.5T Advanced w/Tech Pkg AWD 5P'
[2026-07-28 14:33:51] [WARNING ] [chrome_api.mapper] mapper | GENESIS | V8CW5K2DGA55 | Keyword '2.5t' found but NOT in translator. Returning keyword as-is.
[2026-07-28 14:33:51] [INFO    ] [chrome_api.mapper] mapper | GENESIS | V8CW5K2DGA55 | Row complete: model=GV80, trim=2.5T Advanced w/Tech Pkg AWD 5P, engine_type=2.5t
[2026-07-28 14:33:51] [DEBUG   ] [chrome_api.mapper] mapper | GENESIS | V8CW7K3BGA55 | Extracted fields: year=2026, desc=3.5T Advanced w/Tech Pkg AWD 7P, trim=3.5T Advanced
[2026-07-28 14:33:51] [DEBUG   ] [chrome_api.mapper] mapper | GENESIS | V8CW7K3BGA55 | ModelName from ADS: GV80
[2026-07-28 14:33:51] [INFO    ] [chrome_api.mapper] mapper | GENESIS | Loaded 11 ENGINE_TYPE keywords: ['electrified', 'electric', 'ev', '3.3t', '3.5t', '3.8', '5.0', '5.0l', '2.5t', '2.0t', 'e-sc']
[2026-07-28 14:33:51] [DEBUG   ] [chrome_api.mapper] mapper | GENESIS | V8CW7K3BGA55 | Searching text: 'gv80 3.5t advanced w/tech pkg awd 7p'
[2026-07-28 14:33:51] [DEBUG   ] [chrome_api.mapper] mapper | GENESIS | V8CW7K3BGA55 | Found keyword '3.5t' in 'GV80 3.5T Advanced w/Tech Pkg AWD 7P'
[2026-07-28 14:33:51] [WARNING ] [chrome_api.mapper] mapper | GENESIS | V8CW7K3BGA55 | Keyword '3.5t' found but NOT in translator. Returning keyword as-is.
[2026-07-28 14:33:51] [INFO    ] [chrome_api.mapper] mapper | GENESIS | V8CW7K3BGA55 | Row complete: model=GV80, trim=3.5T Advanced w/Tech Pkg AWD 7P, engine_type=3.5t
[2026-07-28 14:33:51] [DEBUG   ] [chrome_api.mapper] mapper | GENESIS | V8CW7K3BGP00 | Extracted fields: year=2026, desc=3.5T Prestige AWD 7P, trim=3.5T Prestige
[2026-07-28 14:33:51] [DEBUG   ] [chrome_api.mapper] mapper | GENESIS | V8CW7K3BGP00 | ModelName from ADS: GV80
[2026-07-28 14:33:51] [INFO    ] [chrome_api.mapper] mapper | GENESIS | Loaded 11 ENGINE_TYPE keywords: ['electrified', 'electric', 'ev', '3.3t', '3.5t', '3.8', '5.0', '5.0l', '2.5t', '2.0t', 'e-sc']
[2026-07-28 14:33:51] [DEBUG   ] [chrome_api.mapper] mapper | GENESIS | V8CW7K3BGP00 | Searching text: 'gv80 3.5t prestige awd 7p'
[2026-07-28 14:33:51] [DEBUG   ] [chrome_api.mapper] mapper | GENESIS | V8CW7K3BGP00 | Found keyword '3.5t' in 'GV80 3.5T Prestige AWD 7P'
[2026-07-28 14:33:51] [WARNING ] [chrome_api.mapper] mapper | GENESIS | V8CW7K3BGP00 | Keyword '3.5t' found but NOT in translator. Returning keyword as-is.
[2026-07-28 14:33:51] [INFO    ] [chrome_api.mapper] mapper | GENESIS | V8CW7K3BGP00 | Row complete: model=GV80, trim=3.5T Prestige AWD 7P, engine_type=3.5t
[2026-07-28 14:33:51] [DEBUG   ] [chrome_api.mapper] mapper | GENESIS | V8CW7K3BGPBL | Extracted fields: year=2026, desc=3.5T Prestige AWD 7P Black, trim=3.5T Prestige Black
[2026-07-28 14:33:51] [DEBUG   ] [chrome_api.mapper] mapper | GENESIS | V8CW7K3BGPBL | ModelName from ADS: GV80
[2026-07-28 14:33:51] [INFO    ] [chrome_api.mapper] mapper | GENESIS | Loaded 11 ENGINE_TYPE keywords: ['electrified', 'electric', 'ev', '3.3t', '3.5t', '3.8', '5.0', '5.0l', '2.5t', '2.0t', 'e-sc']
[2026-07-28 14:33:51] [DEBUG   ] [chrome_api.mapper] mapper | GENESIS | V8CW7K3BGPBL | Searching text: 'gv80 3.5t prestige awd 7p black'
[2026-07-28 14:33:51] [DEBUG   ] [chrome_api.mapper] mapper | GENESIS | V8CW7K3BGPBL | Found keyword '3.5t' in 'GV80 3.5T Prestige AWD 7P Black'
[2026-07-28 14:33:51] [WARNING ] [chrome_api.mapper] mapper | GENESIS | V8CW7K3BGPBL | Keyword '3.5t' found but NOT in translator. Returning keyword as-is.
[2026-07-28 14:33:51] [INFO    ] [chrome_api.mapper] mapper | GENESIS | V8CW7K3BGPBL | Row complete: model=GV80, trim=3.5T Prestige AWD 7P Black, engine_type=3.5t
[2026-07-28 14:33:51] [INFO    ] [chrome_api.mapper] mapper | ads_response_to_rows | Genesis | Converted 5/5 trims to rows
[2026-07-28 14:33:51] [DEBUG   ] [chrome_api.service] refresh_from_ads | Genesis 2026 GV80 | Converted 5 trims to rows
[2026-07-28 14:33:51] [DEBUG   ] [urllib3.connectionpool] https://demos.autodatasolutions.com:443 "POST /ADSDemo/api/full/ymmt/year/2026/make/Genesis/model/GV80%20Coupe/ HTTP/1.1" 200 None
[2026-07-28 14:33:51] [INFO    ] [chrome_api.mapper] mapper | ads_response_to_rows | Genesis | Processing 2 trims from ADS response
[2026-07-28 14:33:51] [DEBUG   ] [chrome_api.mapper] mapper | GENESIS | V8CC7K3BGP00 | Extracted fields: year=2026, desc=3.5T e-SC AWD, trim=3.5T e-SC
[2026-07-28 14:33:51] [DEBUG   ] [chrome_api.mapper] mapper | GENESIS | V8CC7K3BGP00 | ModelName from ADS: GV80 Coupe
[2026-07-28 14:33:51] [INFO    ] [chrome_api.mapper] mapper | GENESIS | Loaded 11 ENGINE_TYPE keywords: ['electrified', 'electric', 'ev', '3.3t', '3.5t', '3.8', '5.0', '5.0l', '2.5t', '2.0t', 'e-sc']
[2026-07-28 14:33:51] [DEBUG   ] [chrome_api.mapper] mapper | GENESIS | V8CC7K3BGP00 | Searching text: 'gv80 coupe 3.5t e-sc awd'
[2026-07-28 14:33:51] [DEBUG   ] [chrome_api.mapper] mapper | GENESIS | V8CC7K3BGP00 | Found keyword '3.5t' in 'GV80 Coupe 3.5T e-SC AWD'
[2026-07-28 14:33:51] [WARNING ] [chrome_api.mapper] mapper | GENESIS | V8CC7K3BGP00 | Keyword '3.5t' found but NOT in translator. Returning keyword as-is.
[2026-07-28 14:33:51] [INFO    ] [chrome_api.mapper] mapper | GENESIS | V8CC7K3BGP00 | Row complete: model=GV80 Coupe, trim=3.5T e-SC AWD, engine_type=3.5t
[2026-07-28 14:33:51] [DEBUG   ] [chrome_api.mapper] mapper | GENESIS | V8CC7K3BGPBL | Extracted fields: year=2026, desc=3.5T e-SC Prestige Black AWD, trim=3.5T e-SC Prestige Black
[2026-07-28 14:33:51] [DEBUG   ] [chrome_api.mapper] mapper | GENESIS | V8CC7K3BGPBL | ModelName from ADS: GV80 Coupe
[2026-07-28 14:33:51] [INFO    ] [chrome_api.mapper] mapper | GENESIS | Loaded 11 ENGINE_TYPE keywords: ['electrified', 'electric', 'ev', '3.3t', '3.5t', '3.8', '5.0', '5.0l', '2.5t', '2.0t', 'e-sc']
[2026-07-28 14:33:51] [DEBUG   ] [chrome_api.mapper] mapper | GENESIS | V8CC7K3BGPBL | Searching text: 'gv80 coupe 3.5t e-sc prestige black awd'
[2026-07-28 14:33:51] [DEBUG   ] [chrome_api.mapper] mapper | GENESIS | V8CC7K3BGPBL | Found keyword '3.5t' in 'GV80 Coupe 3.5T e-SC Prestige Black AWD'
[2026-07-28 14:33:51] [WARNING ] [chrome_api.mapper] mapper | GENESIS | V8CC7K3BGPBL | Keyword '3.5t' found but NOT in translator. Returning keyword as-is.
[2026-07-28 14:33:51] [INFO    ] [chrome_api.mapper] mapper | GENESIS | V8CC7K3BGPBL | Row complete: model=GV80 Coupe, trim=3.5T e-SC Prestige Black AWD, engine_type=3.5t
[2026-07-28 14:33:51] [INFO    ] [chrome_api.mapper] mapper | ads_response_to_rows | Genesis | Converted 2/2 trims to rows
[2026-07-28 14:33:51] [DEBUG   ] [chrome_api.service] refresh_from_ads | Genesis 2026 GV80 Coupe | Converted 2 trims to rows
[2026-07-28 14:33:51] [INFO    ] [chrome_api.service] refresh_from_ads | Mazda | Starting fetch
[2026-07-28 14:33:51] [DEBUG   ] [chrome_api.service] service | Mazda | Loading configs from: C:\Users\paxm\OneDrive - PBS SYSTEMS\Desktop\Office\Projects\OEM Accessory project\OEM_Accessories_v1\accy_v2\model_lookup\configs
[2026-07-28 14:33:51] [DEBUG   ] [chrome_api.service] service | Mazda | Loaded classification.json (79 keywords)
[2026-07-28 14:33:51] [DEBUG   ] [chrome_api.service] service | Mazda | Loaded translator.json (0 categories)
[2026-07-28 14:33:51] [DEBUG   ] [chrome_api.service] service | Mazda | Standardization file not found: C:\Users\paxm\OneDrive - PBS SYSTEMS\Desktop\Office\Projects\OEM Accessory project\OEM_Accessories_v1\accy_v2\model_lookup\configs\mazda_standardization.yaml
[2026-07-28 14:33:51] [INFO    ] [chrome_api.service] service | Mazda | Configs loaded | components: classification, translator
[2026-07-28 14:33:51] [DEBUG   ] [urllib3.connectionpool] https://demos.autodatasolutions.com:443 "GET /ADSDemo/api/ymmt/models/make/Mazda/year/2024/country/CA/language/en?sort=ASC HTTP/1.1" 200 None
[2026-07-28 14:33:52] [DEBUG   ] [urllib3.connectionpool] https://demos.autodatasolutions.com:443 "POST /ADSDemo/api/full/ymmt/year/2024/make/Mazda/model/CX-30/ HTTP/1.1" 200 None
[2026-07-28 14:33:52] [INFO    ] [chrome_api.mapper] mapper | ads_response_to_rows | Mazda | Processing 5 trims from ADS response
[2026-07-28 14:33:52] [DEBUG   ] [chrome_api.mapper] mapper | MAZDA | ZXXL84 | Extracted fields: year=2024, desc=GX AWD, trim=GX
[2026-07-28 14:33:52] [DEBUG   ] [chrome_api.mapper] mapper | MAZDA | ZXXL84 | ModelName from ADS: CX-30
[2026-07-28 14:33:52] [INFO    ] [chrome_api.mapper] mapper | MAZDA | Loaded 5 ENGINE_TYPE keywords: ['bev', 'ev', 'hybrid', 'mhev', 'phev']
[2026-07-28 14:33:52] [DEBUG   ] [chrome_api.mapper] mapper | MAZDA | ZXXL84 | Searching text: 'cx-30 gx awd'
[2026-07-28 14:33:52] [DEBUG   ] [chrome_api.mapper] mapper | MAZDA | ZXXL84 | No ENGINE_TYPE keyword found
[2026-07-28 14:33:52] [INFO    ] [chrome_api.mapper] mapper | MAZDA | ZXXL84 | Row complete: model=CX-30, trim=GX AWD, engine_type=None
[2026-07-28 14:33:52] [DEBUG   ] [chrome_api.mapper] mapper | MAZDA | ZXSL84 | Extracted fields: year=2024, desc=GS AWD, trim=GS
[2026-07-28 14:33:52] [DEBUG   ] [chrome_api.mapper] mapper | MAZDA | ZXSL84 | ModelName from ADS: CX-30
[2026-07-28 14:33:52] [INFO    ] [chrome_api.mapper] mapper | MAZDA | Loaded 5 ENGINE_TYPE keywords: ['bev', 'ev', 'hybrid', 'mhev', 'phev']
[2026-07-28 14:33:52] [DEBUG   ] [chrome_api.mapper] mapper | MAZDA | ZXSL84 | Searching text: 'cx-30 gs awd'
[2026-07-28 14:33:52] [DEBUG   ] [chrome_api.mapper] mapper | MAZDA | ZXSL84 | No ENGINE_TYPE keyword found
[2026-07-28 14:33:52] [INFO    ] [chrome_api.mapper] mapper | MAZDA | ZXSL84 | Row complete: model=CX-30, trim=GS AWD, engine_type=None
[2026-07-28 14:33:52] [DEBUG   ] [chrome_api.mapper] mapper | MAZDA | ZXTL84 | Extracted fields: year=2024, desc=GT AWD, trim=GT
[2026-07-28 14:33:52] [DEBUG   ] [chrome_api.mapper] mapper | MAZDA | ZXTL84 | ModelName from ADS: CX-30
[2026-07-28 14:33:52] [INFO    ] [chrome_api.mapper] mapper | MAZDA | Loaded 5 ENGINE_TYPE keywords: ['bev', 'ev', 'hybrid', 'mhev', 'phev']
[2026-07-28 14:33:52] [DEBUG   ] [chrome_api.mapper] mapper | MAZDA | ZXTL84 | Searching text: 'cx-30 gt awd'
[2026-07-28 14:33:52] [DEBUG   ] [chrome_api.mapper] mapper | MAZDA | ZXTL84 | No ENGINE_TYPE keyword found
[2026-07-28 14:33:52] [INFO    ] [chrome_api.mapper] mapper | MAZDA | ZXTL84 | Row complete: model=CX-30, trim=GT AWD, engine_type=None
[2026-07-28 14:33:52] [DEBUG   ] [chrome_api.mapper] mapper | MAZDA | ZXTM84 | Extracted fields: year=2024, desc=GT w/Turbo AWD, trim=GT w/Turbo
[2026-07-28 14:33:52] [DEBUG   ] [chrome_api.mapper] mapper | MAZDA | ZXTM84 | ModelName from ADS: CX-30
[2026-07-28 14:33:52] [INFO    ] [chrome_api.mapper] mapper | MAZDA | Loaded 5 ENGINE_TYPE keywords: ['bev', 'ev', 'hybrid', 'mhev', 'phev']
[2026-07-28 14:33:52] [DEBUG   ] [chrome_api.mapper] mapper | MAZDA | ZXTM84 | Searching text: 'cx-30 gt w/turbo awd'
[2026-07-28 14:33:52] [DEBUG   ] [chrome_api.mapper] mapper | MAZDA | ZXTM84 | No ENGINE_TYPE keyword found
[2026-07-28 14:33:52] [INFO    ] [chrome_api.mapper] mapper | MAZDA | ZXTM84 | Row complete: model=CX-30, trim=GT w/Turbo AWD, engine_type=None
[2026-07-28 14:33:52] [DEBUG   ] [chrome_api.mapper] mapper | MAZDA | ZXUM84 | Extracted fields: year=2024, desc=Suna AWD, trim=Suna
[2026-07-28 14:33:52] [DEBUG   ] [chrome_api.mapper] mapper | MAZDA | ZXUM84 | ModelName from ADS: CX-30
[2026-07-28 14:33:52] [INFO    ] [chrome_api.mapper] mapper | MAZDA | Loaded 5 ENGINE_TYPE keywords: ['bev', 'ev', 'hybrid', 'mhev', 'phev']
[2026-07-28 14:33:52] [DEBUG   ] [chrome_api.mapper] mapper | MAZDA | ZXUM84 | Searching text: 'cx-30 suna awd'
[2026-07-28 14:33:52] [DEBUG   ] [chrome_api.mapper] mapper | MAZDA | ZXUM84 | No ENGINE_TYPE keyword found
[2026-07-28 14:33:52] [INFO    ] [chrome_api.mapper] mapper | MAZDA | ZXUM84 | Row complete: model=CX-30, trim=Suna AWD, engine_type=None
[2026-07-28 14:33:52] [INFO    ] [chrome_api.mapper] mapper | ads_response_to_rows | Mazda | Converted 5/5 trims to rows
[2026-07-28 14:33:52] [DEBUG   ] [chrome_api.service] refresh_from_ads | Mazda 2024 CX-30 | Converted 5 trims to rows
[2026-07-28 14:33:53] [DEBUG   ] [urllib3.connectionpool] https://demos.autodatasolutions.com:443 "POST /ADSDemo/api/full/ymmt/year/2024/make/Mazda/model/CX-5/ HTTP/1.1" 200 None
[2026-07-28 14:33:53] [INFO    ] [chrome_api.mapper] mapper | ads_response_to_rows | Mazda | Processing 9 trims from ADS response
[2026-07-28 14:33:53] [DEBUG   ] [chrome_api.mapper] mapper | MAZDA | NXXN84 | Extracted fields: year=2024, desc=GX AWD *Ltd Avail*, trim=GX
[2026-07-28 14:33:53] [DEBUG   ] [chrome_api.mapper] mapper | MAZDA | NXXN84 | ModelName from ADS: CX-5
[2026-07-28 14:33:53] [INFO    ] [chrome_api.mapper] mapper | MAZDA | Loaded 5 ENGINE_TYPE keywords: ['bev', 'ev', 'hybrid', 'mhev', 'phev']
[2026-07-28 14:33:53] [DEBUG   ] [chrome_api.mapper] mapper | MAZDA | NXXN84 | Searching text: 'cx-5 gx awd *ltd avail*'
[2026-07-28 14:33:53] [DEBUG   ] [chrome_api.mapper] mapper | MAZDA | NXXN84 | No ENGINE_TYPE keyword found
[2026-07-28 14:33:53] [INFO    ] [chrome_api.mapper] mapper | MAZDA | NXXN84 | Row complete: model=CX-5, trim=GX AWD *Ltd Avail*, engine_type=None
[2026-07-28 14:33:53] [DEBUG   ] [chrome_api.mapper] mapper | MAZDA | NXSN84 | Extracted fields: year=2024, desc=GS AWD *Ltd Avail*, trim=GS
[2026-07-28 14:33:53] [DEBUG   ] [chrome_api.mapper] mapper | MAZDA | NXSN84 | ModelName from ADS: CX-5
[2026-07-28 14:33:53] [INFO    ] [chrome_api.mapper] mapper | MAZDA | Loaded 5 ENGINE_TYPE keywords: ['bev', 'ev', 'hybrid', 'mhev', 'phev']
[2026-07-28 14:33:53] [DEBUG   ] [chrome_api.mapper] mapper | MAZDA | NXSN84 | Searching text: 'cx-5 gs awd *ltd avail*'
[2026-07-28 14:33:53] [DEBUG   ] [chrome_api.mapper] mapper | MAZDA | NXSN84 | No ENGINE_TYPE keyword found
[2026-07-28 14:33:53] [INFO    ] [chrome_api.mapper] mapper | MAZDA | NXSN84 | Row complete: model=CX-5, trim=GS AWD *Ltd Avail*, engine_type=None
[2026-07-28 14:33:53] [DEBUG   ] [chrome_api.mapper] mapper | MAZDA | NXBN84 | Extracted fields: year=2024, desc=Kuro AWD, trim=Kuro
[2026-07-28 14:33:53] [DEBUG   ] [chrome_api.mapper] mapper | MAZDA | NXBN84 | ModelName from ADS: CX-5
[2026-07-28 14:33:53] [INFO    ] [chrome_api.mapper] mapper | MAZDA | Loaded 5 ENGINE_TYPE keywords: ['bev', 'ev', 'hybrid', 'mhev', 'phev']
[2026-07-28 14:33:53] [DEBUG   ] [chrome_api.mapper] mapper | MAZDA | NXBN84 | Searching text: 'cx-5 kuro awd'
[2026-07-28 14:33:53] [DEBUG   ] [chrome_api.mapper] mapper | MAZDA | NXBN84 | No ENGINE_TYPE keyword found
[2026-07-28 14:33:53] [INFO    ] [chrome_api.mapper] mapper | MAZDA | NXBN84 | Row complete: model=CX-5, trim=Kuro AWD, engine_type=None
[2026-07-28 14:33:53] [DEBUG   ] [chrome_api.mapper] mapper | MAZDA | NXTN84 | Extracted fields: year=2024, desc=GT AWD, trim=GT
[2026-07-28 14:33:53] [DEBUG   ] [chrome_api.mapper] mapper | MAZDA | NXTN84 | ModelName from ADS: CX-5
[2026-07-28 14:33:53] [INFO    ] [chrome_api.mapper] mapper | MAZDA | Loaded 5 ENGINE_TYPE keywords: ['bev', 'ev', 'hybrid', 'mhev', 'phev']
[2026-07-28 14:33:53] [DEBUG   ] [chrome_api.mapper] mapper | MAZDA | NXTN84 | Searching text: 'cx-5 gt awd'
[2026-07-28 14:33:53] [DEBUG   ] [chrome_api.mapper] mapper | MAZDA | NXTN84 | No ENGINE_TYPE keyword found
[2026-07-28 14:33:53] [INFO    ] [chrome_api.mapper] mapper | MAZDA | NXTN84 | Row complete: model=CX-5, trim=GT AWD, engine_type=None
[2026-07-28 14:33:53] [DEBUG   ] [chrome_api.mapper] mapper | MAZDA | NXDM84 | Extracted fields: year=2024, desc=Sport Design AWD, trim=Sport Design
[2026-07-28 14:33:53] [DEBUG   ] [chrome_api.mapper] mapper | MAZDA | NXDM84 | ModelName from ADS: CX-5
[2026-07-28 14:33:53] [INFO    ] [chrome_api.mapper] mapper | MAZDA | Loaded 5 ENGINE_TYPE keywords: ['bev', 'ev', 'hybrid', 'mhev', 'phev']
[2026-07-28 14:33:53] [DEBUG   ] [chrome_api.mapper] mapper | MAZDA | NXDM84 | Searching text: 'cx-5 sport design awd'
[2026-07-28 14:33:53] [DEBUG   ] [chrome_api.mapper] mapper | MAZDA | NXDM84 | No ENGINE_TYPE keyword found
[2026-07-28 14:33:53] [INFO    ] [chrome_api.mapper] mapper | MAZDA | NXDM84 | Row complete: model=CX-5, trim=Sport Design AWD, engine_type=None
[2026-07-28 14:33:53] [DEBUG   ] [chrome_api.mapper] mapper | MAZDA | NXKM84 | Extracted fields: year=2024, desc=Signature AWD, trim=Signature
[2026-07-28 14:33:53] [DEBUG   ] [chrome_api.mapper] mapper | MAZDA | NXKM84 | ModelName from ADS: CX-5
[2026-07-28 14:33:53] [INFO    ] [chrome_api.mapper] mapper | MAZDA | Loaded 5 ENGINE_TYPE keywords: ['bev', 'ev', 'hybrid', 'mhev', 'phev']
[2026-07-28 14:33:53] [DEBUG   ] [chrome_api.mapper] mapper | MAZDA | NXKM84 | Searching text: 'cx-5 signature awd'
[2026-07-28 14:33:53] [DEBUG   ] [chrome_api.mapper] mapper | MAZDA | NXKM84 | No ENGINE_TYPE keyword found
[2026-07-28 14:33:53] [INFO    ] [chrome_api.mapper] mapper | MAZDA | NXKM84 | Row complete: model=CX-5, trim=Signature AWD, engine_type=None
[2026-07-28 14:33:53] [DEBUG   ] [chrome_api.mapper] mapper | MAZDA | NXUM84 | Extracted fields: year=2024, desc=Suna AWD, trim=Suna
[2026-07-28 14:33:53] [DEBUG   ] [chrome_api.mapper] mapper | MAZDA | NXUM84 | ModelName from ADS: CX-5
[2026-07-28 14:33:53] [INFO    ] [chrome_api.mapper] mapper | MAZDA | Loaded 5 ENGINE_TYPE keywords: ['bev', 'ev', 'hybrid', 'mhev', 'phev']
[2026-07-28 14:33:53] [DEBUG   ] [chrome_api.mapper] mapper | MAZDA | NXUM84 | Searching text: 'cx-5 suna awd'
[2026-07-28 14:33:53] [DEBUG   ] [chrome_api.mapper] mapper | MAZDA | NXUM84 | No ENGINE_TYPE keyword found
[2026-07-28 14:33:53] [INFO    ] [chrome_api.mapper] mapper | MAZDA | NXUM84 | Row complete: model=CX-5, trim=Suna AWD, engine_type=None
[2026-07-28 14:33:53] [DEBUG   ] [chrome_api.mapper] mapper | MAZDA | NXXL84 | Extracted fields: year=2024, desc=GX AWD w/o CD, trim=GX
[2026-07-28 14:33:53] [DEBUG   ] [chrome_api.mapper] mapper | MAZDA | NXXL84 | ModelName from ADS: CX-5
[2026-07-28 14:33:53] [INFO    ] [chrome_api.mapper] mapper | MAZDA | Loaded 5 ENGINE_TYPE keywords: ['bev', 'ev', 'hybrid', 'mhev', 'phev']
[2026-07-28 14:33:53] [DEBUG   ] [chrome_api.mapper] mapper | MAZDA | NXXL84 | Searching text: 'cx-5 gx awd w/o cd'
[2026-07-28 14:33:53] [DEBUG   ] [chrome_api.mapper] mapper | MAZDA | NXXL84 | No ENGINE_TYPE keyword found
[2026-07-28 14:33:53] [INFO    ] [chrome_api.mapper] mapper | MAZDA | NXXL84 | Row complete: model=CX-5, trim=GX AWD w/o CD, engine_type=None
[2026-07-28 14:33:53] [DEBUG   ] [chrome_api.mapper] mapper | MAZDA | NXSL84 | Extracted fields: year=2024, desc=GS AWD w/o CD, trim=GS
[2026-07-28 14:33:53] [DEBUG   ] [chrome_api.mapper] mapper | MAZDA | NXSL84 | ModelName from ADS: CX-5
[2026-07-28 14:33:53] [INFO    ] [chrome_api.mapper] mapper | MAZDA | Loaded 5 ENGINE_TYPE keywords: ['bev', 'ev', 'hybrid', 'mhev', 'phev']
[2026-07-28 14:33:53] [DEBUG   ] [chrome_api.mapper] mapper | MAZDA | NXSL84 | Searching text: 'cx-5 gs awd w/o cd'
[2026-07-28 14:33:53] [DEBUG   ] [chrome_api.mapper] mapper | MAZDA | NXSL84 | No ENGINE_TYPE keyword found
[2026-07-28 14:33:53] [INFO    ] [chrome_api.mapper] mapper | MAZDA | NXSL84 | Row complete: model=CX-5, trim=GS AWD w/o CD, engine_type=None
[2026-07-28 14:33:53] [INFO    ] [chrome_api.mapper] mapper | ads_response_to_rows | Mazda | Converted 9/9 trims to rows
[2026-07-28 14:33:53] [DEBUG   ] [chrome_api.service] refresh_from_ads | Mazda 2024 CX-5 | Converted 9 trims to rows
[2026-07-28 14:33:53] [DEBUG   ] [urllib3.connectionpool] https://demos.autodatasolutions.com:443 "POST /ADSDemo/api/full/ymmt/year/2024/make/Mazda/model/CX-50/ HTTP/1.1" 200 None
[2026-07-28 14:33:54] [INFO    ] [chrome_api.mapper] mapper | ads_response_to_rows | Mazda | Processing 4 trims from ADS response
[2026-07-28 14:33:54] [DEBUG   ] [chrome_api.mapper] mapper | MAZDA | JXLN84 | Extracted fields: year=2024, desc=GS-L AWD, trim=GS-L
[2026-07-28 14:33:54] [DEBUG   ] [chrome_api.mapper] mapper | MAZDA | JXLN84 | ModelName from ADS: CX-50
[2026-07-28 14:33:54] [INFO    ] [chrome_api.mapper] mapper | MAZDA | Loaded 5 ENGINE_TYPE keywords: ['bev', 'ev', 'hybrid', 'mhev', 'phev']
[2026-07-28 14:33:54] [DEBUG   ] [chrome_api.mapper] mapper | MAZDA | JXLN84 | Searching text: 'cx-50 gs-l awd'
[2026-07-28 14:33:54] [DEBUG   ] [chrome_api.mapper] mapper | MAZDA | JXLN84 | No ENGINE_TYPE keyword found
[2026-07-28 14:33:54] [INFO    ] [chrome_api.mapper] mapper | MAZDA | JXLN84 | Row complete: model=CX-50, trim=GS-L AWD, engine_type=None
[2026-07-28 14:33:54] [DEBUG   ] [chrome_api.mapper] mapper | MAZDA | JXTN84 | Extracted fields: year=2024, desc=GT AWD, trim=GT
[2026-07-28 14:33:54] [DEBUG   ] [chrome_api.mapper] mapper | MAZDA | JXTN84 | ModelName from ADS: CX-50
[2026-07-28 14:33:54] [INFO    ] [chrome_api.mapper] mapper | MAZDA | Loaded 5 ENGINE_TYPE keywords: ['bev', 'ev', 'hybrid', 'mhev', 'phev']
[2026-07-28 14:33:54] [DEBUG   ] [chrome_api.mapper] mapper | MAZDA | JXTN84 | Searching text: 'cx-50 gt awd'
[2026-07-28 14:33:54] [DEBUG   ] [chrome_api.mapper] mapper | MAZDA | JXTN84 | No ENGINE_TYPE keyword found
[2026-07-28 14:33:54] [INFO    ] [chrome_api.mapper] mapper | MAZDA | JXTN84 | Row complete: model=CX-50, trim=GT AWD, engine_type=None
[2026-07-28 14:33:54] [DEBUG   ] [chrome_api.mapper] mapper | MAZDA | JXTM84 | Extracted fields: year=2024, desc=GT w/Turbo AWD, trim=GT w/Turbo
[2026-07-28 14:33:54] [DEBUG   ] [chrome_api.mapper] mapper | MAZDA | JXTM84 | ModelName from ADS: CX-50
[2026-07-28 14:33:54] [INFO    ] [chrome_api.mapper] mapper | MAZDA | Loaded 5 ENGINE_TYPE keywords: ['bev', 'ev', 'hybrid', 'mhev', 'phev']
[2026-07-28 14:33:54] [DEBUG   ] [chrome_api.mapper] mapper | MAZDA | JXTM84 | Searching text: 'cx-50 gt w/turbo awd'
[2026-07-28 14:33:54] [DEBUG   ] [chrome_api.mapper] mapper | MAZDA | JXTM84 | No ENGINE_TYPE keyword found
[2026-07-28 14:33:54] [INFO    ] [chrome_api.mapper] mapper | MAZDA | JXTM84 | Row complete: model=CX-50, trim=GT w/Turbo AWD, engine_type=None
[2026-07-28 14:33:54] [DEBUG   ] [chrome_api.mapper] mapper | MAZDA | JXTM84 | Extracted fields: year=2024, desc=Meridian Edition AWD, trim=Meridian Edition
[2026-07-28 14:33:54] [DEBUG   ] [chrome_api.mapper] mapper | MAZDA | JXTM84 | ModelName from ADS: CX-50
[2026-07-28 14:33:54] [INFO    ] [chrome_api.mapper] mapper | MAZDA | Loaded 5 ENGINE_TYPE keywords: ['bev', 'ev', 'hybrid', 'mhev', 'phev']
[2026-07-28 14:33:54] [DEBUG   ] [chrome_api.mapper] mapper | MAZDA | JXTM84 | Searching text: 'cx-50 meridian edition awd'
[2026-07-28 14:33:54] [DEBUG   ] [chrome_api.mapper] mapper | MAZDA | JXTM84 | No ENGINE_TYPE keyword found
[2026-07-28 14:33:54] [INFO    ] [chrome_api.mapper] mapper | MAZDA | JXTM84 | Row complete: model=CX-50, trim=Meridian Edition AWD, engine_type=None
[2026-07-28 14:33:54] [INFO    ] [chrome_api.mapper] mapper | ads_response_to_rows | Mazda | Converted 4/4 trims to rows
[2026-07-28 14:33:54] [DEBUG   ] [chrome_api.service] refresh_from_ads | Mazda 2024 CX-50 | Converted 4 trims to rows
[2026-07-28 14:33:54] [DEBUG   ] [urllib3.connectionpool] https://demos.autodatasolutions.com:443 "POST /ADSDemo/api/full/ymmt/year/2024/make/Mazda/model/CX-90%20MHEV/ HTTP/1.1" 200 None
[2026-07-28 14:33:54] [INFO    ] [chrome_api.mapper] mapper | ads_response_to_rows | Mazda | Processing 5 trims from ADS response
[2026-07-28 14:33:54] [DEBUG   ] [chrome_api.mapper] mapper | MAZDA | WXSF84 | Extracted fields: year=2024, desc=GS AWD, trim=GS
[2026-07-28 14:33:54] [DEBUG   ] [chrome_api.mapper] mapper | MAZDA | WXSF84 | ModelName from ADS: CX-90 MHEV
[2026-07-28 14:33:54] [INFO    ] [chrome_api.mapper] mapper | MAZDA | Loaded 5 ENGINE_TYPE keywords: ['bev', 'ev', 'hybrid', 'mhev', 'phev']
[2026-07-28 14:33:54] [DEBUG   ] [chrome_api.mapper] mapper | MAZDA | WXSF84 | Searching text: 'cx-90 mhev gs awd'
[2026-07-28 14:33:54] [DEBUG   ] [chrome_api.mapper] mapper | MAZDA | WXSF84 | Found keyword 'ev' in 'CX-90 MHEV GS AWD'
[2026-07-28 14:33:54] [WARNING ] [chrome_api.mapper] mapper | MAZDA | WXSF84 | Keyword 'ev' found but NOT in translator. Returning keyword as-is.
[2026-07-28 14:33:54] [INFO    ] [chrome_api.mapper] mapper | MAZDA | WXSF84 | Row complete: model=CX-90 MHEV, trim=GS AWD, engine_type=ev
[2026-07-28 14:33:54] [DEBUG   ] [chrome_api.mapper] mapper | MAZDA | WXLF84 | Extracted fields: year=2024, desc=GS-L AWD, trim=GS-L
[2026-07-28 14:33:54] [DEBUG   ] [chrome_api.mapper] mapper | MAZDA | WXLF84 | ModelName from ADS: CX-90 MHEV
[2026-07-28 14:33:54] [INFO    ] [chrome_api.mapper] mapper | MAZDA | Loaded 5 ENGINE_TYPE keywords: ['bev', 'ev', 'hybrid', 'mhev', 'phev']
[2026-07-28 14:33:54] [DEBUG   ] [chrome_api.mapper] mapper | MAZDA | WXLF84 | Searching text: 'cx-90 mhev gs-l awd'
[2026-07-28 14:33:54] [DEBUG   ] [chrome_api.mapper] mapper | MAZDA | WXLF84 | Found keyword 'ev' in 'CX-90 MHEV GS-L AWD'
[2026-07-28 14:33:54] [WARNING ] [chrome_api.mapper] mapper | MAZDA | WXLF84 | Keyword 'ev' found but NOT in translator. Returning keyword as-is.
[2026-07-28 14:33:54] [INFO    ] [chrome_api.mapper] mapper | MAZDA | WXLF84 | Row complete: model=CX-90 MHEV, trim=GS-L AWD, engine_type=ev
[2026-07-28 14:33:54] [DEBUG   ] [chrome_api.mapper] mapper | MAZDA | WXTF84 | Extracted fields: year=2024, desc=GT AWD, trim=GT
[2026-07-28 14:33:54] [DEBUG   ] [chrome_api.mapper] mapper | MAZDA | WXTF84 | ModelName from ADS: CX-90 MHEV
[2026-07-28 14:33:54] [INFO    ] [chrome_api.mapper] mapper | MAZDA | Loaded 5 ENGINE_TYPE keywords: ['bev', 'ev', 'hybrid', 'mhev', 'phev']
[2026-07-28 14:33:54] [DEBUG   ] [chrome_api.mapper] mapper | MAZDA | WXTF84 | Searching text: 'cx-90 mhev gt awd'
[2026-07-28 14:33:54] [DEBUG   ] [chrome_api.mapper] mapper | MAZDA | WXTF84 | Found keyword 'ev' in 'CX-90 MHEV GT AWD'
[2026-07-28 14:33:54] [WARNING ] [chrome_api.mapper] mapper | MAZDA | WXTF84 | Keyword 'ev' found but NOT in translator. Returning keyword as-is.
[2026-07-28 14:33:54] [INFO    ] [chrome_api.mapper] mapper | MAZDA | WXTF84 | Row complete: model=CX-90 MHEV, trim=GT AWD, engine_type=ev
[2026-07-28 14:33:54] [DEBUG   ] [chrome_api.mapper] mapper | MAZDA | WXPG84 | Extracted fields: year=2024, desc=GT-P AWD, trim=GT-P
[2026-07-28 14:33:54] [DEBUG   ] [chrome_api.mapper] mapper | MAZDA | WXPG84 | ModelName from ADS: CX-90 MHEV
[2026-07-28 14:33:54] [INFO    ] [chrome_api.mapper] mapper | MAZDA | Loaded 5 ENGINE_TYPE keywords: ['bev', 'ev', 'hybrid', 'mhev', 'phev']
[2026-07-28 14:33:54] [DEBUG   ] [chrome_api.mapper] mapper | MAZDA | WXPG84 | Searching text: 'cx-90 mhev gt-p awd'
[2026-07-28 14:33:54] [DEBUG   ] [chrome_api.mapper] mapper | MAZDA | WXPG84 | Found keyword 'ev' in 'CX-90 MHEV GT-P AWD'
[2026-07-28 14:33:54] [WARNING ] [chrome_api.mapper] mapper | MAZDA | WXPG84 | Keyword 'ev' found but NOT in translator. Returning keyword as-is.
[2026-07-28 14:33:54] [INFO    ] [chrome_api.mapper] mapper | MAZDA | WXPG84 | Row complete: model=CX-90 MHEV, trim=GT-P AWD, engine_type=ev
[2026-07-28 14:33:54] [DEBUG   ] [chrome_api.mapper] mapper | MAZDA | WXKG84 | Extracted fields: year=2024, desc=Signature AWD, trim=Signature
[2026-07-28 14:33:54] [DEBUG   ] [chrome_api.mapper] mapper | MAZDA | WXKG84 | ModelName from ADS: CX-90 MHEV
[2026-07-28 14:33:54] [INFO    ] [chrome_api.mapper] mapper | MAZDA | Loaded 5 ENGINE_TYPE keywords: ['bev', 'ev', 'hybrid', 'mhev', 'phev']
[2026-07-28 14:33:54] [DEBUG   ] [chrome_api.mapper] mapper | MAZDA | WXKG84 | Searching text: 'cx-90 mhev signature awd'
[2026-07-28 14:33:54] [DEBUG   ] [chrome_api.mapper] mapper | MAZDA | WXKG84 | Found keyword 'ev' in 'CX-90 MHEV Signature AWD'
[2026-07-28 14:33:54] [WARNING ] [chrome_api.mapper] mapper | MAZDA | WXKG84 | Keyword 'ev' found but NOT in translator. Returning keyword as-is.
[2026-07-28 14:33:54] [INFO    ] [chrome_api.mapper] mapper | MAZDA | WXKG84 | Row complete: model=CX-90 MHEV, trim=Signature AWD, engine_type=ev
[2026-07-28 14:33:54] [INFO    ] [chrome_api.mapper] mapper | ads_response_to_rows | Mazda | Converted 5/5 trims to rows
[2026-07-28 14:33:54] [DEBUG   ] [chrome_api.service] refresh_from_ads | Mazda 2024 CX-90 MHEV | Converted 5 trims to rows
[2026-07-28 14:33:54] [DEBUG   ] [urllib3.connectionpool] https://demos.autodatasolutions.com:443 "POST /ADSDemo/api/full/ymmt/year/2024/make/Mazda/model/CX-90%20PHEV/ HTTP/1.1" 200 None
[2026-07-28 14:33:55] [INFO    ] [chrome_api.mapper] mapper | ads_response_to_rows | Mazda | Processing 3 trims from ADS response
[2026-07-28 14:33:55] [DEBUG   ] [chrome_api.mapper] mapper | MAZDA | VXSP84 | Extracted fields: year=2024, desc=GS AWD, trim=GS
[2026-07-28 14:33:55] [DEBUG   ] [chrome_api.mapper] mapper | MAZDA | VXSP84 | ModelName from ADS: CX-90 PHEV
[2026-07-28 14:33:55] [INFO    ] [chrome_api.mapper] mapper | MAZDA | Loaded 5 ENGINE_TYPE keywords: ['bev', 'ev', 'hybrid', 'mhev', 'phev']
[2026-07-28 14:33:55] [DEBUG   ] [chrome_api.mapper] mapper | MAZDA | VXSP84 | Searching text: 'cx-90 phev gs awd'
[2026-07-28 14:33:55] [DEBUG   ] [chrome_api.mapper] mapper | MAZDA | VXSP84 | Found keyword 'ev' in 'CX-90 PHEV GS AWD'
[2026-07-28 14:33:55] [WARNING ] [chrome_api.mapper] mapper | MAZDA | VXSP84 | Keyword 'ev' found but NOT in translator. Returning keyword as-is.
[2026-07-28 14:33:55] [INFO    ] [chrome_api.mapper] mapper | MAZDA | VXSP84 | Row complete: model=CX-90 PHEV, trim=GS AWD, engine_type=ev
[2026-07-28 14:33:55] [DEBUG   ] [chrome_api.mapper] mapper | MAZDA | VXLP84 | Extracted fields: year=2024, desc=GS-L AWD, trim=GS-L
[2026-07-28 14:33:55] [DEBUG   ] [chrome_api.mapper] mapper | MAZDA | VXLP84 | ModelName from ADS: CX-90 PHEV
[2026-07-28 14:33:55] [INFO    ] [chrome_api.mapper] mapper | MAZDA | Loaded 5 ENGINE_TYPE keywords: ['bev', 'ev', 'hybrid', 'mhev', 'phev']
[2026-07-28 14:33:55] [DEBUG   ] [chrome_api.mapper] mapper | MAZDA | VXLP84 | Searching text: 'cx-90 phev gs-l awd'
[2026-07-28 14:33:55] [DEBUG   ] [chrome_api.mapper] mapper | MAZDA | VXLP84 | Found keyword 'ev' in 'CX-90 PHEV GS-L AWD'
[2026-07-28 14:33:55] [WARNING ] [chrome_api.mapper] mapper | MAZDA | VXLP84 | Keyword 'ev' found but NOT in translator. Returning keyword as-is.
[2026-07-28 14:33:55] [INFO    ] [chrome_api.mapper] mapper | MAZDA | VXLP84 | Row complete: model=CX-90 PHEV, trim=GS-L AWD, engine_type=ev
[2026-07-28 14:33:55] [DEBUG   ] [chrome_api.mapper] mapper | MAZDA | VXTP84 | Extracted fields: year=2024, desc=GT AWD, trim=GT
[2026-07-28 14:33:55] [DEBUG   ] [chrome_api.mapper] mapper | MAZDA | VXTP84 | ModelName from ADS: CX-90 PHEV
[2026-07-28 14:33:55] [INFO    ] [chrome_api.mapper] mapper | MAZDA | Loaded 5 ENGINE_TYPE keywords: ['bev', 'ev', 'hybrid', 'mhev', 'phev']
[2026-07-28 14:33:55] [DEBUG   ] [chrome_api.mapper] mapper | MAZDA | VXTP84 | Searching text: 'cx-90 phev gt awd'
[2026-07-28 14:33:55] [DEBUG   ] [chrome_api.mapper] mapper | MAZDA | VXTP84 | Found keyword 'ev' in 'CX-90 PHEV GT AWD'
[2026-07-28 14:33:55] [WARNING ] [chrome_api.mapper] mapper | MAZDA | VXTP84 | Keyword 'ev' found but NOT in translator. Returning keyword as-is.
[2026-07-28 14:33:55] [INFO    ] [chrome_api.mapper] mapper | MAZDA | VXTP84 | Row complete: model=CX-90 PHEV, trim=GT AWD, engine_type=ev
[2026-07-28 14:33:55] [INFO    ] [chrome_api.mapper] mapper | ads_response_to_rows | Mazda | Converted 3/3 trims to rows
[2026-07-28 14:33:55] [DEBUG   ] [chrome_api.service] refresh_from_ads | Mazda 2024 CX-90 PHEV | Converted 3 trims to rows
[2026-07-28 14:33:55] [DEBUG   ] [urllib3.connectionpool] https://demos.autodatasolutions.com:443 "POST /ADSDemo/api/full/ymmt/year/2024/make/Mazda/model/Mazda3/ HTTP/1.1" 200 None
[2026-07-28 14:33:56] [INFO    ] [chrome_api.mapper] mapper | ads_response_to_rows | Mazda | Processing 6 trims from ADS response
[2026-07-28 14:33:56] [DEBUG   ] [chrome_api.mapper] mapper | MAZDA | DVXL84 | Extracted fields: year=2024, desc=GX Auto FWD, trim=GX
[2026-07-28 14:33:56] [DEBUG   ] [chrome_api.mapper] mapper | MAZDA | DVXL84 | ModelName from ADS: Mazda3
[2026-07-28 14:33:56] [INFO    ] [chrome_api.mapper] mapper | MAZDA | Loaded 5 ENGINE_TYPE keywords: ['bev', 'ev', 'hybrid', 'mhev', 'phev']
[2026-07-28 14:33:56] [DEBUG   ] [chrome_api.mapper] mapper | MAZDA | DVXL84 | Searching text: 'mazda3 gx auto fwd'
[2026-07-28 14:33:56] [DEBUG   ] [chrome_api.mapper] mapper | MAZDA | DVXL84 | No ENGINE_TYPE keyword found
[2026-07-28 14:33:56] [INFO    ] [chrome_api.mapper] mapper | MAZDA | DVXL84 | Row complete: model=Mazda3, trim=GX Auto FWD, engine_type=None
[2026-07-28 14:33:56] [DEBUG   ] [chrome_api.mapper] mapper | MAZDA | DVSL84 | Extracted fields: year=2024, desc=GS Auto FWD, trim=GS
[2026-07-28 14:33:56] [DEBUG   ] [chrome_api.mapper] mapper | MAZDA | DVSL84 | ModelName from ADS: Mazda3
[2026-07-28 14:33:56] [INFO    ] [chrome_api.mapper] mapper | MAZDA | Loaded 5 ENGINE_TYPE keywords: ['bev', 'ev', 'hybrid', 'mhev', 'phev']
[2026-07-28 14:33:56] [DEBUG   ] [chrome_api.mapper] mapper | MAZDA | DVSL84 | Searching text: 'mazda3 gs auto fwd'
[2026-07-28 14:33:56] [DEBUG   ] [chrome_api.mapper] mapper | MAZDA | DVSL84 | No ENGINE_TYPE keyword found
[2026-07-28 14:33:56] [INFO    ] [chrome_api.mapper] mapper | MAZDA | DVSL84 | Row complete: model=Mazda3, trim=GS Auto FWD, engine_type=None
[2026-07-28 14:33:56] [DEBUG   ] [chrome_api.mapper] mapper | MAZDA | DVTL84 | Extracted fields: year=2024, desc=GT Auto FWD, trim=GT
[2026-07-28 14:33:56] [DEBUG   ] [chrome_api.mapper] mapper | MAZDA | DVTL84 | ModelName from ADS: Mazda3
[2026-07-28 14:33:56] [INFO    ] [chrome_api.mapper] mapper | MAZDA | Loaded 5 ENGINE_TYPE keywords: ['bev', 'ev', 'hybrid', 'mhev', 'phev']
[2026-07-28 14:33:56] [DEBUG   ] [chrome_api.mapper] mapper | MAZDA | DVTL84 | Searching text: 'mazda3 gt auto fwd'
[2026-07-28 14:33:56] [DEBUG   ] [chrome_api.mapper] mapper | MAZDA | DVTL84 | No ENGINE_TYPE keyword found
[2026-07-28 14:33:56] [INFO    ] [chrome_api.mapper] mapper | MAZDA | DVTL84 | Row complete: model=Mazda3, trim=GT Auto FWD, engine_type=None
[2026-07-28 14:33:56] [DEBUG   ] [chrome_api.mapper] mapper | MAZDA | DXSL84 | Extracted fields: year=2024, desc=GS Auto i-ACTIV AWD, trim=GS
[2026-07-28 14:33:56] [DEBUG   ] [chrome_api.mapper] mapper | MAZDA | DXSL84 | ModelName from ADS: Mazda3
[2026-07-28 14:33:56] [INFO    ] [chrome_api.mapper] mapper | MAZDA | Loaded 5 ENGINE_TYPE keywords: ['bev', 'ev', 'hybrid', 'mhev', 'phev']
[2026-07-28 14:33:56] [DEBUG   ] [chrome_api.mapper] mapper | MAZDA | DXSL84 | Searching text: 'mazda3 gs auto i-activ awd'
[2026-07-28 14:33:56] [DEBUG   ] [chrome_api.mapper] mapper | MAZDA | DXSL84 | No ENGINE_TYPE keyword found
[2026-07-28 14:33:56] [INFO    ] [chrome_api.mapper] mapper | MAZDA | DXSL84 | Row complete: model=Mazda3, trim=GS Auto i-ACTIV AWD, engine_type=None
[2026-07-28 14:33:56] [DEBUG   ] [chrome_api.mapper] mapper | MAZDA | DXTL84 | Extracted fields: year=2024, desc=GT Auto i-ACTIV AWD, trim=GT
[2026-07-28 14:33:56] [DEBUG   ] [chrome_api.mapper] mapper | MAZDA | DXTL84 | ModelName from ADS: Mazda3
[2026-07-28 14:33:56] [INFO    ] [chrome_api.mapper] mapper | MAZDA | Loaded 5 ENGINE_TYPE keywords: ['bev', 'ev', 'hybrid', 'mhev', 'phev']
[2026-07-28 14:33:56] [DEBUG   ] [chrome_api.mapper] mapper | MAZDA | DXTL84 | Searching text: 'mazda3 gt auto i-activ awd'
[2026-07-28 14:33:56] [DEBUG   ] [chrome_api.mapper] mapper | MAZDA | DXTL84 | No ENGINE_TYPE keyword found
[2026-07-28 14:33:56] [INFO    ] [chrome_api.mapper] mapper | MAZDA | DXTL84 | Row complete: model=Mazda3, trim=GT Auto i-ACTIV AWD, engine_type=None
[2026-07-28 14:33:56] [DEBUG   ] [chrome_api.mapper] mapper | MAZDA | DXTM84 | Extracted fields: year=2024, desc=GT w/Turbo Auto i-ACTIV AWD, trim=GT w/Turbo
[2026-07-28 14:33:56] [DEBUG   ] [chrome_api.mapper] mapper | MAZDA | DXTM84 | ModelName from ADS: Mazda3
[2026-07-28 14:33:56] [INFO    ] [chrome_api.mapper] mapper | MAZDA | Loaded 5 ENGINE_TYPE keywords: ['bev', 'ev', 'hybrid', 'mhev', 'phev']
[2026-07-28 14:33:56] [DEBUG   ] [chrome_api.mapper] mapper | MAZDA | DXTM84 | Searching text: 'mazda3 gt w/turbo auto i-activ awd'
[2026-07-28 14:33:56] [DEBUG   ] [chrome_api.mapper] mapper | MAZDA | DXTM84 | No ENGINE_TYPE keyword found
[2026-07-28 14:33:56] [INFO    ] [chrome_api.mapper] mapper | MAZDA | DXTM84 | Row complete: model=Mazda3, trim=GT w/Turbo Auto i-ACTIV AWD, engine_type=None
[2026-07-28 14:33:56] [INFO    ] [chrome_api.mapper] mapper | ads_response_to_rows | Mazda | Converted 6/6 trims to rows
[2026-07-28 14:33:56] [DEBUG   ] [chrome_api.service] refresh_from_ads | Mazda 2024 Mazda3 | Converted 6 trims to rows
[2026-07-28 14:33:56] [DEBUG   ] [urllib3.connectionpool] https://demos.autodatasolutions.com:443 "POST /ADSDemo/api/full/ymmt/year/2024/make/Mazda/model/Mazda3%20Sport/ HTTP/1.1" 200 None
[2026-07-28 14:33:56] [INFO    ] [chrome_api.mapper] mapper | ads_response_to_rows | Mazda | Processing 8 trims from ADS response
[2026-07-28 14:33:56] [DEBUG   ] [chrome_api.mapper] mapper | MAZDA | SVXL84 | Extracted fields: year=2024, desc=GX Auto FWD, trim=GX
[2026-07-28 14:33:56] [DEBUG   ] [chrome_api.mapper] mapper | MAZDA | SVXL84 | ModelName from ADS: Mazda3 Sport
[2026-07-28 14:33:56] [INFO    ] [chrome_api.mapper] mapper | MAZDA | Loaded 5 ENGINE_TYPE keywords: ['bev', 'ev', 'hybrid', 'mhev', 'phev']
[2026-07-28 14:33:56] [DEBUG   ] [chrome_api.mapper] mapper | MAZDA | SVXL84 | Searching text: 'mazda3 sport gx auto fwd'
[2026-07-28 14:33:56] [DEBUG   ] [chrome_api.mapper] mapper | MAZDA | SVXL84 | No ENGINE_TYPE keyword found
[2026-07-28 14:33:56] [INFO    ] [chrome_api.mapper] mapper | MAZDA | SVXL84 | Row complete: model=Mazda3 Sport, trim=GX Auto FWD, engine_type=None
[2026-07-28 14:33:56] [DEBUG   ] [chrome_api.mapper] mapper | MAZDA | SVSL84 | Extracted fields: year=2024, desc=GS Auto FWD, trim=GS
[2026-07-28 14:33:56] [DEBUG   ] [chrome_api.mapper] mapper | MAZDA | SVSL84 | ModelName from ADS: Mazda3 Sport
[2026-07-28 14:33:56] [INFO    ] [chrome_api.mapper] mapper | MAZDA | Loaded 5 ENGINE_TYPE keywords: ['bev', 'ev', 'hybrid', 'mhev', 'phev']
[2026-07-28 14:33:56] [DEBUG   ] [chrome_api.mapper] mapper | MAZDA | SVSL84 | Searching text: 'mazda3 sport gs auto fwd'
[2026-07-28 14:33:56] [DEBUG   ] [chrome_api.mapper] mapper | MAZDA | SVSL84 | No ENGINE_TYPE keyword found
[2026-07-28 14:33:56] [INFO    ] [chrome_api.mapper] mapper | MAZDA | SVSL84 | Row complete: model=Mazda3 Sport, trim=GS Auto FWD, engine_type=None
[2026-07-28 14:33:56] [DEBUG   ] [chrome_api.mapper] mapper | MAZDA | SVTL64 | Extracted fields: year=2024, desc=GT Manual FWD, trim=GT
[2026-07-28 14:33:56] [DEBUG   ] [chrome_api.mapper] mapper | MAZDA | SVTL64 | ModelName from ADS: Mazda3 Sport
[2026-07-28 14:33:56] [INFO    ] [chrome_api.mapper] mapper | MAZDA | Loaded 5 ENGINE_TYPE keywords: ['bev', 'ev', 'hybrid', 'mhev', 'phev']
[2026-07-28 14:33:56] [DEBUG   ] [chrome_api.mapper] mapper | MAZDA | SVTL64 | Searching text: 'mazda3 sport gt manual fwd'
[2026-07-28 14:33:56] [DEBUG   ] [chrome_api.mapper] mapper | MAZDA | SVTL64 | No ENGINE_TYPE keyword found
[2026-07-28 14:33:56] [INFO    ] [chrome_api.mapper] mapper | MAZDA | SVTL64 | Row complete: model=Mazda3 Sport, trim=GT Manual FWD, engine_type=None
[2026-07-28 14:33:56] [DEBUG   ] [chrome_api.mapper] mapper | MAZDA | SVTL84 | Extracted fields: year=2024, desc=GT Auto FWD, trim=GT
[2026-07-28 14:33:56] [DEBUG   ] [chrome_api.mapper] mapper | MAZDA | SVTL84 | ModelName from ADS: Mazda3 Sport
[2026-07-28 14:33:56] [INFO    ] [chrome_api.mapper] mapper | MAZDA | Loaded 5 ENGINE_TYPE keywords: ['bev', 'ev', 'hybrid', 'mhev', 'phev']
[2026-07-28 14:33:56] [DEBUG   ] [chrome_api.mapper] mapper | MAZDA | SVTL84 | Searching text: 'mazda3 sport gt auto fwd'
[2026-07-28 14:33:56] [DEBUG   ] [chrome_api.mapper] mapper | MAZDA | SVTL84 | No ENGINE_TYPE keyword found
[2026-07-28 14:33:56] [INFO    ] [chrome_api.mapper] mapper | MAZDA | SVTL84 | Row complete: model=Mazda3 Sport, trim=GT Auto FWD, engine_type=None
[2026-07-28 14:33:56] [DEBUG   ] [chrome_api.mapper] mapper | MAZDA | SXSL84 | Extracted fields: year=2024, desc=GS Auto i-ACTIV AWD, trim=GS
[2026-07-28 14:33:56] [DEBUG   ] [chrome_api.mapper] mapper | MAZDA | SXSL84 | ModelName from ADS: Mazda3 Sport
[2026-07-28 14:33:56] [INFO    ] [chrome_api.mapper] mapper | MAZDA | Loaded 5 ENGINE_TYPE keywords: ['bev', 'ev', 'hybrid', 'mhev', 'phev']
[2026-07-28 14:33:56] [DEBUG   ] [chrome_api.mapper] mapper | MAZDA | SXSL84 | Searching text: 'mazda3 sport gs auto i-activ awd'
[2026-07-28 14:33:56] [DEBUG   ] [chrome_api.mapper] mapper | MAZDA | SXSL84 | No ENGINE_TYPE keyword found
[2026-07-28 14:33:56] [INFO    ] [chrome_api.mapper] mapper | MAZDA | SXSL84 | Row complete: model=Mazda3 Sport, trim=GS Auto i-ACTIV AWD, engine_type=None
[2026-07-28 14:33:56] [DEBUG   ] [chrome_api.mapper] mapper | MAZDA | SXTL84 | Extracted fields: year=2024, desc=GT Auto i-ACTIV AWD, trim=GT
[2026-07-28 14:33:56] [DEBUG   ] [chrome_api.mapper] mapper | MAZDA | SXTL84 | ModelName from ADS: Mazda3 Sport
[2026-07-28 14:33:56] [INFO    ] [chrome_api.mapper] mapper | MAZDA | Loaded 5 ENGINE_TYPE keywords: ['bev', 'ev', 'hybrid', 'mhev', 'phev']
[2026-07-28 14:33:56] [DEBUG   ] [chrome_api.mapper] mapper | MAZDA | SXTL84 | Searching text: 'mazda3 sport gt auto i-activ awd'
[2026-07-28 14:33:56] [DEBUG   ] [chrome_api.mapper] mapper | MAZDA | SXTL84 | No ENGINE_TYPE keyword found
[2026-07-28 14:33:56] [INFO    ] [chrome_api.mapper] mapper | MAZDA | SXTL84 | Row complete: model=Mazda3 Sport, trim=GT Auto i-ACTIV AWD, engine_type=None
[2026-07-28 14:33:56] [DEBUG   ] [chrome_api.mapper] mapper | MAZDA | SXTM84 | Extracted fields: year=2024, desc=GT w/Turbo Auto i-ACTIV AWD, trim=GT w/Turbo
[2026-07-28 14:33:56] [DEBUG   ] [chrome_api.mapper] mapper | MAZDA | SXTM84 | ModelName from ADS: Mazda3 Sport
[2026-07-28 14:33:56] [INFO    ] [chrome_api.mapper] mapper | MAZDA | Loaded 5 ENGINE_TYPE keywords: ['bev', 'ev', 'hybrid', 'mhev', 'phev']
[2026-07-28 14:33:56] [DEBUG   ] [chrome_api.mapper] mapper | MAZDA | SXTM84 | Searching text: 'mazda3 sport gt w/turbo auto i-activ awd'
[2026-07-28 14:33:56] [DEBUG   ] [chrome_api.mapper] mapper | MAZDA | SXTM84 | No ENGINE_TYPE keyword found
[2026-07-28 14:33:56] [INFO    ] [chrome_api.mapper] mapper | MAZDA | SXTM84 | Row complete: model=Mazda3 Sport, trim=GT w/Turbo Auto i-ACTIV AWD, engine_type=None
[2026-07-28 14:33:56] [DEBUG   ] [chrome_api.mapper] mapper | MAZDA | SXUM84 | Extracted fields: year=2024, desc=Suna Auto i-ACTIV AWD, trim=Suna
[2026-07-28 14:33:56] [DEBUG   ] [chrome_api.mapper] mapper | MAZDA | SXUM84 | ModelName from ADS: Mazda3 Sport
[2026-07-28 14:33:56] [INFO    ] [chrome_api.mapper] mapper | MAZDA | Loaded 5 ENGINE_TYPE keywords: ['bev', 'ev', 'hybrid', 'mhev', 'phev']
[2026-07-28 14:33:56] [DEBUG   ] [chrome_api.mapper] mapper | MAZDA | SXUM84 | Searching text: 'mazda3 sport suna auto i-activ awd'
[2026-07-28 14:33:56] [DEBUG   ] [chrome_api.mapper] mapper | MAZDA | SXUM84 | No ENGINE_TYPE keyword found
[2026-07-28 14:33:56] [INFO    ] [chrome_api.mapper] mapper | MAZDA | SXUM84 | Row complete: model=Mazda3 Sport, trim=Suna Auto i-ACTIV AWD, engine_type=None
[2026-07-28 14:33:56] [INFO    ] [chrome_api.mapper] mapper | ads_response_to_rows | Mazda | Converted 8/8 trims to rows
[2026-07-28 14:33:56] [DEBUG   ] [chrome_api.service] refresh_from_ads | Mazda 2024 Mazda3 Sport | Converted 8 trims to rows
[2026-07-28 14:33:56] [DEBUG   ] [urllib3.connectionpool] https://demos.autodatasolutions.com:443 "POST /ADSDemo/api/full/ymmt/year/2024/make/Mazda/model/MX-30%20EV/ HTTP/1.1" 200 None
[2026-07-28 14:33:57] [INFO    ] [chrome_api.mapper] mapper | ads_response_to_rows | Mazda | Processing 2 trims from ADS response
[2026-07-28 14:33:57] [DEBUG   ] [chrome_api.mapper] mapper | MAZDA | KVSB84 | Extracted fields: year=2024, desc=GS FWD, trim=GS
[2026-07-28 14:33:57] [DEBUG   ] [chrome_api.mapper] mapper | MAZDA | KVSB84 | ModelName from ADS: MX-30 EV
[2026-07-28 14:33:57] [INFO    ] [chrome_api.mapper] mapper | MAZDA | Loaded 5 ENGINE_TYPE keywords: ['bev', 'ev', 'hybrid', 'mhev', 'phev']
[2026-07-28 14:33:57] [DEBUG   ] [chrome_api.mapper] mapper | MAZDA | KVSB84 | Searching text: 'mx-30 ev gs fwd'
[2026-07-28 14:33:57] [DEBUG   ] [chrome_api.mapper] mapper | MAZDA | KVSB84 | Found keyword 'ev' in 'MX-30 EV GS FWD'
[2026-07-28 14:33:57] [WARNING ] [chrome_api.mapper] mapper | MAZDA | KVSB84 | Keyword 'ev' found but NOT in translator. Returning keyword as-is.
[2026-07-28 14:33:57] [INFO    ] [chrome_api.mapper] mapper | MAZDA | KVSB84 | Row complete: model=MX-30 EV, trim=GS FWD, engine_type=ev
[2026-07-28 14:33:57] [DEBUG   ] [chrome_api.mapper] mapper | MAZDA | KVTB84 | Extracted fields: year=2024, desc=GT FWD, trim=GT
[2026-07-28 14:33:57] [DEBUG   ] [chrome_api.mapper] mapper | MAZDA | KVTB84 | ModelName from ADS: MX-30 EV
[2026-07-28 14:33:57] [INFO    ] [chrome_api.mapper] mapper | MAZDA | Loaded 5 ENGINE_TYPE keywords: ['bev', 'ev', 'hybrid', 'mhev', 'phev']
[2026-07-28 14:33:57] [DEBUG   ] [chrome_api.mapper] mapper | MAZDA | KVTB84 | Searching text: 'mx-30 ev gt fwd'
[2026-07-28 14:33:57] [DEBUG   ] [chrome_api.mapper] mapper | MAZDA | KVTB84 | Found keyword 'ev' in 'MX-30 EV GT FWD'
[2026-07-28 14:33:57] [WARNING ] [chrome_api.mapper] mapper | MAZDA | KVTB84 | Keyword 'ev' found but NOT in translator. Returning keyword as-is.
[2026-07-28 14:33:57] [INFO    ] [chrome_api.mapper] mapper | MAZDA | KVTB84 | Row complete: model=MX-30 EV, trim=GT FWD, engine_type=ev
[2026-07-28 14:33:57] [INFO    ] [chrome_api.mapper] mapper | ads_response_to_rows | Mazda | Converted 2/2 trims to rows
[2026-07-28 14:33:57] [DEBUG   ] [chrome_api.service] refresh_from_ads | Mazda 2024 MX-30 EV | Converted 2 trims to rows
[2026-07-28 14:33:57] [DEBUG   ] [urllib3.connectionpool] https://demos.autodatasolutions.com:443 "POST /ADSDemo/api/full/ymmt/year/2024/make/Mazda/model/MX-5/ HTTP/1.1" 200 None
[2026-07-28 14:33:58] [INFO    ] [chrome_api.mapper] mapper | ads_response_to_rows | Mazda | Processing 5 trims from ADS response
[2026-07-28 14:33:58] [DEBUG   ] [chrome_api.mapper] mapper | MAZDA | L2SK64 | Extracted fields: year=2024, desc=GS Manual, trim=GS
[2026-07-28 14:33:58] [DEBUG   ] [chrome_api.mapper] mapper | MAZDA | L2SK64 | ModelName from ADS: MX-5
[2026-07-28 14:33:58] [INFO    ] [chrome_api.mapper] mapper | MAZDA | Loaded 5 ENGINE_TYPE keywords: ['bev', 'ev', 'hybrid', 'mhev', 'phev']
[2026-07-28 14:33:58] [DEBUG   ] [chrome_api.mapper] mapper | MAZDA | L2SK64 | Searching text: 'mx-5 gs manual'
[2026-07-28 14:33:58] [DEBUG   ] [chrome_api.mapper] mapper | MAZDA | L2SK64 | No ENGINE_TYPE keyword found
[2026-07-28 14:33:58] [INFO    ] [chrome_api.mapper] mapper | MAZDA | L2SK64 | Row complete: model=MX-5, trim=GS Manual, engine_type=None
[2026-07-28 14:33:58] [DEBUG   ] [chrome_api.mapper] mapper | MAZDA | L2PK64 | Extracted fields: year=2024, desc=GS-P Manual, trim=GS-P
[2026-07-28 14:33:58] [DEBUG   ] [chrome_api.mapper] mapper | MAZDA | L2PK64 | ModelName from ADS: MX-5
[2026-07-28 14:33:58] [INFO    ] [chrome_api.mapper] mapper | MAZDA | Loaded 5 ENGINE_TYPE keywords: ['bev', 'ev', 'hybrid', 'mhev', 'phev']
[2026-07-28 14:33:58] [DEBUG   ] [chrome_api.mapper] mapper | MAZDA | L2PK64 | Searching text: 'mx-5 gs-p manual'
[2026-07-28 14:33:58] [DEBUG   ] [chrome_api.mapper] mapper | MAZDA | L2PK64 | No ENGINE_TYPE keyword found
[2026-07-28 14:33:58] [INFO    ] [chrome_api.mapper] mapper | MAZDA | L2PK64 | Row complete: model=MX-5, trim=GS-P Manual, engine_type=None
[2026-07-28 14:33:58] [DEBUG   ] [chrome_api.mapper] mapper | MAZDA | L2PK84 | Extracted fields: year=2024, desc=GS-P Auto, trim=GS-P
[2026-07-28 14:33:58] [DEBUG   ] [chrome_api.mapper] mapper | MAZDA | L2PK84 | ModelName from ADS: MX-5
[2026-07-28 14:33:58] [INFO    ] [chrome_api.mapper] mapper | MAZDA | Loaded 5 ENGINE_TYPE keywords: ['bev', 'ev', 'hybrid', 'mhev', 'phev']
[2026-07-28 14:33:58] [DEBUG   ] [chrome_api.mapper] mapper | MAZDA | L2PK84 | Searching text: 'mx-5 gs-p auto'
[2026-07-28 14:33:58] [DEBUG   ] [chrome_api.mapper] mapper | MAZDA | L2PK84 | No ENGINE_TYPE keyword found
[2026-07-28 14:33:58] [INFO    ] [chrome_api.mapper] mapper | MAZDA | L2PK84 | Row complete: model=MX-5, trim=GS-P Auto, engine_type=None
[2026-07-28 14:33:58] [DEBUG   ] [chrome_api.mapper] mapper | MAZDA | L2TK64 | Extracted fields: year=2024, desc=GT Manual, trim=GT
[2026-07-28 14:33:58] [DEBUG   ] [chrome_api.mapper] mapper | MAZDA | L2TK64 | ModelName from ADS: MX-5
[2026-07-28 14:33:58] [INFO    ] [chrome_api.mapper] mapper | MAZDA | Loaded 5 ENGINE_TYPE keywords: ['bev', 'ev', 'hybrid', 'mhev', 'phev']
[2026-07-28 14:33:58] [DEBUG   ] [chrome_api.mapper] mapper | MAZDA | L2TK64 | Searching text: 'mx-5 gt manual'
[2026-07-28 14:33:58] [DEBUG   ] [chrome_api.mapper] mapper | MAZDA | L2TK64 | No ENGINE_TYPE keyword found
[2026-07-28 14:33:58] [INFO    ] [chrome_api.mapper] mapper | MAZDA | L2TK64 | Row complete: model=MX-5, trim=GT Manual, engine_type=None
[2026-07-28 14:33:58] [DEBUG   ] [chrome_api.mapper] mapper | MAZDA | L2TK84 | Extracted fields: year=2024, desc=GT Auto, trim=GT
[2026-07-28 14:33:58] [DEBUG   ] [chrome_api.mapper] mapper | MAZDA | L2TK84 | ModelName from ADS: MX-5
[2026-07-28 14:33:58] [INFO    ] [chrome_api.mapper] mapper | MAZDA | Loaded 5 ENGINE_TYPE keywords: ['bev', 'ev', 'hybrid', 'mhev', 'phev']
[2026-07-28 14:33:58] [DEBUG   ] [chrome_api.mapper] mapper | MAZDA | L2TK84 | Searching text: 'mx-5 gt auto'
[2026-07-28 14:33:58] [DEBUG   ] [chrome_api.mapper] mapper | MAZDA | L2TK84 | No ENGINE_TYPE keyword found
[2026-07-28 14:33:58] [INFO    ] [chrome_api.mapper] mapper | MAZDA | L2TK84 | Row complete: model=MX-5, trim=GT Auto, engine_type=None
[2026-07-28 14:33:58] [INFO    ] [chrome_api.mapper] mapper | ads_response_to_rows | Mazda | Converted 5/5 trims to rows
[2026-07-28 14:33:58] [DEBUG   ] [chrome_api.service] refresh_from_ads | Mazda 2024 MX-5 | Converted 5 trims to rows
[2026-07-28 14:33:58] [DEBUG   ] [urllib3.connectionpool] https://demos.autodatasolutions.com:443 "POST /ADSDemo/api/full/ymmt/year/2024/make/Mazda/model/MX-5%20RF/ HTTP/1.1" 200 None
[2026-07-28 14:33:58] [INFO    ] [chrome_api.mapper] mapper | ads_response_to_rows | Mazda | Processing 4 trims from ADS response
[2026-07-28 14:33:58] [DEBUG   ] [chrome_api.mapper] mapper | MAZDA | L3PK64 | Extracted fields: year=2024, desc=GS-P Manual, trim=GS-P
[2026-07-28 14:33:58] [DEBUG   ] [chrome_api.mapper] mapper | MAZDA | L3PK64 | ModelName from ADS: MX-5 RF
[2026-07-28 14:33:58] [INFO    ] [chrome_api.mapper] mapper | MAZDA | Loaded 5 ENGINE_TYPE keywords: ['bev', 'ev', 'hybrid', 'mhev', 'phev']
[2026-07-28 14:33:58] [DEBUG   ] [chrome_api.mapper] mapper | MAZDA | L3PK64 | Searching text: 'mx-5 rf gs-p manual'
[2026-07-28 14:33:58] [DEBUG   ] [chrome_api.mapper] mapper | MAZDA | L3PK64 | No ENGINE_TYPE keyword found
[2026-07-28 14:33:58] [INFO    ] [chrome_api.mapper] mapper | MAZDA | L3PK64 | Row complete: model=MX-5 RF, trim=GS-P Manual, engine_type=None
[2026-07-28 14:33:58] [DEBUG   ] [chrome_api.mapper] mapper | MAZDA | L3PK84 | Extracted fields: year=2024, desc=GS-P Auto, trim=GS-P
[2026-07-28 14:33:58] [DEBUG   ] [chrome_api.mapper] mapper | MAZDA | L3PK84 | ModelName from ADS: MX-5 RF
[2026-07-28 14:33:58] [INFO    ] [chrome_api.mapper] mapper | MAZDA | Loaded 5 ENGINE_TYPE keywords: ['bev', 'ev', 'hybrid', 'mhev', 'phev']
[2026-07-28 14:33:58] [DEBUG   ] [chrome_api.mapper] mapper | MAZDA | L3PK84 | Searching text: 'mx-5 rf gs-p auto'
[2026-07-28 14:33:58] [DEBUG   ] [chrome_api.mapper] mapper | MAZDA | L3PK84 | No ENGINE_TYPE keyword found
[2026-07-28 14:33:58] [INFO    ] [chrome_api.mapper] mapper | MAZDA | L3PK84 | Row complete: model=MX-5 RF, trim=GS-P Auto, engine_type=None
[2026-07-28 14:33:58] [DEBUG   ] [chrome_api.mapper] mapper | MAZDA | L3TK64 | Extracted fields: year=2024, desc=GT Manual, trim=GT
[2026-07-28 14:33:58] [DEBUG   ] [chrome_api.mapper] mapper | MAZDA | L3TK64 | ModelName from ADS: MX-5 RF
[2026-07-28 14:33:58] [INFO    ] [chrome_api.mapper] mapper | MAZDA | Loaded 5 ENGINE_TYPE keywords: ['bev', 'ev', 'hybrid', 'mhev', 'phev']
[2026-07-28 14:33:58] [DEBUG   ] [chrome_api.mapper] mapper | MAZDA | L3TK64 | Searching text: 'mx-5 rf gt manual'
[2026-07-28 14:33:58] [DEBUG   ] [chrome_api.mapper] mapper | MAZDA | L3TK64 | No ENGINE_TYPE keyword found
[2026-07-28 14:33:58] [INFO    ] [chrome_api.mapper] mapper | MAZDA | L3TK64 | Row complete: model=MX-5 RF, trim=GT Manual, engine_type=None
[2026-07-28 14:33:58] [DEBUG   ] [chrome_api.mapper] mapper | MAZDA | L3TK84 | Extracted fields: year=2024, desc=GT Auto, trim=GT
[2026-07-28 14:33:58] [DEBUG   ] [chrome_api.mapper] mapper | MAZDA | L3TK84 | ModelName from ADS: MX-5 RF
[2026-07-28 14:33:58] [INFO    ] [chrome_api.mapper] mapper | MAZDA | Loaded 5 ENGINE_TYPE keywords: ['bev', 'ev', 'hybrid', 'mhev', 'phev']
[2026-07-28 14:33:58] [DEBUG   ] [chrome_api.mapper] mapper | MAZDA | L3TK84 | Searching text: 'mx-5 rf gt auto'
[2026-07-28 14:33:58] [DEBUG   ] [chrome_api.mapper] mapper | MAZDA | L3TK84 | No ENGINE_TYPE keyword found
[2026-07-28 14:33:58] [INFO    ] [chrome_api.mapper] mapper | MAZDA | L3TK84 | Row complete: model=MX-5 RF, trim=GT Auto, engine_type=None
[2026-07-28 14:33:58] [INFO    ] [chrome_api.mapper] mapper | ads_response_to_rows | Mazda | Converted 4/4 trims to rows
[2026-07-28 14:33:58] [DEBUG   ] [chrome_api.service] refresh_from_ads | Mazda 2024 MX-5 RF | Converted 4 trims to rows
[2026-07-28 14:33:58] [DEBUG   ] [urllib3.connectionpool] https://demos.autodatasolutions.com:443 "GET /ADSDemo/api/ymmt/models/make/Mazda/year/2025/country/CA/language/en?sort=ASC HTTP/1.1" 200 None
[2026-07-28 14:33:59] [DEBUG   ] [urllib3.connectionpool] https://demos.autodatasolutions.com:443 "POST /ADSDemo/api/full/ymmt/year/2025/make/Mazda/model/CX-30/ HTTP/1.1" 200 None
[2026-07-28 14:33:59] [INFO    ] [chrome_api.mapper] mapper | ads_response_to_rows | Mazda | Processing 5 trims from ADS response
[2026-07-28 14:33:59] [DEBUG   ] [chrome_api.mapper] mapper | MAZDA | ZXXL85 | Extracted fields: year=2025, desc=GX AWD, trim=GX
[2026-07-28 14:33:59] [DEBUG   ] [chrome_api.mapper] mapper | MAZDA | ZXXL85 | ModelName from ADS: CX-30
[2026-07-28 14:33:59] [INFO    ] [chrome_api.mapper] mapper | MAZDA | Loaded 5 ENGINE_TYPE keywords: ['bev', 'ev', 'hybrid', 'mhev', 'phev']
[2026-07-28 14:33:59] [DEBUG   ] [chrome_api.mapper] mapper | MAZDA | ZXXL85 | Searching text: 'cx-30 gx awd'
[2026-07-28 14:33:59] [DEBUG   ] [chrome_api.mapper] mapper | MAZDA | ZXXL85 | No ENGINE_TYPE keyword found
[2026-07-28 14:33:59] [INFO    ] [chrome_api.mapper] mapper | MAZDA | ZXXL85 | Row complete: model=CX-30, trim=GX AWD, engine_type=None
[2026-07-28 14:33:59] [DEBUG   ] [chrome_api.mapper] mapper | MAZDA | ZXSL85 | Extracted fields: year=2025, desc=GS AWD, trim=GS
[2026-07-28 14:33:59] [DEBUG   ] [chrome_api.mapper] mapper | MAZDA | ZXSL85 | ModelName from ADS: CX-30
[2026-07-28 14:33:59] [INFO    ] [chrome_api.mapper] mapper | MAZDA | Loaded 5 ENGINE_TYPE keywords: ['bev', 'ev', 'hybrid', 'mhev', 'phev']
[2026-07-28 14:33:59] [DEBUG   ] [chrome_api.mapper] mapper | MAZDA | ZXSL85 | Searching text: 'cx-30 gs awd'
[2026-07-28 14:33:59] [DEBUG   ] [chrome_api.mapper] mapper | MAZDA | ZXSL85 | No ENGINE_TYPE keyword found
[2026-07-28 14:33:59] [INFO    ] [chrome_api.mapper] mapper | MAZDA | ZXSL85 | Row complete: model=CX-30, trim=GS AWD, engine_type=None
[2026-07-28 14:33:59] [DEBUG   ] [chrome_api.mapper] mapper | MAZDA | ZXTL85 | Extracted fields: year=2025, desc=GT AWD, trim=GT
[2026-07-28 14:33:59] [DEBUG   ] [chrome_api.mapper] mapper | MAZDA | ZXTL85 | ModelName from ADS: CX-30
[2026-07-28 14:33:59] [INFO    ] [chrome_api.mapper] mapper | MAZDA | Loaded 5 ENGINE_TYPE keywords: ['bev', 'ev', 'hybrid', 'mhev', 'phev']
[2026-07-28 14:33:59] [DEBUG   ] [chrome_api.mapper] mapper | MAZDA | ZXTL85 | Searching text: 'cx-30 gt awd'
[2026-07-28 14:33:59] [DEBUG   ] [chrome_api.mapper] mapper | MAZDA | ZXTL85 | No ENGINE_TYPE keyword found
[2026-07-28 14:33:59] [INFO    ] [chrome_api.mapper] mapper | MAZDA | ZXTL85 | Row complete: model=CX-30, trim=GT AWD, engine_type=None
[2026-07-28 14:33:59] [DEBUG   ] [chrome_api.mapper] mapper | MAZDA | ZXTM85 | Extracted fields: year=2025, desc=GT w/Turbo AWD, trim=GT w/Turbo
[2026-07-28 14:33:59] [DEBUG   ] [chrome_api.mapper] mapper | MAZDA | ZXTM85 | ModelName from ADS: CX-30
[2026-07-28 14:33:59] [INFO    ] [chrome_api.mapper] mapper | MAZDA | Loaded 5 ENGINE_TYPE keywords: ['bev', 'ev', 'hybrid', 'mhev', 'phev']
[2026-07-28 14:33:59] [DEBUG   ] [chrome_api.mapper] mapper | MAZDA | ZXTM85 | Searching text: 'cx-30 gt w/turbo awd'
[2026-07-28 14:33:59] [DEBUG   ] [chrome_api.mapper] mapper | MAZDA | ZXTM85 | No ENGINE_TYPE keyword found
[2026-07-28 14:33:59] [INFO    ] [chrome_api.mapper] mapper | MAZDA | ZXTM85 | Row complete: model=CX-30, trim=GT w/Turbo AWD, engine_type=None
[2026-07-28 14:33:59] [DEBUG   ] [chrome_api.mapper] mapper | MAZDA | ZXUM85 | Extracted fields: year=2025, desc=Suna AWD, trim=Suna
[2026-07-28 14:33:59] [DEBUG   ] [chrome_api.mapper] mapper | MAZDA | ZXUM85 | ModelName from ADS: CX-30
[2026-07-28 14:33:59] [INFO    ] [chrome_api.mapper] mapper | MAZDA | Loaded 5 ENGINE_TYPE keywords: ['bev', 'ev', 'hybrid', 'mhev', 'phev']
[2026-07-28 14:33:59] [DEBUG   ] [chrome_api.mapper] mapper | MAZDA | ZXUM85 | Searching text: 'cx-30 suna awd'
[2026-07-28 14:33:59] [DEBUG   ] [chrome_api.mapper] mapper | MAZDA | ZXUM85 | No ENGINE_TYPE keyword found
[2026-07-28 14:33:59] [INFO    ] [chrome_api.mapper] mapper | MAZDA | ZXUM85 | Row complete: model=CX-30, trim=Suna AWD, engine_type=None
[2026-07-28 14:33:59] [INFO    ] [chrome_api.mapper] mapper | ads_response_to_rows | Mazda | Converted 5/5 trims to rows
[2026-07-28 14:33:59] [DEBUG   ] [chrome_api.service] refresh_from_ads | Mazda 2025 CX-30 | Converted 5 trims to rows
[2026-07-28 14:34:00] [DEBUG   ] [urllib3.connectionpool] https://demos.autodatasolutions.com:443 "POST /ADSDemo/api/full/ymmt/year/2025/make/Mazda/model/CX-5/ HTTP/1.1" 200 None
[2026-07-28 14:34:00] [INFO    ] [chrome_api.mapper] mapper | ads_response_to_rows | Mazda | Processing 7 trims from ADS response
[2026-07-28 14:34:00] [DEBUG   ] [chrome_api.mapper] mapper | MAZDA | NXXL85 | Extracted fields: year=2025, desc=GX AWD, trim=GX
[2026-07-28 14:34:00] [DEBUG   ] [chrome_api.mapper] mapper | MAZDA | NXXL85 | ModelName from ADS: CX-5
[2026-07-28 14:34:00] [INFO    ] [chrome_api.mapper] mapper | MAZDA | Loaded 5 ENGINE_TYPE keywords: ['bev', 'ev', 'hybrid', 'mhev', 'phev']
[2026-07-28 14:34:00] [DEBUG   ] [chrome_api.mapper] mapper | MAZDA | NXXL85 | Searching text: 'cx-5 gx awd'
[2026-07-28 14:34:00] [DEBUG   ] [chrome_api.mapper] mapper | MAZDA | NXXL85 | No ENGINE_TYPE keyword found
[2026-07-28 14:34:00] [INFO    ] [chrome_api.mapper] mapper | MAZDA | NXXL85 | Row complete: model=CX-5, trim=GX AWD, engine_type=None
[2026-07-28 14:34:00] [DEBUG   ] [chrome_api.mapper] mapper | MAZDA | NXSL85 | Extracted fields: year=2025, desc=GS AWD, trim=GS
[2026-07-28 14:34:00] [DEBUG   ] [chrome_api.mapper] mapper | MAZDA | NXSL85 | ModelName from ADS: CX-5
[2026-07-28 14:34:00] [INFO    ] [chrome_api.mapper] mapper | MAZDA | Loaded 5 ENGINE_TYPE keywords: ['bev', 'ev', 'hybrid', 'mhev', 'phev']
[2026-07-28 14:34:00] [DEBUG   ] [chrome_api.mapper] mapper | MAZDA | NXSL85 | Searching text: 'cx-5 gs awd'
[2026-07-28 14:34:00] [DEBUG   ] [chrome_api.mapper] mapper | MAZDA | NXSL85 | No ENGINE_TYPE keyword found
[2026-07-28 14:34:00] [INFO    ] [chrome_api.mapper] mapper | MAZDA | NXSL85 | Row complete: model=CX-5, trim=GS AWD, engine_type=None
[2026-07-28 14:34:00] [DEBUG   ] [chrome_api.mapper] mapper | MAZDA | NXBN85 | Extracted fields: year=2025, desc=Kuro AWD, trim=Kuro
[2026-07-28 14:34:00] [DEBUG   ] [chrome_api.mapper] mapper | MAZDA | NXBN85 | ModelName from ADS: CX-5
[2026-07-28 14:34:00] [INFO    ] [chrome_api.mapper] mapper | MAZDA | Loaded 5 ENGINE_TYPE keywords: ['bev', 'ev', 'hybrid', 'mhev', 'phev']
[2026-07-28 14:34:00] [DEBUG   ] [chrome_api.mapper] mapper | MAZDA | NXBN85 | Searching text: 'cx-5 kuro awd'
[2026-07-28 14:34:00] [DEBUG   ] [chrome_api.mapper] mapper | MAZDA | NXBN85 | No ENGINE_TYPE keyword found
[2026-07-28 14:34:00] [INFO    ] [chrome_api.mapper] mapper | MAZDA | NXBN85 | Row complete: model=CX-5, trim=Kuro AWD, engine_type=None
[2026-07-28 14:34:00] [DEBUG   ] [chrome_api.mapper] mapper | MAZDA | NXTN85 | Extracted fields: year=2025, desc=GT AWD, trim=GT
[2026-07-28 14:34:00] [DEBUG   ] [chrome_api.mapper] mapper | MAZDA | NXTN85 | ModelName from ADS: CX-5
[2026-07-28 14:34:00] [INFO    ] [chrome_api.mapper] mapper | MAZDA | Loaded 5 ENGINE_TYPE keywords: ['bev', 'ev', 'hybrid', 'mhev', 'phev']
[2026-07-28 14:34:00] [DEBUG   ] [chrome_api.mapper] mapper | MAZDA | NXTN85 | Searching text: 'cx-5 gt awd'
[2026-07-28 14:34:00] [DEBUG   ] [chrome_api.mapper] mapper | MAZDA | NXTN85 | No ENGINE_TYPE keyword found
[2026-07-28 14:34:00] [INFO    ] [chrome_api.mapper] mapper | MAZDA | NXTN85 | Row complete: model=CX-5, trim=GT AWD, engine_type=None
[2026-07-28 14:34:00] [DEBUG   ] [chrome_api.mapper] mapper | MAZDA | NXDM85 | Extracted fields: year=2025, desc=Sport Design AWD, trim=Sport Design
[2026-07-28 14:34:00] [DEBUG   ] [chrome_api.mapper] mapper | MAZDA | NXDM85 | ModelName from ADS: CX-5
[2026-07-28 14:34:00] [INFO    ] [chrome_api.mapper] mapper | MAZDA | Loaded 5 ENGINE_TYPE keywords: ['bev', 'ev', 'hybrid', 'mhev', 'phev']
[2026-07-28 14:34:00] [DEBUG   ] [chrome_api.mapper] mapper | MAZDA | NXDM85 | Searching text: 'cx-5 sport design awd'
[2026-07-28 14:34:00] [DEBUG   ] [chrome_api.mapper] mapper | MAZDA | NXDM85 | No ENGINE_TYPE keyword found
[2026-07-28 14:34:00] [INFO    ] [chrome_api.mapper] mapper | MAZDA | NXDM85 | Row complete: model=CX-5, trim=Sport Design AWD, engine_type=None
[2026-07-28 14:34:00] [DEBUG   ] [chrome_api.mapper] mapper | MAZDA | NXUM85 | Extracted fields: year=2025, desc=Suna AWD, trim=Suna
[2026-07-28 14:34:00] [DEBUG   ] [chrome_api.mapper] mapper | MAZDA | NXUM85 | ModelName from ADS: CX-5
[2026-07-28 14:34:00] [INFO    ] [chrome_api.mapper] mapper | MAZDA | Loaded 5 ENGINE_TYPE keywords: ['bev', 'ev', 'hybrid', 'mhev', 'phev']
[2026-07-28 14:34:00] [DEBUG   ] [chrome_api.mapper] mapper | MAZDA | NXUM85 | Searching text: 'cx-5 suna awd'
[2026-07-28 14:34:00] [DEBUG   ] [chrome_api.mapper] mapper | MAZDA | NXUM85 | No ENGINE_TYPE keyword found
[2026-07-28 14:34:00] [INFO    ] [chrome_api.mapper] mapper | MAZDA | NXUM85 | Row complete: model=CX-5, trim=Suna AWD, engine_type=None
[2026-07-28 14:34:00] [DEBUG   ] [chrome_api.mapper] mapper | MAZDA | NXKM85 | Extracted fields: year=2025, desc=Signature AWD, trim=Signature
[2026-07-28 14:34:00] [DEBUG   ] [chrome_api.mapper] mapper | MAZDA | NXKM85 | ModelName from ADS: CX-5
[2026-07-28 14:34:00] [INFO    ] [chrome_api.mapper] mapper | MAZDA | Loaded 5 ENGINE_TYPE keywords: ['bev', 'ev', 'hybrid', 'mhev', 'phev']
[2026-07-28 14:34:00] [DEBUG   ] [chrome_api.mapper] mapper | MAZDA | NXKM85 | Searching text: 'cx-5 signature awd'
[2026-07-28 14:34:00] [DEBUG   ] [chrome_api.mapper] mapper | MAZDA | NXKM85 | No ENGINE_TYPE keyword found
[2026-07-28 14:34:00] [INFO    ] [chrome_api.mapper] mapper | MAZDA | NXKM85 | Row complete: model=CX-5, trim=Signature AWD, engine_type=None
[2026-07-28 14:34:00] [INFO    ] [chrome_api.mapper] mapper | ads_response_to_rows | Mazda | Converted 7/7 trims to rows
[2026-07-28 14:34:00] [DEBUG   ] [chrome_api.service] refresh_from_ads | Mazda 2025 CX-5 | Converted 7 trims to rows
[2026-07-28 14:34:00] [DEBUG   ] [urllib3.connectionpool] https://demos.autodatasolutions.com:443 "POST /ADSDemo/api/full/ymmt/year/2025/make/Mazda/model/CX-50/ HTTP/1.1" 200 None
[2026-07-28 14:34:01] [INFO    ] [chrome_api.mapper] mapper | ads_response_to_rows | Mazda | Processing 4 trims from ADS response
[2026-07-28 14:34:01] [DEBUG   ] [chrome_api.mapper] mapper | MAZDA | JXLN85 | Extracted fields: year=2025, desc=GS-L AWD, trim=GS-L
[2026-07-28 14:34:01] [DEBUG   ] [chrome_api.mapper] mapper | MAZDA | JXLN85 | ModelName from ADS: CX-50
[2026-07-28 14:34:01] [INFO    ] [chrome_api.mapper] mapper | MAZDA | Loaded 5 ENGINE_TYPE keywords: ['bev', 'ev', 'hybrid', 'mhev', 'phev']
[2026-07-28 14:34:01] [DEBUG   ] [chrome_api.mapper] mapper | MAZDA | JXLN85 | Searching text: 'cx-50 gs-l awd'
[2026-07-28 14:34:01] [DEBUG   ] [chrome_api.mapper] mapper | MAZDA | JXLN85 | No ENGINE_TYPE keyword found
[2026-07-28 14:34:01] [INFO    ] [chrome_api.mapper] mapper | MAZDA | JXLN85 | Row complete: model=CX-50, trim=GS-L AWD, engine_type=None
[2026-07-28 14:34:01] [DEBUG   ] [chrome_api.mapper] mapper | MAZDA | JXTN85 | Extracted fields: year=2025, desc=GT AWD, trim=GT
[2026-07-28 14:34:01] [DEBUG   ] [chrome_api.mapper] mapper | MAZDA | JXTN85 | ModelName from ADS: CX-50
[2026-07-28 14:34:01] [INFO    ] [chrome_api.mapper] mapper | MAZDA | Loaded 5 ENGINE_TYPE keywords: ['bev', 'ev', 'hybrid', 'mhev', 'phev']
[2026-07-28 14:34:01] [DEBUG   ] [chrome_api.mapper] mapper | MAZDA | JXTN85 | Searching text: 'cx-50 gt awd'
[2026-07-28 14:34:01] [DEBUG   ] [chrome_api.mapper] mapper | MAZDA | JXTN85 | No ENGINE_TYPE keyword found
[2026-07-28 14:34:01] [INFO    ] [chrome_api.mapper] mapper | MAZDA | JXTN85 | Row complete: model=CX-50, trim=GT AWD, engine_type=None
[2026-07-28 14:34:01] [DEBUG   ] [chrome_api.mapper] mapper | MAZDA | JXTM85 | Extracted fields: year=2025, desc=GT w/Turbo AWD, trim=GT w/Turbo
[2026-07-28 14:34:01] [DEBUG   ] [chrome_api.mapper] mapper | MAZDA | JXTM85 | ModelName from ADS: CX-50
[2026-07-28 14:34:01] [INFO    ] [chrome_api.mapper] mapper | MAZDA | Loaded 5 ENGINE_TYPE keywords: ['bev', 'ev', 'hybrid', 'mhev', 'phev']
[2026-07-28 14:34:01] [DEBUG   ] [chrome_api.mapper] mapper | MAZDA | JXTM85 | Searching text: 'cx-50 gt w/turbo awd'
[2026-07-28 14:34:01] [DEBUG   ] [chrome_api.mapper] mapper | MAZDA | JXTM85 | No ENGINE_TYPE keyword found
[2026-07-28 14:34:01] [INFO    ] [chrome_api.mapper] mapper | MAZDA | JXTM85 | Row complete: model=CX-50, trim=GT w/Turbo AWD, engine_type=None
[2026-07-28 14:34:01] [DEBUG   ] [chrome_api.mapper] mapper | MAZDA | JXTM85 | Extracted fields: year=2025, desc=Meridian Edition AWD, trim=Meridian Edition
[2026-07-28 14:34:01] [DEBUG   ] [chrome_api.mapper] mapper | MAZDA | JXTM85 | ModelName from ADS: CX-50
[2026-07-28 14:34:01] [INFO    ] [chrome_api.mapper] mapper | MAZDA | Loaded 5 ENGINE_TYPE keywords: ['bev', 'ev', 'hybrid', 'mhev', 'phev']
[2026-07-28 14:34:01] [DEBUG   ] [chrome_api.mapper] mapper | MAZDA | JXTM85 | Searching text: 'cx-50 meridian edition awd'
[2026-07-28 14:34:01] [DEBUG   ] [chrome_api.mapper] mapper | MAZDA | JXTM85 | No ENGINE_TYPE keyword found
[2026-07-28 14:34:01] [INFO    ] [chrome_api.mapper] mapper | MAZDA | JXTM85 | Row complete: model=CX-50, trim=Meridian Edition AWD, engine_type=None
[2026-07-28 14:34:01] [INFO    ] [chrome_api.mapper] mapper | ads_response_to_rows | Mazda | Converted 4/4 trims to rows
[2026-07-28 14:34:01] [DEBUG   ] [chrome_api.service] refresh_from_ads | Mazda 2025 CX-50 | Converted 4 trims to rows
[2026-07-28 14:34:01] [DEBUG   ] [urllib3.connectionpool] https://demos.autodatasolutions.com:443 "POST /ADSDemo/api/full/ymmt/year/2025/make/Mazda/model/CX-50%20Hybrid/ HTTP/1.1" 200 None
[2026-07-28 14:34:01] [INFO    ] [chrome_api.mapper] mapper | ads_response_to_rows | Mazda | Processing 3 trims from ADS response
[2026-07-28 14:34:01] [DEBUG   ] [chrome_api.mapper] mapper | MAZDA | MXLH85 | Extracted fields: year=2025, desc=GS-L e-AWD, trim=GS-L
[2026-07-28 14:34:01] [DEBUG   ] [chrome_api.mapper] mapper | MAZDA | MXLH85 | ModelName from ADS: CX-50 Hybrid
[2026-07-28 14:34:01] [INFO    ] [chrome_api.mapper] mapper | MAZDA | Loaded 5 ENGINE_TYPE keywords: ['bev', 'ev', 'hybrid', 'mhev', 'phev']
[2026-07-28 14:34:01] [DEBUG   ] [chrome_api.mapper] mapper | MAZDA | MXLH85 | Searching text: 'cx-50 hybrid gs-l e-awd'
[2026-07-28 14:34:01] [DEBUG   ] [chrome_api.mapper] mapper | MAZDA | MXLH85 | Found keyword 'hybrid' in 'CX-50 Hybrid GS-L e-AWD'
[2026-07-28 14:34:01] [WARNING ] [chrome_api.mapper] mapper | MAZDA | MXLH85 | Keyword 'hybrid' found but NOT in translator. Returning keyword as-is.
[2026-07-28 14:34:01] [INFO    ] [chrome_api.mapper] mapper | MAZDA | MXLH85 | Row complete: model=CX-50 Hybrid, trim=GS-L e-AWD, engine_type=hybrid
[2026-07-28 14:34:01] [DEBUG   ] [chrome_api.mapper] mapper | MAZDA | MXBH85 | Extracted fields: year=2025, desc=Kuro e-AWD, trim=Kuro
[2026-07-28 14:34:01] [DEBUG   ] [chrome_api.mapper] mapper | MAZDA | MXBH85 | ModelName from ADS: CX-50 Hybrid
[2026-07-28 14:34:01] [INFO    ] [chrome_api.mapper] mapper | MAZDA | Loaded 5 ENGINE_TYPE keywords: ['bev', 'ev', 'hybrid', 'mhev', 'phev']
[2026-07-28 14:34:01] [DEBUG   ] [chrome_api.mapper] mapper | MAZDA | MXBH85 | Searching text: 'cx-50 hybrid kuro e-awd'
[2026-07-28 14:34:01] [DEBUG   ] [chrome_api.mapper] mapper | MAZDA | MXBH85 | Found keyword 'hybrid' in 'CX-50 Hybrid Kuro e-AWD'
[2026-07-28 14:34:01] [WARNING ] [chrome_api.mapper] mapper | MAZDA | MXBH85 | Keyword 'hybrid' found but NOT in translator. Returning keyword as-is.
[2026-07-28 14:34:01] [INFO    ] [chrome_api.mapper] mapper | MAZDA | MXBH85 | Row complete: model=CX-50 Hybrid, trim=Kuro e-AWD, engine_type=hybrid
[2026-07-28 14:34:01] [DEBUG   ] [chrome_api.mapper] mapper | MAZDA | MXTH85 | Extracted fields: year=2025, desc=GT e-AWD, trim=GT
[2026-07-28 14:34:01] [DEBUG   ] [chrome_api.mapper] mapper | MAZDA | MXTH85 | ModelName from ADS: CX-50 Hybrid
[2026-07-28 14:34:01] [INFO    ] [chrome_api.mapper] mapper | MAZDA | Loaded 5 ENGINE_TYPE keywords: ['bev', 'ev', 'hybrid', 'mhev', 'phev']
[2026-07-28 14:34:01] [DEBUG   ] [chrome_api.mapper] mapper | MAZDA | MXTH85 | Searching text: 'cx-50 hybrid gt e-awd'
[2026-07-28 14:34:01] [DEBUG   ] [chrome_api.mapper] mapper | MAZDA | MXTH85 | Found keyword 'hybrid' in 'CX-50 Hybrid GT e-AWD'
[2026-07-28 14:34:01] [WARNING ] [chrome_api.mapper] mapper | MAZDA | MXTH85 | Keyword 'hybrid' found but NOT in translator. Returning keyword as-is.
[2026-07-28 14:34:01] [INFO    ] [chrome_api.mapper] mapper | MAZDA | MXTH85 | Row complete: model=CX-50 Hybrid, trim=GT e-AWD, engine_type=hybrid
[2026-07-28 14:34:01] [INFO    ] [chrome_api.mapper] mapper | ads_response_to_rows | Mazda | Converted 3/3 trims to rows
[2026-07-28 14:34:01] [DEBUG   ] [chrome_api.service] refresh_from_ads | Mazda 2025 CX-50 Hybrid | Converted 3 trims to rows
[2026-07-28 14:34:01] [DEBUG   ] [urllib3.connectionpool] https://demos.autodatasolutions.com:443 "POST /ADSDemo/api/full/ymmt/year/2025/make/Mazda/model/CX-70%20MHEV/ HTTP/1.1" 200 None
[2026-07-28 14:34:02] [INFO    ] [chrome_api.mapper] mapper | ads_response_to_rows | Mazda | Processing 4 trims from ADS response
[2026-07-28 14:34:02] [DEBUG   ] [chrome_api.mapper] mapper | MAZDA | XXLF85 | Extracted fields: year=2025, desc=GS-L AWD, trim=GS-L
[2026-07-28 14:34:02] [DEBUG   ] [chrome_api.mapper] mapper | MAZDA | XXLF85 | ModelName from ADS: CX-70 MHEV
[2026-07-28 14:34:02] [INFO    ] [chrome_api.mapper] mapper | MAZDA | Loaded 5 ENGINE_TYPE keywords: ['bev', 'ev', 'hybrid', 'mhev', 'phev']
[2026-07-28 14:34:02] [DEBUG   ] [chrome_api.mapper] mapper | MAZDA | XXLF85 | Searching text: 'cx-70 mhev gs-l awd'
[2026-07-28 14:34:02] [DEBUG   ] [chrome_api.mapper] mapper | MAZDA | XXLF85 | Found keyword 'ev' in 'CX-70 MHEV GS-L AWD'
[2026-07-28 14:34:02] [WARNING ] [chrome_api.mapper] mapper | MAZDA | XXLF85 | Keyword 'ev' found but NOT in translator. Returning keyword as-is.
[2026-07-28 14:34:02] [INFO    ] [chrome_api.mapper] mapper | MAZDA | XXLF85 | Row complete: model=CX-70 MHEV, trim=GS-L AWD, engine_type=ev
[2026-07-28 14:34:02] [DEBUG   ] [chrome_api.mapper] mapper | MAZDA | XXTF85 | Extracted fields: year=2025, desc=GT AWD, trim=GT
[2026-07-28 14:34:02] [DEBUG   ] [chrome_api.mapper] mapper | MAZDA | XXTF85 | ModelName from ADS: CX-70 MHEV
[2026-07-28 14:34:02] [INFO    ] [chrome_api.mapper] mapper | MAZDA | Loaded 5 ENGINE_TYPE keywords: ['bev', 'ev', 'hybrid', 'mhev', 'phev']
[2026-07-28 14:34:02] [DEBUG   ] [chrome_api.mapper] mapper | MAZDA | XXTF85 | Searching text: 'cx-70 mhev gt awd'
[2026-07-28 14:34:02] [DEBUG   ] [chrome_api.mapper] mapper | MAZDA | XXTF85 | Found keyword 'ev' in 'CX-70 MHEV GT AWD'
[2026-07-28 14:34:02] [WARNING ] [chrome_api.mapper] mapper | MAZDA | XXTF85 | Keyword 'ev' found but NOT in translator. Returning keyword as-is.
[2026-07-28 14:34:02] [INFO    ] [chrome_api.mapper] mapper | MAZDA | XXTF85 | Row complete: model=CX-70 MHEV, trim=GT AWD, engine_type=ev
[2026-07-28 14:34:02] [DEBUG   ] [chrome_api.mapper] mapper | MAZDA | XXPG85 | Extracted fields: year=2025, desc=GT-P AWD, trim=GT-P
[2026-07-28 14:34:02] [DEBUG   ] [chrome_api.mapper] mapper | MAZDA | XXPG85 | ModelName from ADS: CX-70 MHEV
[2026-07-28 14:34:02] [INFO    ] [chrome_api.mapper] mapper | MAZDA | Loaded 5 ENGINE_TYPE keywords: ['bev', 'ev', 'hybrid', 'mhev', 'phev']
[2026-07-28 14:34:02] [DEBUG   ] [chrome_api.mapper] mapper | MAZDA | XXPG85 | Searching text: 'cx-70 mhev gt-p awd'
[2026-07-28 14:34:02] [DEBUG   ] [chrome_api.mapper] mapper | MAZDA | XXPG85 | Found keyword 'ev' in 'CX-70 MHEV GT-P AWD'
[2026-07-28 14:34:02] [WARNING ] [chrome_api.mapper] mapper | MAZDA | XXPG85 | Keyword 'ev' found but NOT in translator. Returning keyword as-is.
[2026-07-28 14:34:02] [INFO    ] [chrome_api.mapper] mapper | MAZDA | XXPG85 | Row complete: model=CX-70 MHEV, trim=GT-P AWD, engine_type=ev
[2026-07-28 14:34:02] [DEBUG   ] [chrome_api.mapper] mapper | MAZDA | XXKG85 | Extracted fields: year=2025, desc=Signature AWD, trim=Signature
[2026-07-28 14:34:02] [DEBUG   ] [chrome_api.mapper] mapper | MAZDA | XXKG85 | ModelName from ADS: CX-70 MHEV
[2026-07-28 14:34:02] [INFO    ] [chrome_api.mapper] mapper | MAZDA | Loaded 5 ENGINE_TYPE keywords: ['bev', 'ev', 'hybrid', 'mhev', 'phev']
[2026-07-28 14:34:02] [DEBUG   ] [chrome_api.mapper] mapper | MAZDA | XXKG85 | Searching text: 'cx-70 mhev signature awd'
[2026-07-28 14:34:02] [DEBUG   ] [chrome_api.mapper] mapper | MAZDA | XXKG85 | Found keyword 'ev' in 'CX-70 MHEV Signature AWD'
[2026-07-28 14:34:02] [WARNING ] [chrome_api.mapper] mapper | MAZDA | XXKG85 | Keyword 'ev' found but NOT in translator. Returning keyword as-is.
[2026-07-28 14:34:02] [INFO    ] [chrome_api.mapper] mapper | MAZDA | XXKG85 | Row complete: model=CX-70 MHEV, trim=Signature AWD, engine_type=ev
[2026-07-28 14:34:02] [INFO    ] [chrome_api.mapper] mapper | ads_response_to_rows | Mazda | Converted 4/4 trims to rows
[2026-07-28 14:34:02] [DEBUG   ] [chrome_api.service] refresh_from_ads | Mazda 2025 CX-70 MHEV | Converted 4 trims to rows
[2026-07-28 14:34:02] [DEBUG   ] [urllib3.connectionpool] https://demos.autodatasolutions.com:443 "POST /ADSDemo/api/full/ymmt/year/2025/make/Mazda/model/CX-70%20PHEV/ HTTP/1.1" 200 None
[2026-07-28 14:34:03] [INFO    ] [chrome_api.mapper] mapper | ads_response_to_rows | Mazda | Processing 2 trims from ADS response
[2026-07-28 14:34:03] [DEBUG   ] [chrome_api.mapper] mapper | MAZDA | YXLP85 | Extracted fields: year=2025, desc=GS-L AWD, trim=GS-L
[2026-07-28 14:34:03] [DEBUG   ] [chrome_api.mapper] mapper | MAZDA | YXLP85 | ModelName from ADS: CX-70 PHEV
[2026-07-28 14:34:03] [INFO    ] [chrome_api.mapper] mapper | MAZDA | Loaded 5 ENGINE_TYPE keywords: ['bev', 'ev', 'hybrid', 'mhev', 'phev']
[2026-07-28 14:34:03] [DEBUG   ] [chrome_api.mapper] mapper | MAZDA | YXLP85 | Searching text: 'cx-70 phev gs-l awd'
[2026-07-28 14:34:03] [DEBUG   ] [chrome_api.mapper] mapper | MAZDA | YXLP85 | Found keyword 'ev' in 'CX-70 PHEV GS-L AWD'
[2026-07-28 14:34:03] [WARNING ] [chrome_api.mapper] mapper | MAZDA | YXLP85 | Keyword 'ev' found but NOT in translator. Returning keyword as-is.
[2026-07-28 14:34:03] [INFO    ] [chrome_api.mapper] mapper | MAZDA | YXLP85 | Row complete: model=CX-70 PHEV, trim=GS-L AWD, engine_type=ev
[2026-07-28 14:34:03] [DEBUG   ] [chrome_api.mapper] mapper | MAZDA | YXTP85 | Extracted fields: year=2025, desc=GT AWD, trim=GT
[2026-07-28 14:34:03] [DEBUG   ] [chrome_api.mapper] mapper | MAZDA | YXTP85 | ModelName from ADS: CX-70 PHEV
[2026-07-28 14:34:03] [INFO    ] [chrome_api.mapper] mapper | MAZDA | Loaded 5 ENGINE_TYPE keywords: ['bev', 'ev', 'hybrid', 'mhev', 'phev']
[2026-07-28 14:34:03] [DEBUG   ] [chrome_api.mapper] mapper | MAZDA | YXTP85 | Searching text: 'cx-70 phev gt awd'
[2026-07-28 14:34:03] [DEBUG   ] [chrome_api.mapper] mapper | MAZDA | YXTP85 | Found keyword 'ev' in 'CX-70 PHEV GT AWD'
[2026-07-28 14:34:03] [WARNING ] [chrome_api.mapper] mapper | MAZDA | YXTP85 | Keyword 'ev' found but NOT in translator. Returning keyword as-is.
[2026-07-28 14:34:03] [INFO    ] [chrome_api.mapper] mapper | MAZDA | YXTP85 | Row complete: model=CX-70 PHEV, trim=GT AWD, engine_type=ev
[2026-07-28 14:34:03] [INFO    ] [chrome_api.mapper] mapper | ads_response_to_rows | Mazda | Converted 2/2 trims to rows
[2026-07-28 14:34:03] [DEBUG   ] [chrome_api.service] refresh_from_ads | Mazda 2025 CX-70 PHEV | Converted 2 trims to rows
[2026-07-28 14:34:03] [DEBUG   ] [urllib3.connectionpool] https://demos.autodatasolutions.com:443 "POST /ADSDemo/api/full/ymmt/year/2025/make/Mazda/model/CX-90%20MHEV/ HTTP/1.1" 200 None
[2026-07-28 14:34:03] [INFO    ] [chrome_api.mapper] mapper | ads_response_to_rows | Mazda | Processing 5 trims from ADS response
[2026-07-28 14:34:03] [DEBUG   ] [chrome_api.mapper] mapper | MAZDA | WXSF85 | Extracted fields: year=2025, desc=GS AWD, trim=GS
[2026-07-28 14:34:03] [DEBUG   ] [chrome_api.mapper] mapper | MAZDA | WXSF85 | ModelName from ADS: CX-90 MHEV
[2026-07-28 14:34:03] [INFO    ] [chrome_api.mapper] mapper | MAZDA | Loaded 5 ENGINE_TYPE keywords: ['bev', 'ev', 'hybrid', 'mhev', 'phev']
[2026-07-28 14:34:03] [DEBUG   ] [chrome_api.mapper] mapper | MAZDA | WXSF85 | Searching text: 'cx-90 mhev gs awd'
[2026-07-28 14:34:03] [DEBUG   ] [chrome_api.mapper] mapper | MAZDA | WXSF85 | Found keyword 'ev' in 'CX-90 MHEV GS AWD'
[2026-07-28 14:34:03] [WARNING ] [chrome_api.mapper] mapper | MAZDA | WXSF85 | Keyword 'ev' found but NOT in translator. Returning keyword as-is.
[2026-07-28 14:34:03] [INFO    ] [chrome_api.mapper] mapper | MAZDA | WXSF85 | Row complete: model=CX-90 MHEV, trim=GS AWD, engine_type=ev
[2026-07-28 14:34:03] [DEBUG   ] [chrome_api.mapper] mapper | MAZDA | WXLF85 | Extracted fields: year=2025, desc=GS-L AWD, trim=GS-L
[2026-07-28 14:34:03] [DEBUG   ] [chrome_api.mapper] mapper | MAZDA | WXLF85 | ModelName from ADS: CX-90 MHEV
[2026-07-28 14:34:03] [INFO    ] [chrome_api.mapper] mapper | MAZDA | Loaded 5 ENGINE_TYPE keywords: ['bev', 'ev', 'hybrid', 'mhev', 'phev']
[2026-07-28 14:34:03] [DEBUG   ] [chrome_api.mapper] mapper | MAZDA | WXLF85 | Searching text: 'cx-90 mhev gs-l awd'
[2026-07-28 14:34:03] [DEBUG   ] [chrome_api.mapper] mapper | MAZDA | WXLF85 | Found keyword 'ev' in 'CX-90 MHEV GS-L AWD'
[2026-07-28 14:34:03] [WARNING ] [chrome_api.mapper] mapper | MAZDA | WXLF85 | Keyword 'ev' found but NOT in translator. Returning keyword as-is.
[2026-07-28 14:34:03] [INFO    ] [chrome_api.mapper] mapper | MAZDA | WXLF85 | Row complete: model=CX-90 MHEV, trim=GS-L AWD, engine_type=ev
[2026-07-28 14:34:03] [DEBUG   ] [chrome_api.mapper] mapper | MAZDA | WXTF85 | Extracted fields: year=2025, desc=GT AWD, trim=GT
[2026-07-28 14:34:03] [DEBUG   ] [chrome_api.mapper] mapper | MAZDA | WXTF85 | ModelName from ADS: CX-90 MHEV
[2026-07-28 14:34:03] [INFO    ] [chrome_api.mapper] mapper | MAZDA | Loaded 5 ENGINE_TYPE keywords: ['bev', 'ev', 'hybrid', 'mhev', 'phev']
[2026-07-28 14:34:03] [DEBUG   ] [chrome_api.mapper] mapper | MAZDA | WXTF85 | Searching text: 'cx-90 mhev gt awd'
[2026-07-28 14:34:03] [DEBUG   ] [chrome_api.mapper] mapper | MAZDA | WXTF85 | Found keyword 'ev' in 'CX-90 MHEV GT AWD'
[2026-07-28 14:34:03] [WARNING ] [chrome_api.mapper] mapper | MAZDA | WXTF85 | Keyword 'ev' found but NOT in translator. Returning keyword as-is.
[2026-07-28 14:34:03] [INFO    ] [chrome_api.mapper] mapper | MAZDA | WXTF85 | Row complete: model=CX-90 MHEV, trim=GT AWD, engine_type=ev
[2026-07-28 14:34:03] [DEBUG   ] [chrome_api.mapper] mapper | MAZDA | WXPG85 | Extracted fields: year=2025, desc=GT-P AWD, trim=GT-P
[2026-07-28 14:34:03] [DEBUG   ] [chrome_api.mapper] mapper | MAZDA | WXPG85 | ModelName from ADS: CX-90 MHEV
[2026-07-28 14:34:03] [INFO    ] [chrome_api.mapper] mapper | MAZDA | Loaded 5 ENGINE_TYPE keywords: ['bev', 'ev', 'hybrid', 'mhev', 'phev']
[2026-07-28 14:34:03] [DEBUG   ] [chrome_api.mapper] mapper | MAZDA | WXPG85 | Searching text: 'cx-90 mhev gt-p awd'
[2026-07-28 14:34:03] [DEBUG   ] [chrome_api.mapper] mapper | MAZDA | WXPG85 | Found keyword 'ev' in 'CX-90 MHEV GT-P AWD'
[2026-07-28 14:34:03] [WARNING ] [chrome_api.mapper] mapper | MAZDA | WXPG85 | Keyword 'ev' found but NOT in translator. Returning keyword as-is.
[2026-07-28 14:34:03] [INFO    ] [chrome_api.mapper] mapper | MAZDA | WXPG85 | Row complete: model=CX-90 MHEV, trim=GT-P AWD, engine_type=ev
[2026-07-28 14:34:03] [DEBUG   ] [chrome_api.mapper] mapper | MAZDA | WXKG85 | Extracted fields: year=2025, desc=Signature AWD, trim=Signature
[2026-07-28 14:34:03] [DEBUG   ] [chrome_api.mapper] mapper | MAZDA | WXKG85 | ModelName from ADS: CX-90 MHEV
[2026-07-28 14:34:03] [INFO    ] [chrome_api.mapper] mapper | MAZDA | Loaded 5 ENGINE_TYPE keywords: ['bev', 'ev', 'hybrid', 'mhev', 'phev']
[2026-07-28 14:34:03] [DEBUG   ] [chrome_api.mapper] mapper | MAZDA | WXKG85 | Searching text: 'cx-90 mhev signature awd'
[2026-07-28 14:34:03] [DEBUG   ] [chrome_api.mapper] mapper | MAZDA | WXKG85 | Found keyword 'ev' in 'CX-90 MHEV Signature AWD'
[2026-07-28 14:34:03] [WARNING ] [chrome_api.mapper] mapper | MAZDA | WXKG85 | Keyword 'ev' found but NOT in translator. Returning keyword as-is.
[2026-07-28 14:34:03] [INFO    ] [chrome_api.mapper] mapper | MAZDA | WXKG85 | Row complete: model=CX-90 MHEV, trim=Signature AWD, engine_type=ev
[2026-07-28 14:34:03] [INFO    ] [chrome_api.mapper] mapper | ads_response_to_rows | Mazda | Converted 5/5 trims to rows
[2026-07-28 14:34:03] [DEBUG   ] [chrome_api.service] refresh_from_ads | Mazda 2025 CX-90 MHEV | Converted 5 trims to rows
[2026-07-28 14:34:03] [DEBUG   ] [urllib3.connectionpool] Resetting dropped connection: demos.autodatasolutions.com
[2026-07-28 14:34:04] [DEBUG   ] [urllib3.connectionpool] https://demos.autodatasolutions.com:443 "POST /ADSDemo/api/full/ymmt/year/2025/make/Mazda/model/CX-90%20PHEV/ HTTP/1.1" 200 None
[2026-07-28 14:34:04] [INFO    ] [chrome_api.mapper] mapper | ads_response_to_rows | Mazda | Processing 3 trims from ADS response
[2026-07-28 14:34:04] [DEBUG   ] [chrome_api.mapper] mapper | MAZDA | VXSP85 | Extracted fields: year=2025, desc=GS AWD, trim=GS
[2026-07-28 14:34:04] [DEBUG   ] [chrome_api.mapper] mapper | MAZDA | VXSP85 | ModelName from ADS: CX-90 PHEV
[2026-07-28 14:34:04] [INFO    ] [chrome_api.mapper] mapper | MAZDA | Loaded 5 ENGINE_TYPE keywords: ['bev', 'ev', 'hybrid', 'mhev', 'phev']
[2026-07-28 14:34:04] [DEBUG   ] [chrome_api.mapper] mapper | MAZDA | VXSP85 | Searching text: 'cx-90 phev gs awd'
[2026-07-28 14:34:04] [DEBUG   ] [chrome_api.mapper] mapper | MAZDA | VXSP85 | Found keyword 'ev' in 'CX-90 PHEV GS AWD'
[2026-07-28 14:34:04] [WARNING ] [chrome_api.mapper] mapper | MAZDA | VXSP85 | Keyword 'ev' found but NOT in translator. Returning keyword as-is.
[2026-07-28 14:34:04] [INFO    ] [chrome_api.mapper] mapper | MAZDA | VXSP85 | Row complete: model=CX-90 PHEV, trim=GS AWD, engine_type=ev
[2026-07-28 14:34:04] [DEBUG   ] [chrome_api.mapper] mapper | MAZDA | VXLP85 | Extracted fields: year=2025, desc=GS-L AWD, trim=GS-L
[2026-07-28 14:34:04] [DEBUG   ] [chrome_api.mapper] mapper | MAZDA | VXLP85 | ModelName from ADS: CX-90 PHEV
[2026-07-28 14:34:04] [INFO    ] [chrome_api.mapper] mapper | MAZDA | Loaded 5 ENGINE_TYPE keywords: ['bev', 'ev', 'hybrid', 'mhev', 'phev']
[2026-07-28 14:34:04] [DEBUG   ] [chrome_api.mapper] mapper | MAZDA | VXLP85 | Searching text: 'cx-90 phev gs-l awd'
[2026-07-28 14:34:04] [DEBUG   ] [chrome_api.mapper] mapper | MAZDA | VXLP85 | Found keyword 'ev' in 'CX-90 PHEV GS-L AWD'
[2026-07-28 14:34:04] [WARNING ] [chrome_api.mapper] mapper | MAZDA | VXLP85 | Keyword 'ev' found but NOT in translator. Returning keyword as-is.
[2026-07-28 14:34:04] [INFO    ] [chrome_api.mapper] mapper | MAZDA | VXLP85 | Row complete: model=CX-90 PHEV, trim=GS-L AWD, engine_type=ev
[2026-07-28 14:34:04] [DEBUG   ] [chrome_api.mapper] mapper | MAZDA | VXTP85 | Extracted fields: year=2025, desc=GT AWD, trim=GT
[2026-07-28 14:34:04] [DEBUG   ] [chrome_api.mapper] mapper | MAZDA | VXTP85 | ModelName from ADS: CX-90 PHEV
[2026-07-28 14:34:04] [INFO    ] [chrome_api.mapper] mapper | MAZDA | Loaded 5 ENGINE_TYPE keywords: ['bev', 'ev', 'hybrid', 'mhev', 'phev']
[2026-07-28 14:34:04] [DEBUG   ] [chrome_api.mapper] mapper | MAZDA | VXTP85 | Searching text: 'cx-90 phev gt awd'
[2026-07-28 14:34:04] [DEBUG   ] [chrome_api.mapper] mapper | MAZDA | VXTP85 | Found keyword 'ev' in 'CX-90 PHEV GT AWD'
[2026-07-28 14:34:04] [WARNING ] [chrome_api.mapper] mapper | MAZDA | VXTP85 | Keyword 'ev' found but NOT in translator. Returning keyword as-is.
[2026-07-28 14:34:04] [INFO    ] [chrome_api.mapper] mapper | MAZDA | VXTP85 | Row complete: model=CX-90 PHEV, trim=GT AWD, engine_type=ev
[2026-07-28 14:34:04] [INFO    ] [chrome_api.mapper] mapper | ads_response_to_rows | Mazda | Converted 3/3 trims to rows
[2026-07-28 14:34:04] [DEBUG   ] [chrome_api.service] refresh_from_ads | Mazda 2025 CX-90 PHEV | Converted 3 trims to rows
[2026-07-28 14:34:05] [DEBUG   ] [urllib3.connectionpool] https://demos.autodatasolutions.com:443 "POST /ADSDemo/api/full/ymmt/year/2025/make/Mazda/model/Mazda3/ HTTP/1.1" 200 None
[2026-07-28 14:34:05] [INFO    ] [chrome_api.mapper] mapper | ads_response_to_rows | Mazda | Processing 6 trims from ADS response
[2026-07-28 14:34:05] [DEBUG   ] [chrome_api.mapper] mapper | MAZDA | DVXL85 | Extracted fields: year=2025, desc=GX Auto FWD, trim=GX
[2026-07-28 14:34:05] [DEBUG   ] [chrome_api.mapper] mapper | MAZDA | DVXL85 | ModelName from ADS: Mazda3
[2026-07-28 14:34:05] [INFO    ] [chrome_api.mapper] mapper | MAZDA | Loaded 5 ENGINE_TYPE keywords: ['bev', 'ev', 'hybrid', 'mhev', 'phev']
[2026-07-28 14:34:05] [DEBUG   ] [chrome_api.mapper] mapper | MAZDA | DVXL85 | Searching text: 'mazda3 gx auto fwd'
[2026-07-28 14:34:05] [DEBUG   ] [chrome_api.mapper] mapper | MAZDA | DVXL85 | No ENGINE_TYPE keyword found
[2026-07-28 14:34:05] [INFO    ] [chrome_api.mapper] mapper | MAZDA | DVXL85 | Row complete: model=Mazda3, trim=GX Auto FWD, engine_type=None
[2026-07-28 14:34:05] [DEBUG   ] [chrome_api.mapper] mapper | MAZDA | DVSL85 | Extracted fields: year=2025, desc=GS Auto FWD, trim=GS
[2026-07-28 14:34:05] [DEBUG   ] [chrome_api.mapper] mapper | MAZDA | DVSL85 | ModelName from ADS: Mazda3
[2026-07-28 14:34:05] [INFO    ] [chrome_api.mapper] mapper | MAZDA | Loaded 5 ENGINE_TYPE keywords: ['bev', 'ev', 'hybrid', 'mhev', 'phev']
[2026-07-28 14:34:05] [DEBUG   ] [chrome_api.mapper] mapper | MAZDA | DVSL85 | Searching text: 'mazda3 gs auto fwd'
[2026-07-28 14:34:05] [DEBUG   ] [chrome_api.mapper] mapper | MAZDA | DVSL85 | No ENGINE_TYPE keyword found
[2026-07-28 14:34:05] [INFO    ] [chrome_api.mapper] mapper | MAZDA | DVSL85 | Row complete: model=Mazda3, trim=GS Auto FWD, engine_type=None
[2026-07-28 14:34:05] [DEBUG   ] [chrome_api.mapper] mapper | MAZDA | DVTL85 | Extracted fields: year=2025, desc=GT Auto FWD, trim=GT
[2026-07-28 14:34:05] [DEBUG   ] [chrome_api.mapper] mapper | MAZDA | DVTL85 | ModelName from ADS: Mazda3
[2026-07-28 14:34:05] [INFO    ] [chrome_api.mapper] mapper | MAZDA | Loaded 5 ENGINE_TYPE keywords: ['bev', 'ev', 'hybrid', 'mhev', 'phev']
[2026-07-28 14:34:05] [DEBUG   ] [chrome_api.mapper] mapper | MAZDA | DVTL85 | Searching text: 'mazda3 gt auto fwd'
[2026-07-28 14:34:05] [DEBUG   ] [chrome_api.mapper] mapper | MAZDA | DVTL85 | No ENGINE_TYPE keyword found
[2026-07-28 14:34:05] [INFO    ] [chrome_api.mapper] mapper | MAZDA | DVTL85 | Row complete: model=Mazda3, trim=GT Auto FWD, engine_type=None
[2026-07-28 14:34:05] [DEBUG   ] [chrome_api.mapper] mapper | MAZDA | DXSL85 | Extracted fields: year=2025, desc=GS Auto i-ACTIV AWD, trim=GS
[2026-07-28 14:34:05] [DEBUG   ] [chrome_api.mapper] mapper | MAZDA | DXSL85 | ModelName from ADS: Mazda3
[2026-07-28 14:34:05] [INFO    ] [chrome_api.mapper] mapper | MAZDA | Loaded 5 ENGINE_TYPE keywords: ['bev', 'ev', 'hybrid', 'mhev', 'phev']
[2026-07-28 14:34:05] [DEBUG   ] [chrome_api.mapper] mapper | MAZDA | DXSL85 | Searching text: 'mazda3 gs auto i-activ awd'
[2026-07-28 14:34:05] [DEBUG   ] [chrome_api.mapper] mapper | MAZDA | DXSL85 | No ENGINE_TYPE keyword found
[2026-07-28 14:34:05] [INFO    ] [chrome_api.mapper] mapper | MAZDA | DXSL85 | Row complete: model=Mazda3, trim=GS Auto i-ACTIV AWD, engine_type=None
[2026-07-28 14:34:05] [DEBUG   ] [chrome_api.mapper] mapper | MAZDA | DXTL85 | Extracted fields: year=2025, desc=GT Auto i-ACTIV AWD, trim=GT
[2026-07-28 14:34:05] [DEBUG   ] [chrome_api.mapper] mapper | MAZDA | DXTL85 | ModelName from ADS: Mazda3
[2026-07-28 14:34:05] [INFO    ] [chrome_api.mapper] mapper | MAZDA | Loaded 5 ENGINE_TYPE keywords: ['bev', 'ev', 'hybrid', 'mhev', 'phev']
[2026-07-28 14:34:05] [DEBUG   ] [chrome_api.mapper] mapper | MAZDA | DXTL85 | Searching text: 'mazda3 gt auto i-activ awd'
[2026-07-28 14:34:05] [DEBUG   ] [chrome_api.mapper] mapper | MAZDA | DXTL85 | No ENGINE_TYPE keyword found
[2026-07-28 14:34:05] [INFO    ] [chrome_api.mapper] mapper | MAZDA | DXTL85 | Row complete: model=Mazda3, trim=GT Auto i-ACTIV AWD, engine_type=None
[2026-07-28 14:34:05] [DEBUG   ] [chrome_api.mapper] mapper | MAZDA | DXTM85 | Extracted fields: year=2025, desc=GT w/Turbo Auto i-ACTIV AWD, trim=GT w/Turbo
[2026-07-28 14:34:05] [DEBUG   ] [chrome_api.mapper] mapper | MAZDA | DXTM85 | ModelName from ADS: Mazda3
[2026-07-28 14:34:05] [INFO    ] [chrome_api.mapper] mapper | MAZDA | Loaded 5 ENGINE_TYPE keywords: ['bev', 'ev', 'hybrid', 'mhev', 'phev']
[2026-07-28 14:34:05] [DEBUG   ] [chrome_api.mapper] mapper | MAZDA | DXTM85 | Searching text: 'mazda3 gt w/turbo auto i-activ awd'
[2026-07-28 14:34:05] [DEBUG   ] [chrome_api.mapper] mapper | MAZDA | DXTM85 | No ENGINE_TYPE keyword found
[2026-07-28 14:34:05] [INFO    ] [chrome_api.mapper] mapper | MAZDA | DXTM85 | Row complete: model=Mazda3, trim=GT w/Turbo Auto i-ACTIV AWD, engine_type=None
[2026-07-28 14:34:05] [INFO    ] [chrome_api.mapper] mapper | ads_response_to_rows | Mazda | Converted 6/6 trims to rows
[2026-07-28 14:34:05] [DEBUG   ] [chrome_api.service] refresh_from_ads | Mazda 2025 Mazda3 | Converted 6 trims to rows
[2026-07-28 14:34:05] [DEBUG   ] [urllib3.connectionpool] https://demos.autodatasolutions.com:443 "POST /ADSDemo/api/full/ymmt/year/2025/make/Mazda/model/Mazda3%20Sport/ HTTP/1.1" 200 None
[2026-07-28 14:34:06] [INFO    ] [chrome_api.mapper] mapper | ads_response_to_rows | Mazda | Processing 8 trims from ADS response
[2026-07-28 14:34:06] [DEBUG   ] [chrome_api.mapper] mapper | MAZDA | SVXL85 | Extracted fields: year=2025, desc=GX Auto FWD, trim=GX
[2026-07-28 14:34:06] [DEBUG   ] [chrome_api.mapper] mapper | MAZDA | SVXL85 | ModelName from ADS: Mazda3 Sport
[2026-07-28 14:34:06] [INFO    ] [chrome_api.mapper] mapper | MAZDA | Loaded 5 ENGINE_TYPE keywords: ['bev', 'ev', 'hybrid', 'mhev', 'phev']
[2026-07-28 14:34:06] [DEBUG   ] [chrome_api.mapper] mapper | MAZDA | SVXL85 | Searching text: 'mazda3 sport gx auto fwd'
[2026-07-28 14:34:06] [DEBUG   ] [chrome_api.mapper] mapper | MAZDA | SVXL85 | No ENGINE_TYPE keyword found
[2026-07-28 14:34:06] [INFO    ] [chrome_api.mapper] mapper | MAZDA | SVXL85 | Row complete: model=Mazda3 Sport, trim=GX Auto FWD, engine_type=None
[2026-07-28 14:34:06] [DEBUG   ] [chrome_api.mapper] mapper | MAZDA | SVSL85 | Extracted fields: year=2025, desc=GS Auto FWD, trim=GS
[2026-07-28 14:34:06] [DEBUG   ] [chrome_api.mapper] mapper | MAZDA | SVSL85 | ModelName from ADS: Mazda3 Sport
[2026-07-28 14:34:06] [INFO    ] [chrome_api.mapper] mapper | MAZDA | Loaded 5 ENGINE_TYPE keywords: ['bev', 'ev', 'hybrid', 'mhev', 'phev']
[2026-07-28 14:34:06] [DEBUG   ] [chrome_api.mapper] mapper | MAZDA | SVSL85 | Searching text: 'mazda3 sport gs auto fwd'
[2026-07-28 14:34:06] [DEBUG   ] [chrome_api.mapper] mapper | MAZDA | SVSL85 | No ENGINE_TYPE keyword found
[2026-07-28 14:34:06] [INFO    ] [chrome_api.mapper] mapper | MAZDA | SVSL85 | Row complete: model=Mazda3 Sport, trim=GS Auto FWD, engine_type=None
[2026-07-28 14:34:06] [DEBUG   ] [chrome_api.mapper] mapper | MAZDA | SVTL65 | Extracted fields: year=2025, desc=GT Manual FWD, trim=GT
[2026-07-28 14:34:06] [DEBUG   ] [chrome_api.mapper] mapper | MAZDA | SVTL65 | ModelName from ADS: Mazda3 Sport
[2026-07-28 14:34:06] [INFO    ] [chrome_api.mapper] mapper | MAZDA | Loaded 5 ENGINE_TYPE keywords: ['bev', 'ev', 'hybrid', 'mhev', 'phev']
[2026-07-28 14:34:06] [DEBUG   ] [chrome_api.mapper] mapper | MAZDA | SVTL65 | Searching text: 'mazda3 sport gt manual fwd'
[2026-07-28 14:34:06] [DEBUG   ] [chrome_api.mapper] mapper | MAZDA | SVTL65 | No ENGINE_TYPE keyword found
[2026-07-28 14:34:06] [INFO    ] [chrome_api.mapper] mapper | MAZDA | SVTL65 | Row complete: model=Mazda3 Sport, trim=GT Manual FWD, engine_type=None
[2026-07-28 14:34:06] [DEBUG   ] [chrome_api.mapper] mapper | MAZDA | SVTL85 | Extracted fields: year=2025, desc=GT Auto FWD, trim=GT
[2026-07-28 14:34:06] [DEBUG   ] [chrome_api.mapper] mapper | MAZDA | SVTL85 | ModelName from ADS: Mazda3 Sport
[2026-07-28 14:34:06] [INFO    ] [chrome_api.mapper] mapper | MAZDA | Loaded 5 ENGINE_TYPE keywords: ['bev', 'ev', 'hybrid', 'mhev', 'phev']
[2026-07-28 14:34:06] [DEBUG   ] [chrome_api.mapper] mapper | MAZDA | SVTL85 | Searching text: 'mazda3 sport gt auto fwd'
[2026-07-28 14:34:06] [DEBUG   ] [chrome_api.mapper] mapper | MAZDA | SVTL85 | No ENGINE_TYPE keyword found
[2026-07-28 14:34:06] [INFO    ] [chrome_api.mapper] mapper | MAZDA | SVTL85 | Row complete: model=Mazda3 Sport, trim=GT Auto FWD, engine_type=None
[2026-07-28 14:34:06] [DEBUG   ] [chrome_api.mapper] mapper | MAZDA | SXSL85 | Extracted fields: year=2025, desc=GS Auto i-ACTIV AWD, trim=GS
[2026-07-28 14:34:06] [DEBUG   ] [chrome_api.mapper] mapper | MAZDA | SXSL85 | ModelName from ADS: Mazda3 Sport
[2026-07-28 14:34:06] [INFO    ] [chrome_api.mapper] mapper | MAZDA | Loaded 5 ENGINE_TYPE keywords: ['bev', 'ev', 'hybrid', 'mhev', 'phev']
[2026-07-28 14:34:06] [DEBUG   ] [chrome_api.mapper] mapper | MAZDA | SXSL85 | Searching text: 'mazda3 sport gs auto i-activ awd'
[2026-07-28 14:34:06] [DEBUG   ] [chrome_api.mapper] mapper | MAZDA | SXSL85 | No ENGINE_TYPE keyword found
[2026-07-28 14:34:06] [INFO    ] [chrome_api.mapper] mapper | MAZDA | SXSL85 | Row complete: model=Mazda3 Sport, trim=GS Auto i-ACTIV AWD, engine_type=None
[2026-07-28 14:34:06] [DEBUG   ] [chrome_api.mapper] mapper | MAZDA | SXTL85 | Extracted fields: year=2025, desc=GT Auto i-ACTIV AWD, trim=GT
[2026-07-28 14:34:06] [DEBUG   ] [chrome_api.mapper] mapper | MAZDA | SXTL85 | ModelName from ADS: Mazda3 Sport
[2026-07-28 14:34:06] [INFO    ] [chrome_api.mapper] mapper | MAZDA | Loaded 5 ENGINE_TYPE keywords: ['bev', 'ev', 'hybrid', 'mhev', 'phev']
[2026-07-28 14:34:06] [DEBUG   ] [chrome_api.mapper] mapper | MAZDA | SXTL85 | Searching text: 'mazda3 sport gt auto i-activ awd'
[2026-07-28 14:34:06] [DEBUG   ] [chrome_api.mapper] mapper | MAZDA | SXTL85 | No ENGINE_TYPE keyword found
[2026-07-28 14:34:06] [INFO    ] [chrome_api.mapper] mapper | MAZDA | SXTL85 | Row complete: model=Mazda3 Sport, trim=GT Auto i-ACTIV AWD, engine_type=None
[2026-07-28 14:34:06] [DEBUG   ] [chrome_api.mapper] mapper | MAZDA | SXTM85 | Extracted fields: year=2025, desc=GT w/Turbo Auto i-ACTIV AWD, trim=GT w/Turbo
[2026-07-28 14:34:06] [DEBUG   ] [chrome_api.mapper] mapper | MAZDA | SXTM85 | ModelName from ADS: Mazda3 Sport
[2026-07-28 14:34:06] [INFO    ] [chrome_api.mapper] mapper | MAZDA | Loaded 5 ENGINE_TYPE keywords: ['bev', 'ev', 'hybrid', 'mhev', 'phev']
[2026-07-28 14:34:06] [DEBUG   ] [chrome_api.mapper] mapper | MAZDA | SXTM85 | Searching text: 'mazda3 sport gt w/turbo auto i-activ awd'
[2026-07-28 14:34:06] [DEBUG   ] [chrome_api.mapper] mapper | MAZDA | SXTM85 | No ENGINE_TYPE keyword found
[2026-07-28 14:34:06] [INFO    ] [chrome_api.mapper] mapper | MAZDA | SXTM85 | Row complete: model=Mazda3 Sport, trim=GT w/Turbo Auto i-ACTIV AWD, engine_type=None
[2026-07-28 14:34:06] [DEBUG   ] [chrome_api.mapper] mapper | MAZDA | SXUM85 | Extracted fields: year=2025, desc=Suna Auto i-ACTIV AWD, trim=Suna
[2026-07-28 14:34:06] [DEBUG   ] [chrome_api.mapper] mapper | MAZDA | SXUM85 | ModelName from ADS: Mazda3 Sport
[2026-07-28 14:34:06] [INFO    ] [chrome_api.mapper] mapper | MAZDA | Loaded 5 ENGINE_TYPE keywords: ['bev', 'ev', 'hybrid', 'mhev', 'phev']
[2026-07-28 14:34:06] [DEBUG   ] [chrome_api.mapper] mapper | MAZDA | SXUM85 | Searching text: 'mazda3 sport suna auto i-activ awd'
[2026-07-28 14:34:06] [DEBUG   ] [chrome_api.mapper] mapper | MAZDA | SXUM85 | No ENGINE_TYPE keyword found
[2026-07-28 14:34:06] [INFO    ] [chrome_api.mapper] mapper | MAZDA | SXUM85 | Row complete: model=Mazda3 Sport, trim=Suna Auto i-ACTIV AWD, engine_type=None
[2026-07-28 14:34:06] [INFO    ] [chrome_api.mapper] mapper | ads_response_to_rows | Mazda | Converted 8/8 trims to rows
[2026-07-28 14:34:06] [DEBUG   ] [chrome_api.service] refresh_from_ads | Mazda 2025 Mazda3 Sport | Converted 8 trims to rows
[2026-07-28 14:34:06] [DEBUG   ] [urllib3.connectionpool] https://demos.autodatasolutions.com:443 "POST /ADSDemo/api/full/ymmt/year/2025/make/Mazda/model/MX-5/ HTTP/1.1" 200 None
[2026-07-28 14:34:06] [INFO    ] [chrome_api.mapper] mapper | ads_response_to_rows | Mazda | Processing 6 trims from ADS response
[2026-07-28 14:34:06] [DEBUG   ] [chrome_api.mapper] mapper | MAZDA | L2SK65 | Extracted fields: year=2025, desc=GS Manual, trim=GS
[2026-07-28 14:34:06] [DEBUG   ] [chrome_api.mapper] mapper | MAZDA | L2SK65 | ModelName from ADS: MX-5
[2026-07-28 14:34:06] [INFO    ] [chrome_api.mapper] mapper | MAZDA | Loaded 5 ENGINE_TYPE keywords: ['bev', 'ev', 'hybrid', 'mhev', 'phev']
[2026-07-28 14:34:06] [DEBUG   ] [chrome_api.mapper] mapper | MAZDA | L2SK65 | Searching text: 'mx-5 gs manual'
[2026-07-28 14:34:06] [DEBUG   ] [chrome_api.mapper] mapper | MAZDA | L2SK65 | No ENGINE_TYPE keyword found
[2026-07-28 14:34:06] [INFO    ] [chrome_api.mapper] mapper | MAZDA | L2SK65 | Row complete: model=MX-5, trim=GS Manual, engine_type=None
[2026-07-28 14:34:06] [DEBUG   ] [chrome_api.mapper] mapper | MAZDA | L2PK65 | Extracted fields: year=2025, desc=GS-P Manual, trim=GS-P
[2026-07-28 14:34:06] [DEBUG   ] [chrome_api.mapper] mapper | MAZDA | L2PK65 | ModelName from ADS: MX-5
[2026-07-28 14:34:06] [INFO    ] [chrome_api.mapper] mapper | MAZDA | Loaded 5 ENGINE_TYPE keywords: ['bev', 'ev', 'hybrid', 'mhev', 'phev']
[2026-07-28 14:34:06] [DEBUG   ] [chrome_api.mapper] mapper | MAZDA | L2PK65 | Searching text: 'mx-5 gs-p manual'
[2026-07-28 14:34:06] [DEBUG   ] [chrome_api.mapper] mapper | MAZDA | L2PK65 | No ENGINE_TYPE keyword found
[2026-07-28 14:34:06] [INFO    ] [chrome_api.mapper] mapper | MAZDA | L2PK65 | Row complete: model=MX-5, trim=GS-P Manual, engine_type=None
[2026-07-28 14:34:06] [DEBUG   ] [chrome_api.mapper] mapper | MAZDA | L2PK85 | Extracted fields: year=2025, desc=GS-P Auto, trim=GS-P
[2026-07-28 14:34:06] [DEBUG   ] [chrome_api.mapper] mapper | MAZDA | L2PK85 | ModelName from ADS: MX-5
[2026-07-28 14:34:06] [INFO    ] [chrome_api.mapper] mapper | MAZDA | Loaded 5 ENGINE_TYPE keywords: ['bev', 'ev', 'hybrid', 'mhev', 'phev']
[2026-07-28 14:34:06] [DEBUG   ] [chrome_api.mapper] mapper | MAZDA | L2PK85 | Searching text: 'mx-5 gs-p auto'
[2026-07-28 14:34:06] [DEBUG   ] [chrome_api.mapper] mapper | MAZDA | L2PK85 | No ENGINE_TYPE keyword found
[2026-07-28 14:34:06] [INFO    ] [chrome_api.mapper] mapper | MAZDA | L2PK85 | Row complete: model=MX-5, trim=GS-P Auto, engine_type=None
[2026-07-28 14:34:06] [DEBUG   ] [chrome_api.mapper] mapper | MAZDA | L2TK65 | Extracted fields: year=2025, desc=GT Manual, trim=GT
[2026-07-28 14:34:06] [DEBUG   ] [chrome_api.mapper] mapper | MAZDA | L2TK65 | ModelName from ADS: MX-5
[2026-07-28 14:34:06] [INFO    ] [chrome_api.mapper] mapper | MAZDA | Loaded 5 ENGINE_TYPE keywords: ['bev', 'ev', 'hybrid', 'mhev', 'phev']
[2026-07-28 14:34:06] [DEBUG   ] [chrome_api.mapper] mapper | MAZDA | L2TK65 | Searching text: 'mx-5 gt manual'
[2026-07-28 14:34:06] [DEBUG   ] [chrome_api.mapper] mapper | MAZDA | L2TK65 | No ENGINE_TYPE keyword found
[2026-07-28 14:34:06] [INFO    ] [chrome_api.mapper] mapper | MAZDA | L2TK65 | Row complete: model=MX-5, trim=GT Manual, engine_type=None
[2026-07-28 14:34:06] [DEBUG   ] [chrome_api.mapper] mapper | MAZDA | L2TK85 | Extracted fields: year=2025, desc=GT Auto, trim=GT
[2026-07-28 14:34:06] [DEBUG   ] [chrome_api.mapper] mapper | MAZDA | L2TK85 | ModelName from ADS: MX-5
[2026-07-28 14:34:06] [INFO    ] [chrome_api.mapper] mapper | MAZDA | Loaded 5 ENGINE_TYPE keywords: ['bev', 'ev', 'hybrid', 'mhev', 'phev']
[2026-07-28 14:34:06] [DEBUG   ] [chrome_api.mapper] mapper | MAZDA | L2TK85 | Searching text: 'mx-5 gt auto'
[2026-07-28 14:34:06] [DEBUG   ] [chrome_api.mapper] mapper | MAZDA | L2TK85 | No ENGINE_TYPE keyword found
[2026-07-28 14:34:06] [INFO    ] [chrome_api.mapper] mapper | MAZDA | L2TK85 | Row complete: model=MX-5, trim=GT Auto, engine_type=None
[2026-07-28 14:34:06] [DEBUG   ] [chrome_api.mapper] mapper | MAZDA | L2EK65 | Extracted fields: year=2025, desc=35th Anniversary Edition Manual, trim=35th Anniversary Edition
[2026-07-28 14:34:06] [DEBUG   ] [chrome_api.mapper] mapper | MAZDA | L2EK65 | ModelName from ADS: MX-5
[2026-07-28 14:34:06] [INFO    ] [chrome_api.mapper] mapper | MAZDA | Loaded 5 ENGINE_TYPE keywords: ['bev', 'ev', 'hybrid', 'mhev', 'phev']
[2026-07-28 14:34:06] [DEBUG   ] [chrome_api.mapper] mapper | MAZDA | L2EK65 | Searching text: 'mx-5 35th anniversary edition manual'
[2026-07-28 14:34:06] [DEBUG   ] [chrome_api.mapper] mapper | MAZDA | L2EK65 | No ENGINE_TYPE keyword found
[2026-07-28 14:34:06] [INFO    ] [chrome_api.mapper] mapper | MAZDA | L2EK65 | Row complete: model=MX-5, trim=35th Anniversary Edition Manual, engine_type=None
[2026-07-28 14:34:06] [INFO    ] [chrome_api.mapper] mapper | ads_response_to_rows | Mazda | Converted 6/6 trims to rows
[2026-07-28 14:34:06] [DEBUG   ] [chrome_api.service] refresh_from_ads | Mazda 2025 MX-5 | Converted 6 trims to rows
[2026-07-28 14:34:07] [DEBUG   ] [urllib3.connectionpool] https://demos.autodatasolutions.com:443 "POST /ADSDemo/api/full/ymmt/year/2025/make/Mazda/model/MX-5%20RF/ HTTP/1.1" 200 None
[2026-07-28 14:34:07] [INFO    ] [chrome_api.mapper] mapper | ads_response_to_rows | Mazda | Processing 4 trims from ADS response
[2026-07-28 14:34:07] [DEBUG   ] [chrome_api.mapper] mapper | MAZDA | L3PK65 | Extracted fields: year=2025, desc=GS-P Manual, trim=GS-P
[2026-07-28 14:34:07] [DEBUG   ] [chrome_api.mapper] mapper | MAZDA | L3PK65 | ModelName from ADS: MX-5 RF
[2026-07-28 14:34:07] [INFO    ] [chrome_api.mapper] mapper | MAZDA | Loaded 5 ENGINE_TYPE keywords: ['bev', 'ev', 'hybrid', 'mhev', 'phev']
[2026-07-28 14:34:07] [DEBUG   ] [chrome_api.mapper] mapper | MAZDA | L3PK65 | Searching text: 'mx-5 rf gs-p manual'
[2026-07-28 14:34:07] [DEBUG   ] [chrome_api.mapper] mapper | MAZDA | L3PK65 | No ENGINE_TYPE keyword found
[2026-07-28 14:34:07] [INFO    ] [chrome_api.mapper] mapper | MAZDA | L3PK65 | Row complete: model=MX-5 RF, trim=GS-P Manual, engine_type=None
[2026-07-28 14:34:07] [DEBUG   ] [chrome_api.mapper] mapper | MAZDA | L3PK85 | Extracted fields: year=2025, desc=GS-P Auto, trim=GS-P
[2026-07-28 14:34:07] [DEBUG   ] [chrome_api.mapper] mapper | MAZDA | L3PK85 | ModelName from ADS: MX-5 RF
[2026-07-28 14:34:07] [INFO    ] [chrome_api.mapper] mapper | MAZDA | Loaded 5 ENGINE_TYPE keywords: ['bev', 'ev', 'hybrid', 'mhev', 'phev']
[2026-07-28 14:34:07] [DEBUG   ] [chrome_api.mapper] mapper | MAZDA | L3PK85 | Searching text: 'mx-5 rf gs-p auto'
[2026-07-28 14:34:07] [DEBUG   ] [chrome_api.mapper] mapper | MAZDA | L3PK85 | No ENGINE_TYPE keyword found
[2026-07-28 14:34:07] [INFO    ] [chrome_api.mapper] mapper | MAZDA | L3PK85 | Row complete: model=MX-5 RF, trim=GS-P Auto, engine_type=None
[2026-07-28 14:34:07] [DEBUG   ] [chrome_api.mapper] mapper | MAZDA | L3TK65 | Extracted fields: year=2025, desc=GT Manual, trim=GT
[2026-07-28 14:34:07] [DEBUG   ] [chrome_api.mapper] mapper | MAZDA | L3TK65 | ModelName from ADS: MX-5 RF
[2026-07-28 14:34:07] [INFO    ] [chrome_api.mapper] mapper | MAZDA | Loaded 5 ENGINE_TYPE keywords: ['bev', 'ev', 'hybrid', 'mhev', 'phev']
[2026-07-28 14:34:07] [DEBUG   ] [chrome_api.mapper] mapper | MAZDA | L3TK65 | Searching text: 'mx-5 rf gt manual'
[2026-07-28 14:34:07] [DEBUG   ] [chrome_api.mapper] mapper | MAZDA | L3TK65 | No ENGINE_TYPE keyword found
[2026-07-28 14:34:07] [INFO    ] [chrome_api.mapper] mapper | MAZDA | L3TK65 | Row complete: model=MX-5 RF, trim=GT Manual, engine_type=None
[2026-07-28 14:34:07] [DEBUG   ] [chrome_api.mapper] mapper | MAZDA | L3TK85 | Extracted fields: year=2025, desc=GT Auto, trim=GT
[2026-07-28 14:34:07] [DEBUG   ] [chrome_api.mapper] mapper | MAZDA | L3TK85 | ModelName from ADS: MX-5 RF
[2026-07-28 14:34:07] [INFO    ] [chrome_api.mapper] mapper | MAZDA | Loaded 5 ENGINE_TYPE keywords: ['bev', 'ev', 'hybrid', 'mhev', 'phev']
[2026-07-28 14:34:07] [DEBUG   ] [chrome_api.mapper] mapper | MAZDA | L3TK85 | Searching text: 'mx-5 rf gt auto'
[2026-07-28 14:34:07] [DEBUG   ] [chrome_api.mapper] mapper | MAZDA | L3TK85 | No ENGINE_TYPE keyword found
[2026-07-28 14:34:07] [INFO    ] [chrome_api.mapper] mapper | MAZDA | L3TK85 | Row complete: model=MX-5 RF, trim=GT Auto, engine_type=None
[2026-07-28 14:34:07] [INFO    ] [chrome_api.mapper] mapper | ads_response_to_rows | Mazda | Converted 4/4 trims to rows
[2026-07-28 14:34:07] [DEBUG   ] [chrome_api.service] refresh_from_ads | Mazda 2025 MX-5 RF | Converted 4 trims to rows
[2026-07-28 14:34:07] [DEBUG   ] [urllib3.connectionpool] https://demos.autodatasolutions.com:443 "GET /ADSDemo/api/ymmt/models/make/Mazda/year/2026/country/CA/language/en?sort=ASC HTTP/1.1" 200 None
[2026-07-28 14:34:08] [DEBUG   ] [urllib3.connectionpool] https://demos.autodatasolutions.com:443 "POST /ADSDemo/api/full/ymmt/year/2026/make/Mazda/model/CX-30/ HTTP/1.1" 200 None
[2026-07-28 14:34:08] [INFO    ] [chrome_api.mapper] mapper | ads_response_to_rows | Mazda | Processing 4 trims from ADS response
[2026-07-28 14:34:08] [DEBUG   ] [chrome_api.mapper] mapper | MAZDA | ZXXL86 | Extracted fields: year=2026, desc=GX AWD, trim=GX
[2026-07-28 14:34:08] [DEBUG   ] [chrome_api.mapper] mapper | MAZDA | ZXXL86 | ModelName from ADS: CX-30
[2026-07-28 14:34:08] [INFO    ] [chrome_api.mapper] mapper | MAZDA | Loaded 5 ENGINE_TYPE keywords: ['bev', 'ev', 'hybrid', 'mhev', 'phev']
[2026-07-28 14:34:08] [DEBUG   ] [chrome_api.mapper] mapper | MAZDA | ZXXL86 | Searching text: 'cx-30 gx awd'
[2026-07-28 14:34:08] [DEBUG   ] [chrome_api.mapper] mapper | MAZDA | ZXXL86 | No ENGINE_TYPE keyword found
[2026-07-28 14:34:08] [INFO    ] [chrome_api.mapper] mapper | MAZDA | ZXXL86 | Row complete: model=CX-30, trim=GX AWD, engine_type=None
[2026-07-28 14:34:08] [DEBUG   ] [chrome_api.mapper] mapper | MAZDA | ZXSL86 | Extracted fields: year=2026, desc=GS AWD, trim=GS
[2026-07-28 14:34:08] [DEBUG   ] [chrome_api.mapper] mapper | MAZDA | ZXSL86 | ModelName from ADS: CX-30
[2026-07-28 14:34:08] [INFO    ] [chrome_api.mapper] mapper | MAZDA | Loaded 5 ENGINE_TYPE keywords: ['bev', 'ev', 'hybrid', 'mhev', 'phev']
[2026-07-28 14:34:08] [DEBUG   ] [chrome_api.mapper] mapper | MAZDA | ZXSL86 | Searching text: 'cx-30 gs awd'
[2026-07-28 14:34:08] [DEBUG   ] [chrome_api.mapper] mapper | MAZDA | ZXSL86 | No ENGINE_TYPE keyword found
[2026-07-28 14:34:08] [INFO    ] [chrome_api.mapper] mapper | MAZDA | ZXSL86 | Row complete: model=CX-30, trim=GS AWD, engine_type=None
[2026-07-28 14:34:08] [DEBUG   ] [chrome_api.mapper] mapper | MAZDA | ZXTL86 | Extracted fields: year=2026, desc=GT AWD, trim=GT
[2026-07-28 14:34:08] [DEBUG   ] [chrome_api.mapper] mapper | MAZDA | ZXTL86 | ModelName from ADS: CX-30
[2026-07-28 14:34:08] [INFO    ] [chrome_api.mapper] mapper | MAZDA | Loaded 5 ENGINE_TYPE keywords: ['bev', 'ev', 'hybrid', 'mhev', 'phev']
[2026-07-28 14:34:08] [DEBUG   ] [chrome_api.mapper] mapper | MAZDA | ZXTL86 | Searching text: 'cx-30 gt awd'
[2026-07-28 14:34:08] [DEBUG   ] [chrome_api.mapper] mapper | MAZDA | ZXTL86 | No ENGINE_TYPE keyword found
[2026-07-28 14:34:08] [INFO    ] [chrome_api.mapper] mapper | MAZDA | ZXTL86 | Row complete: model=CX-30, trim=GT AWD, engine_type=None
[2026-07-28 14:34:08] [DEBUG   ] [chrome_api.mapper] mapper | MAZDA | ZXTM86 | Extracted fields: year=2026, desc=GT w/Turbo AWD, trim=GT w/Turbo
[2026-07-28 14:34:08] [DEBUG   ] [chrome_api.mapper] mapper | MAZDA | ZXTM86 | ModelName from ADS: CX-30
[2026-07-28 14:34:08] [INFO    ] [chrome_api.mapper] mapper | MAZDA | Loaded 5 ENGINE_TYPE keywords: ['bev', 'ev', 'hybrid', 'mhev', 'phev']
[2026-07-28 14:34:08] [DEBUG   ] [chrome_api.mapper] mapper | MAZDA | ZXTM86 | Searching text: 'cx-30 gt w/turbo awd'
[2026-07-28 14:34:08] [DEBUG   ] [chrome_api.mapper] mapper | MAZDA | ZXTM86 | No ENGINE_TYPE keyword found
[2026-07-28 14:34:08] [INFO    ] [chrome_api.mapper] mapper | MAZDA | ZXTM86 | Row complete: model=CX-30, trim=GT w/Turbo AWD, engine_type=None
[2026-07-28 14:34:08] [INFO    ] [chrome_api.mapper] mapper | ads_response_to_rows | Mazda | Converted 4/4 trims to rows
[2026-07-28 14:34:08] [DEBUG   ] [chrome_api.service] refresh_from_ads | Mazda 2026 CX-30 | Converted 4 trims to rows
[2026-07-28 14:34:08] [DEBUG   ] [urllib3.connectionpool] https://demos.autodatasolutions.com:443 "POST /ADSDemo/api/full/ymmt/year/2026/make/Mazda/model/CX-5/ HTTP/1.1" 200 None
[2026-07-28 14:34:09] [INFO    ] [chrome_api.mapper] mapper | ads_response_to_rows | Mazda | Processing 3 trims from ADS response
[2026-07-28 14:34:09] [DEBUG   ] [chrome_api.mapper] mapper | MAZDA | NXXL86 | Extracted fields: year=2026, desc=GX AWD, trim=GX
[2026-07-28 14:34:09] [DEBUG   ] [chrome_api.mapper] mapper | MAZDA | NXXL86 | ModelName from ADS: CX-5
[2026-07-28 14:34:09] [INFO    ] [chrome_api.mapper] mapper | MAZDA | Loaded 5 ENGINE_TYPE keywords: ['bev', 'ev', 'hybrid', 'mhev', 'phev']
[2026-07-28 14:34:09] [DEBUG   ] [chrome_api.mapper] mapper | MAZDA | NXXL86 | Searching text: 'cx-5 gx awd'
[2026-07-28 14:34:09] [DEBUG   ] [chrome_api.mapper] mapper | MAZDA | NXXL86 | No ENGINE_TYPE keyword found
[2026-07-28 14:34:09] [INFO    ] [chrome_api.mapper] mapper | MAZDA | NXXL86 | Row complete: model=CX-5, trim=GX AWD, engine_type=None
[2026-07-28 14:34:09] [DEBUG   ] [chrome_api.mapper] mapper | MAZDA | NXSL86 | Extracted fields: year=2026, desc=GS AWD, trim=GS
[2026-07-28 14:34:09] [DEBUG   ] [chrome_api.mapper] mapper | MAZDA | NXSL86 | ModelName from ADS: CX-5
[2026-07-28 14:34:09] [INFO    ] [chrome_api.mapper] mapper | MAZDA | Loaded 5 ENGINE_TYPE keywords: ['bev', 'ev', 'hybrid', 'mhev', 'phev']
[2026-07-28 14:34:09] [DEBUG   ] [chrome_api.mapper] mapper | MAZDA | NXSL86 | Searching text: 'cx-5 gs awd'
[2026-07-28 14:34:09] [DEBUG   ] [chrome_api.mapper] mapper | MAZDA | NXSL86 | No ENGINE_TYPE keyword found
[2026-07-28 14:34:09] [INFO    ] [chrome_api.mapper] mapper | MAZDA | NXSL86 | Row complete: model=CX-5, trim=GS AWD, engine_type=None
[2026-07-28 14:34:09] [DEBUG   ] [chrome_api.mapper] mapper | MAZDA | NXTL86 | Extracted fields: year=2026, desc=GT AWD, trim=GT
[2026-07-28 14:34:09] [DEBUG   ] [chrome_api.mapper] mapper | MAZDA | NXTL86 | ModelName from ADS: CX-5
[2026-07-28 14:34:09] [INFO    ] [chrome_api.mapper] mapper | MAZDA | Loaded 5 ENGINE_TYPE keywords: ['bev', 'ev', 'hybrid', 'mhev', 'phev']
[2026-07-28 14:34:09] [DEBUG   ] [chrome_api.mapper] mapper | MAZDA | NXTL86 | Searching text: 'cx-5 gt awd'
[2026-07-28 14:34:09] [DEBUG   ] [chrome_api.mapper] mapper | MAZDA | NXTL86 | No ENGINE_TYPE keyword found
[2026-07-28 14:34:09] [INFO    ] [chrome_api.mapper] mapper | MAZDA | NXTL86 | Row complete: model=CX-5, trim=GT AWD, engine_type=None
[2026-07-28 14:34:09] [INFO    ] [chrome_api.mapper] mapper | ads_response_to_rows | Mazda | Converted 3/3 trims to rows
[2026-07-28 14:34:09] [DEBUG   ] [chrome_api.service] refresh_from_ads | Mazda 2026 CX-5 | Converted 3 trims to rows
[2026-07-28 14:34:09] [DEBUG   ] [urllib3.connectionpool] https://demos.autodatasolutions.com:443 "POST /ADSDemo/api/full/ymmt/year/2026/make/Mazda/model/CX-70%20MHEV/ HTTP/1.1" 200 None
[2026-07-28 14:34:09] [INFO    ] [chrome_api.mapper] mapper | ads_response_to_rows | Mazda | Processing 4 trims from ADS response
[2026-07-28 14:34:09] [DEBUG   ] [chrome_api.mapper] mapper | MAZDA | XXLF86 | Extracted fields: year=2026, desc=GS-L AWD, trim=GS-L
[2026-07-28 14:34:09] [DEBUG   ] [chrome_api.mapper] mapper | MAZDA | XXLF86 | ModelName from ADS: CX-70 MHEV
[2026-07-28 14:34:09] [INFO    ] [chrome_api.mapper] mapper | MAZDA | Loaded 5 ENGINE_TYPE keywords: ['bev', 'ev', 'hybrid', 'mhev', 'phev']
[2026-07-28 14:34:09] [DEBUG   ] [chrome_api.mapper] mapper | MAZDA | XXLF86 | Searching text: 'cx-70 mhev gs-l awd'
[2026-07-28 14:34:09] [DEBUG   ] [chrome_api.mapper] mapper | MAZDA | XXLF86 | Found keyword 'ev' in 'CX-70 MHEV GS-L AWD'
[2026-07-28 14:34:09] [WARNING ] [chrome_api.mapper] mapper | MAZDA | XXLF86 | Keyword 'ev' found but NOT in translator. Returning keyword as-is.
[2026-07-28 14:34:09] [INFO    ] [chrome_api.mapper] mapper | MAZDA | XXLF86 | Row complete: model=CX-70 MHEV, trim=GS-L AWD, engine_type=ev
[2026-07-28 14:34:09] [DEBUG   ] [chrome_api.mapper] mapper | MAZDA | XXTF86 | Extracted fields: year=2026, desc=GT AWD, trim=GT
[2026-07-28 14:34:09] [DEBUG   ] [chrome_api.mapper] mapper | MAZDA | XXTF86 | ModelName from ADS: CX-70 MHEV
[2026-07-28 14:34:09] [INFO    ] [chrome_api.mapper] mapper | MAZDA | Loaded 5 ENGINE_TYPE keywords: ['bev', 'ev', 'hybrid', 'mhev', 'phev']
[2026-07-28 14:34:09] [DEBUG   ] [chrome_api.mapper] mapper | MAZDA | XXTF86 | Searching text: 'cx-70 mhev gt awd'
[2026-07-28 14:34:09] [DEBUG   ] [chrome_api.mapper] mapper | MAZDA | XXTF86 | Found keyword 'ev' in 'CX-70 MHEV GT AWD'
[2026-07-28 14:34:09] [WARNING ] [chrome_api.mapper] mapper | MAZDA | XXTF86 | Keyword 'ev' found but NOT in translator. Returning keyword as-is.
[2026-07-28 14:34:09] [INFO    ] [chrome_api.mapper] mapper | MAZDA | XXTF86 | Row complete: model=CX-70 MHEV, trim=GT AWD, engine_type=ev
[2026-07-28 14:34:09] [DEBUG   ] [chrome_api.mapper] mapper | MAZDA | XXPG86 | Extracted fields: year=2026, desc=GT-P AWD, trim=GT-P
[2026-07-28 14:34:09] [DEBUG   ] [chrome_api.mapper] mapper | MAZDA | XXPG86 | ModelName from ADS: CX-70 MHEV
[2026-07-28 14:34:09] [INFO    ] [chrome_api.mapper] mapper | MAZDA | Loaded 5 ENGINE_TYPE keywords: ['bev', 'ev', 'hybrid', 'mhev', 'phev']
[2026-07-28 14:34:09] [DEBUG   ] [chrome_api.mapper] mapper | MAZDA | XXPG86 | Searching text: 'cx-70 mhev gt-p awd'
[2026-07-28 14:34:09] [DEBUG   ] [chrome_api.mapper] mapper | MAZDA | XXPG86 | Found keyword 'ev' in 'CX-70 MHEV GT-P AWD'
[2026-07-28 14:34:09] [WARNING ] [chrome_api.mapper] mapper | MAZDA | XXPG86 | Keyword 'ev' found but NOT in translator. Returning keyword as-is.
[2026-07-28 14:34:09] [INFO    ] [chrome_api.mapper] mapper | MAZDA | XXPG86 | Row complete: model=CX-70 MHEV, trim=GT-P AWD, engine_type=ev
[2026-07-28 14:34:09] [DEBUG   ] [chrome_api.mapper] mapper | MAZDA | XXKG86 | Extracted fields: year=2026, desc=Signature AWD, trim=Signature
[2026-07-28 14:34:09] [DEBUG   ] [chrome_api.mapper] mapper | MAZDA | XXKG86 | ModelName from ADS: CX-70 MHEV
[2026-07-28 14:34:09] [INFO    ] [chrome_api.mapper] mapper | MAZDA | Loaded 5 ENGINE_TYPE keywords: ['bev', 'ev', 'hybrid', 'mhev', 'phev']
[2026-07-28 14:34:09] [DEBUG   ] [chrome_api.mapper] mapper | MAZDA | XXKG86 | Searching text: 'cx-70 mhev signature awd'
[2026-07-28 14:34:09] [DEBUG   ] [chrome_api.mapper] mapper | MAZDA | XXKG86 | Found keyword 'ev' in 'CX-70 MHEV Signature AWD'
[2026-07-28 14:34:09] [WARNING ] [chrome_api.mapper] mapper | MAZDA | XXKG86 | Keyword 'ev' found but NOT in translator. Returning keyword as-is.
[2026-07-28 14:34:09] [INFO    ] [chrome_api.mapper] mapper | MAZDA | XXKG86 | Row complete: model=CX-70 MHEV, trim=Signature AWD, engine_type=ev
[2026-07-28 14:34:09] [INFO    ] [chrome_api.mapper] mapper | ads_response_to_rows | Mazda | Converted 4/4 trims to rows
[2026-07-28 14:34:09] [DEBUG   ] [chrome_api.service] refresh_from_ads | Mazda 2026 CX-70 MHEV | Converted 4 trims to rows
[2026-07-28 14:34:10] [DEBUG   ] [urllib3.connectionpool] https://demos.autodatasolutions.com:443 "POST /ADSDemo/api/full/ymmt/year/2026/make/Mazda/model/CX-70%20PHEV/ HTTP/1.1" 200 None
[2026-07-28 14:34:10] [INFO    ] [chrome_api.mapper] mapper | ads_response_to_rows | Mazda | Processing 4 trims from ADS response
[2026-07-28 14:34:10] [DEBUG   ] [chrome_api.mapper] mapper | MAZDA | YXTP86 | Extracted fields: year=2026, desc=GT AWD, trim=GT
[2026-07-28 14:34:10] [DEBUG   ] [chrome_api.mapper] mapper | MAZDA | YXTP86 | ModelName from ADS: CX-70 PHEV
[2026-07-28 14:34:10] [INFO    ] [chrome_api.mapper] mapper | MAZDA | Loaded 5 ENGINE_TYPE keywords: ['bev', 'ev', 'hybrid', 'mhev', 'phev']
[2026-07-28 14:34:10] [DEBUG   ] [chrome_api.mapper] mapper | MAZDA | YXTP86 | Searching text: 'cx-70 phev gt awd'
[2026-07-28 14:34:10] [DEBUG   ] [chrome_api.mapper] mapper | MAZDA | YXTP86 | Found keyword 'ev' in 'CX-70 PHEV GT AWD'
[2026-07-28 14:34:10] [WARNING ] [chrome_api.mapper] mapper | MAZDA | YXTP86 | Keyword 'ev' found but NOT in translator. Returning keyword as-is.
[2026-07-28 14:34:10] [INFO    ] [chrome_api.mapper] mapper | MAZDA | YXTP86 | Row complete: model=CX-70 PHEV, trim=GT AWD, engine_type=ev
[2026-07-28 14:34:10] [DEBUG   ] [chrome_api.mapper] mapper | MAZDA | YXCP86 | Extracted fields: year=2026, desc=GS SC AWD, trim=GS SC
[2026-07-28 14:34:10] [DEBUG   ] [chrome_api.mapper] mapper | MAZDA | YXCP86 | ModelName from ADS: CX-70 PHEV
[2026-07-28 14:34:10] [INFO    ] [chrome_api.mapper] mapper | MAZDA | Loaded 5 ENGINE_TYPE keywords: ['bev', 'ev', 'hybrid', 'mhev', 'phev']
[2026-07-28 14:34:10] [DEBUG   ] [chrome_api.mapper] mapper | MAZDA | YXCP86 | Searching text: 'cx-70 phev gs sc awd'
[2026-07-28 14:34:10] [DEBUG   ] [chrome_api.mapper] mapper | MAZDA | YXCP86 | Found keyword 'ev' in 'CX-70 PHEV GS SC AWD'
[2026-07-28 14:34:10] [WARNING ] [chrome_api.mapper] mapper | MAZDA | YXCP86 | Keyword 'ev' found but NOT in translator. Returning keyword as-is.
[2026-07-28 14:34:10] [INFO    ] [chrome_api.mapper] mapper | MAZDA | YXCP86 | Row complete: model=CX-70 PHEV, trim=GS SC AWD, engine_type=ev
[2026-07-28 14:34:10] [DEBUG   ] [chrome_api.mapper] mapper | MAZDA | YXHP86 | Extracted fields: year=2026, desc=GS-L SC AWD, trim=GS-L SC
[2026-07-28 14:34:10] [DEBUG   ] [chrome_api.mapper] mapper | MAZDA | YXHP86 | ModelName from ADS: CX-70 PHEV
[2026-07-28 14:34:10] [INFO    ] [chrome_api.mapper] mapper | MAZDA | Loaded 5 ENGINE_TYPE keywords: ['bev', 'ev', 'hybrid', 'mhev', 'phev']
[2026-07-28 14:34:10] [DEBUG   ] [chrome_api.mapper] mapper | MAZDA | YXHP86 | Searching text: 'cx-70 phev gs-l sc awd'
[2026-07-28 14:34:10] [DEBUG   ] [chrome_api.mapper] mapper | MAZDA | YXHP86 | Found keyword 'ev' in 'CX-70 PHEV GS-L SC AWD'
[2026-07-28 14:34:10] [WARNING ] [chrome_api.mapper] mapper | MAZDA | YXHP86 | Keyword 'ev' found but NOT in translator. Returning keyword as-is.
[2026-07-28 14:34:10] [INFO    ] [chrome_api.mapper] mapper | MAZDA | YXHP86 | Row complete: model=CX-70 PHEV, trim=GS-L SC AWD, engine_type=ev
[2026-07-28 14:34:10] [DEBUG   ] [chrome_api.mapper] mapper | MAZDA | YXKP86 | Extracted fields: year=2026, desc=Signature AWD, trim=Signature
[2026-07-28 14:34:10] [DEBUG   ] [chrome_api.mapper] mapper | MAZDA | YXKP86 | ModelName from ADS: CX-70 PHEV
[2026-07-28 14:34:10] [INFO    ] [chrome_api.mapper] mapper | MAZDA | Loaded 5 ENGINE_TYPE keywords: ['bev', 'ev', 'hybrid', 'mhev', 'phev']
[2026-07-28 14:34:10] [DEBUG   ] [chrome_api.mapper] mapper | MAZDA | YXKP86 | Searching text: 'cx-70 phev signature awd'
[2026-07-28 14:34:10] [DEBUG   ] [chrome_api.mapper] mapper | MAZDA | YXKP86 | Found keyword 'ev' in 'CX-70 PHEV Signature AWD'
[2026-07-28 14:34:10] [WARNING ] [chrome_api.mapper] mapper | MAZDA | YXKP86 | Keyword 'ev' found but NOT in translator. Returning keyword as-is.
[2026-07-28 14:34:10] [INFO    ] [chrome_api.mapper] mapper | MAZDA | YXKP86 | Row complete: model=CX-70 PHEV, trim=Signature AWD, engine_type=ev
[2026-07-28 14:34:10] [INFO    ] [chrome_api.mapper] mapper | ads_response_to_rows | Mazda | Converted 4/4 trims to rows
[2026-07-28 14:34:10] [DEBUG   ] [chrome_api.service] refresh_from_ads | Mazda 2026 CX-70 PHEV | Converted 4 trims to rows
[2026-07-28 14:34:10] [DEBUG   ] [urllib3.connectionpool] https://demos.autodatasolutions.com:443 "POST /ADSDemo/api/full/ymmt/year/2026/make/Mazda/model/CX-90%20MHEV/ HTTP/1.1" 200 None
[2026-07-28 14:34:11] [INFO    ] [chrome_api.mapper] mapper | ads_response_to_rows | Mazda | Processing 5 trims from ADS response
[2026-07-28 14:34:11] [DEBUG   ] [chrome_api.mapper] mapper | MAZDA | WXSF86 | Extracted fields: year=2026, desc=GS AWD, trim=GS
[2026-07-28 14:34:11] [DEBUG   ] [chrome_api.mapper] mapper | MAZDA | WXSF86 | ModelName from ADS: CX-90 MHEV
[2026-07-28 14:34:11] [INFO    ] [chrome_api.mapper] mapper | MAZDA | Loaded 5 ENGINE_TYPE keywords: ['bev', 'ev', 'hybrid', 'mhev', 'phev']
[2026-07-28 14:34:11] [DEBUG   ] [chrome_api.mapper] mapper | MAZDA | WXSF86 | Searching text: 'cx-90 mhev gs awd'
[2026-07-28 14:34:11] [DEBUG   ] [chrome_api.mapper] mapper | MAZDA | WXSF86 | Found keyword 'ev' in 'CX-90 MHEV GS AWD'
[2026-07-28 14:34:11] [WARNING ] [chrome_api.mapper] mapper | MAZDA | WXSF86 | Keyword 'ev' found but NOT in translator. Returning keyword as-is.
[2026-07-28 14:34:11] [INFO    ] [chrome_api.mapper] mapper | MAZDA | WXSF86 | Row complete: model=CX-90 MHEV, trim=GS AWD, engine_type=ev
[2026-07-28 14:34:11] [DEBUG   ] [chrome_api.mapper] mapper | MAZDA | WXLF86 | Extracted fields: year=2026, desc=GS-L AWD, trim=GS-L
[2026-07-28 14:34:11] [DEBUG   ] [chrome_api.mapper] mapper | MAZDA | WXLF86 | ModelName from ADS: CX-90 MHEV
[2026-07-28 14:34:11] [INFO    ] [chrome_api.mapper] mapper | MAZDA | Loaded 5 ENGINE_TYPE keywords: ['bev', 'ev', 'hybrid', 'mhev', 'phev']
[2026-07-28 14:34:11] [DEBUG   ] [chrome_api.mapper] mapper | MAZDA | WXLF86 | Searching text: 'cx-90 mhev gs-l awd'
[2026-07-28 14:34:11] [DEBUG   ] [chrome_api.mapper] mapper | MAZDA | WXLF86 | Found keyword 'ev' in 'CX-90 MHEV GS-L AWD'
[2026-07-28 14:34:11] [WARNING ] [chrome_api.mapper] mapper | MAZDA | WXLF86 | Keyword 'ev' found but NOT in translator. Returning keyword as-is.
[2026-07-28 14:34:11] [INFO    ] [chrome_api.mapper] mapper | MAZDA | WXLF86 | Row complete: model=CX-90 MHEV, trim=GS-L AWD, engine_type=ev
[2026-07-28 14:34:11] [DEBUG   ] [chrome_api.mapper] mapper | MAZDA | WXTF86 | Extracted fields: year=2026, desc=GT AWD, trim=GT
[2026-07-28 14:34:11] [DEBUG   ] [chrome_api.mapper] mapper | MAZDA | WXTF86 | ModelName from ADS: CX-90 MHEV
[2026-07-28 14:34:11] [INFO    ] [chrome_api.mapper] mapper | MAZDA | Loaded 5 ENGINE_TYPE keywords: ['bev', 'ev', 'hybrid', 'mhev', 'phev']
[2026-07-28 14:34:11] [DEBUG   ] [chrome_api.mapper] mapper | MAZDA | WXTF86 | Searching text: 'cx-90 mhev gt awd'
[2026-07-28 14:34:11] [DEBUG   ] [chrome_api.mapper] mapper | MAZDA | WXTF86 | Found keyword 'ev' in 'CX-90 MHEV GT AWD'
[2026-07-28 14:34:11] [WARNING ] [chrome_api.mapper] mapper | MAZDA | WXTF86 | Keyword 'ev' found but NOT in translator. Returning keyword as-is.
[2026-07-28 14:34:11] [INFO    ] [chrome_api.mapper] mapper | MAZDA | WXTF86 | Row complete: model=CX-90 MHEV, trim=GT AWD, engine_type=ev
[2026-07-28 14:34:11] [DEBUG   ] [chrome_api.mapper] mapper | MAZDA | WXPG86 | Extracted fields: year=2026, desc=GT-P AWD, trim=GT-P
[2026-07-28 14:34:11] [DEBUG   ] [chrome_api.mapper] mapper | MAZDA | WXPG86 | ModelName from ADS: CX-90 MHEV
[2026-07-28 14:34:11] [INFO    ] [chrome_api.mapper] mapper | MAZDA | Loaded 5 ENGINE_TYPE keywords: ['bev', 'ev', 'hybrid', 'mhev', 'phev']
[2026-07-28 14:34:11] [DEBUG   ] [chrome_api.mapper] mapper | MAZDA | WXPG86 | Searching text: 'cx-90 mhev gt-p awd'
[2026-07-28 14:34:11] [DEBUG   ] [chrome_api.mapper] mapper | MAZDA | WXPG86 | Found keyword 'ev' in 'CX-90 MHEV GT-P AWD'
[2026-07-28 14:34:11] [WARNING ] [chrome_api.mapper] mapper | MAZDA | WXPG86 | Keyword 'ev' found but NOT in translator. Returning keyword as-is.
[2026-07-28 14:34:11] [INFO    ] [chrome_api.mapper] mapper | MAZDA | WXPG86 | Row complete: model=CX-90 MHEV, trim=GT-P AWD, engine_type=ev
[2026-07-28 14:34:11] [DEBUG   ] [chrome_api.mapper] mapper | MAZDA | WXKG86 | Extracted fields: year=2026, desc=Signature AWD, trim=Signature
[2026-07-28 14:34:11] [DEBUG   ] [chrome_api.mapper] mapper | MAZDA | WXKG86 | ModelName from ADS: CX-90 MHEV
[2026-07-28 14:34:11] [INFO    ] [chrome_api.mapper] mapper | MAZDA | Loaded 5 ENGINE_TYPE keywords: ['bev', 'ev', 'hybrid', 'mhev', 'phev']
[2026-07-28 14:34:11] [DEBUG   ] [chrome_api.mapper] mapper | MAZDA | WXKG86 | Searching text: 'cx-90 mhev signature awd'
[2026-07-28 14:34:11] [DEBUG   ] [chrome_api.mapper] mapper | MAZDA | WXKG86 | Found keyword 'ev' in 'CX-90 MHEV Signature AWD'
[2026-07-28 14:34:11] [WARNING ] [chrome_api.mapper] mapper | MAZDA | WXKG86 | Keyword 'ev' found but NOT in translator. Returning keyword as-is.
[2026-07-28 14:34:11] [INFO    ] [chrome_api.mapper] mapper | MAZDA | WXKG86 | Row complete: model=CX-90 MHEV, trim=Signature AWD, engine_type=ev
[2026-07-28 14:34:11] [INFO    ] [chrome_api.mapper] mapper | ads_response_to_rows | Mazda | Converted 5/5 trims to rows
[2026-07-28 14:34:11] [DEBUG   ] [chrome_api.service] refresh_from_ads | Mazda 2026 CX-90 MHEV | Converted 5 trims to rows
[2026-07-28 14:34:11] [DEBUG   ] [urllib3.connectionpool] https://demos.autodatasolutions.com:443 "POST /ADSDemo/api/full/ymmt/year/2026/make/Mazda/model/CX-90%20PHEV/ HTTP/1.1" 200 None
[2026-07-28 14:34:11] [INFO    ] [chrome_api.mapper] mapper | ads_response_to_rows | Mazda | Processing 4 trims from ADS response
[2026-07-28 14:34:11] [DEBUG   ] [chrome_api.mapper] mapper | MAZDA | VXSP86 | Extracted fields: year=2026, desc=GS AWD, trim=GS
[2026-07-28 14:34:11] [DEBUG   ] [chrome_api.mapper] mapper | MAZDA | VXSP86 | ModelName from ADS: CX-90 PHEV
[2026-07-28 14:34:11] [INFO    ] [chrome_api.mapper] mapper | MAZDA | Loaded 5 ENGINE_TYPE keywords: ['bev', 'ev', 'hybrid', 'mhev', 'phev']
[2026-07-28 14:34:11] [DEBUG   ] [chrome_api.mapper] mapper | MAZDA | VXSP86 | Searching text: 'cx-90 phev gs awd'
[2026-07-28 14:34:11] [DEBUG   ] [chrome_api.mapper] mapper | MAZDA | VXSP86 | Found keyword 'ev' in 'CX-90 PHEV GS AWD'
[2026-07-28 14:34:11] [WARNING ] [chrome_api.mapper] mapper | MAZDA | VXSP86 | Keyword 'ev' found but NOT in translator. Returning keyword as-is.
[2026-07-28 14:34:11] [INFO    ] [chrome_api.mapper] mapper | MAZDA | VXSP86 | Row complete: model=CX-90 PHEV, trim=GS AWD, engine_type=ev
[2026-07-28 14:34:11] [DEBUG   ] [chrome_api.mapper] mapper | MAZDA | VXLP86 | Extracted fields: year=2026, desc=GS-L AWD, trim=GS-L
[2026-07-28 14:34:11] [DEBUG   ] [chrome_api.mapper] mapper | MAZDA | VXLP86 | ModelName from ADS: CX-90 PHEV
[2026-07-28 14:34:11] [INFO    ] [chrome_api.mapper] mapper | MAZDA | Loaded 5 ENGINE_TYPE keywords: ['bev', 'ev', 'hybrid', 'mhev', 'phev']
[2026-07-28 14:34:11] [DEBUG   ] [chrome_api.mapper] mapper | MAZDA | VXLP86 | Searching text: 'cx-90 phev gs-l awd'
[2026-07-28 14:34:11] [DEBUG   ] [chrome_api.mapper] mapper | MAZDA | VXLP86 | Found keyword 'ev' in 'CX-90 PHEV GS-L AWD'
[2026-07-28 14:34:11] [WARNING ] [chrome_api.mapper] mapper | MAZDA | VXLP86 | Keyword 'ev' found but NOT in translator. Returning keyword as-is.
[2026-07-28 14:34:11] [INFO    ] [chrome_api.mapper] mapper | MAZDA | VXLP86 | Row complete: model=CX-90 PHEV, trim=GS-L AWD, engine_type=ev
[2026-07-28 14:34:11] [DEBUG   ] [chrome_api.mapper] mapper | MAZDA | VXTP86 | Extracted fields: year=2026, desc=GT AWD, trim=GT
[2026-07-28 14:34:11] [DEBUG   ] [chrome_api.mapper] mapper | MAZDA | VXTP86 | ModelName from ADS: CX-90 PHEV
[2026-07-28 14:34:11] [INFO    ] [chrome_api.mapper] mapper | MAZDA | Loaded 5 ENGINE_TYPE keywords: ['bev', 'ev', 'hybrid', 'mhev', 'phev']
[2026-07-28 14:34:11] [DEBUG   ] [chrome_api.mapper] mapper | MAZDA | VXTP86 | Searching text: 'cx-90 phev gt awd'
[2026-07-28 14:34:11] [DEBUG   ] [chrome_api.mapper] mapper | MAZDA | VXTP86 | Found keyword 'ev' in 'CX-90 PHEV GT AWD'
[2026-07-28 14:34:11] [WARNING ] [chrome_api.mapper] mapper | MAZDA | VXTP86 | Keyword 'ev' found but NOT in translator. Returning keyword as-is.
[2026-07-28 14:34:11] [INFO    ] [chrome_api.mapper] mapper | MAZDA | VXTP86 | Row complete: model=CX-90 PHEV, trim=GT AWD, engine_type=ev
[2026-07-28 14:34:11] [DEBUG   ] [chrome_api.mapper] mapper | MAZDA | VXKP86 | Extracted fields: year=2026, desc=Signature AWD, trim=Signature
[2026-07-28 14:34:11] [DEBUG   ] [chrome_api.mapper] mapper | MAZDA | VXKP86 | ModelName from ADS: CX-90 PHEV
[2026-07-28 14:34:11] [INFO    ] [chrome_api.mapper] mapper | MAZDA | Loaded 5 ENGINE_TYPE keywords: ['bev', 'ev', 'hybrid', 'mhev', 'phev']
[2026-07-28 14:34:11] [DEBUG   ] [chrome_api.mapper] mapper | MAZDA | VXKP86 | Searching text: 'cx-90 phev signature awd'
[2026-07-28 14:34:11] [DEBUG   ] [chrome_api.mapper] mapper | MAZDA | VXKP86 | Found keyword 'ev' in 'CX-90 PHEV Signature AWD'
[2026-07-28 14:34:11] [WARNING ] [chrome_api.mapper] mapper | MAZDA | VXKP86 | Keyword 'ev' found but NOT in translator. Returning keyword as-is.
[2026-07-28 14:34:11] [INFO    ] [chrome_api.mapper] mapper | MAZDA | VXKP86 | Row complete: model=CX-90 PHEV, trim=Signature AWD, engine_type=ev
[2026-07-28 14:34:11] [INFO    ] [chrome_api.mapper] mapper | ads_response_to_rows | Mazda | Converted 4/4 trims to rows
[2026-07-28 14:34:11] [DEBUG   ] [chrome_api.service] refresh_from_ads | Mazda 2026 CX-90 PHEV | Converted 4 trims to rows
[2026-07-28 14:34:12] [DEBUG   ] [urllib3.connectionpool] https://demos.autodatasolutions.com:443 "POST /ADSDemo/api/full/ymmt/year/2026/make/Mazda/model/Mazda3/ HTTP/1.1" 200 None
[2026-07-28 14:34:12] [INFO    ] [chrome_api.mapper] mapper | ads_response_to_rows | Mazda | Processing 6 trims from ADS response
[2026-07-28 14:34:12] [DEBUG   ] [chrome_api.mapper] mapper | MAZDA | DVXL86 | Extracted fields: year=2026, desc=GX FWD, trim=GX
[2026-07-28 14:34:12] [DEBUG   ] [chrome_api.mapper] mapper | MAZDA | DVXL86 | ModelName from ADS: Mazda3
[2026-07-28 14:34:12] [INFO    ] [chrome_api.mapper] mapper | MAZDA | Loaded 5 ENGINE_TYPE keywords: ['bev', 'ev', 'hybrid', 'mhev', 'phev']
[2026-07-28 14:34:12] [DEBUG   ] [chrome_api.mapper] mapper | MAZDA | DVXL86 | Searching text: 'mazda3 gx fwd'
[2026-07-28 14:34:12] [DEBUG   ] [chrome_api.mapper] mapper | MAZDA | DVXL86 | No ENGINE_TYPE keyword found
[2026-07-28 14:34:12] [INFO    ] [chrome_api.mapper] mapper | MAZDA | DVXL86 | Row complete: model=Mazda3, trim=GX FWD, engine_type=None
[2026-07-28 14:34:12] [DEBUG   ] [chrome_api.mapper] mapper | MAZDA | DVSL86 | Extracted fields: year=2026, desc=GS FWD, trim=GS
[2026-07-28 14:34:12] [DEBUG   ] [chrome_api.mapper] mapper | MAZDA | DVSL86 | ModelName from ADS: Mazda3
[2026-07-28 14:34:12] [INFO    ] [chrome_api.mapper] mapper | MAZDA | Loaded 5 ENGINE_TYPE keywords: ['bev', 'ev', 'hybrid', 'mhev', 'phev']
[2026-07-28 14:34:12] [DEBUG   ] [chrome_api.mapper] mapper | MAZDA | DVSL86 | Searching text: 'mazda3 gs fwd'
[2026-07-28 14:34:12] [DEBUG   ] [chrome_api.mapper] mapper | MAZDA | DVSL86 | No ENGINE_TYPE keyword found
[2026-07-28 14:34:12] [INFO    ] [chrome_api.mapper] mapper | MAZDA | DVSL86 | Row complete: model=Mazda3, trim=GS FWD, engine_type=None
[2026-07-28 14:34:12] [DEBUG   ] [chrome_api.mapper] mapper | MAZDA | DVTL86 | Extracted fields: year=2026, desc=GT FWD, trim=GT
[2026-07-28 14:34:12] [DEBUG   ] [chrome_api.mapper] mapper | MAZDA | DVTL86 | ModelName from ADS: Mazda3
[2026-07-28 14:34:12] [INFO    ] [chrome_api.mapper] mapper | MAZDA | Loaded 5 ENGINE_TYPE keywords: ['bev', 'ev', 'hybrid', 'mhev', 'phev']
[2026-07-28 14:34:12] [DEBUG   ] [chrome_api.mapper] mapper | MAZDA | DVTL86 | Searching text: 'mazda3 gt fwd'
[2026-07-28 14:34:12] [DEBUG   ] [chrome_api.mapper] mapper | MAZDA | DVTL86 | No ENGINE_TYPE keyword found
[2026-07-28 14:34:12] [INFO    ] [chrome_api.mapper] mapper | MAZDA | DVTL86 | Row complete: model=Mazda3, trim=GT FWD, engine_type=None
[2026-07-28 14:34:12] [DEBUG   ] [chrome_api.mapper] mapper | MAZDA | DXSL86 | Extracted fields: year=2026, desc=GS i-ACTIV AWD, trim=GS
[2026-07-28 14:34:12] [DEBUG   ] [chrome_api.mapper] mapper | MAZDA | DXSL86 | ModelName from ADS: Mazda3
[2026-07-28 14:34:12] [INFO    ] [chrome_api.mapper] mapper | MAZDA | Loaded 5 ENGINE_TYPE keywords: ['bev', 'ev', 'hybrid', 'mhev', 'phev']
[2026-07-28 14:34:12] [DEBUG   ] [chrome_api.mapper] mapper | MAZDA | DXSL86 | Searching text: 'mazda3 gs i-activ awd'
[2026-07-28 14:34:12] [DEBUG   ] [chrome_api.mapper] mapper | MAZDA | DXSL86 | No ENGINE_TYPE keyword found
[2026-07-28 14:34:12] [INFO    ] [chrome_api.mapper] mapper | MAZDA | DXSL86 | Row complete: model=Mazda3, trim=GS i-ACTIV AWD, engine_type=None
[2026-07-28 14:34:12] [DEBUG   ] [chrome_api.mapper] mapper | MAZDA | DXTL86 | Extracted fields: year=2026, desc=GT i-ACTIV AWD, trim=GT
[2026-07-28 14:34:12] [DEBUG   ] [chrome_api.mapper] mapper | MAZDA | DXTL86 | ModelName from ADS: Mazda3
[2026-07-28 14:34:12] [INFO    ] [chrome_api.mapper] mapper | MAZDA | Loaded 5 ENGINE_TYPE keywords: ['bev', 'ev', 'hybrid', 'mhev', 'phev']
[2026-07-28 14:34:12] [DEBUG   ] [chrome_api.mapper] mapper | MAZDA | DXTL86 | Searching text: 'mazda3 gt i-activ awd'
[2026-07-28 14:34:12] [DEBUG   ] [chrome_api.mapper] mapper | MAZDA | DXTL86 | No ENGINE_TYPE keyword found
[2026-07-28 14:34:12] [INFO    ] [chrome_api.mapper] mapper | MAZDA | DXTL86 | Row complete: model=Mazda3, trim=GT i-ACTIV AWD, engine_type=None
[2026-07-28 14:34:12] [DEBUG   ] [chrome_api.mapper] mapper | MAZDA | DXTM86 | Extracted fields: year=2026, desc=GT w/Turbo i-ACTIV AWD, trim=GT w/Turbo
[2026-07-28 14:34:12] [DEBUG   ] [chrome_api.mapper] mapper | MAZDA | DXTM86 | ModelName from ADS: Mazda3
[2026-07-28 14:34:12] [INFO    ] [chrome_api.mapper] mapper | MAZDA | Loaded 5 ENGINE_TYPE keywords: ['bev', 'ev', 'hybrid', 'mhev', 'phev']
[2026-07-28 14:34:12] [DEBUG   ] [chrome_api.mapper] mapper | MAZDA | DXTM86 | Searching text: 'mazda3 gt w/turbo i-activ awd'
[2026-07-28 14:34:12] [DEBUG   ] [chrome_api.mapper] mapper | MAZDA | DXTM86 | No ENGINE_TYPE keyword found
[2026-07-28 14:34:12] [INFO    ] [chrome_api.mapper] mapper | MAZDA | DXTM86 | Row complete: model=Mazda3, trim=GT w/Turbo i-ACTIV AWD, engine_type=None
[2026-07-28 14:34:12] [INFO    ] [chrome_api.mapper] mapper | ads_response_to_rows | Mazda | Converted 6/6 trims to rows
[2026-07-28 14:34:12] [DEBUG   ] [chrome_api.service] refresh_from_ads | Mazda 2026 Mazda3 | Converted 6 trims to rows
[2026-07-28 14:34:12] [DEBUG   ] [urllib3.connectionpool] https://demos.autodatasolutions.com:443 "POST /ADSDemo/api/full/ymmt/year/2026/make/Mazda/model/Mazda3%20Sport/ HTTP/1.1" 200 None
[2026-07-28 14:34:13] [INFO    ] [chrome_api.mapper] mapper | ads_response_to_rows | Mazda | Processing 7 trims from ADS response
[2026-07-28 14:34:13] [DEBUG   ] [chrome_api.mapper] mapper | MAZDA | SVXL86 | Extracted fields: year=2026, desc=GX Auto FWD, trim=GX
[2026-07-28 14:34:13] [DEBUG   ] [chrome_api.mapper] mapper | MAZDA | SVXL86 | ModelName from ADS: Mazda3 Sport
[2026-07-28 14:34:13] [INFO    ] [chrome_api.mapper] mapper | MAZDA | Loaded 5 ENGINE_TYPE keywords: ['bev', 'ev', 'hybrid', 'mhev', 'phev']
[2026-07-28 14:34:13] [DEBUG   ] [chrome_api.mapper] mapper | MAZDA | SVXL86 | Searching text: 'mazda3 sport gx auto fwd'
[2026-07-28 14:34:13] [DEBUG   ] [chrome_api.mapper] mapper | MAZDA | SVXL86 | No ENGINE_TYPE keyword found
[2026-07-28 14:34:13] [INFO    ] [chrome_api.mapper] mapper | MAZDA | SVXL86 | Row complete: model=Mazda3 Sport, trim=GX Auto FWD, engine_type=None
[2026-07-28 14:34:13] [DEBUG   ] [chrome_api.mapper] mapper | MAZDA | SVSL86 | Extracted fields: year=2026, desc=GS Auto FWD, trim=GS
[2026-07-28 14:34:13] [DEBUG   ] [chrome_api.mapper] mapper | MAZDA | SVSL86 | ModelName from ADS: Mazda3 Sport
[2026-07-28 14:34:13] [INFO    ] [chrome_api.mapper] mapper | MAZDA | Loaded 5 ENGINE_TYPE keywords: ['bev', 'ev', 'hybrid', 'mhev', 'phev']
[2026-07-28 14:34:13] [DEBUG   ] [chrome_api.mapper] mapper | MAZDA | SVSL86 | Searching text: 'mazda3 sport gs auto fwd'
[2026-07-28 14:34:13] [DEBUG   ] [chrome_api.mapper] mapper | MAZDA | SVSL86 | No ENGINE_TYPE keyword found
[2026-07-28 14:34:13] [INFO    ] [chrome_api.mapper] mapper | MAZDA | SVSL86 | Row complete: model=Mazda3 Sport, trim=GS Auto FWD, engine_type=None
[2026-07-28 14:34:13] [DEBUG   ] [chrome_api.mapper] mapper | MAZDA | SVTL66 | Extracted fields: year=2026, desc=GT Manual FWD, trim=GT
[2026-07-28 14:34:13] [DEBUG   ] [chrome_api.mapper] mapper | MAZDA | SVTL66 | ModelName from ADS: Mazda3 Sport
[2026-07-28 14:34:13] [INFO    ] [chrome_api.mapper] mapper | MAZDA | Loaded 5 ENGINE_TYPE keywords: ['bev', 'ev', 'hybrid', 'mhev', 'phev']
[2026-07-28 14:34:13] [DEBUG   ] [chrome_api.mapper] mapper | MAZDA | SVTL66 | Searching text: 'mazda3 sport gt manual fwd'
[2026-07-28 14:34:13] [DEBUG   ] [chrome_api.mapper] mapper | MAZDA | SVTL66 | No ENGINE_TYPE keyword found
[2026-07-28 14:34:13] [INFO    ] [chrome_api.mapper] mapper | MAZDA | SVTL66 | Row complete: model=Mazda3 Sport, trim=GT Manual FWD, engine_type=None
[2026-07-28 14:34:13] [DEBUG   ] [chrome_api.mapper] mapper | MAZDA | SVTL86 | Extracted fields: year=2026, desc=GT Auto FWD, trim=GT
[2026-07-28 14:34:13] [DEBUG   ] [chrome_api.mapper] mapper | MAZDA | SVTL86 | ModelName from ADS: Mazda3 Sport
[2026-07-28 14:34:13] [INFO    ] [chrome_api.mapper] mapper | MAZDA | Loaded 5 ENGINE_TYPE keywords: ['bev', 'ev', 'hybrid', 'mhev', 'phev']
[2026-07-28 14:34:13] [DEBUG   ] [chrome_api.mapper] mapper | MAZDA | SVTL86 | Searching text: 'mazda3 sport gt auto fwd'
[2026-07-28 14:34:13] [DEBUG   ] [chrome_api.mapper] mapper | MAZDA | SVTL86 | No ENGINE_TYPE keyword found
[2026-07-28 14:34:13] [INFO    ] [chrome_api.mapper] mapper | MAZDA | SVTL86 | Row complete: model=Mazda3 Sport, trim=GT Auto FWD, engine_type=None
[2026-07-28 14:34:13] [DEBUG   ] [chrome_api.mapper] mapper | MAZDA | SXSL86 | Extracted fields: year=2026, desc=GS Auto i-ACTIV AWD, trim=GS
[2026-07-28 14:34:13] [DEBUG   ] [chrome_api.mapper] mapper | MAZDA | SXSL86 | ModelName from ADS: Mazda3 Sport
[2026-07-28 14:34:13] [INFO    ] [chrome_api.mapper] mapper | MAZDA | Loaded 5 ENGINE_TYPE keywords: ['bev', 'ev', 'hybrid', 'mhev', 'phev']
[2026-07-28 14:34:13] [DEBUG   ] [chrome_api.mapper] mapper | MAZDA | SXSL86 | Searching text: 'mazda3 sport gs auto i-activ awd'
[2026-07-28 14:34:13] [DEBUG   ] [chrome_api.mapper] mapper | MAZDA | SXSL86 | No ENGINE_TYPE keyword found
[2026-07-28 14:34:13] [INFO    ] [chrome_api.mapper] mapper | MAZDA | SXSL86 | Row complete: model=Mazda3 Sport, trim=GS Auto i-ACTIV AWD, engine_type=None
[2026-07-28 14:34:13] [DEBUG   ] [chrome_api.mapper] mapper | MAZDA | SXTL86 | Extracted fields: year=2026, desc=GT Auto i-ACTIV AWD, trim=GT
[2026-07-28 14:34:13] [DEBUG   ] [chrome_api.mapper] mapper | MAZDA | SXTL86 | ModelName from ADS: Mazda3 Sport
[2026-07-28 14:34:13] [INFO    ] [chrome_api.mapper] mapper | MAZDA | Loaded 5 ENGINE_TYPE keywords: ['bev', 'ev', 'hybrid', 'mhev', 'phev']
[2026-07-28 14:34:13] [DEBUG   ] [chrome_api.mapper] mapper | MAZDA | SXTL86 | Searching text: 'mazda3 sport gt auto i-activ awd'
[2026-07-28 14:34:13] [DEBUG   ] [chrome_api.mapper] mapper | MAZDA | SXTL86 | No ENGINE_TYPE keyword found
[2026-07-28 14:34:13] [INFO    ] [chrome_api.mapper] mapper | MAZDA | SXTL86 | Row complete: model=Mazda3 Sport, trim=GT Auto i-ACTIV AWD, engine_type=None
[2026-07-28 14:34:13] [DEBUG   ] [chrome_api.mapper] mapper | MAZDA | SXTM86 | Extracted fields: year=2026, desc=GT w/Turbo Auto i-ACTIV AWD, trim=GT w/Turbo
[2026-07-28 14:34:13] [DEBUG   ] [chrome_api.mapper] mapper | MAZDA | SXTM86 | ModelName from ADS: Mazda3 Sport
[2026-07-28 14:34:13] [INFO    ] [chrome_api.mapper] mapper | MAZDA | Loaded 5 ENGINE_TYPE keywords: ['bev', 'ev', 'hybrid', 'mhev', 'phev']
[2026-07-28 14:34:13] [DEBUG   ] [chrome_api.mapper] mapper | MAZDA | SXTM86 | Searching text: 'mazda3 sport gt w/turbo auto i-activ awd'
[2026-07-28 14:34:13] [DEBUG   ] [chrome_api.mapper] mapper | MAZDA | SXTM86 | No ENGINE_TYPE keyword found
[2026-07-28 14:34:13] [INFO    ] [chrome_api.mapper] mapper | MAZDA | SXTM86 | Row complete: model=Mazda3 Sport, trim=GT w/Turbo Auto i-ACTIV AWD, engine_type=None
[2026-07-28 14:34:13] [INFO    ] [chrome_api.mapper] mapper | ads_response_to_rows | Mazda | Converted 7/7 trims to rows
[2026-07-28 14:34:13] [DEBUG   ] [chrome_api.service] refresh_from_ads | Mazda 2026 Mazda3 Sport | Converted 7 trims to rows
[2026-07-28 14:34:13] [DEBUG   ] [urllib3.connectionpool] https://demos.autodatasolutions.com:443 "POST /ADSDemo/api/full/ymmt/year/2026/make/Mazda/model/MX-5/ HTTP/1.1" 200 None
[2026-07-28 14:34:13] [INFO    ] [chrome_api.mapper] mapper | ads_response_to_rows | Mazda | Processing 5 trims from ADS response
[2026-07-28 14:34:13] [DEBUG   ] [chrome_api.mapper] mapper | MAZDA | L2SK66 | Extracted fields: year=2026, desc=GS Manual, trim=GS
[2026-07-28 14:34:13] [DEBUG   ] [chrome_api.mapper] mapper | MAZDA | L2SK66 | ModelName from ADS: MX-5
[2026-07-28 14:34:13] [INFO    ] [chrome_api.mapper] mapper | MAZDA | Loaded 5 ENGINE_TYPE keywords: ['bev', 'ev', 'hybrid', 'mhev', 'phev']
[2026-07-28 14:34:13] [DEBUG   ] [chrome_api.mapper] mapper | MAZDA | L2SK66 | Searching text: 'mx-5 gs manual'
[2026-07-28 14:34:13] [DEBUG   ] [chrome_api.mapper] mapper | MAZDA | L2SK66 | No ENGINE_TYPE keyword found
[2026-07-28 14:34:13] [INFO    ] [chrome_api.mapper] mapper | MAZDA | L2SK66 | Row complete: model=MX-5, trim=GS Manual, engine_type=None
[2026-07-28 14:34:13] [DEBUG   ] [chrome_api.mapper] mapper | MAZDA | L2PK66 | Extracted fields: year=2026, desc=GS-P Manual, trim=GS-P
[2026-07-28 14:34:13] [DEBUG   ] [chrome_api.mapper] mapper | MAZDA | L2PK66 | ModelName from ADS: MX-5
[2026-07-28 14:34:13] [INFO    ] [chrome_api.mapper] mapper | MAZDA | Loaded 5 ENGINE_TYPE keywords: ['bev', 'ev', 'hybrid', 'mhev', 'phev']
[2026-07-28 14:34:13] [DEBUG   ] [chrome_api.mapper] mapper | MAZDA | L2PK66 | Searching text: 'mx-5 gs-p manual'
[2026-07-28 14:34:13] [DEBUG   ] [chrome_api.mapper] mapper | MAZDA | L2PK66 | No ENGINE_TYPE keyword found
[2026-07-28 14:34:13] [INFO    ] [chrome_api.mapper] mapper | MAZDA | L2PK66 | Row complete: model=MX-5, trim=GS-P Manual, engine_type=None
[2026-07-28 14:34:13] [DEBUG   ] [chrome_api.mapper] mapper | MAZDA | L2PK86 | Extracted fields: year=2026, desc=GS-P Auto, trim=GS-P
[2026-07-28 14:34:13] [DEBUG   ] [chrome_api.mapper] mapper | MAZDA | L2PK86 | ModelName from ADS: MX-5
[2026-07-28 14:34:13] [INFO    ] [chrome_api.mapper] mapper | MAZDA | Loaded 5 ENGINE_TYPE keywords: ['bev', 'ev', 'hybrid', 'mhev', 'phev']
[2026-07-28 14:34:13] [DEBUG   ] [chrome_api.mapper] mapper | MAZDA | L2PK86 | Searching text: 'mx-5 gs-p auto'
[2026-07-28 14:34:13] [DEBUG   ] [chrome_api.mapper] mapper | MAZDA | L2PK86 | No ENGINE_TYPE keyword found
[2026-07-28 14:34:13] [INFO    ] [chrome_api.mapper] mapper | MAZDA | L2PK86 | Row complete: model=MX-5, trim=GS-P Auto, engine_type=None
[2026-07-28 14:34:13] [DEBUG   ] [chrome_api.mapper] mapper | MAZDA | L2TK66 | Extracted fields: year=2026, desc=GT Manual, trim=GT
[2026-07-28 14:34:13] [DEBUG   ] [chrome_api.mapper] mapper | MAZDA | L2TK66 | ModelName from ADS: MX-5
[2026-07-28 14:34:13] [INFO    ] [chrome_api.mapper] mapper | MAZDA | Loaded 5 ENGINE_TYPE keywords: ['bev', 'ev', 'hybrid', 'mhev', 'phev']
[2026-07-28 14:34:13] [DEBUG   ] [chrome_api.mapper] mapper | MAZDA | L2TK66 | Searching text: 'mx-5 gt manual'
[2026-07-28 14:34:13] [DEBUG   ] [chrome_api.mapper] mapper | MAZDA | L2TK66 | No ENGINE_TYPE keyword found
[2026-07-28 14:34:13] [INFO    ] [chrome_api.mapper] mapper | MAZDA | L2TK66 | Row complete: model=MX-5, trim=GT Manual, engine_type=None
[2026-07-28 14:34:13] [DEBUG   ] [chrome_api.mapper] mapper | MAZDA | L2TK86 | Extracted fields: year=2026, desc=GT Auto, trim=GT
[2026-07-28 14:34:13] [DEBUG   ] [chrome_api.mapper] mapper | MAZDA | L2TK86 | ModelName from ADS: MX-5
[2026-07-28 14:34:13] [INFO    ] [chrome_api.mapper] mapper | MAZDA | Loaded 5 ENGINE_TYPE keywords: ['bev', 'ev', 'hybrid', 'mhev', 'phev']
[2026-07-28 14:34:13] [DEBUG   ] [chrome_api.mapper] mapper | MAZDA | L2TK86 | Searching text: 'mx-5 gt auto'
[2026-07-28 14:34:13] [DEBUG   ] [chrome_api.mapper] mapper | MAZDA | L2TK86 | No ENGINE_TYPE keyword found
[2026-07-28 14:34:13] [INFO    ] [chrome_api.mapper] mapper | MAZDA | L2TK86 | Row complete: model=MX-5, trim=GT Auto, engine_type=None
[2026-07-28 14:34:13] [INFO    ] [chrome_api.mapper] mapper | ads_response_to_rows | Mazda | Converted 5/5 trims to rows
[2026-07-28 14:34:13] [DEBUG   ] [chrome_api.service] refresh_from_ads | Mazda 2026 MX-5 | Converted 5 trims to rows
[2026-07-28 14:34:13] [DEBUG   ] [urllib3.connectionpool] https://demos.autodatasolutions.com:443 "POST /ADSDemo/api/full/ymmt/year/2026/make/Mazda/model/MX-5%20RF/ HTTP/1.1" 200 None
[2026-07-28 14:34:14] [INFO    ] [chrome_api.mapper] mapper | ads_response_to_rows | Mazda | Processing 4 trims from ADS response
[2026-07-28 14:34:14] [DEBUG   ] [chrome_api.mapper] mapper | MAZDA | L3PK66 | Extracted fields: year=2026, desc=GS-P Manual, trim=GS-P
[2026-07-28 14:34:14] [DEBUG   ] [chrome_api.mapper] mapper | MAZDA | L3PK66 | ModelName from ADS: MX-5 RF
[2026-07-28 14:34:14] [INFO    ] [chrome_api.mapper] mapper | MAZDA | Loaded 5 ENGINE_TYPE keywords: ['bev', 'ev', 'hybrid', 'mhev', 'phev']
[2026-07-28 14:34:14] [DEBUG   ] [chrome_api.mapper] mapper | MAZDA | L3PK66 | Searching text: 'mx-5 rf gs-p manual'
[2026-07-28 14:34:14] [DEBUG   ] [chrome_api.mapper] mapper | MAZDA | L3PK66 | No ENGINE_TYPE keyword found
[2026-07-28 14:34:14] [INFO    ] [chrome_api.mapper] mapper | MAZDA | L3PK66 | Row complete: model=MX-5 RF, trim=GS-P Manual, engine_type=None
[2026-07-28 14:34:14] [DEBUG   ] [chrome_api.mapper] mapper | MAZDA | L3PK86 | Extracted fields: year=2026, desc=GS-P Auto, trim=GS-P
[2026-07-28 14:34:14] [DEBUG   ] [chrome_api.mapper] mapper | MAZDA | L3PK86 | ModelName from ADS: MX-5 RF
[2026-07-28 14:34:14] [INFO    ] [chrome_api.mapper] mapper | MAZDA | Loaded 5 ENGINE_TYPE keywords: ['bev', 'ev', 'hybrid', 'mhev', 'phev']
[2026-07-28 14:34:14] [DEBUG   ] [chrome_api.mapper] mapper | MAZDA | L3PK86 | Searching text: 'mx-5 rf gs-p auto'
[2026-07-28 14:34:14] [DEBUG   ] [chrome_api.mapper] mapper | MAZDA | L3PK86 | No ENGINE_TYPE keyword found
[2026-07-28 14:34:14] [INFO    ] [chrome_api.mapper] mapper | MAZDA | L3PK86 | Row complete: model=MX-5 RF, trim=GS-P Auto, engine_type=None
[2026-07-28 14:34:14] [DEBUG   ] [chrome_api.mapper] mapper | MAZDA | L3TK66 | Extracted fields: year=2026, desc=GT Manual, trim=GT
[2026-07-28 14:34:14] [DEBUG   ] [chrome_api.mapper] mapper | MAZDA | L3TK66 | ModelName from ADS: MX-5 RF
[2026-07-28 14:34:14] [INFO    ] [chrome_api.mapper] mapper | MAZDA | Loaded 5 ENGINE_TYPE keywords: ['bev', 'ev', 'hybrid', 'mhev', 'phev']
[2026-07-28 14:34:14] [DEBUG   ] [chrome_api.mapper] mapper | MAZDA | L3TK66 | Searching text: 'mx-5 rf gt manual'
[2026-07-28 14:34:14] [DEBUG   ] [chrome_api.mapper] mapper | MAZDA | L3TK66 | No ENGINE_TYPE keyword found
[2026-07-28 14:34:14] [INFO    ] [chrome_api.mapper] mapper | MAZDA | L3TK66 | Row complete: model=MX-5 RF, trim=GT Manual, engine_type=None
[2026-07-28 14:34:14] [DEBUG   ] [chrome_api.mapper] mapper | MAZDA | L3TK86 | Extracted fields: year=2026, desc=GT Auto, trim=GT
[2026-07-28 14:34:14] [DEBUG   ] [chrome_api.mapper] mapper | MAZDA | L3TK86 | ModelName from ADS: MX-5 RF
[2026-07-28 14:34:14] [INFO    ] [chrome_api.mapper] mapper | MAZDA | Loaded 5 ENGINE_TYPE keywords: ['bev', 'ev', 'hybrid', 'mhev', 'phev']
[2026-07-28 14:34:14] [DEBUG   ] [chrome_api.mapper] mapper | MAZDA | L3TK86 | Searching text: 'mx-5 rf gt auto'
[2026-07-28 14:34:14] [DEBUG   ] [chrome_api.mapper] mapper | MAZDA | L3TK86 | No ENGINE_TYPE keyword found
[2026-07-28 14:34:14] [INFO    ] [chrome_api.mapper] mapper | MAZDA | L3TK86 | Row complete: model=MX-5 RF, trim=GT Auto, engine_type=None
[2026-07-28 14:34:14] [INFO    ] [chrome_api.mapper] mapper | ads_response_to_rows | Mazda | Converted 4/4 trims to rows
[2026-07-28 14:34:14] [DEBUG   ] [chrome_api.service] refresh_from_ads | Mazda 2026 MX-5 RF | Converted 4 trims to rows
[2026-07-28 14:34:14] [INFO    ] [chrome_api.service] refresh_from_ads | Honda | Starting fetch
[2026-07-28 14:34:14] [DEBUG   ] [chrome_api.service] service | Honda | Loading configs from: C:\Users\paxm\OneDrive - PBS SYSTEMS\Desktop\Office\Projects\OEM Accessory project\OEM_Accessories_v1\accy_v2\model_lookup\configs
[2026-07-28 14:34:14] [DEBUG   ] [chrome_api.service] service | Honda | Loaded classification.json (48 keywords)
[2026-07-28 14:34:14] [WARNING ] [chrome_api.service] service | Honda | Translator file not found: C:\Users\paxm\OneDrive - PBS SYSTEMS\Desktop\Office\Projects\OEM Accessory project\OEM_Accessories_v1\accy_v2\model_lookup\configs\honda_translator.json
[2026-07-28 14:34:14] [DEBUG   ] [chrome_api.service] service | Honda | Standardization file not found: C:\Users\paxm\OneDrive - PBS SYSTEMS\Desktop\Office\Projects\OEM Accessory project\OEM_Accessories_v1\accy_v2\model_lookup\configs\honda_standardization.yaml
[2026-07-28 14:34:14] [INFO    ] [chrome_api.service] service | Honda | Configs loaded | components: classification
[2026-07-28 14:34:14] [DEBUG   ] [urllib3.connectionpool] https://demos.autodatasolutions.com:443 "GET /ADSDemo/api/ymmt/models/make/Honda/year/2024/country/CA/language/en?sort=ASC HTTP/1.1" 200 None
[2026-07-28 14:34:15] [DEBUG   ] [urllib3.connectionpool] https://demos.autodatasolutions.com:443 "POST /ADSDemo/api/full/ymmt/year/2024/make/Honda/model/Accord%20Hybrid/ HTTP/1.1" 200 None
[2026-07-28 14:34:15] [INFO    ] [chrome_api.mapper] mapper | ads_response_to_rows | Honda | Processing 2 trims from ADS response
[2026-07-28 14:34:15] [DEBUG   ] [chrome_api.mapper] mapper | HONDA | CY2F5RJ | Extracted fields: year=2024, desc=Sport eCVT, trim=Sport
[2026-07-28 14:34:15] [DEBUG   ] [chrome_api.mapper] mapper | HONDA | CY2F5RJ | ModelName from ADS: Accord Hybrid
[2026-07-28 14:34:15] [INFO    ] [chrome_api.mapper] mapper | HONDA | CY2F5RJ | Row complete: model=Accord Hybrid, trim=Sport eCVT, engine_type=None
[2026-07-28 14:34:15] [DEBUG   ] [chrome_api.mapper] mapper | HONDA | CY2F8RKN | Extracted fields: year=2024, desc=Touring eCVT, trim=Touring
[2026-07-28 14:34:15] [DEBUG   ] [chrome_api.mapper] mapper | HONDA | CY2F8RKN | ModelName from ADS: Accord Hybrid
[2026-07-28 14:34:15] [INFO    ] [chrome_api.mapper] mapper | HONDA | CY2F8RKN | Row complete: model=Accord Hybrid, trim=Touring eCVT, engine_type=None
[2026-07-28 14:34:15] [INFO    ] [chrome_api.mapper] mapper | ads_response_to_rows | Honda | Converted 2/2 trims to rows
[2026-07-28 14:34:15] [DEBUG   ] [chrome_api.service] refresh_from_ads | Honda 2024 Accord Hybrid | Converted 2 trims to rows
[2026-07-28 14:34:15] [DEBUG   ] [urllib3.connectionpool] https://demos.autodatasolutions.com:443 "POST /ADSDemo/api/full/ymmt/year/2024/make/Honda/model/Accord%20Sedan/ HTTP/1.1" 200 None
[2026-07-28 14:34:16] [INFO    ] [chrome_api.mapper] mapper | ads_response_to_rows | Honda | Processing 1 trims from ADS response
[2026-07-28 14:34:16] [DEBUG   ] [chrome_api.mapper] mapper | HONDA | CY1F3RJ | Extracted fields: year=2024, desc=EX CVT, trim=EX
[2026-07-28 14:34:16] [DEBUG   ] [chrome_api.mapper] mapper | HONDA | CY1F3RJ | ModelName from ADS: Accord Sedan
[2026-07-28 14:34:16] [INFO    ] [chrome_api.mapper] mapper | HONDA | CY1F3RJ | Row complete: model=Accord Sedan, trim=EX CVT, engine_type=None
[2026-07-28 14:34:16] [INFO    ] [chrome_api.mapper] mapper | ads_response_to_rows | Honda | Converted 1/1 trims to rows
[2026-07-28 14:34:16] [DEBUG   ] [chrome_api.service] refresh_from_ads | Honda 2024 Accord Sedan | Converted 1 trims to rows
[2026-07-28 14:34:16] [DEBUG   ] [urllib3.connectionpool] https://demos.autodatasolutions.com:443 "POST /ADSDemo/api/full/ymmt/year/2024/make/Honda/model/Civic%20Hatchback/ HTTP/1.1" 200 None
[2026-07-28 14:34:16] [INFO    ] [chrome_api.mapper] mapper | ads_response_to_rows | Honda | Processing 3 trims from ADS response
[2026-07-28 14:34:16] [DEBUG   ] [chrome_api.mapper] mapper | HONDA | FL1H8RJ | Extracted fields: year=2024, desc=Sport CVT, trim=Sport
[2026-07-28 14:34:16] [DEBUG   ] [chrome_api.mapper] mapper | HONDA | FL1H8RJ | ModelName from ADS: Civic Hatchback
[2026-07-28 14:34:16] [INFO    ] [chrome_api.mapper] mapper | HONDA | FL1H8RJ | Row complete: model=Civic Hatchback, trim=Sport CVT, engine_type=None
[2026-07-28 14:34:16] [DEBUG   ] [chrome_api.mapper] mapper | HONDA | FL1G8RKN | Extracted fields: year=2024, desc=Sport Touring Manual, trim=Sport Touring
[2026-07-28 14:34:16] [DEBUG   ] [chrome_api.mapper] mapper | HONDA | FL1G8RKN | ModelName from ADS: Civic Hatchback
[2026-07-28 14:34:16] [INFO    ] [chrome_api.mapper] mapper | HONDA | FL1G8RKN | Row complete: model=Civic Hatchback, trim=Sport Touring Manual, engine_type=None
[2026-07-28 14:34:16] [DEBUG   ] [chrome_api.mapper] mapper | HONDA | FL1H8RKN | Extracted fields: year=2024, desc=Sport Touring CVT, trim=Sport Touring
[2026-07-28 14:34:16] [DEBUG   ] [chrome_api.mapper] mapper | HONDA | FL1H8RKN | ModelName from ADS: Civic Hatchback
[2026-07-28 14:34:16] [INFO    ] [chrome_api.mapper] mapper | HONDA | FL1H8RKN | Row complete: model=Civic Hatchback, trim=Sport Touring CVT, engine_type=None
[2026-07-28 14:34:16] [INFO    ] [chrome_api.mapper] mapper | ads_response_to_rows | Honda | Converted 3/3 trims to rows
[2026-07-28 14:34:16] [DEBUG   ] [chrome_api.service] refresh_from_ads | Honda 2024 Civic Hatchback | Converted 3 trims to rows
[2026-07-28 14:34:17] [DEBUG   ] [urllib3.connectionpool] https://demos.autodatasolutions.com:443 "POST /ADSDemo/api/full/ymmt/year/2024/make/Honda/model/Civic%20Sedan/ HTTP/1.1" 200 None
[2026-07-28 14:34:17] [INFO    ] [chrome_api.mapper] mapper | ads_response_to_rows | Honda | Processing 4 trims from ADS response
[2026-07-28 14:34:17] [DEBUG   ] [chrome_api.mapper] mapper | HONDA | FE2F3RJ | Extracted fields: year=2024, desc=EX CVT, trim=EX
[2026-07-28 14:34:17] [DEBUG   ] [chrome_api.mapper] mapper | HONDA | FE2F3RJ | ModelName from ADS: Civic Sedan
[2026-07-28 14:34:17] [INFO    ] [chrome_api.mapper] mapper | HONDA | FE2F3RJ | Row complete: model=Civic Sedan, trim=EX CVT, engine_type=None
[2026-07-28 14:34:17] [DEBUG   ] [chrome_api.mapper] mapper | HONDA | FE2F5RJ | Extracted fields: year=2024, desc=Sport CVT, trim=Sport
[2026-07-28 14:34:17] [DEBUG   ] [chrome_api.mapper] mapper | HONDA | FE2F5RJ | ModelName from ADS: Civic Sedan
[2026-07-28 14:34:17] [INFO    ] [chrome_api.mapper] mapper | HONDA | FE2F5RJ | Row complete: model=Civic Sedan, trim=Sport CVT, engine_type=None
[2026-07-28 14:34:17] [DEBUG   ] [chrome_api.mapper] mapper | HONDA | FE1F9RKN | Extracted fields: year=2024, desc=Touring CVT, trim=Touring
[2026-07-28 14:34:17] [DEBUG   ] [chrome_api.mapper] mapper | HONDA | FE1F9RKN | ModelName from ADS: Civic Sedan
[2026-07-28 14:34:17] [INFO    ] [chrome_api.mapper] mapper | HONDA | FE1F9RKN | Row complete: model=Civic Sedan, trim=Touring CVT, engine_type=None
[2026-07-28 14:34:17] [DEBUG   ] [chrome_api.mapper] mapper | HONDA | FE2F2RET | Extracted fields: year=2024, desc=LX-B CVT, trim=LX-B
[2026-07-28 14:34:17] [DEBUG   ] [chrome_api.mapper] mapper | HONDA | FE2F2RET | ModelName from ADS: Civic Sedan
[2026-07-28 14:34:17] [INFO    ] [chrome_api.mapper] mapper | HONDA | FE2F2RET | Row complete: model=Civic Sedan, trim=LX-B CVT, engine_type=None
[2026-07-28 14:34:17] [INFO    ] [chrome_api.mapper] mapper | ads_response_to_rows | Honda | Converted 4/4 trims to rows
[2026-07-28 14:34:17] [DEBUG   ] [chrome_api.service] refresh_from_ads | Honda 2024 Civic Sedan | Converted 4 trims to rows
[2026-07-28 14:34:17] [DEBUG   ] [urllib3.connectionpool] https://demos.autodatasolutions.com:443 "POST /ADSDemo/api/full/ymmt/year/2024/make/Honda/model/Civic%20Si%20Sedan/ HTTP/1.1" 200 None
[2026-07-28 14:34:18] [INFO    ] [chrome_api.mapper] mapper | ads_response_to_rows | Honda | Processing 1 trims from ADS response
[2026-07-28 14:34:18] [DEBUG   ] [chrome_api.mapper] mapper | HONDA | FE1E5RK | Extracted fields: year=2024, desc=Manual, trim=None
[2026-07-28 14:34:18] [DEBUG   ] [chrome_api.mapper] mapper | HONDA | FE1E5RK | ModelName from ADS: Civic Si Sedan
[2026-07-28 14:34:18] [INFO    ] [chrome_api.mapper] mapper | HONDA | FE1E5RK | Row complete: model=Civic Si Sedan, trim=Manual, engine_type=None
[2026-07-28 14:34:18] [INFO    ] [chrome_api.mapper] mapper | ads_response_to_rows | Honda | Converted 1/1 trims to rows
[2026-07-28 14:34:18] [DEBUG   ] [chrome_api.service] refresh_from_ads | Honda 2024 Civic Si Sedan | Converted 1 trims to rows
[2026-07-28 14:34:18] [DEBUG   ] [urllib3.connectionpool] https://demos.autodatasolutions.com:443 "POST /ADSDemo/api/full/ymmt/year/2024/make/Honda/model/Civic%20Type%20R/ HTTP/1.1" 200 None
[2026-07-28 14:34:18] [INFO    ] [chrome_api.mapper] mapper | ads_response_to_rows | Honda | Processing 1 trims from ADS response
[2026-07-28 14:34:18] [DEBUG   ] [chrome_api.mapper] mapper | HONDA | FL5G4RG | Extracted fields: year=2024, desc=Manual, trim=None
[2026-07-28 14:34:18] [DEBUG   ] [chrome_api.mapper] mapper | HONDA | FL5G4RG | ModelName from ADS: Civic Type R
[2026-07-28 14:34:18] [INFO    ] [chrome_api.mapper] mapper | HONDA | FL5G4RG | Row complete: model=Civic Type R, trim=Manual, engine_type=None
[2026-07-28 14:34:18] [INFO    ] [chrome_api.mapper] mapper | ads_response_to_rows | Honda | Converted 1/1 trims to rows
[2026-07-28 14:34:18] [DEBUG   ] [chrome_api.service] refresh_from_ads | Honda 2024 Civic Type R | Converted 1 trims to rows
[2026-07-28 14:34:18] [DEBUG   ] [urllib3.connectionpool] https://demos.autodatasolutions.com:443 "POST /ADSDemo/api/full/ymmt/year/2024/make/Honda/model/CR-V/ HTTP/1.1" 200 None
[2026-07-28 14:34:19] [INFO    ] [chrome_api.mapper] mapper | ads_response_to_rows | Honda | Processing 4 trims from ADS response
[2026-07-28 14:34:19] [DEBUG   ] [chrome_api.mapper] mapper | HONDA | RS4H5RJS | Extracted fields: year=2024, desc=Sport AWD, trim=Sport
[2026-07-28 14:34:19] [DEBUG   ] [chrome_api.mapper] mapper | HONDA | RS4H5RJS | ModelName from ADS: CR-V
[2026-07-28 14:34:19] [INFO    ] [chrome_api.mapper] mapper | HONDA | RS4H5RJS | Row complete: model=CR-V, trim=Sport AWD, engine_type=None
[2026-07-28 14:34:19] [DEBUG   ] [chrome_api.mapper] mapper | HONDA | RS4H7RJS | Extracted fields: year=2024, desc=EX-L AWD, trim=EX-L
[2026-07-28 14:34:19] [DEBUG   ] [chrome_api.mapper] mapper | HONDA | RS4H7RJS | ModelName from ADS: CR-V
[2026-07-28 14:34:19] [INFO    ] [chrome_api.mapper] mapper | HONDA | RS4H7RJS | Row complete: model=CR-V, trim=EX-L AWD, engine_type=None
[2026-07-28 14:34:19] [DEBUG   ] [chrome_api.mapper] mapper | HONDA | RS4H2RESX | Extracted fields: year=2024, desc=LX-B AWD, trim=LX-B
[2026-07-28 14:34:19] [DEBUG   ] [chrome_api.mapper] mapper | HONDA | RS4H2RESX | ModelName from ADS: CR-V
[2026-07-28 14:34:19] [INFO    ] [chrome_api.mapper] mapper | HONDA | RS4H2RESX | Row complete: model=CR-V, trim=LX-B AWD, engine_type=None
[2026-07-28 14:34:19] [DEBUG   ] [chrome_api.mapper] mapper | HONDA | RS3H2RESX | Extracted fields: year=2024, desc=LX-B 2WD, trim=LX-B
[2026-07-28 14:34:19] [DEBUG   ] [chrome_api.mapper] mapper | HONDA | RS3H2RESX | ModelName from ADS: CR-V
[2026-07-28 14:34:19] [INFO    ] [chrome_api.mapper] mapper | HONDA | RS3H2RESX | Row complete: model=CR-V, trim=LX-B 2WD, engine_type=None
[2026-07-28 14:34:19] [INFO    ] [chrome_api.mapper] mapper | ads_response_to_rows | Honda | Converted 4/4 trims to rows
[2026-07-28 14:34:19] [DEBUG   ] [chrome_api.service] refresh_from_ads | Honda 2024 CR-V | Converted 4 trims to rows
[2026-07-28 14:34:19] [DEBUG   ] [urllib3.connectionpool] https://demos.autodatasolutions.com:443 "POST /ADSDemo/api/full/ymmt/year/2024/make/Honda/model/CR-V%20Hybrid/ HTTP/1.1" 200 None
[2026-07-28 14:34:20] [INFO    ] [chrome_api.mapper] mapper | ads_response_to_rows | Honda | Processing 2 trims from ADS response
[2026-07-28 14:34:20] [DEBUG   ] [chrome_api.mapper] mapper | HONDA | RS6H9RKSX | Extracted fields: year=2024, desc=Touring AWD, trim=Touring
[2026-07-28 14:34:20] [DEBUG   ] [chrome_api.mapper] mapper | HONDA | RS6H9RKSX | ModelName from ADS: CR-V Hybrid
[2026-07-28 14:34:20] [INFO    ] [chrome_api.mapper] mapper | HONDA | RS6H9RKSX | Row complete: model=CR-V Hybrid, trim=Touring AWD, engine_type=None
[2026-07-28 14:34:20] [DEBUG   ] [chrome_api.mapper] mapper | HONDA | RS6H7RJSX | Extracted fields: year=2024, desc=EX-L AWD, trim=EX-L
[2026-07-28 14:34:20] [DEBUG   ] [chrome_api.mapper] mapper | HONDA | RS6H7RJSX | ModelName from ADS: CR-V Hybrid
[2026-07-28 14:34:20] [INFO    ] [chrome_api.mapper] mapper | HONDA | RS6H7RJSX | Row complete: model=CR-V Hybrid, trim=EX-L AWD, engine_type=None
[2026-07-28 14:34:20] [INFO    ] [chrome_api.mapper] mapper | ads_response_to_rows | Honda | Converted 2/2 trims to rows
[2026-07-28 14:34:20] [DEBUG   ] [chrome_api.service] refresh_from_ads | Honda 2024 CR-V Hybrid | Converted 2 trims to rows
[2026-07-28 14:34:20] [DEBUG   ] [urllib3.connectionpool] https://demos.autodatasolutions.com:443 "POST /ADSDemo/api/full/ymmt/year/2024/make/Honda/model/HR-V/ HTTP/1.1" 200 None
[2026-07-28 14:34:20] [INFO    ] [chrome_api.mapper] mapper | ads_response_to_rows | Honda | Processing 4 trims from ADS response
[2026-07-28 14:34:20] [DEBUG   ] [chrome_api.mapper] mapper | HONDA | RZ2H7RK | Extracted fields: year=2024, desc=EX-L Navi AWD CVT, trim=EX-L Navi
[2026-07-28 14:34:20] [DEBUG   ] [chrome_api.mapper] mapper | HONDA | RZ2H7RK | ModelName from ADS: HR-V
[2026-07-28 14:34:20] [INFO    ] [chrome_api.mapper] mapper | HONDA | RZ2H7RK | Row complete: model=HR-V, trim=EX-L Navi AWD CVT, engine_type=None
[2026-07-28 14:34:20] [DEBUG   ] [chrome_api.mapper] mapper | HONDA | RZ2H3REX | Extracted fields: year=2024, desc=LX-B AWD CVT, trim=LX-B
[2026-07-28 14:34:20] [DEBUG   ] [chrome_api.mapper] mapper | HONDA | RZ2H3REX | ModelName from ADS: HR-V
[2026-07-28 14:34:20] [INFO    ] [chrome_api.mapper] mapper | HONDA | RZ2H3REX | Row complete: model=HR-V, trim=LX-B AWD CVT, engine_type=None
[2026-07-28 14:34:20] [DEBUG   ] [chrome_api.mapper] mapper | HONDA | RZ2H5RJX | Extracted fields: year=2024, desc=Sport-B AWD CVT, trim=Sport-B
[2026-07-28 14:34:20] [DEBUG   ] [chrome_api.mapper] mapper | HONDA | RZ2H5RJX | ModelName from ADS: HR-V
[2026-07-28 14:34:20] [INFO    ] [chrome_api.mapper] mapper | HONDA | RZ2H5RJX | Row complete: model=HR-V, trim=Sport-B AWD CVT, engine_type=None
[2026-07-28 14:34:20] [DEBUG   ] [chrome_api.mapper] mapper | HONDA | RZ1H3REX | Extracted fields: year=2024, desc=LX-B 2WD CVT, trim=LX-B
[2026-07-28 14:34:20] [DEBUG   ] [chrome_api.mapper] mapper | HONDA | RZ1H3REX | ModelName from ADS: HR-V
[2026-07-28 14:34:20] [INFO    ] [chrome_api.mapper] mapper | HONDA | RZ1H3REX | Row complete: model=HR-V, trim=LX-B 2WD CVT, engine_type=None
[2026-07-28 14:34:20] [INFO    ] [chrome_api.mapper] mapper | ads_response_to_rows | Honda | Converted 4/4 trims to rows
[2026-07-28 14:34:20] [DEBUG   ] [chrome_api.service] refresh_from_ads | Honda 2024 HR-V | Converted 4 trims to rows
[2026-07-28 14:34:20] [DEBUG   ] [urllib3.connectionpool] https://demos.autodatasolutions.com:443 "POST /ADSDemo/api/full/ymmt/year/2024/make/Honda/model/Odyssey/ HTTP/1.1" 200 None
[2026-07-28 14:34:21] [INFO    ] [chrome_api.mapper] mapper | ads_response_to_rows | Honda | Processing 3 trims from ADS response
[2026-07-28 14:34:21] [DEBUG   ] [chrome_api.mapper] mapper | HONDA | RL6H6RJN | Extracted fields: year=2024, desc=EX-L Auto, trim=EX-L
[2026-07-28 14:34:21] [DEBUG   ] [chrome_api.mapper] mapper | HONDA | RL6H6RJN | ModelName from ADS: Odyssey
[2026-07-28 14:34:21] [INFO    ] [chrome_api.mapper] mapper | HONDA | RL6H6RJN | Row complete: model=Odyssey, trim=EX-L Auto, engine_type=None
[2026-07-28 14:34:21] [DEBUG   ] [chrome_api.mapper] mapper | HONDA | RL6H8RKN | Extracted fields: year=2024, desc=Touring Auto, trim=Touring
[2026-07-28 14:34:21] [DEBUG   ] [chrome_api.mapper] mapper | HONDA | RL6H8RKN | ModelName from ADS: Odyssey
[2026-07-28 14:34:21] [INFO    ] [chrome_api.mapper] mapper | HONDA | RL6H8RKN | Row complete: model=Odyssey, trim=Touring Auto, engine_type=None
[2026-07-28 14:34:21] [DEBUG   ] [chrome_api.mapper] mapper | HONDA | RL6H0RKN | Extracted fields: year=2024, desc=Black Edition Auto, trim=Black Edition
[2026-07-28 14:34:21] [DEBUG   ] [chrome_api.mapper] mapper | HONDA | RL6H0RKN | ModelName from ADS: Odyssey
[2026-07-28 14:34:21] [INFO    ] [chrome_api.mapper] mapper | HONDA | RL6H0RKN | Row complete: model=Odyssey, trim=Black Edition Auto, engine_type=None
[2026-07-28 14:34:21] [INFO    ] [chrome_api.mapper] mapper | ads_response_to_rows | Honda | Converted 3/3 trims to rows
[2026-07-28 14:34:21] [DEBUG   ] [chrome_api.service] refresh_from_ads | Honda 2024 Odyssey | Converted 3 trims to rows
[2026-07-28 14:34:21] [DEBUG   ] [urllib3.connectionpool] https://demos.autodatasolutions.com:443 "POST /ADSDemo/api/full/ymmt/year/2024/make/Honda/model/Passport/ HTTP/1.1" 200 None
[2026-07-28 14:34:22] [INFO    ] [chrome_api.mapper] mapper | ads_response_to_rows | Honda | Processing 3 trims from ADS response
[2026-07-28 14:34:22] [DEBUG   ] [chrome_api.mapper] mapper | HONDA | YF8H2RJ | Extracted fields: year=2024, desc=Sport AWD, trim=Sport
[2026-07-28 14:34:22] [DEBUG   ] [chrome_api.mapper] mapper | HONDA | YF8H2RJ | ModelName from ADS: Passport
[2026-07-28 14:34:22] [INFO    ] [chrome_api.mapper] mapper | HONDA | YF8H2RJ | Row complete: model=Passport, trim=Sport AWD, engine_type=None
[2026-07-28 14:34:22] [DEBUG   ] [chrome_api.mapper] mapper | HONDA | YF8H6RJN | Extracted fields: year=2024, desc=TrailSport AWD, trim=TrailSport
[2026-07-28 14:34:22] [DEBUG   ] [chrome_api.mapper] mapper | HONDA | YF8H6RJN | ModelName from ADS: Passport
[2026-07-28 14:34:22] [INFO    ] [chrome_api.mapper] mapper | HONDA | YF8H6RJN | Row complete: model=Passport, trim=TrailSport AWD, engine_type=None
[2026-07-28 14:34:22] [DEBUG   ] [chrome_api.mapper] mapper | HONDA | YF8H8RKN | Extracted fields: year=2024, desc=Black Edition AWD, trim=Black Edition
[2026-07-28 14:34:22] [DEBUG   ] [chrome_api.mapper] mapper | HONDA | YF8H8RKN | ModelName from ADS: Passport
[2026-07-28 14:34:22] [INFO    ] [chrome_api.mapper] mapper | HONDA | YF8H8RKN | Row complete: model=Passport, trim=Black Edition AWD, engine_type=None
[2026-07-28 14:34:22] [INFO    ] [chrome_api.mapper] mapper | ads_response_to_rows | Honda | Converted 3/3 trims to rows
[2026-07-28 14:34:22] [DEBUG   ] [chrome_api.service] refresh_from_ads | Honda 2024 Passport | Converted 3 trims to rows
[2026-07-28 14:34:22] [DEBUG   ] [urllib3.connectionpool] https://demos.autodatasolutions.com:443 "POST /ADSDemo/api/full/ymmt/year/2024/make/Honda/model/Pilot/ HTTP/1.1" 200 None
[2026-07-28 14:34:22] [INFO    ] [chrome_api.mapper] mapper | ads_response_to_rows | Honda | Processing 5 trims from ADS response
[2026-07-28 14:34:22] [DEBUG   ] [chrome_api.mapper] mapper | HONDA | YG1H3RE | Extracted fields: year=2024, desc=Sport AWD, trim=Sport
[2026-07-28 14:34:22] [DEBUG   ] [chrome_api.mapper] mapper | HONDA | YG1H3RE | ModelName from ADS: Pilot
[2026-07-28 14:34:22] [INFO    ] [chrome_api.mapper] mapper | HONDA | YG1H3RE | Row complete: model=Pilot, trim=Sport AWD, engine_type=None
[2026-07-28 14:34:22] [DEBUG   ] [chrome_api.mapper] mapper | HONDA | YG1H4REN | Extracted fields: year=2024, desc=EX-L AWD, trim=EX-L
[2026-07-28 14:34:22] [DEBUG   ] [chrome_api.mapper] mapper | HONDA | YG1H4REN | ModelName from ADS: Pilot
[2026-07-28 14:34:22] [INFO    ] [chrome_api.mapper] mapper | HONDA | YG1H4REN | Row complete: model=Pilot, trim=EX-L AWD, engine_type=None
[2026-07-28 14:34:22] [DEBUG   ] [chrome_api.mapper] mapper | HONDA | YG1H6RJ | Extracted fields: year=2024, desc=TrailSport AWD, trim=TrailSport
[2026-07-28 14:34:22] [DEBUG   ] [chrome_api.mapper] mapper | HONDA | YG1H6RJ | ModelName from ADS: Pilot
[2026-07-28 14:34:22] [INFO    ] [chrome_api.mapper] mapper | HONDA | YG1H6RJ | Row complete: model=Pilot, trim=TrailSport AWD, engine_type=None
[2026-07-28 14:34:22] [DEBUG   ] [chrome_api.mapper] mapper | HONDA | YG1H7RKN | Extracted fields: year=2024, desc=Touring AWD, trim=Touring
[2026-07-28 14:34:22] [DEBUG   ] [chrome_api.mapper] mapper | HONDA | YG1H7RKN | ModelName from ADS: Pilot
[2026-07-28 14:34:22] [INFO    ] [chrome_api.mapper] mapper | HONDA | YG1H7RKN | Row complete: model=Pilot, trim=Touring AWD, engine_type=None
[2026-07-28 14:34:22] [DEBUG   ] [chrome_api.mapper] mapper | HONDA | YG1H8RKN | Extracted fields: year=2024, desc=Black Edition AWD, trim=Black Edition
[2026-07-28 14:34:22] [DEBUG   ] [chrome_api.mapper] mapper | HONDA | YG1H8RKN | ModelName from ADS: Pilot
[2026-07-28 14:34:22] [INFO    ] [chrome_api.mapper] mapper | HONDA | YG1H8RKN | Row complete: model=Pilot, trim=Black Edition AWD, engine_type=None
[2026-07-28 14:34:22] [INFO    ] [chrome_api.mapper] mapper | ads_response_to_rows | Honda | Converted 5/5 trims to rows
[2026-07-28 14:34:22] [DEBUG   ] [chrome_api.service] refresh_from_ads | Honda 2024 Pilot | Converted 5 trims to rows
[2026-07-28 14:34:22] [DEBUG   ] [urllib3.connectionpool] https://demos.autodatasolutions.com:443 "POST /ADSDemo/api/full/ymmt/year/2024/make/Honda/model/Prologue/ HTTP/1.1" 200 None
[2026-07-28 14:34:23] [INFO    ] [chrome_api.mapper] mapper | ads_response_to_rows | Honda | Processing 3 trims from ADS response
[2026-07-28 14:34:23] [DEBUG   ] [chrome_api.mapper] mapper | HONDA | 3B4H2RE | Extracted fields: year=2024, desc=EX AWD, trim=EX
[2026-07-28 14:34:23] [DEBUG   ] [chrome_api.mapper] mapper | HONDA | 3B4H2RE | ModelName from ADS: Prologue
[2026-07-28 14:34:23] [INFO    ] [chrome_api.mapper] mapper | HONDA | 3B4H2RE | Row complete: model=Prologue, trim=EX AWD, engine_type=None
[2026-07-28 14:34:23] [DEBUG   ] [chrome_api.mapper] mapper | HONDA | 3B4H4RJ | Extracted fields: year=2024, desc=EX-L AWD, trim=EX-L
[2026-07-28 14:34:23] [DEBUG   ] [chrome_api.mapper] mapper | HONDA | 3B4H4RJ | ModelName from ADS: Prologue
[2026-07-28 14:34:23] [INFO    ] [chrome_api.mapper] mapper | HONDA | 3B4H4RJ | Row complete: model=Prologue, trim=EX-L AWD, engine_type=None
[2026-07-28 14:34:23] [DEBUG   ] [chrome_api.mapper] mapper | HONDA | 3B4H6RJ | Extracted fields: year=2024, desc=Touring AWD, trim=Touring
[2026-07-28 14:34:23] [DEBUG   ] [chrome_api.mapper] mapper | HONDA | 3B4H6RJ | ModelName from ADS: Prologue
[2026-07-28 14:34:23] [INFO    ] [chrome_api.mapper] mapper | HONDA | 3B4H6RJ | Row complete: model=Prologue, trim=Touring AWD, engine_type=None
[2026-07-28 14:34:23] [INFO    ] [chrome_api.mapper] mapper | ads_response_to_rows | Honda | Converted 3/3 trims to rows
[2026-07-28 14:34:23] [DEBUG   ] [chrome_api.service] refresh_from_ads | Honda 2024 Prologue | Converted 3 trims to rows
[2026-07-28 14:34:23] [DEBUG   ] [urllib3.connectionpool] https://demos.autodatasolutions.com:443 "POST /ADSDemo/api/full/ymmt/year/2024/make/Honda/model/Ridgeline/ HTTP/1.1" 200 None
[2026-07-28 14:34:23] [INFO    ] [chrome_api.mapper] mapper | ads_response_to_rows | Honda | Processing 3 trims from ADS response
[2026-07-28 14:34:23] [DEBUG   ] [chrome_api.mapper] mapper | HONDA | YK3F1RJ | Extracted fields: year=2024, desc=Sport AWD, trim=Sport
[2026-07-28 14:34:23] [DEBUG   ] [chrome_api.mapper] mapper | HONDA | YK3F1RJ | ModelName from ADS: Ridgeline
[2026-07-28 14:34:23] [INFO    ] [chrome_api.mapper] mapper | HONDA | YK3F1RJ | Row complete: model=Ridgeline, trim=Sport AWD, engine_type=None
[2026-07-28 14:34:23] [DEBUG   ] [chrome_api.mapper] mapper | HONDA | YK3F8RKN | Extracted fields: year=2024, desc=Black Edition AWD, trim=Black Edition
[2026-07-28 14:34:23] [DEBUG   ] [chrome_api.mapper] mapper | HONDA | YK3F8RKN | ModelName from ADS: Ridgeline
[2026-07-28 14:34:23] [INFO    ] [chrome_api.mapper] mapper | HONDA | YK3F8RKN | Row complete: model=Ridgeline, trim=Black Edition AWD, engine_type=None
[2026-07-28 14:34:23] [DEBUG   ] [chrome_api.mapper] mapper | HONDA | YK3F6RJN | Extracted fields: year=2024, desc=TrailSport AWD, trim=TrailSport
[2026-07-28 14:34:23] [DEBUG   ] [chrome_api.mapper] mapper | HONDA | YK3F6RJN | ModelName from ADS: Ridgeline
[2026-07-28 14:34:23] [INFO    ] [chrome_api.mapper] mapper | HONDA | YK3F6RJN | Row complete: model=Ridgeline, trim=TrailSport AWD, engine_type=None
[2026-07-28 14:34:23] [INFO    ] [chrome_api.mapper] mapper | ads_response_to_rows | Honda | Converted 3/3 trims to rows
[2026-07-28 14:34:23] [DEBUG   ] [chrome_api.service] refresh_from_ads | Honda 2024 Ridgeline | Converted 3 trims to rows
[2026-07-28 14:34:23] [DEBUG   ] [urllib3.connectionpool] https://demos.autodatasolutions.com:443 "GET /ADSDemo/api/ymmt/models/make/Honda/year/2025/country/CA/language/en?sort=ASC HTTP/1.1" 200 None
[2026-07-28 14:34:24] [DEBUG   ] [urllib3.connectionpool] https://demos.autodatasolutions.com:443 "POST /ADSDemo/api/full/ymmt/year/2025/make/Honda/model/Accord%20Hybrid/ HTTP/1.1" 200 None
[2026-07-28 14:34:25] [INFO    ] [chrome_api.mapper] mapper | ads_response_to_rows | Honda | Processing 2 trims from ADS response
[2026-07-28 14:34:25] [DEBUG   ] [chrome_api.mapper] mapper | HONDA | CY2F7SJN | Extracted fields: year=2025, desc=Sport-L eCVT, trim=Sport-L
[2026-07-28 14:34:25] [DEBUG   ] [chrome_api.mapper] mapper | HONDA | CY2F7SJN | ModelName from ADS: Accord Hybrid
[2026-07-28 14:34:25] [INFO    ] [chrome_api.mapper] mapper | HONDA | CY2F7SJN | Row complete: model=Accord Hybrid, trim=Sport-L eCVT, engine_type=None
[2026-07-28 14:34:25] [DEBUG   ] [chrome_api.mapper] mapper | HONDA | CY2F8SKN | Extracted fields: year=2025, desc=Touring eCVT, trim=Touring
[2026-07-28 14:34:25] [DEBUG   ] [chrome_api.mapper] mapper | HONDA | CY2F8SKN | ModelName from ADS: Accord Hybrid
[2026-07-28 14:34:25] [INFO    ] [chrome_api.mapper] mapper | HONDA | CY2F8SKN | Row complete: model=Accord Hybrid, trim=Touring eCVT, engine_type=None
[2026-07-28 14:34:25] [INFO    ] [chrome_api.mapper] mapper | ads_response_to_rows | Honda | Converted 2/2 trims to rows
[2026-07-28 14:34:25] [DEBUG   ] [chrome_api.service] refresh_from_ads | Honda 2025 Accord Hybrid | Converted 2 trims to rows
[2026-07-28 14:34:25] [DEBUG   ] [urllib3.connectionpool] https://demos.autodatasolutions.com:443 "POST /ADSDemo/api/full/ymmt/year/2025/make/Honda/model/Accord%20Sedan/ HTTP/1.1" 200 None
[2026-07-28 14:34:25] [INFO    ] [chrome_api.mapper] mapper | ads_response_to_rows | Honda | Processing 1 trims from ADS response
[2026-07-28 14:34:25] [DEBUG   ] [chrome_api.mapper] mapper | HONDA | CY1F4SJ | Extracted fields: year=2025, desc=SE CVT, trim=SE
[2026-07-28 14:34:25] [DEBUG   ] [chrome_api.mapper] mapper | HONDA | CY1F4SJ | ModelName from ADS: Accord Sedan
[2026-07-28 14:34:25] [INFO    ] [chrome_api.mapper] mapper | HONDA | CY1F4SJ | Row complete: model=Accord Sedan, trim=SE CVT, engine_type=None
[2026-07-28 14:34:25] [INFO    ] [chrome_api.mapper] mapper | ads_response_to_rows | Honda | Converted 1/1 trims to rows
[2026-07-28 14:34:25] [DEBUG   ] [chrome_api.service] refresh_from_ads | Honda 2025 Accord Sedan | Converted 1 trims to rows
[2026-07-28 14:34:25] [DEBUG   ] [urllib3.connectionpool] https://demos.autodatasolutions.com:443 "POST /ADSDemo/api/full/ymmt/year/2025/make/Honda/model/Civic%20Hatchback/ HTTP/1.1" 200 None
[2026-07-28 14:34:26] [INFO    ] [chrome_api.mapper] mapper | ads_response_to_rows | Honda | Processing 1 trims from ADS response
[2026-07-28 14:34:26] [DEBUG   ] [chrome_api.mapper] mapper | HONDA | FL2H8SE | Extracted fields: year=2025, desc=Sport CVT, trim=Sport
[2026-07-28 14:34:26] [DEBUG   ] [chrome_api.mapper] mapper | HONDA | FL2H8SE | ModelName from ADS: Civic Hatchback
[2026-07-28 14:34:26] [INFO    ] [chrome_api.mapper] mapper | HONDA | FL2H8SE | Row complete: model=Civic Hatchback, trim=Sport CVT, engine_type=None
[2026-07-28 14:34:26] [INFO    ] [chrome_api.mapper] mapper | ads_response_to_rows | Honda | Converted 1/1 trims to rows
[2026-07-28 14:34:26] [DEBUG   ] [chrome_api.service] refresh_from_ads | Honda 2025 Civic Hatchback | Converted 1 trims to rows
[2026-07-28 14:34:26] [DEBUG   ] [urllib3.connectionpool] https://demos.autodatasolutions.com:443 "POST /ADSDemo/api/full/ymmt/year/2025/make/Honda/model/Civic%20Hatchback%20Hybrid/ HTTP/1.1" 200 None
[2026-07-28 14:34:26] [INFO    ] [chrome_api.mapper] mapper | ads_response_to_rows | Honda | Processing 2 trims from ADS response
[2026-07-28 14:34:26] [DEBUG   ] [chrome_api.mapper] mapper | HONDA | FL4H8SJ | Extracted fields: year=2025, desc=Sport eCVT, trim=Sport
[2026-07-28 14:34:26] [DEBUG   ] [chrome_api.mapper] mapper | HONDA | FL4H8SJ | ModelName from ADS: Civic Hatchback Hybrid
[2026-07-28 14:34:26] [INFO    ] [chrome_api.mapper] mapper | HONDA | FL4H8SJ | Row complete: model=Civic Hatchback Hybrid, trim=Sport eCVT, engine_type=None
[2026-07-28 14:34:26] [DEBUG   ] [chrome_api.mapper] mapper | HONDA | FL4H9SKN | Extracted fields: year=2025, desc=Sport Touring eCVT, trim=Sport Touring
[2026-07-28 14:34:26] [DEBUG   ] [chrome_api.mapper] mapper | HONDA | FL4H9SKN | ModelName from ADS: Civic Hatchback Hybrid
[2026-07-28 14:34:26] [INFO    ] [chrome_api.mapper] mapper | HONDA | FL4H9SKN | Row complete: model=Civic Hatchback Hybrid, trim=Sport Touring eCVT, engine_type=None
[2026-07-28 14:34:26] [INFO    ] [chrome_api.mapper] mapper | ads_response_to_rows | Honda | Converted 2/2 trims to rows
[2026-07-28 14:34:26] [DEBUG   ] [chrome_api.service] refresh_from_ads | Honda 2025 Civic Hatchback Hybrid | Converted 2 trims to rows
[2026-07-28 14:34:27] [DEBUG   ] [urllib3.connectionpool] https://demos.autodatasolutions.com:443 "POST /ADSDemo/api/full/ymmt/year/2025/make/Honda/model/Civic%20Sedan/ HTTP/1.1" 200 None
[2026-07-28 14:34:27] [INFO    ] [chrome_api.mapper] mapper | ads_response_to_rows | Honda | Processing 2 trims from ADS response
[2026-07-28 14:34:27] [DEBUG   ] [chrome_api.mapper] mapper | HONDA | FE2F5SJ | Extracted fields: year=2025, desc=Sport CVT, trim=Sport
[2026-07-28 14:34:27] [DEBUG   ] [chrome_api.mapper] mapper | HONDA | FE2F5SJ | ModelName from ADS: Civic Sedan
[2026-07-28 14:34:27] [INFO    ] [chrome_api.mapper] mapper | HONDA | FE2F5SJ | Row complete: model=Civic Sedan, trim=Sport CVT, engine_type=None
[2026-07-28 14:34:27] [DEBUG   ] [chrome_api.mapper] mapper | HONDA | FE2F2SE | Extracted fields: year=2025, desc=LX CVT, trim=LX
[2026-07-28 14:34:27] [DEBUG   ] [chrome_api.mapper] mapper | HONDA | FE2F2SE | ModelName from ADS: Civic Sedan
[2026-07-28 14:34:27] [INFO    ] [chrome_api.mapper] mapper | HONDA | FE2F2SE | Row complete: model=Civic Sedan, trim=LX CVT, engine_type=None
[2026-07-28 14:34:27] [INFO    ] [chrome_api.mapper] mapper | ads_response_to_rows | Honda | Converted 2/2 trims to rows
[2026-07-28 14:34:27] [DEBUG   ] [chrome_api.service] refresh_from_ads | Honda 2025 Civic Sedan | Converted 2 trims to rows
[2026-07-28 14:34:27] [DEBUG   ] [urllib3.connectionpool] https://demos.autodatasolutions.com:443 "POST /ADSDemo/api/full/ymmt/year/2025/make/Honda/model/Civic%20Sedan%20Hybrid/ HTTP/1.1" 200 None
[2026-07-28 14:34:28] [INFO    ] [chrome_api.mapper] mapper | ads_response_to_rows | Honda | Processing 2 trims from ADS response
[2026-07-28 14:34:28] [DEBUG   ] [chrome_api.mapper] mapper | HONDA | FE4F8SJ | Extracted fields: year=2025, desc=Sport eCVT, trim=Sport
[2026-07-28 14:34:28] [DEBUG   ] [chrome_api.mapper] mapper | HONDA | FE4F8SJ | ModelName from ADS: Civic Sedan Hybrid
[2026-07-28 14:34:28] [INFO    ] [chrome_api.mapper] mapper | HONDA | FE4F8SJ | Row complete: model=Civic Sedan Hybrid, trim=Sport eCVT, engine_type=None
[2026-07-28 14:34:28] [DEBUG   ] [chrome_api.mapper] mapper | HONDA | FE4F8SKN | Extracted fields: year=2025, desc=Sport Touring eCVT, trim=Sport Touring
[2026-07-28 14:34:28] [DEBUG   ] [chrome_api.mapper] mapper | HONDA | FE4F8SKN | ModelName from ADS: Civic Sedan Hybrid
[2026-07-28 14:34:28] [INFO    ] [chrome_api.mapper] mapper | HONDA | FE4F8SKN | Row complete: model=Civic Sedan Hybrid, trim=Sport Touring eCVT, engine_type=None
[2026-07-28 14:34:28] [INFO    ] [chrome_api.mapper] mapper | ads_response_to_rows | Honda | Converted 2/2 trims to rows
[2026-07-28 14:34:28] [DEBUG   ] [chrome_api.service] refresh_from_ads | Honda 2025 Civic Sedan Hybrid | Converted 2 trims to rows
[2026-07-28 14:34:28] [DEBUG   ] [urllib3.connectionpool] https://demos.autodatasolutions.com:443 "POST /ADSDemo/api/full/ymmt/year/2025/make/Honda/model/Civic%20Si%20Sedan/ HTTP/1.1" 200 None
[2026-07-28 14:34:28] [INFO    ] [chrome_api.mapper] mapper | ads_response_to_rows | Honda | Processing 1 trims from ADS response
[2026-07-28 14:34:28] [DEBUG   ] [chrome_api.mapper] mapper | HONDA | FE1E5SK | Extracted fields: year=2025, desc=Manual, trim=None
[2026-07-28 14:34:28] [DEBUG   ] [chrome_api.mapper] mapper | HONDA | FE1E5SK | ModelName from ADS: Civic Si Sedan
[2026-07-28 14:34:28] [INFO    ] [chrome_api.mapper] mapper | HONDA | FE1E5SK | Row complete: model=Civic Si Sedan, trim=Manual, engine_type=None
[2026-07-28 14:34:28] [INFO    ] [chrome_api.mapper] mapper | ads_response_to_rows | Honda | Converted 1/1 trims to rows
[2026-07-28 14:34:28] [DEBUG   ] [chrome_api.service] refresh_from_ads | Honda 2025 Civic Si Sedan | Converted 1 trims to rows
[2026-07-28 14:34:28] [DEBUG   ] [urllib3.connectionpool] https://demos.autodatasolutions.com:443 "POST /ADSDemo/api/full/ymmt/year/2025/make/Honda/model/Civic%20Type%20R/ HTTP/1.1" 200 None
[2026-07-28 14:34:29] [INFO    ] [chrome_api.mapper] mapper | ads_response_to_rows | Honda | Processing 1 trims from ADS response
[2026-07-28 14:34:29] [DEBUG   ] [chrome_api.mapper] mapper | HONDA | FL5G4SG | Extracted fields: year=2025, desc=Manual, trim=None
[2026-07-28 14:34:29] [DEBUG   ] [chrome_api.mapper] mapper | HONDA | FL5G4SG | ModelName from ADS: Civic Type R
[2026-07-28 14:34:29] [INFO    ] [chrome_api.mapper] mapper | HONDA | FL5G4SG | Row complete: model=Civic Type R, trim=Manual, engine_type=None
[2026-07-28 14:34:29] [INFO    ] [chrome_api.mapper] mapper | ads_response_to_rows | Honda | Converted 1/1 trims to rows
[2026-07-28 14:34:29] [DEBUG   ] [chrome_api.service] refresh_from_ads | Honda 2025 Civic Type R | Converted 1 trims to rows
[2026-07-28 14:34:29] [DEBUG   ] [urllib3.connectionpool] https://demos.autodatasolutions.com:443 "POST /ADSDemo/api/full/ymmt/year/2025/make/Honda/model/CR-V/ HTTP/1.1" 200 None
[2026-07-28 14:34:29] [INFO    ] [chrome_api.mapper] mapper | ads_response_to_rows | Honda | Processing 3 trims from ADS response
[2026-07-28 14:34:29] [DEBUG   ] [chrome_api.mapper] mapper | HONDA | RS4H5SJS | Extracted fields: year=2025, desc=Sport AWD, trim=Sport
[2026-07-28 14:34:29] [DEBUG   ] [chrome_api.mapper] mapper | HONDA | RS4H5SJS | ModelName from ADS: CR-V
[2026-07-28 14:34:29] [INFO    ] [chrome_api.mapper] mapper | HONDA | RS4H5SJS | Row complete: model=CR-V, trim=Sport AWD, engine_type=None
[2026-07-28 14:34:29] [DEBUG   ] [chrome_api.mapper] mapper | HONDA | RS4H2SES | Extracted fields: year=2025, desc=LX AWD, trim=LX
[2026-07-28 14:34:29] [DEBUG   ] [chrome_api.mapper] mapper | HONDA | RS4H2SES | ModelName from ADS: CR-V
[2026-07-28 14:34:29] [INFO    ] [chrome_api.mapper] mapper | HONDA | RS4H2SES | Row complete: model=CR-V, trim=LX AWD, engine_type=None
[2026-07-28 14:34:29] [DEBUG   ] [chrome_api.mapper] mapper | HONDA | RS3H2SES | Extracted fields: year=2025, desc=LX 2WD, trim=LX
[2026-07-28 14:34:29] [DEBUG   ] [chrome_api.mapper] mapper | HONDA | RS3H2SES | ModelName from ADS: CR-V
[2026-07-28 14:34:29] [INFO    ] [chrome_api.mapper] mapper | HONDA | RS3H2SES | Row complete: model=CR-V, trim=LX 2WD, engine_type=None
[2026-07-28 14:34:29] [INFO    ] [chrome_api.mapper] mapper | ads_response_to_rows | Honda | Converted 3/3 trims to rows
[2026-07-28 14:34:29] [DEBUG   ] [chrome_api.service] refresh_from_ads | Honda 2025 CR-V | Converted 3 trims to rows
[2026-07-28 14:34:30] [DEBUG   ] [urllib3.connectionpool] https://demos.autodatasolutions.com:443 "POST /ADSDemo/api/full/ymmt/year/2025/make/Honda/model/CR-V%20Hybrid/ HTTP/1.1" 200 None
[2026-07-28 14:34:30] [INFO    ] [chrome_api.mapper] mapper | ads_response_to_rows | Honda | Processing 2 trims from ADS response
[2026-07-28 14:34:30] [DEBUG   ] [chrome_api.mapper] mapper | HONDA | RS6H7SJSX | Extracted fields: year=2025, desc=EX-L AWD, trim=EX-L
[2026-07-28 14:34:30] [DEBUG   ] [chrome_api.mapper] mapper | HONDA | RS6H7SJSX | ModelName from ADS: CR-V Hybrid
[2026-07-28 14:34:30] [INFO    ] [chrome_api.mapper] mapper | HONDA | RS6H7SJSX | Row complete: model=CR-V Hybrid, trim=EX-L AWD, engine_type=None
[2026-07-28 14:34:30] [DEBUG   ] [chrome_api.mapper] mapper | HONDA | RS6H9SKSX | Extracted fields: year=2025, desc=Touring AWD, trim=Touring
[2026-07-28 14:34:30] [DEBUG   ] [chrome_api.mapper] mapper | HONDA | RS6H9SKSX | ModelName from ADS: CR-V Hybrid
[2026-07-28 14:34:30] [INFO    ] [chrome_api.mapper] mapper | HONDA | RS6H9SKSX | Row complete: model=CR-V Hybrid, trim=Touring AWD, engine_type=None
[2026-07-28 14:34:30] [INFO    ] [chrome_api.mapper] mapper | ads_response_to_rows | Honda | Converted 2/2 trims to rows
[2026-07-28 14:34:30] [DEBUG   ] [chrome_api.service] refresh_from_ads | Honda 2025 CR-V Hybrid | Converted 2 trims to rows
[2026-07-28 14:34:30] [DEBUG   ] [urllib3.connectionpool] https://demos.autodatasolutions.com:443 "POST /ADSDemo/api/full/ymmt/year/2025/make/Honda/model/HR-V/ HTTP/1.1" 200 None
[2026-07-28 14:34:31] [INFO    ] [chrome_api.mapper] mapper | ads_response_to_rows | Honda | Processing 4 trims from ADS response
[2026-07-28 14:34:31] [DEBUG   ] [chrome_api.mapper] mapper | HONDA | RZ2H3SE | Extracted fields: year=2025, desc=LX AWD CVT, trim=LX
[2026-07-28 14:34:31] [DEBUG   ] [chrome_api.mapper] mapper | HONDA | RZ2H3SE | ModelName from ADS: HR-V
[2026-07-28 14:34:31] [INFO    ] [chrome_api.mapper] mapper | HONDA | RZ2H3SE | Row complete: model=HR-V, trim=LX AWD CVT, engine_type=None
[2026-07-28 14:34:31] [DEBUG   ] [chrome_api.mapper] mapper | HONDA | RZ2H5SJ | Extracted fields: year=2025, desc=Sport AWD CVT, trim=Sport
[2026-07-28 14:34:31] [DEBUG   ] [chrome_api.mapper] mapper | HONDA | RZ2H5SJ | ModelName from ADS: HR-V
[2026-07-28 14:34:31] [INFO    ] [chrome_api.mapper] mapper | HONDA | RZ2H5SJ | Row complete: model=HR-V, trim=Sport AWD CVT, engine_type=None
[2026-07-28 14:34:31] [DEBUG   ] [chrome_api.mapper] mapper | HONDA | RZ2H7SK | Extracted fields: year=2025, desc=EX-L Navi AWD CVT, trim=EX-L Navi
[2026-07-28 14:34:31] [DEBUG   ] [chrome_api.mapper] mapper | HONDA | RZ2H7SK | ModelName from ADS: HR-V
[2026-07-28 14:34:31] [INFO    ] [chrome_api.mapper] mapper | HONDA | RZ2H7SK | Row complete: model=HR-V, trim=EX-L Navi AWD CVT, engine_type=None
[2026-07-28 14:34:31] [DEBUG   ] [chrome_api.mapper] mapper | HONDA | RZ1H3SE | Extracted fields: year=2025, desc=LX 2WD CVT, trim=LX
[2026-07-28 14:34:31] [DEBUG   ] [chrome_api.mapper] mapper | HONDA | RZ1H3SE | ModelName from ADS: HR-V
[2026-07-28 14:34:31] [INFO    ] [chrome_api.mapper] mapper | HONDA | RZ1H3SE | Row complete: model=HR-V, trim=LX 2WD CVT, engine_type=None
[2026-07-28 14:34:31] [INFO    ] [chrome_api.mapper] mapper | ads_response_to_rows | Honda | Converted 4/4 trims to rows
[2026-07-28 14:34:31] [DEBUG   ] [chrome_api.service] refresh_from_ads | Honda 2025 HR-V | Converted 4 trims to rows
[2026-07-28 14:34:31] [DEBUG   ] [urllib3.connectionpool] https://demos.autodatasolutions.com:443 "POST /ADSDemo/api/full/ymmt/year/2025/make/Honda/model/Odyssey/ HTTP/1.1" 200 None
[2026-07-28 14:34:31] [INFO    ] [chrome_api.mapper] mapper | ads_response_to_rows | Honda | Processing 4 trims from ADS response
[2026-07-28 14:34:31] [DEBUG   ] [chrome_api.mapper] mapper | HONDA | RL6H8SKN | Extracted fields: year=2025, desc=Touring Auto, trim=Touring
[2026-07-28 14:34:31] [DEBUG   ] [chrome_api.mapper] mapper | HONDA | RL6H8SKN | ModelName from ADS: Odyssey
[2026-07-28 14:34:31] [INFO    ] [chrome_api.mapper] mapper | HONDA | RL6H8SKN | Row complete: model=Odyssey, trim=Touring Auto, engine_type=None
[2026-07-28 14:34:31] [DEBUG   ] [chrome_api.mapper] mapper | HONDA | RL6H0SKN | Extracted fields: year=2025, desc=Black Edition Auto, trim=Black Edition
[2026-07-28 14:34:31] [DEBUG   ] [chrome_api.mapper] mapper | HONDA | RL6H0SKN | ModelName from ADS: Odyssey
[2026-07-28 14:34:31] [INFO    ] [chrome_api.mapper] mapper | HONDA | RL6H0SKN | Row complete: model=Odyssey, trim=Black Edition Auto, engine_type=None
[2026-07-28 14:34:31] [DEBUG   ] [chrome_api.mapper] mapper | HONDA | RL6H4SJ | Extracted fields: year=2025, desc=Sport Auto, trim=Sport
[2026-07-28 14:34:31] [DEBUG   ] [chrome_api.mapper] mapper | HONDA | RL6H4SJ | ModelName from ADS: Odyssey
[2026-07-28 14:34:31] [INFO    ] [chrome_api.mapper] mapper | HONDA | RL6H4SJ | Row complete: model=Odyssey, trim=Sport Auto, engine_type=None
[2026-07-28 14:34:31] [DEBUG   ] [chrome_api.mapper] mapper | HONDA | RL6H7SJN | Extracted fields: year=2025, desc=Sport-L Auto, trim=Sport-L
[2026-07-28 14:34:31] [DEBUG   ] [chrome_api.mapper] mapper | HONDA | RL6H7SJN | ModelName from ADS: Odyssey
[2026-07-28 14:34:31] [INFO    ] [chrome_api.mapper] mapper | HONDA | RL6H7SJN | Row complete: model=Odyssey, trim=Sport-L Auto, engine_type=None
[2026-07-28 14:34:31] [INFO    ] [chrome_api.mapper] mapper | ads_response_to_rows | Honda | Converted 4/4 trims to rows
[2026-07-28 14:34:31] [DEBUG   ] [chrome_api.service] refresh_from_ads | Honda 2025 Odyssey | Converted 4 trims to rows
[2026-07-28 14:34:31] [DEBUG   ] [urllib3.connectionpool] https://demos.autodatasolutions.com:443 "POST /ADSDemo/api/full/ymmt/year/2025/make/Honda/model/Passport/ HTTP/1.1" 200 None
[2026-07-28 14:34:32] [INFO    ] [chrome_api.mapper] mapper | ads_response_to_rows | Honda | Processing 3 trims from ADS response
[2026-07-28 14:34:32] [DEBUG   ] [chrome_api.mapper] mapper | HONDA | YF8H2SJ | Extracted fields: year=2025, desc=Sport AWD, trim=Sport
[2026-07-28 14:34:32] [DEBUG   ] [chrome_api.mapper] mapper | HONDA | YF8H2SJ | ModelName from ADS: Passport
[2026-07-28 14:34:32] [INFO    ] [chrome_api.mapper] mapper | HONDA | YF8H2SJ | Row complete: model=Passport, trim=Sport AWD, engine_type=None
[2026-07-28 14:34:32] [DEBUG   ] [chrome_api.mapper] mapper | HONDA | YF8H6SJN | Extracted fields: year=2025, desc=TrailSport AWD, trim=TrailSport
[2026-07-28 14:34:32] [DEBUG   ] [chrome_api.mapper] mapper | HONDA | YF8H6SJN | ModelName from ADS: Passport
[2026-07-28 14:34:32] [INFO    ] [chrome_api.mapper] mapper | HONDA | YF8H6SJN | Row complete: model=Passport, trim=TrailSport AWD, engine_type=None
[2026-07-28 14:34:32] [DEBUG   ] [chrome_api.mapper] mapper | HONDA | YF8H8SKN | Extracted fields: year=2025, desc=Black Edition AWD, trim=Black Edition
[2026-07-28 14:34:32] [DEBUG   ] [chrome_api.mapper] mapper | HONDA | YF8H8SKN | ModelName from ADS: Passport
[2026-07-28 14:34:32] [INFO    ] [chrome_api.mapper] mapper | HONDA | YF8H8SKN | Row complete: model=Passport, trim=Black Edition AWD, engine_type=None
[2026-07-28 14:34:32] [INFO    ] [chrome_api.mapper] mapper | ads_response_to_rows | Honda | Converted 3/3 trims to rows
[2026-07-28 14:34:32] [DEBUG   ] [chrome_api.service] refresh_from_ads | Honda 2025 Passport | Converted 3 trims to rows
[2026-07-28 14:34:32] [DEBUG   ] [urllib3.connectionpool] https://demos.autodatasolutions.com:443 "POST /ADSDemo/api/full/ymmt/year/2025/make/Honda/model/Pilot/ HTTP/1.1" 200 None
[2026-07-28 14:34:33] [INFO    ] [chrome_api.mapper] mapper | ads_response_to_rows | Honda | Processing 5 trims from ADS response
[2026-07-28 14:34:33] [DEBUG   ] [chrome_api.mapper] mapper | HONDA | YG1H3SE | Extracted fields: year=2025, desc=Sport AWD, trim=Sport
[2026-07-28 14:34:33] [DEBUG   ] [chrome_api.mapper] mapper | HONDA | YG1H3SE | ModelName from ADS: Pilot
[2026-07-28 14:34:33] [INFO    ] [chrome_api.mapper] mapper | HONDA | YG1H3SE | Row complete: model=Pilot, trim=Sport AWD, engine_type=None
[2026-07-28 14:34:33] [DEBUG   ] [chrome_api.mapper] mapper | HONDA | YG1H4SEN | Extracted fields: year=2025, desc=EX-L AWD, trim=EX-L
[2026-07-28 14:34:33] [DEBUG   ] [chrome_api.mapper] mapper | HONDA | YG1H4SEN | ModelName from ADS: Pilot
[2026-07-28 14:34:33] [INFO    ] [chrome_api.mapper] mapper | HONDA | YG1H4SEN | Row complete: model=Pilot, trim=EX-L AWD, engine_type=None
[2026-07-28 14:34:33] [DEBUG   ] [chrome_api.mapper] mapper | HONDA | YG1H6SJ | Extracted fields: year=2025, desc=TrailSport AWD, trim=TrailSport
[2026-07-28 14:34:33] [DEBUG   ] [chrome_api.mapper] mapper | HONDA | YG1H6SJ | ModelName from ADS: Pilot
[2026-07-28 14:34:33] [INFO    ] [chrome_api.mapper] mapper | HONDA | YG1H6SJ | Row complete: model=Pilot, trim=TrailSport AWD, engine_type=None
[2026-07-28 14:34:33] [DEBUG   ] [chrome_api.mapper] mapper | HONDA | YG1H7SKN | Extracted fields: year=2025, desc=Touring AWD, trim=Touring
[2026-07-28 14:34:33] [DEBUG   ] [chrome_api.mapper] mapper | HONDA | YG1H7SKN | ModelName from ADS: Pilot
[2026-07-28 14:34:33] [INFO    ] [chrome_api.mapper] mapper | HONDA | YG1H7SKN | Row complete: model=Pilot, trim=Touring AWD, engine_type=None
[2026-07-28 14:34:33] [DEBUG   ] [chrome_api.mapper] mapper | HONDA | YG1H9SKN | Extracted fields: year=2025, desc=Black Edition AWD, trim=Black Edition
[2026-07-28 14:34:33] [DEBUG   ] [chrome_api.mapper] mapper | HONDA | YG1H9SKN | ModelName from ADS: Pilot
[2026-07-28 14:34:33] [INFO    ] [chrome_api.mapper] mapper | HONDA | YG1H9SKN | Row complete: model=Pilot, trim=Black Edition AWD, engine_type=None
[2026-07-28 14:34:33] [INFO    ] [chrome_api.mapper] mapper | ads_response_to_rows | Honda | Converted 5/5 trims to rows
[2026-07-28 14:34:33] [DEBUG   ] [chrome_api.service] refresh_from_ads | Honda 2025 Pilot | Converted 5 trims to rows
[2026-07-28 14:34:33] [DEBUG   ] [urllib3.connectionpool] https://demos.autodatasolutions.com:443 "POST /ADSDemo/api/full/ymmt/year/2025/make/Honda/model/Prologue/ HTTP/1.1" 200 None
[2026-07-28 14:34:33] [INFO    ] [chrome_api.mapper] mapper | ads_response_to_rows | Honda | Processing 3 trims from ADS response
[2026-07-28 14:34:33] [DEBUG   ] [chrome_api.mapper] mapper | HONDA | 3B4H2SE | Extracted fields: year=2025, desc=EX AWD, trim=EX
[2026-07-28 14:34:33] [DEBUG   ] [chrome_api.mapper] mapper | HONDA | 3B4H2SE | ModelName from ADS: Prologue
[2026-07-28 14:34:33] [INFO    ] [chrome_api.mapper] mapper | HONDA | 3B4H2SE | Row complete: model=Prologue, trim=EX AWD, engine_type=None
[2026-07-28 14:34:33] [DEBUG   ] [chrome_api.mapper] mapper | HONDA | 3B4H4SJ | Extracted fields: year=2025, desc=EX-L AWD, trim=EX-L
[2026-07-28 14:34:33] [DEBUG   ] [chrome_api.mapper] mapper | HONDA | 3B4H4SJ | ModelName from ADS: Prologue
[2026-07-28 14:34:33] [INFO    ] [chrome_api.mapper] mapper | HONDA | 3B4H4SJ | Row complete: model=Prologue, trim=EX-L AWD, engine_type=None
[2026-07-28 14:34:33] [DEBUG   ] [chrome_api.mapper] mapper | HONDA | 3B4H6SJ | Extracted fields: year=2025, desc=Touring AWD, trim=Touring
[2026-07-28 14:34:33] [DEBUG   ] [chrome_api.mapper] mapper | HONDA | 3B4H6SJ | ModelName from ADS: Prologue
[2026-07-28 14:34:33] [INFO    ] [chrome_api.mapper] mapper | HONDA | 3B4H6SJ | Row complete: model=Prologue, trim=Touring AWD, engine_type=None
[2026-07-28 14:34:33] [INFO    ] [chrome_api.mapper] mapper | ads_response_to_rows | Honda | Converted 3/3 trims to rows
[2026-07-28 14:34:33] [DEBUG   ] [chrome_api.service] refresh_from_ads | Honda 2025 Prologue | Converted 3 trims to rows
[2026-07-28 14:34:33] [DEBUG   ] [urllib3.connectionpool] https://demos.autodatasolutions.com:443 "POST /ADSDemo/api/full/ymmt/year/2025/make/Honda/model/Ridgeline/ HTTP/1.1" 200 None
[2026-07-28 14:34:34] [INFO    ] [chrome_api.mapper] mapper | ads_response_to_rows | Honda | Processing 3 trims from ADS response
[2026-07-28 14:34:34] [DEBUG   ] [chrome_api.mapper] mapper | HONDA | YK3F1SJ | Extracted fields: year=2025, desc=Sport AWD, trim=Sport
[2026-07-28 14:34:34] [DEBUG   ] [chrome_api.mapper] mapper | HONDA | YK3F1SJ | ModelName from ADS: Ridgeline
[2026-07-28 14:34:34] [INFO    ] [chrome_api.mapper] mapper | HONDA | YK3F1SJ | Row complete: model=Ridgeline, trim=Sport AWD, engine_type=None
[2026-07-28 14:34:34] [DEBUG   ] [chrome_api.mapper] mapper | HONDA | YK3F6SJN | Extracted fields: year=2025, desc=TrailSport AWD, trim=TrailSport
[2026-07-28 14:34:34] [DEBUG   ] [chrome_api.mapper] mapper | HONDA | YK3F6SJN | ModelName from ADS: Ridgeline
[2026-07-28 14:34:34] [INFO    ] [chrome_api.mapper] mapper | HONDA | YK3F6SJN | Row complete: model=Ridgeline, trim=TrailSport AWD, engine_type=None
[2026-07-28 14:34:34] [DEBUG   ] [chrome_api.mapper] mapper | HONDA | YK3F8SKN | Extracted fields: year=2025, desc=Black Edition AWD, trim=Black Edition
[2026-07-28 14:34:34] [DEBUG   ] [chrome_api.mapper] mapper | HONDA | YK3F8SKN | ModelName from ADS: Ridgeline
[2026-07-28 14:34:34] [INFO    ] [chrome_api.mapper] mapper | HONDA | YK3F8SKN | Row complete: model=Ridgeline, trim=Black Edition AWD, engine_type=None
[2026-07-28 14:34:34] [INFO    ] [chrome_api.mapper] mapper | ads_response_to_rows | Honda | Converted 3/3 trims to rows
[2026-07-28 14:34:34] [DEBUG   ] [chrome_api.service] refresh_from_ads | Honda 2025 Ridgeline | Converted 3 trims to rows
[2026-07-28 14:34:34] [DEBUG   ] [urllib3.connectionpool] https://demos.autodatasolutions.com:443 "GET /ADSDemo/api/ymmt/models/make/Honda/year/2026/country/CA/language/en?sort=ASC HTTP/1.1" 200 None
[2026-07-28 14:34:35] [DEBUG   ] [urllib3.connectionpool] https://demos.autodatasolutions.com:443 "POST /ADSDemo/api/full/ymmt/year/2026/make/Honda/model/Accord%20Hybrid/ HTTP/1.1" 200 None
[2026-07-28 14:34:35] [INFO    ] [chrome_api.mapper] mapper | ads_response_to_rows | Honda | Processing 2 trims from ADS response
[2026-07-28 14:34:35] [DEBUG   ] [chrome_api.mapper] mapper | HONDA | CY2F7TJVN | Extracted fields: year=2026, desc=Sport-L eCVT, trim=Sport-L
[2026-07-28 14:34:35] [DEBUG   ] [chrome_api.mapper] mapper | HONDA | CY2F7TJVN | ModelName from ADS: Accord Hybrid
[2026-07-28 14:34:35] [INFO    ] [chrome_api.mapper] mapper | HONDA | CY2F7TJVN | Row complete: model=Accord Hybrid, trim=Sport-L eCVT, engine_type=None
[2026-07-28 14:34:35] [DEBUG   ] [chrome_api.mapper] mapper | HONDA | CY2F8TKVN | Extracted fields: year=2026, desc=Touring eCVT, trim=Touring
[2026-07-28 14:34:35] [DEBUG   ] [chrome_api.mapper] mapper | HONDA | CY2F8TKVN | ModelName from ADS: Accord Hybrid
[2026-07-28 14:34:35] [INFO    ] [chrome_api.mapper] mapper | HONDA | CY2F8TKVN | Row complete: model=Accord Hybrid, trim=Touring eCVT, engine_type=None
[2026-07-28 14:34:35] [INFO    ] [chrome_api.mapper] mapper | ads_response_to_rows | Honda | Converted 2/2 trims to rows
[2026-07-28 14:34:35] [DEBUG   ] [chrome_api.service] refresh_from_ads | Honda 2026 Accord Hybrid | Converted 2 trims to rows
[2026-07-28 14:34:35] [DEBUG   ] [urllib3.connectionpool] https://demos.autodatasolutions.com:443 "POST /ADSDemo/api/full/ymmt/year/2026/make/Honda/model/Accord%20Sedan/ HTTP/1.1" 200 None
[2026-07-28 14:34:36] [INFO    ] [chrome_api.mapper] mapper | ads_response_to_rows | Honda | Processing 1 trims from ADS response
[2026-07-28 14:34:36] [DEBUG   ] [chrome_api.mapper] mapper | HONDA | CY1F4TJV | Extracted fields: year=2026, desc=SE CVT, trim=SE
[2026-07-28 14:34:36] [DEBUG   ] [chrome_api.mapper] mapper | HONDA | CY1F4TJV | ModelName from ADS: Accord Sedan
[2026-07-28 14:34:36] [INFO    ] [chrome_api.mapper] mapper | HONDA | CY1F4TJV | Row complete: model=Accord Sedan, trim=SE CVT, engine_type=None
[2026-07-28 14:34:36] [INFO    ] [chrome_api.mapper] mapper | ads_response_to_rows | Honda | Converted 1/1 trims to rows
[2026-07-28 14:34:36] [DEBUG   ] [chrome_api.service] refresh_from_ads | Honda 2026 Accord Sedan | Converted 1 trims to rows
[2026-07-28 14:34:36] [DEBUG   ] [urllib3.connectionpool] https://demos.autodatasolutions.com:443 "POST /ADSDemo/api/full/ymmt/year/2026/make/Honda/model/Civic%20Hatchback/ HTTP/1.1" 200 None
[2026-07-28 14:34:36] [INFO    ] [chrome_api.mapper] mapper | ads_response_to_rows | Honda | Processing 1 trims from ADS response
[2026-07-28 14:34:36] [DEBUG   ] [chrome_api.mapper] mapper | HONDA | FL2H8TE | Extracted fields: year=2026, desc=Sport CVT, trim=Sport
[2026-07-28 14:34:36] [DEBUG   ] [chrome_api.mapper] mapper | HONDA | FL2H8TE | ModelName from ADS: Civic Hatchback
[2026-07-28 14:34:36] [INFO    ] [chrome_api.mapper] mapper | HONDA | FL2H8TE | Row complete: model=Civic Hatchback, trim=Sport CVT, engine_type=None
[2026-07-28 14:34:36] [INFO    ] [chrome_api.mapper] mapper | ads_response_to_rows | Honda | Converted 1/1 trims to rows
[2026-07-28 14:34:36] [DEBUG   ] [chrome_api.service] refresh_from_ads | Honda 2026 Civic Hatchback | Converted 1 trims to rows
[2026-07-28 14:34:36] [DEBUG   ] [urllib3.connectionpool] https://demos.autodatasolutions.com:443 "POST /ADSDemo/api/full/ymmt/year/2026/make/Honda/model/Civic%20Hatchback%20Hybrid/ HTTP/1.1" 200 None
[2026-07-28 14:34:37] [INFO    ] [chrome_api.mapper] mapper | ads_response_to_rows | Honda | Processing 2 trims from ADS response
[2026-07-28 14:34:37] [DEBUG   ] [chrome_api.mapper] mapper | HONDA | FL4H8TJY | Extracted fields: year=2026, desc=Sport eCVT, trim=Sport
[2026-07-28 14:34:37] [DEBUG   ] [chrome_api.mapper] mapper | HONDA | FL4H8TJY | ModelName from ADS: Civic Hatchback Hybrid
[2026-07-28 14:34:37] [INFO    ] [chrome_api.mapper] mapper | HONDA | FL4H8TJY | Row complete: model=Civic Hatchback Hybrid, trim=Sport eCVT, engine_type=None
[2026-07-28 14:34:37] [DEBUG   ] [chrome_api.mapper] mapper | HONDA | FL4H9TKNY | Extracted fields: year=2026, desc=Sport Touring eCVT, trim=Sport Touring
[2026-07-28 14:34:37] [DEBUG   ] [chrome_api.mapper] mapper | HONDA | FL4H9TKNY | ModelName from ADS: Civic Hatchback Hybrid
[2026-07-28 14:34:37] [INFO    ] [chrome_api.mapper] mapper | HONDA | FL4H9TKNY | Row complete: model=Civic Hatchback Hybrid, trim=Sport Touring eCVT, engine_type=None
[2026-07-28 14:34:37] [INFO    ] [chrome_api.mapper] mapper | ads_response_to_rows | Honda | Converted 2/2 trims to rows
[2026-07-28 14:34:37] [DEBUG   ] [chrome_api.service] refresh_from_ads | Honda 2026 Civic Hatchback Hybrid | Converted 2 trims to rows
[2026-07-28 14:34:37] [DEBUG   ] [urllib3.connectionpool] https://demos.autodatasolutions.com:443 "POST /ADSDemo/api/full/ymmt/year/2026/make/Honda/model/Civic%20Sedan/ HTTP/1.1" 200 None
[2026-07-28 14:34:37] [INFO    ] [chrome_api.mapper] mapper | ads_response_to_rows | Honda | Processing 2 trims from ADS response
[2026-07-28 14:34:37] [DEBUG   ] [chrome_api.mapper] mapper | HONDA | FE2F2TE | Extracted fields: year=2026, desc=LX CVT, trim=LX
[2026-07-28 14:34:37] [DEBUG   ] [chrome_api.mapper] mapper | HONDA | FE2F2TE | ModelName from ADS: Civic Sedan
[2026-07-28 14:34:37] [INFO    ] [chrome_api.mapper] mapper | HONDA | FE2F2TE | Row complete: model=Civic Sedan, trim=LX CVT, engine_type=None
[2026-07-28 14:34:37] [DEBUG   ] [chrome_api.mapper] mapper | HONDA | FE2F5TJ | Extracted fields: year=2026, desc=Sport CVT, trim=Sport
[2026-07-28 14:34:37] [DEBUG   ] [chrome_api.mapper] mapper | HONDA | FE2F5TJ | ModelName from ADS: Civic Sedan
[2026-07-28 14:34:37] [INFO    ] [chrome_api.mapper] mapper | HONDA | FE2F5TJ | Row complete: model=Civic Sedan, trim=Sport CVT, engine_type=None
[2026-07-28 14:34:37] [INFO    ] [chrome_api.mapper] mapper | ads_response_to_rows | Honda | Converted 2/2 trims to rows
[2026-07-28 14:34:37] [DEBUG   ] [chrome_api.service] refresh_from_ads | Honda 2026 Civic Sedan | Converted 2 trims to rows
[2026-07-28 14:34:38] [DEBUG   ] [urllib3.connectionpool] https://demos.autodatasolutions.com:443 "POST /ADSDemo/api/full/ymmt/year/2026/make/Honda/model/Civic%20Sedan%20Hybrid/ HTTP/1.1" 200 None
[2026-07-28 14:34:38] [INFO    ] [chrome_api.mapper] mapper | ads_response_to_rows | Honda | Processing 2 trims from ADS response
[2026-07-28 14:34:38] [DEBUG   ] [chrome_api.mapper] mapper | HONDA | FE4F8TJ | Extracted fields: year=2026, desc=Sport eCVT, trim=Sport
[2026-07-28 14:34:38] [DEBUG   ] [chrome_api.mapper] mapper | HONDA | FE4F8TJ | ModelName from ADS: Civic Sedan Hybrid
[2026-07-28 14:34:38] [INFO    ] [chrome_api.mapper] mapper | HONDA | FE4F8TJ | Row complete: model=Civic Sedan Hybrid, trim=Sport eCVT, engine_type=None
[2026-07-28 14:34:38] [DEBUG   ] [chrome_api.mapper] mapper | HONDA | FE4F8TKN | Extracted fields: year=2026, desc=Sport Touring eCVT, trim=Sport Touring
[2026-07-28 14:34:38] [DEBUG   ] [chrome_api.mapper] mapper | HONDA | FE4F8TKN | ModelName from ADS: Civic Sedan Hybrid
[2026-07-28 14:34:38] [INFO    ] [chrome_api.mapper] mapper | HONDA | FE4F8TKN | Row complete: model=Civic Sedan Hybrid, trim=Sport Touring eCVT, engine_type=None
[2026-07-28 14:34:38] [INFO    ] [chrome_api.mapper] mapper | ads_response_to_rows | Honda | Converted 2/2 trims to rows
[2026-07-28 14:34:38] [DEBUG   ] [chrome_api.service] refresh_from_ads | Honda 2026 Civic Sedan Hybrid | Converted 2 trims to rows
[2026-07-28 14:34:38] [DEBUG   ] [urllib3.connectionpool] https://demos.autodatasolutions.com:443 "POST /ADSDemo/api/full/ymmt/year/2026/make/Honda/model/Civic%20Si%20Sedan/ HTTP/1.1" 200 None
[2026-07-28 14:34:39] [INFO    ] [chrome_api.mapper] mapper | ads_response_to_rows | Honda | Processing 1 trims from ADS response
[2026-07-28 14:34:39] [DEBUG   ] [chrome_api.mapper] mapper | HONDA | FE1E5TK | Extracted fields: year=2026, desc=Manual, trim=None
[2026-07-28 14:34:39] [DEBUG   ] [chrome_api.mapper] mapper | HONDA | FE1E5TK | ModelName from ADS: Civic Si Sedan
[2026-07-28 14:34:39] [INFO    ] [chrome_api.mapper] mapper | HONDA | FE1E5TK | Row complete: model=Civic Si Sedan, trim=Manual, engine_type=None
[2026-07-28 14:34:39] [INFO    ] [chrome_api.mapper] mapper | ads_response_to_rows | Honda | Converted 1/1 trims to rows
[2026-07-28 14:34:39] [DEBUG   ] [chrome_api.service] refresh_from_ads | Honda 2026 Civic Si Sedan | Converted 1 trims to rows
[2026-07-28 14:34:39] [DEBUG   ] [urllib3.connectionpool] https://demos.autodatasolutions.com:443 "POST /ADSDemo/api/full/ymmt/year/2026/make/Honda/model/Civic%20Type%20R/ HTTP/1.1" 200 None
[2026-07-28 14:34:39] [INFO    ] [chrome_api.mapper] mapper | ads_response_to_rows | Honda | Processing 1 trims from ADS response
[2026-07-28 14:34:39] [DEBUG   ] [chrome_api.mapper] mapper | HONDA | FL5G4TG | Extracted fields: year=2026, desc=Manual, trim=None
[2026-07-28 14:34:39] [DEBUG   ] [chrome_api.mapper] mapper | HONDA | FL5G4TG | ModelName from ADS: Civic Type R
[2026-07-28 14:34:39] [INFO    ] [chrome_api.mapper] mapper | HONDA | FL5G4TG | Row complete: model=Civic Type R, trim=Manual, engine_type=None
[2026-07-28 14:34:39] [INFO    ] [chrome_api.mapper] mapper | ads_response_to_rows | Honda | Converted 1/1 trims to rows
[2026-07-28 14:34:39] [DEBUG   ] [chrome_api.service] refresh_from_ads | Honda 2026 Civic Type R | Converted 1 trims to rows
[2026-07-28 14:34:39] [DEBUG   ] [urllib3.connectionpool] https://demos.autodatasolutions.com:443 "POST /ADSDemo/api/full/ymmt/year/2026/make/Honda/model/CR-V/ HTTP/1.1" 200 None
[2026-07-28 14:34:40] [INFO    ] [chrome_api.mapper] mapper | ads_response_to_rows | Honda | Processing 3 trims from ADS response
[2026-07-28 14:34:40] [DEBUG   ] [chrome_api.mapper] mapper | HONDA | RS4H2TES | Extracted fields: year=2026, desc=LX AWD, trim=LX
[2026-07-28 14:34:40] [DEBUG   ] [chrome_api.mapper] mapper | HONDA | RS4H2TES | ModelName from ADS: CR-V
[2026-07-28 14:34:40] [INFO    ] [chrome_api.mapper] mapper | HONDA | RS4H2TES | Row complete: model=CR-V, trim=LX AWD, engine_type=None
[2026-07-28 14:34:40] [DEBUG   ] [chrome_api.mapper] mapper | HONDA | RS4H5TJS | Extracted fields: year=2026, desc=Sport AWD, trim=Sport
[2026-07-28 14:34:40] [DEBUG   ] [chrome_api.mapper] mapper | HONDA | RS4H5TJS | ModelName from ADS: CR-V
[2026-07-28 14:34:40] [INFO    ] [chrome_api.mapper] mapper | HONDA | RS4H5TJS | Row complete: model=CR-V, trim=Sport AWD, engine_type=None
[2026-07-28 14:34:40] [DEBUG   ] [chrome_api.mapper] mapper | HONDA | RS3H2TES | Extracted fields: year=2026, desc=LX 2WD, trim=LX
[2026-07-28 14:34:40] [DEBUG   ] [chrome_api.mapper] mapper | HONDA | RS3H2TES | ModelName from ADS: CR-V
[2026-07-28 14:34:40] [INFO    ] [chrome_api.mapper] mapper | HONDA | RS3H2TES | Row complete: model=CR-V, trim=LX 2WD, engine_type=None
[2026-07-28 14:34:40] [INFO    ] [chrome_api.mapper] mapper | ads_response_to_rows | Honda | Converted 3/3 trims to rows
[2026-07-28 14:34:40] [DEBUG   ] [chrome_api.service] refresh_from_ads | Honda 2026 CR-V | Converted 3 trims to rows
[2026-07-28 14:34:40] [DEBUG   ] [urllib3.connectionpool] https://demos.autodatasolutions.com:443 "POST /ADSDemo/api/full/ymmt/year/2026/make/Honda/model/CR-V%20Hybrid/ HTTP/1.1" 200 None
[2026-07-28 14:34:41] [INFO    ] [chrome_api.mapper] mapper | ads_response_to_rows | Honda | Processing 4 trims from ADS response
[2026-07-28 14:34:41] [DEBUG   ] [chrome_api.mapper] mapper | HONDA | RS6H7TJGX | Extracted fields: year=2026, desc=EX-L AWD, trim=EX-L
[2026-07-28 14:34:41] [DEBUG   ] [chrome_api.mapper] mapper | HONDA | RS6H7TJGX | ModelName from ADS: CR-V Hybrid
[2026-07-28 14:34:41] [INFO    ] [chrome_api.mapper] mapper | HONDA | RS6H7TJGX | Row complete: model=CR-V Hybrid, trim=EX-L AWD, engine_type=None
[2026-07-28 14:34:41] [DEBUG   ] [chrome_api.mapper] mapper | HONDA | RS6H9TKGX | Extracted fields: year=2026, desc=Touring AWD, trim=Touring
[2026-07-28 14:34:41] [DEBUG   ] [chrome_api.mapper] mapper | HONDA | RS6H9TKGX | ModelName from ADS: CR-V Hybrid
[2026-07-28 14:34:41] [INFO    ] [chrome_api.mapper] mapper | HONDA | RS6H9TKGX | Row complete: model=CR-V Hybrid, trim=Touring AWD, engine_type=None
[2026-07-28 14:34:41] [DEBUG   ] [chrome_api.mapper] mapper | HONDA | RS6H5TJGX | Extracted fields: year=2026, desc=Sport AWD, trim=Sport
[2026-07-28 14:34:41] [DEBUG   ] [chrome_api.mapper] mapper | HONDA | RS6H5TJGX | ModelName from ADS: CR-V Hybrid
[2026-07-28 14:34:41] [INFO    ] [chrome_api.mapper] mapper | HONDA | RS6H5TJGX | Row complete: model=CR-V Hybrid, trim=Sport AWD, engine_type=None
[2026-07-28 14:34:41] [DEBUG   ] [chrome_api.mapper] mapper | HONDA | RS6H6TJG | Extracted fields: year=2026, desc=TrailSport AWD, trim=TrailSport
[2026-07-28 14:34:41] [DEBUG   ] [chrome_api.mapper] mapper | HONDA | RS6H6TJG | ModelName from ADS: CR-V Hybrid
[2026-07-28 14:34:41] [INFO    ] [chrome_api.mapper] mapper | HONDA | RS6H6TJG | Row complete: model=CR-V Hybrid, trim=TrailSport AWD, engine_type=None
[2026-07-28 14:34:41] [INFO    ] [chrome_api.mapper] mapper | ads_response_to_rows | Honda | Converted 4/4 trims to rows
[2026-07-28 14:34:41] [DEBUG   ] [chrome_api.service] refresh_from_ads | Honda 2026 CR-V Hybrid | Converted 4 trims to rows
[2026-07-28 14:34:41] [DEBUG   ] [urllib3.connectionpool] https://demos.autodatasolutions.com:443 "POST /ADSDemo/api/full/ymmt/year/2026/make/Honda/model/HR-V/ HTTP/1.1" 200 None
[2026-07-28 14:34:41] [INFO    ] [chrome_api.mapper] mapper | ads_response_to_rows | Honda | Processing 4 trims from ADS response
[2026-07-28 14:34:41] [DEBUG   ] [chrome_api.mapper] mapper | HONDA | RZ2H3TE | Extracted fields: year=2026, desc=LX AWD CVT, trim=LX
[2026-07-28 14:34:41] [DEBUG   ] [chrome_api.mapper] mapper | HONDA | RZ2H3TE | ModelName from ADS: HR-V
[2026-07-28 14:34:41] [INFO    ] [chrome_api.mapper] mapper | HONDA | RZ2H3TE | Row complete: model=HR-V, trim=LX AWD CVT, engine_type=None
[2026-07-28 14:34:41] [DEBUG   ] [chrome_api.mapper] mapper | HONDA | RZ2H5TJ | Extracted fields: year=2026, desc=Sport AWD CVT, trim=Sport
[2026-07-28 14:34:41] [DEBUG   ] [chrome_api.mapper] mapper | HONDA | RZ2H5TJ | ModelName from ADS: HR-V
[2026-07-28 14:34:41] [INFO    ] [chrome_api.mapper] mapper | HONDA | RZ2H5TJ | Row complete: model=HR-V, trim=Sport AWD CVT, engine_type=None
[2026-07-28 14:34:41] [DEBUG   ] [chrome_api.mapper] mapper | HONDA | RZ2H7TKY | Extracted fields: year=2026, desc=EX-L AWD CVT, trim=EX-L
[2026-07-28 14:34:41] [DEBUG   ] [chrome_api.mapper] mapper | HONDA | RZ2H7TKY | ModelName from ADS: HR-V
[2026-07-28 14:34:41] [INFO    ] [chrome_api.mapper] mapper | HONDA | RZ2H7TKY | Row complete: model=HR-V, trim=EX-L AWD CVT, engine_type=None
[2026-07-28 14:34:41] [DEBUG   ] [chrome_api.mapper] mapper | HONDA | RZ1H3TE | Extracted fields: year=2026, desc=LX 2WD CVT, trim=LX
[2026-07-28 14:34:41] [DEBUG   ] [chrome_api.mapper] mapper | HONDA | RZ1H3TE | ModelName from ADS: HR-V
[2026-07-28 14:34:41] [INFO    ] [chrome_api.mapper] mapper | HONDA | RZ1H3TE | Row complete: model=HR-V, trim=LX 2WD CVT, engine_type=None
[2026-07-28 14:34:41] [INFO    ] [chrome_api.mapper] mapper | ads_response_to_rows | Honda | Converted 4/4 trims to rows
[2026-07-28 14:34:41] [DEBUG   ] [chrome_api.service] refresh_from_ads | Honda 2026 HR-V | Converted 4 trims to rows
[2026-07-28 14:34:41] [DEBUG   ] [urllib3.connectionpool] https://demos.autodatasolutions.com:443 "POST /ADSDemo/api/full/ymmt/year/2026/make/Honda/model/Odyssey/ HTTP/1.1" 200 None
[2026-07-28 14:34:42] [INFO    ] [chrome_api.mapper] mapper | ads_response_to_rows | Honda | Processing 4 trims from ADS response
[2026-07-28 14:34:42] [DEBUG   ] [chrome_api.mapper] mapper | HONDA | RL6H4TJ | Extracted fields: year=2026, desc=Sport Auto, trim=Sport
[2026-07-28 14:34:42] [DEBUG   ] [chrome_api.mapper] mapper | HONDA | RL6H4TJ | ModelName from ADS: Odyssey
[2026-07-28 14:34:42] [INFO    ] [chrome_api.mapper] mapper | HONDA | RL6H4TJ | Row complete: model=Odyssey, trim=Sport Auto, engine_type=None
[2026-07-28 14:34:42] [DEBUG   ] [chrome_api.mapper] mapper | HONDA | RL6H7TJN | Extracted fields: year=2026, desc=Sport-L Auto, trim=Sport-L
[2026-07-28 14:34:42] [DEBUG   ] [chrome_api.mapper] mapper | HONDA | RL6H7TJN | ModelName from ADS: Odyssey
[2026-07-28 14:34:42] [INFO    ] [chrome_api.mapper] mapper | HONDA | RL6H7TJN | Row complete: model=Odyssey, trim=Sport-L Auto, engine_type=None
[2026-07-28 14:34:42] [DEBUG   ] [chrome_api.mapper] mapper | HONDA | RL6H8TKN | Extracted fields: year=2026, desc=Touring Auto, trim=Touring
[2026-07-28 14:34:42] [DEBUG   ] [chrome_api.mapper] mapper | HONDA | RL6H8TKN | ModelName from ADS: Odyssey
[2026-07-28 14:34:42] [INFO    ] [chrome_api.mapper] mapper | HONDA | RL6H8TKN | Row complete: model=Odyssey, trim=Touring Auto, engine_type=None
[2026-07-28 14:34:42] [DEBUG   ] [chrome_api.mapper] mapper | HONDA | RL6H0TKN | Extracted fields: year=2026, desc=Black Edition Auto, trim=Black Edition
[2026-07-28 14:34:42] [DEBUG   ] [chrome_api.mapper] mapper | HONDA | RL6H0TKN | ModelName from ADS: Odyssey
[2026-07-28 14:34:42] [INFO    ] [chrome_api.mapper] mapper | HONDA | RL6H0TKN | Row complete: model=Odyssey, trim=Black Edition Auto, engine_type=None
[2026-07-28 14:34:42] [INFO    ] [chrome_api.mapper] mapper | ads_response_to_rows | Honda | Converted 4/4 trims to rows
[2026-07-28 14:34:42] [DEBUG   ] [chrome_api.service] refresh_from_ads | Honda 2026 Odyssey | Converted 4 trims to rows
[2026-07-28 14:34:42] [DEBUG   ] [urllib3.connectionpool] https://demos.autodatasolutions.com:443 "POST /ADSDemo/api/full/ymmt/year/2026/make/Honda/model/Passport/ HTTP/1.1" 200 None
[2026-07-28 14:34:42] [INFO    ] [chrome_api.mapper] mapper | ads_response_to_rows | Honda | Processing 4 trims from ADS response
[2026-07-28 14:34:42] [DEBUG   ] [chrome_api.mapper] mapper | HONDA | YF9H5TK | Extracted fields: year=2026, desc=TrailSport AWD, trim=TrailSport
[2026-07-28 14:34:42] [DEBUG   ] [chrome_api.mapper] mapper | HONDA | YF9H5TK | ModelName from ADS: Passport
[2026-07-28 14:34:42] [INFO    ] [chrome_api.mapper] mapper | HONDA | YF9H5TK | Row complete: model=Passport, trim=TrailSport AWD, engine_type=None
[2026-07-28 14:34:42] [DEBUG   ] [chrome_api.mapper] mapper | HONDA | YF9H5TKX | Extracted fields: year=2026, desc=TrailSport Blackout AWD, trim=TrailSport Blackout
[2026-07-28 14:34:42] [DEBUG   ] [chrome_api.mapper] mapper | HONDA | YF9H5TKX | ModelName from ADS: Passport
[2026-07-28 14:34:42] [INFO    ] [chrome_api.mapper] mapper | HONDA | YF9H5TKX | Row complete: model=Passport, trim=TrailSport Blackout AWD, engine_type=None
[2026-07-28 14:34:42] [DEBUG   ] [chrome_api.mapper] mapper | HONDA | YF9H8TKN | Extracted fields: year=2026, desc=TrailSport Touring AWD, trim=TrailSport Touring
[2026-07-28 14:34:42] [DEBUG   ] [chrome_api.mapper] mapper | HONDA | YF9H8TKN | ModelName from ADS: Passport
[2026-07-28 14:34:42] [INFO    ] [chrome_api.mapper] mapper | HONDA | YF9H8TKN | Row complete: model=Passport, trim=TrailSport Touring AWD, engine_type=None
[2026-07-28 14:34:42] [DEBUG   ] [chrome_api.mapper] mapper | HONDA | YF9H8TKNX | Extracted fields: year=2026, desc=TrailSport Touring Blackout AWD, trim=TrailSport Touring Blackout
[2026-07-28 14:34:42] [DEBUG   ] [chrome_api.mapper] mapper | HONDA | YF9H8TKNX | ModelName from ADS: Passport
[2026-07-28 14:34:42] [INFO    ] [chrome_api.mapper] mapper | HONDA | YF9H8TKNX | Row complete: model=Passport, trim=TrailSport Touring Blackout AWD, engine_type=None
[2026-07-28 14:34:42] [INFO    ] [chrome_api.mapper] mapper | ads_response_to_rows | Honda | Converted 4/4 trims to rows
[2026-07-28 14:34:42] [DEBUG   ] [chrome_api.service] refresh_from_ads | Honda 2026 Passport | Converted 4 trims to rows
[2026-07-28 14:34:43] [DEBUG   ] [urllib3.connectionpool] https://demos.autodatasolutions.com:443 "POST /ADSDemo/api/full/ymmt/year/2026/make/Honda/model/Pilot/ HTTP/1.1" 200 None
[2026-07-28 14:34:43] [INFO    ] [chrome_api.mapper] mapper | ads_response_to_rows | Honda | Processing 5 trims from ADS response
[2026-07-28 14:34:43] [DEBUG   ] [chrome_api.mapper] mapper | HONDA | YG1H3TE | Extracted fields: year=2026, desc=Sport AWD, trim=Sport
[2026-07-28 14:34:43] [DEBUG   ] [chrome_api.mapper] mapper | HONDA | YG1H3TE | ModelName from ADS: Pilot
[2026-07-28 14:34:43] [INFO    ] [chrome_api.mapper] mapper | HONDA | YG1H3TE | Row complete: model=Pilot, trim=Sport AWD, engine_type=None
[2026-07-28 14:34:43] [DEBUG   ] [chrome_api.mapper] mapper | HONDA | YG1H4TEN | Extracted fields: year=2026, desc=EX-L AWD, trim=EX-L
[2026-07-28 14:34:43] [DEBUG   ] [chrome_api.mapper] mapper | HONDA | YG1H4TEN | ModelName from ADS: Pilot
[2026-07-28 14:34:43] [INFO    ] [chrome_api.mapper] mapper | HONDA | YG1H4TEN | Row complete: model=Pilot, trim=EX-L AWD, engine_type=None
[2026-07-28 14:34:43] [DEBUG   ] [chrome_api.mapper] mapper | HONDA | YG1H6TJ | Extracted fields: year=2026, desc=TrailSport AWD, trim=TrailSport
[2026-07-28 14:34:43] [DEBUG   ] [chrome_api.mapper] mapper | HONDA | YG1H6TJ | ModelName from ADS: Pilot
[2026-07-28 14:34:43] [INFO    ] [chrome_api.mapper] mapper | HONDA | YG1H6TJ | Row complete: model=Pilot, trim=TrailSport AWD, engine_type=None
[2026-07-28 14:34:43] [DEBUG   ] [chrome_api.mapper] mapper | HONDA | YG1H7TKN | Extracted fields: year=2026, desc=Touring AWD, trim=Touring
[2026-07-28 14:34:43] [DEBUG   ] [chrome_api.mapper] mapper | HONDA | YG1H7TKN | ModelName from ADS: Pilot
[2026-07-28 14:34:43] [INFO    ] [chrome_api.mapper] mapper | HONDA | YG1H7TKN | Row complete: model=Pilot, trim=Touring AWD, engine_type=None
[2026-07-28 14:34:43] [DEBUG   ] [chrome_api.mapper] mapper | HONDA | YG1H9TKN | Extracted fields: year=2026, desc=Black Edition AWD, trim=Black Edition
[2026-07-28 14:34:43] [DEBUG   ] [chrome_api.mapper] mapper | HONDA | YG1H9TKN | ModelName from ADS: Pilot
[2026-07-28 14:34:43] [INFO    ] [chrome_api.mapper] mapper | HONDA | YG1H9TKN | Row complete: model=Pilot, trim=Black Edition AWD, engine_type=None
[2026-07-28 14:34:43] [INFO    ] [chrome_api.mapper] mapper | ads_response_to_rows | Honda | Converted 5/5 trims to rows
[2026-07-28 14:34:43] [DEBUG   ] [chrome_api.service] refresh_from_ads | Honda 2026 Pilot | Converted 5 trims to rows
[2026-07-28 14:34:44] [DEBUG   ] [urllib3.connectionpool] https://demos.autodatasolutions.com:443 "POST /ADSDemo/api/full/ymmt/year/2026/make/Honda/model/Prelude/ HTTP/1.1" 200 None
[2026-07-28 14:34:44] [INFO    ] [chrome_api.mapper] mapper | ads_response_to_rows | Honda | Processing 1 trims from ADS response
[2026-07-28 14:34:44] [DEBUG   ] [chrome_api.mapper] mapper | HONDA | BF1D6TE | Extracted fields: year=2026, desc=Coupe, trim=None
[2026-07-28 14:34:44] [DEBUG   ] [chrome_api.mapper] mapper | HONDA | BF1D6TE | ModelName from ADS: Prelude
[2026-07-28 14:34:44] [INFO    ] [chrome_api.mapper] mapper | HONDA | BF1D6TE | Row complete: model=Prelude, trim=Coupe, engine_type=None
[2026-07-28 14:34:44] [INFO    ] [chrome_api.mapper] mapper | ads_response_to_rows | Honda | Converted 1/1 trims to rows
[2026-07-28 14:34:44] [DEBUG   ] [chrome_api.service] refresh_from_ads | Honda 2026 Prelude | Converted 1 trims to rows
[2026-07-28 14:34:44] [DEBUG   ] [urllib3.connectionpool] https://demos.autodatasolutions.com:443 "POST /ADSDemo/api/full/ymmt/year/2026/make/Honda/model/Prologue/ HTTP/1.1" 200 None
[2026-07-28 14:34:45] [INFO    ] [chrome_api.mapper] mapper | ads_response_to_rows | Honda | Processing 3 trims from ADS response
[2026-07-28 14:34:45] [DEBUG   ] [chrome_api.mapper] mapper | HONDA | 3B4H2TE | Extracted fields: year=2026, desc=EX AWD, trim=EX
[2026-07-28 14:34:45] [DEBUG   ] [chrome_api.mapper] mapper | HONDA | 3B4H2TE | ModelName from ADS: Prologue
[2026-07-28 14:34:45] [INFO    ] [chrome_api.mapper] mapper | HONDA | 3B4H2TE | Row complete: model=Prologue, trim=EX AWD, engine_type=None
[2026-07-28 14:34:45] [DEBUG   ] [chrome_api.mapper] mapper | HONDA | 3B4H4TJ | Extracted fields: year=2026, desc=EX-L AWD, trim=EX-L
[2026-07-28 14:34:45] [DEBUG   ] [chrome_api.mapper] mapper | HONDA | 3B4H4TJ | ModelName from ADS: Prologue
[2026-07-28 14:34:45] [INFO    ] [chrome_api.mapper] mapper | HONDA | 3B4H4TJ | Row complete: model=Prologue, trim=EX-L AWD, engine_type=None
[2026-07-28 14:34:45] [DEBUG   ] [chrome_api.mapper] mapper | HONDA | 3B4H6TJ | Extracted fields: year=2026, desc=Touring AWD, trim=Touring
[2026-07-28 14:34:45] [DEBUG   ] [chrome_api.mapper] mapper | HONDA | 3B4H6TJ | ModelName from ADS: Prologue
[2026-07-28 14:34:45] [INFO    ] [chrome_api.mapper] mapper | HONDA | 3B4H6TJ | Row complete: model=Prologue, trim=Touring AWD, engine_type=None
[2026-07-28 14:34:45] [INFO    ] [chrome_api.mapper] mapper | ads_response_to_rows | Honda | Converted 3/3 trims to rows
[2026-07-28 14:34:45] [DEBUG   ] [chrome_api.service] refresh_from_ads | Honda 2026 Prologue | Converted 3 trims to rows
[2026-07-28 14:34:45] [DEBUG   ] [urllib3.connectionpool] https://demos.autodatasolutions.com:443 "POST /ADSDemo/api/full/ymmt/year/2026/make/Honda/model/Ridgeline/ HTTP/1.1" 200 None
[2026-07-28 14:34:45] [INFO    ] [chrome_api.mapper] mapper | ads_response_to_rows | Honda | Processing 3 trims from ADS response
[2026-07-28 14:34:45] [DEBUG   ] [chrome_api.mapper] mapper | HONDA | YK3F1TJ | Extracted fields: year=2026, desc=Sport AWD, trim=Sport
[2026-07-28 14:34:45] [DEBUG   ] [chrome_api.mapper] mapper | HONDA | YK3F1TJ | ModelName from ADS: Ridgeline
[2026-07-28 14:34:45] [INFO    ] [chrome_api.mapper] mapper | HONDA | YK3F1TJ | Row complete: model=Ridgeline, trim=Sport AWD, engine_type=None
[2026-07-28 14:34:45] [DEBUG   ] [chrome_api.mapper] mapper | HONDA | YK3F6TJN | Extracted fields: year=2026, desc=TrailSport AWD, trim=TrailSport
[2026-07-28 14:34:45] [DEBUG   ] [chrome_api.mapper] mapper | HONDA | YK3F6TJN | ModelName from ADS: Ridgeline
[2026-07-28 14:34:45] [INFO    ] [chrome_api.mapper] mapper | HONDA | YK3F6TJN | Row complete: model=Ridgeline, trim=TrailSport AWD, engine_type=None
[2026-07-28 14:34:45] [DEBUG   ] [chrome_api.mapper] mapper | HONDA | YK3F8TKN | Extracted fields: year=2026, desc=Black Edition AWD, trim=Black Edition
[2026-07-28 14:34:45] [DEBUG   ] [chrome_api.mapper] mapper | HONDA | YK3F8TKN | ModelName from ADS: Ridgeline
[2026-07-28 14:34:45] [INFO    ] [chrome_api.mapper] mapper | HONDA | YK3F8TKN | Row complete: model=Ridgeline, trim=Black Edition AWD, engine_type=None
[2026-07-28 14:34:45] [INFO    ] [chrome_api.mapper] mapper | ads_response_to_rows | Honda | Converted 3/3 trims to rows
[2026-07-28 14:34:45] [DEBUG   ] [chrome_api.service] refresh_from_ads | Honda 2026 Ridgeline | Converted 3 trims to rows
[2026-07-28 14:34:45] [INFO    ] [chrome_api.service] refresh_from_ads | Mitsubishi | Starting fetch
[2026-07-28 14:34:45] [DEBUG   ] [chrome_api.service] service | Mitsubishi | Loading configs from: C:\Users\paxm\OneDrive - PBS SYSTEMS\Desktop\Office\Projects\OEM Accessory project\OEM_Accessories_v1\accy_v2\model_lookup\configs
[2026-07-28 14:34:45] [DEBUG   ] [chrome_api.service] service | Mitsubishi | Loaded classification.json (32 keywords)
[2026-07-28 14:34:45] [DEBUG   ] [chrome_api.service] service | Mitsubishi | Loaded translator.json (0 categories)
[2026-07-28 14:34:45] [DEBUG   ] [chrome_api.service] service | Mitsubishi | Standardization file not found: C:\Users\paxm\OneDrive - PBS SYSTEMS\Desktop\Office\Projects\OEM Accessory project\OEM_Accessories_v1\accy_v2\model_lookup\configs\mitsubishi_standardization.yaml
[2026-07-28 14:34:45] [INFO    ] [chrome_api.service] service | Mitsubishi | Configs loaded | components: classification, translator
[2026-07-28 14:34:45] [DEBUG   ] [urllib3.connectionpool] https://demos.autodatasolutions.com:443 "GET /ADSDemo/api/ymmt/models/make/Mitsubishi/year/2024/country/CA/language/en?sort=ASC HTTP/1.1" 200 None
[2026-07-28 14:34:46] [DEBUG   ] [urllib3.connectionpool] https://demos.autodatasolutions.com:443 "POST /ADSDemo/api/full/ymmt/year/2024/make/Mitsubishi/model/Eclipse%20Cross/ HTTP/1.1" 200 None
[2026-07-28 14:34:46] [INFO    ] [chrome_api.mapper] mapper | ads_response_to_rows | Mitsubishi | Processing 5 trims from ADS response
[2026-07-28 14:34:46] [DEBUG   ] [chrome_api.mapper] mapper | MITSUBISHI | CE45-B | Extracted fields: year=2024, desc=ES S-AWC, trim=ES
[2026-07-28 14:34:46] [DEBUG   ] [chrome_api.mapper] mapper | MITSUBISHI | CE45-B | ModelName from ADS: Eclipse Cross
[2026-07-28 14:34:46] [INFO    ] [chrome_api.mapper] mapper | MITSUBISHI | Loaded 1 ENGINE_TYPE keywords: ['phev']
[2026-07-28 14:34:46] [DEBUG   ] [chrome_api.mapper] mapper | MITSUBISHI | CE45-B | Searching text: 'eclipse cross es s-awc'
[2026-07-28 14:34:46] [DEBUG   ] [chrome_api.mapper] mapper | MITSUBISHI | CE45-B | No ENGINE_TYPE keyword found
[2026-07-28 14:34:46] [INFO    ] [chrome_api.mapper] mapper | MITSUBISHI | CE45-B | Row complete: model=Eclipse Cross, trim=ES S-AWC, engine_type=None
[2026-07-28 14:34:46] [DEBUG   ] [chrome_api.mapper] mapper | MITSUBISHI | CE45-F | Extracted fields: year=2024, desc=SE S-AWC, trim=SE
[2026-07-28 14:34:46] [DEBUG   ] [chrome_api.mapper] mapper | MITSUBISHI | CE45-F | ModelName from ADS: Eclipse Cross
[2026-07-28 14:34:46] [INFO    ] [chrome_api.mapper] mapper | MITSUBISHI | Loaded 1 ENGINE_TYPE keywords: ['phev']
[2026-07-28 14:34:46] [DEBUG   ] [chrome_api.mapper] mapper | MITSUBISHI | CE45-F | Searching text: 'eclipse cross se s-awc'
[2026-07-28 14:34:46] [DEBUG   ] [chrome_api.mapper] mapper | MITSUBISHI | CE45-F | No ENGINE_TYPE keyword found
[2026-07-28 14:34:46] [INFO    ] [chrome_api.mapper] mapper | MITSUBISHI | CE45-F | Row complete: model=Eclipse Cross, trim=SE S-AWC, engine_type=None
[2026-07-28 14:34:46] [DEBUG   ] [chrome_api.mapper] mapper | MITSUBISHI | CE45-G | Extracted fields: year=2024, desc=SEL S-AWC, trim=SEL
[2026-07-28 14:34:46] [DEBUG   ] [chrome_api.mapper] mapper | MITSUBISHI | CE45-G | ModelName from ADS: Eclipse Cross
[2026-07-28 14:34:46] [INFO    ] [chrome_api.mapper] mapper | MITSUBISHI | Loaded 1 ENGINE_TYPE keywords: ['phev']
[2026-07-28 14:34:46] [DEBUG   ] [chrome_api.mapper] mapper | MITSUBISHI | CE45-G | Searching text: 'eclipse cross sel s-awc'
[2026-07-28 14:34:46] [DEBUG   ] [chrome_api.mapper] mapper | MITSUBISHI | CE45-G | No ENGINE_TYPE keyword found
[2026-07-28 14:34:46] [INFO    ] [chrome_api.mapper] mapper | MITSUBISHI | CE45-G | Row complete: model=Eclipse Cross, trim=SEL S-AWC, engine_type=None
[2026-07-28 14:34:46] [DEBUG   ] [chrome_api.mapper] mapper | MITSUBISHI | CE45-X | Extracted fields: year=2024, desc=GT S-AWC, trim=GT
[2026-07-28 14:34:46] [DEBUG   ] [chrome_api.mapper] mapper | MITSUBISHI | CE45-X | ModelName from ADS: Eclipse Cross
[2026-07-28 14:34:46] [INFO    ] [chrome_api.mapper] mapper | MITSUBISHI | Loaded 1 ENGINE_TYPE keywords: ['phev']
[2026-07-28 14:34:46] [DEBUG   ] [chrome_api.mapper] mapper | MITSUBISHI | CE45-X | Searching text: 'eclipse cross gt s-awc'
[2026-07-28 14:34:46] [DEBUG   ] [chrome_api.mapper] mapper | MITSUBISHI | CE45-X | No ENGINE_TYPE keyword found
[2026-07-28 14:34:46] [INFO    ] [chrome_api.mapper] mapper | MITSUBISHI | CE45-X | Row complete: model=Eclipse Cross, trim=GT S-AWC, engine_type=None
[2026-07-28 14:34:46] [DEBUG   ] [chrome_api.mapper] mapper | MITSUBISHI | CE45-N | Extracted fields: year=2024, desc=NOIR S-AWC, trim=NOIR
[2026-07-28 14:34:46] [DEBUG   ] [chrome_api.mapper] mapper | MITSUBISHI | CE45-N | ModelName from ADS: Eclipse Cross
[2026-07-28 14:34:46] [INFO    ] [chrome_api.mapper] mapper | MITSUBISHI | Loaded 1 ENGINE_TYPE keywords: ['phev']
[2026-07-28 14:34:46] [DEBUG   ] [chrome_api.mapper] mapper | MITSUBISHI | CE45-N | Searching text: 'eclipse cross noir s-awc'
[2026-07-28 14:34:46] [DEBUG   ] [chrome_api.mapper] mapper | MITSUBISHI | CE45-N | No ENGINE_TYPE keyword found
[2026-07-28 14:34:46] [INFO    ] [chrome_api.mapper] mapper | MITSUBISHI | CE45-N | Row complete: model=Eclipse Cross, trim=NOIR S-AWC, engine_type=None
[2026-07-28 14:34:46] [INFO    ] [chrome_api.mapper] mapper | ads_response_to_rows | Mitsubishi | Converted 5/5 trims to rows
[2026-07-28 14:34:46] [DEBUG   ] [chrome_api.service] refresh_from_ads | Mitsubishi 2024 Eclipse Cross | Converted 5 trims to rows
[2026-07-28 14:34:47] [DEBUG   ] [urllib3.connectionpool] https://demos.autodatasolutions.com:443 "POST /ADSDemo/api/full/ymmt/year/2024/make/Mitsubishi/model/Mirage/ HTTP/1.1" 200 None
[2026-07-28 14:34:47] [INFO    ] [chrome_api.mapper] mapper | ads_response_to_rows | Mitsubishi | Processing 3 trims from ADS response
[2026-07-28 14:34:47] [DEBUG   ] [chrome_api.mapper] mapper | MITSUBISHI | CG44-A | Extracted fields: year=2024, desc=ES CVT, trim=ES
[2026-07-28 14:34:47] [DEBUG   ] [chrome_api.mapper] mapper | MITSUBISHI | CG44-A | ModelName from ADS: Mirage
[2026-07-28 14:34:47] [INFO    ] [chrome_api.mapper] mapper | MITSUBISHI | Loaded 1 ENGINE_TYPE keywords: ['phev']
[2026-07-28 14:34:47] [DEBUG   ] [chrome_api.mapper] mapper | MITSUBISHI | CG44-A | Searching text: 'mirage es cvt'
[2026-07-28 14:34:47] [DEBUG   ] [chrome_api.mapper] mapper | MITSUBISHI | CG44-A | No ENGINE_TYPE keyword found
[2026-07-28 14:34:47] [INFO    ] [chrome_api.mapper] mapper | MITSUBISHI | CG44-A | Row complete: model=Mirage, trim=ES CVT, engine_type=None
[2026-07-28 14:34:47] [DEBUG   ] [chrome_api.mapper] mapper | MITSUBISHI | CG44-T | Extracted fields: year=2024, desc=GT CVT, trim=GT
[2026-07-28 14:34:47] [DEBUG   ] [chrome_api.mapper] mapper | MITSUBISHI | CG44-T | ModelName from ADS: Mirage
[2026-07-28 14:34:47] [INFO    ] [chrome_api.mapper] mapper | MITSUBISHI | Loaded 1 ENGINE_TYPE keywords: ['phev']
[2026-07-28 14:34:47] [DEBUG   ] [chrome_api.mapper] mapper | MITSUBISHI | CG44-T | Searching text: 'mirage gt cvt'
[2026-07-28 14:34:47] [DEBUG   ] [chrome_api.mapper] mapper | MITSUBISHI | CG44-T | No ENGINE_TYPE keyword found
[2026-07-28 14:34:47] [INFO    ] [chrome_api.mapper] mapper | MITSUBISHI | CG44-T | Row complete: model=Mirage, trim=GT CVT, engine_type=None
[2026-07-28 14:34:47] [DEBUG   ] [chrome_api.mapper] mapper | MITSUBISHI | CG44-N | Extracted fields: year=2024, desc=NOIR CVT, trim=NOIR
[2026-07-28 14:34:47] [DEBUG   ] [chrome_api.mapper] mapper | MITSUBISHI | CG44-N | ModelName from ADS: Mirage
[2026-07-28 14:34:47] [INFO    ] [chrome_api.mapper] mapper | MITSUBISHI | Loaded 1 ENGINE_TYPE keywords: ['phev']
[2026-07-28 14:34:47] [DEBUG   ] [chrome_api.mapper] mapper | MITSUBISHI | CG44-N | Searching text: 'mirage noir cvt'
[2026-07-28 14:34:47] [DEBUG   ] [chrome_api.mapper] mapper | MITSUBISHI | CG44-N | No ENGINE_TYPE keyword found
[2026-07-28 14:34:47] [INFO    ] [chrome_api.mapper] mapper | MITSUBISHI | CG44-N | Row complete: model=Mirage, trim=NOIR CVT, engine_type=None
[2026-07-28 14:34:47] [INFO    ] [chrome_api.mapper] mapper | ads_response_to_rows | Mitsubishi | Converted 3/3 trims to rows
[2026-07-28 14:34:47] [DEBUG   ] [chrome_api.service] refresh_from_ads | Mitsubishi 2024 Mirage | Converted 3 trims to rows
[2026-07-28 14:34:47] [DEBUG   ] [urllib3.connectionpool] https://demos.autodatasolutions.com:443 "POST /ADSDemo/api/full/ymmt/year/2024/make/Mitsubishi/model/Outlander/ HTTP/1.1" 200 None
[2026-07-28 14:34:48] [INFO    ] [chrome_api.mapper] mapper | ads_response_to_rows | Mitsubishi | Processing 7 trims from ADS response
[2026-07-28 14:34:48] [DEBUG   ] [chrome_api.mapper] mapper | MITSUBISHI | CO45-B | Extracted fields: year=2024, desc=ES S-AWC, trim=ES
[2026-07-28 14:34:48] [DEBUG   ] [chrome_api.mapper] mapper | MITSUBISHI | CO45-B | ModelName from ADS: Outlander
[2026-07-28 14:34:48] [INFO    ] [chrome_api.mapper] mapper | MITSUBISHI | Loaded 1 ENGINE_TYPE keywords: ['phev']
[2026-07-28 14:34:48] [DEBUG   ] [chrome_api.mapper] mapper | MITSUBISHI | CO45-B | Searching text: 'outlander es s-awc'
[2026-07-28 14:34:48] [DEBUG   ] [chrome_api.mapper] mapper | MITSUBISHI | CO45-B | No ENGINE_TYPE keyword found
[2026-07-28 14:34:48] [INFO    ] [chrome_api.mapper] mapper | MITSUBISHI | CO45-B | Row complete: model=Outlander, trim=ES S-AWC, engine_type=None
[2026-07-28 14:34:48] [DEBUG   ] [chrome_api.mapper] mapper | MITSUBISHI | CO45-D | Extracted fields: year=2024, desc=SE S-AWC, trim=SE
[2026-07-28 14:34:48] [DEBUG   ] [chrome_api.mapper] mapper | MITSUBISHI | CO45-D | ModelName from ADS: Outlander
[2026-07-28 14:34:48] [INFO    ] [chrome_api.mapper] mapper | MITSUBISHI | Loaded 1 ENGINE_TYPE keywords: ['phev']
[2026-07-28 14:34:48] [DEBUG   ] [chrome_api.mapper] mapper | MITSUBISHI | CO45-D | Searching text: 'outlander se s-awc'
[2026-07-28 14:34:48] [DEBUG   ] [chrome_api.mapper] mapper | MITSUBISHI | CO45-D | No ENGINE_TYPE keyword found
[2026-07-28 14:34:48] [INFO    ] [chrome_api.mapper] mapper | MITSUBISHI | CO45-D | Row complete: model=Outlander, trim=SE S-AWC, engine_type=None
[2026-07-28 14:34:48] [DEBUG   ] [chrome_api.mapper] mapper | MITSUBISHI | CO45-F | Extracted fields: year=2024, desc=LE S-AWC, trim=LE
[2026-07-28 14:34:48] [DEBUG   ] [chrome_api.mapper] mapper | MITSUBISHI | CO45-F | ModelName from ADS: Outlander
[2026-07-28 14:34:48] [INFO    ] [chrome_api.mapper] mapper | MITSUBISHI | Loaded 1 ENGINE_TYPE keywords: ['phev']
[2026-07-28 14:34:48] [DEBUG   ] [chrome_api.mapper] mapper | MITSUBISHI | CO45-F | Searching text: 'outlander le s-awc'
[2026-07-28 14:34:48] [DEBUG   ] [chrome_api.mapper] mapper | MITSUBISHI | CO45-F | No ENGINE_TYPE keyword found
[2026-07-28 14:34:48] [INFO    ] [chrome_api.mapper] mapper | MITSUBISHI | CO45-F | Row complete: model=Outlander, trim=LE S-AWC, engine_type=None
[2026-07-28 14:34:48] [DEBUG   ] [chrome_api.mapper] mapper | MITSUBISHI | CO45-G | Extracted fields: year=2024, desc=SEL S-AWC, trim=SEL
[2026-07-28 14:34:48] [DEBUG   ] [chrome_api.mapper] mapper | MITSUBISHI | CO45-G | ModelName from ADS: Outlander
[2026-07-28 14:34:48] [INFO    ] [chrome_api.mapper] mapper | MITSUBISHI | Loaded 1 ENGINE_TYPE keywords: ['phev']
[2026-07-28 14:34:48] [DEBUG   ] [chrome_api.mapper] mapper | MITSUBISHI | CO45-G | Searching text: 'outlander sel s-awc'
[2026-07-28 14:34:48] [DEBUG   ] [chrome_api.mapper] mapper | MITSUBISHI | CO45-G | No ENGINE_TYPE keyword found
[2026-07-28 14:34:48] [INFO    ] [chrome_api.mapper] mapper | MITSUBISHI | CO45-G | Row complete: model=Outlander, trim=SEL S-AWC, engine_type=None
[2026-07-28 14:34:48] [DEBUG   ] [chrome_api.mapper] mapper | MITSUBISHI | CO45-X | Extracted fields: year=2024, desc=GT S-AWC, trim=GT
[2026-07-28 14:34:48] [DEBUG   ] [chrome_api.mapper] mapper | MITSUBISHI | CO45-X | ModelName from ADS: Outlander
[2026-07-28 14:34:48] [INFO    ] [chrome_api.mapper] mapper | MITSUBISHI | Loaded 1 ENGINE_TYPE keywords: ['phev']
[2026-07-28 14:34:48] [DEBUG   ] [chrome_api.mapper] mapper | MITSUBISHI | CO45-X | Searching text: 'outlander gt s-awc'
[2026-07-28 14:34:48] [DEBUG   ] [chrome_api.mapper] mapper | MITSUBISHI | CO45-X | No ENGINE_TYPE keyword found
[2026-07-28 14:34:48] [INFO    ] [chrome_api.mapper] mapper | MITSUBISHI | CO45-X | Row complete: model=Outlander, trim=GT S-AWC, engine_type=None
[2026-07-28 14:34:48] [DEBUG   ] [chrome_api.mapper] mapper | MITSUBISHI | CO45-X | Extracted fields: year=2024, desc=GT Premium S-AWC, trim=GT Premium
[2026-07-28 14:34:48] [DEBUG   ] [chrome_api.mapper] mapper | MITSUBISHI | CO45-X | ModelName from ADS: Outlander
[2026-07-28 14:34:48] [INFO    ] [chrome_api.mapper] mapper | MITSUBISHI | Loaded 1 ENGINE_TYPE keywords: ['phev']
[2026-07-28 14:34:48] [DEBUG   ] [chrome_api.mapper] mapper | MITSUBISHI | CO45-X | Searching text: 'outlander gt premium s-awc'
[2026-07-28 14:34:48] [DEBUG   ] [chrome_api.mapper] mapper | MITSUBISHI | CO45-X | No ENGINE_TYPE keyword found
[2026-07-28 14:34:48] [INFO    ] [chrome_api.mapper] mapper | MITSUBISHI | CO45-X | Row complete: model=Outlander, trim=GT Premium S-AWC, engine_type=None
[2026-07-28 14:34:48] [DEBUG   ] [chrome_api.mapper] mapper | MITSUBISHI | CO45-N | Extracted fields: year=2024, desc=GT NOIR S-AWC, trim=GT NOIR
[2026-07-28 14:34:48] [DEBUG   ] [chrome_api.mapper] mapper | MITSUBISHI | CO45-N | ModelName from ADS: Outlander
[2026-07-28 14:34:48] [INFO    ] [chrome_api.mapper] mapper | MITSUBISHI | Loaded 1 ENGINE_TYPE keywords: ['phev']
[2026-07-28 14:34:48] [DEBUG   ] [chrome_api.mapper] mapper | MITSUBISHI | CO45-N | Searching text: 'outlander gt noir s-awc'
[2026-07-28 14:34:48] [DEBUG   ] [chrome_api.mapper] mapper | MITSUBISHI | CO45-N | No ENGINE_TYPE keyword found
[2026-07-28 14:34:48] [INFO    ] [chrome_api.mapper] mapper | MITSUBISHI | CO45-N | Row complete: model=Outlander, trim=GT NOIR S-AWC, engine_type=None
[2026-07-28 14:34:48] [INFO    ] [chrome_api.mapper] mapper | ads_response_to_rows | Mitsubishi | Converted 7/7 trims to rows
[2026-07-28 14:34:48] [DEBUG   ] [chrome_api.service] refresh_from_ads | Mitsubishi 2024 Outlander | Converted 7 trims to rows
[2026-07-28 14:34:48] [DEBUG   ] [urllib3.connectionpool] https://demos.autodatasolutions.com:443 "POST /ADSDemo/api/full/ymmt/year/2024/make/Mitsubishi/model/Outlander%20Plug-In%20Hybrid/ HTTP/1.1" 200 None
[2026-07-28 14:34:48] [INFO    ] [chrome_api.mapper] mapper | ads_response_to_rows | Mitsubishi | Processing 5 trims from ADS response
[2026-07-28 14:34:48] [DEBUG   ] [chrome_api.mapper] mapper | MITSUBISHI | COEV-B | Extracted fields: year=2024, desc=ES S-AWC, trim=ES
[2026-07-28 14:34:48] [DEBUG   ] [chrome_api.mapper] mapper | MITSUBISHI | COEV-B | ModelName from ADS: Outlander Plug-In Hybrid
[2026-07-28 14:34:48] [INFO    ] [chrome_api.mapper] mapper | MITSUBISHI | Loaded 1 ENGINE_TYPE keywords: ['phev']
[2026-07-28 14:34:48] [DEBUG   ] [chrome_api.mapper] mapper | MITSUBISHI | COEV-B | Searching text: 'outlander plug-in hybrid es s-awc'
[2026-07-28 14:34:48] [DEBUG   ] [chrome_api.mapper] mapper | MITSUBISHI | COEV-B | No ENGINE_TYPE keyword found
[2026-07-28 14:34:48] [INFO    ] [chrome_api.mapper] mapper | MITSUBISHI | COEV-B | Row complete: model=Outlander Plug-In Hybrid, trim=ES S-AWC, engine_type=None
[2026-07-28 14:34:48] [DEBUG   ] [chrome_api.mapper] mapper | MITSUBISHI | COEV-F | Extracted fields: year=2024, desc=LE S-AWC, trim=LE
[2026-07-28 14:34:48] [DEBUG   ] [chrome_api.mapper] mapper | MITSUBISHI | COEV-F | ModelName from ADS: Outlander Plug-In Hybrid
[2026-07-28 14:34:48] [INFO    ] [chrome_api.mapper] mapper | MITSUBISHI | Loaded 1 ENGINE_TYPE keywords: ['phev']
[2026-07-28 14:34:48] [DEBUG   ] [chrome_api.mapper] mapper | MITSUBISHI | COEV-F | Searching text: 'outlander plug-in hybrid le s-awc'
[2026-07-28 14:34:48] [DEBUG   ] [chrome_api.mapper] mapper | MITSUBISHI | COEV-F | No ENGINE_TYPE keyword found
[2026-07-28 14:34:48] [INFO    ] [chrome_api.mapper] mapper | MITSUBISHI | COEV-F | Row complete: model=Outlander Plug-In Hybrid, trim=LE S-AWC, engine_type=None
[2026-07-28 14:34:48] [DEBUG   ] [chrome_api.mapper] mapper | MITSUBISHI | COEV-G | Extracted fields: year=2024, desc=SEL S-AWC, trim=SEL
[2026-07-28 14:34:48] [DEBUG   ] [chrome_api.mapper] mapper | MITSUBISHI | COEV-G | ModelName from ADS: Outlander Plug-In Hybrid
[2026-07-28 14:34:48] [INFO    ] [chrome_api.mapper] mapper | MITSUBISHI | Loaded 1 ENGINE_TYPE keywords: ['phev']
[2026-07-28 14:34:48] [DEBUG   ] [chrome_api.mapper] mapper | MITSUBISHI | COEV-G | Searching text: 'outlander plug-in hybrid sel s-awc'
[2026-07-28 14:34:48] [DEBUG   ] [chrome_api.mapper] mapper | MITSUBISHI | COEV-G | No ENGINE_TYPE keyword found
[2026-07-28 14:34:48] [INFO    ] [chrome_api.mapper] mapper | MITSUBISHI | COEV-G | Row complete: model=Outlander Plug-In Hybrid, trim=SEL S-AWC, engine_type=None
[2026-07-28 14:34:48] [DEBUG   ] [chrome_api.mapper] mapper | MITSUBISHI | COEV-X | Extracted fields: year=2024, desc=GT S-AWC, trim=GT
[2026-07-28 14:34:48] [DEBUG   ] [chrome_api.mapper] mapper | MITSUBISHI | COEV-X | ModelName from ADS: Outlander Plug-In Hybrid
[2026-07-28 14:34:48] [INFO    ] [chrome_api.mapper] mapper | MITSUBISHI | Loaded 1 ENGINE_TYPE keywords: ['phev']
[2026-07-28 14:34:48] [DEBUG   ] [chrome_api.mapper] mapper | MITSUBISHI | COEV-X | Searching text: 'outlander plug-in hybrid gt s-awc'
[2026-07-28 14:34:48] [DEBUG   ] [chrome_api.mapper] mapper | MITSUBISHI | COEV-X | No ENGINE_TYPE keyword found
[2026-07-28 14:34:48] [INFO    ] [chrome_api.mapper] mapper | MITSUBISHI | COEV-X | Row complete: model=Outlander Plug-In Hybrid, trim=GT S-AWC, engine_type=None
[2026-07-28 14:34:48] [DEBUG   ] [chrome_api.mapper] mapper | MITSUBISHI | COEV-N | Extracted fields: year=2024, desc=NOIR S-AWC, trim=NOIR
[2026-07-28 14:34:48] [DEBUG   ] [chrome_api.mapper] mapper | MITSUBISHI | COEV-N | ModelName from ADS: Outlander Plug-In Hybrid
[2026-07-28 14:34:48] [INFO    ] [chrome_api.mapper] mapper | MITSUBISHI | Loaded 1 ENGINE_TYPE keywords: ['phev']
[2026-07-28 14:34:48] [DEBUG   ] [chrome_api.mapper] mapper | MITSUBISHI | COEV-N | Searching text: 'outlander plug-in hybrid noir s-awc'
[2026-07-28 14:34:48] [DEBUG   ] [chrome_api.mapper] mapper | MITSUBISHI | COEV-N | No ENGINE_TYPE keyword found
[2026-07-28 14:34:48] [INFO    ] [chrome_api.mapper] mapper | MITSUBISHI | COEV-N | Row complete: model=Outlander Plug-In Hybrid, trim=NOIR S-AWC, engine_type=None
[2026-07-28 14:34:48] [INFO    ] [chrome_api.mapper] mapper | ads_response_to_rows | Mitsubishi | Converted 5/5 trims to rows
[2026-07-28 14:34:48] [DEBUG   ] [chrome_api.service] refresh_from_ads | Mitsubishi 2024 Outlander Plug-In Hybrid | Converted 5 trims to rows
[2026-07-28 14:34:48] [DEBUG   ] [urllib3.connectionpool] https://demos.autodatasolutions.com:443 "POST /ADSDemo/api/full/ymmt/year/2024/make/Mitsubishi/model/RVR/ HTTP/1.1" 200 None
[2026-07-28 14:34:49] [INFO    ] [chrome_api.mapper] mapper | ads_response_to_rows | Mitsubishi | Processing 6 trims from ADS response
[2026-07-28 14:34:49] [DEBUG   ] [chrome_api.mapper] mapper | MITSUBISHI | CS45-A | Extracted fields: year=2024, desc=ES FWD, trim=ES
[2026-07-28 14:34:49] [DEBUG   ] [chrome_api.mapper] mapper | MITSUBISHI | CS45-A | ModelName from ADS: RVR
[2026-07-28 14:34:49] [INFO    ] [chrome_api.mapper] mapper | MITSUBISHI | Loaded 1 ENGINE_TYPE keywords: ['phev']
[2026-07-28 14:34:49] [DEBUG   ] [chrome_api.mapper] mapper | MITSUBISHI | CS45-A | Searching text: 'rvr es fwd'
[2026-07-28 14:34:49] [DEBUG   ] [chrome_api.mapper] mapper | MITSUBISHI | CS45-A | No ENGINE_TYPE keyword found
[2026-07-28 14:34:49] [INFO    ] [chrome_api.mapper] mapper | MITSUBISHI | CS45-A | Row complete: model=RVR, trim=ES FWD, engine_type=None
[2026-07-28 14:34:49] [DEBUG   ] [chrome_api.mapper] mapper | MITSUBISHI | CS45-B | Extracted fields: year=2024, desc=ES AWC, trim=ES
[2026-07-28 14:34:49] [DEBUG   ] [chrome_api.mapper] mapper | MITSUBISHI | CS45-B | ModelName from ADS: RVR
[2026-07-28 14:34:49] [INFO    ] [chrome_api.mapper] mapper | MITSUBISHI | Loaded 1 ENGINE_TYPE keywords: ['phev']
[2026-07-28 14:34:49] [DEBUG   ] [chrome_api.mapper] mapper | MITSUBISHI | CS45-B | Searching text: 'rvr es awc'
[2026-07-28 14:34:49] [DEBUG   ] [chrome_api.mapper] mapper | MITSUBISHI | CS45-B | No ENGINE_TYPE keyword found
[2026-07-28 14:34:49] [INFO    ] [chrome_api.mapper] mapper | MITSUBISHI | CS45-B | Row complete: model=RVR, trim=ES AWC, engine_type=None
[2026-07-28 14:34:49] [DEBUG   ] [chrome_api.mapper] mapper | MITSUBISHI | CS45-E | Extracted fields: year=2024, desc=SE AWC, trim=SE
[2026-07-28 14:34:49] [DEBUG   ] [chrome_api.mapper] mapper | MITSUBISHI | CS45-E | ModelName from ADS: RVR
[2026-07-28 14:34:49] [INFO    ] [chrome_api.mapper] mapper | MITSUBISHI | Loaded 1 ENGINE_TYPE keywords: ['phev']
[2026-07-28 14:34:49] [DEBUG   ] [chrome_api.mapper] mapper | MITSUBISHI | CS45-E | Searching text: 'rvr se awc'
[2026-07-28 14:34:49] [DEBUG   ] [chrome_api.mapper] mapper | MITSUBISHI | CS45-E | No ENGINE_TYPE keyword found
[2026-07-28 14:34:49] [INFO    ] [chrome_api.mapper] mapper | MITSUBISHI | CS45-E | Row complete: model=RVR, trim=SE AWC, engine_type=None
[2026-07-28 14:34:49] [DEBUG   ] [chrome_api.mapper] mapper | MITSUBISHI | CS45-G | Extracted fields: year=2024, desc=SEL AWC, trim=SEL
[2026-07-28 14:34:49] [DEBUG   ] [chrome_api.mapper] mapper | MITSUBISHI | CS45-G | ModelName from ADS: RVR
[2026-07-28 14:34:49] [INFO    ] [chrome_api.mapper] mapper | MITSUBISHI | Loaded 1 ENGINE_TYPE keywords: ['phev']
[2026-07-28 14:34:49] [DEBUG   ] [chrome_api.mapper] mapper | MITSUBISHI | CS45-G | Searching text: 'rvr sel awc'
[2026-07-28 14:34:49] [DEBUG   ] [chrome_api.mapper] mapper | MITSUBISHI | CS45-G | No ENGINE_TYPE keyword found
[2026-07-28 14:34:49] [INFO    ] [chrome_api.mapper] mapper | MITSUBISHI | CS45-G | Row complete: model=RVR, trim=SEL AWC, engine_type=None
[2026-07-28 14:34:49] [DEBUG   ] [chrome_api.mapper] mapper | MITSUBISHI | CS45-Z | Extracted fields: year=2024, desc=GT AWC, trim=GT
[2026-07-28 14:34:49] [DEBUG   ] [chrome_api.mapper] mapper | MITSUBISHI | CS45-Z | ModelName from ADS: RVR
[2026-07-28 14:34:49] [INFO    ] [chrome_api.mapper] mapper | MITSUBISHI | Loaded 1 ENGINE_TYPE keywords: ['phev']
[2026-07-28 14:34:49] [DEBUG   ] [chrome_api.mapper] mapper | MITSUBISHI | CS45-Z | Searching text: 'rvr gt awc'
[2026-07-28 14:34:49] [DEBUG   ] [chrome_api.mapper] mapper | MITSUBISHI | CS45-Z | No ENGINE_TYPE keyword found
[2026-07-28 14:34:49] [INFO    ] [chrome_api.mapper] mapper | MITSUBISHI | CS45-Z | Row complete: model=RVR, trim=GT AWC, engine_type=None
[2026-07-28 14:34:49] [DEBUG   ] [chrome_api.mapper] mapper | MITSUBISHI | CS45-N | Extracted fields: year=2024, desc=NOIR AWC, trim=NOIR
[2026-07-28 14:34:49] [DEBUG   ] [chrome_api.mapper] mapper | MITSUBISHI | CS45-N | ModelName from ADS: RVR
[2026-07-28 14:34:49] [INFO    ] [chrome_api.mapper] mapper | MITSUBISHI | Loaded 1 ENGINE_TYPE keywords: ['phev']
[2026-07-28 14:34:49] [DEBUG   ] [chrome_api.mapper] mapper | MITSUBISHI | CS45-N | Searching text: 'rvr noir awc'
[2026-07-28 14:34:49] [DEBUG   ] [chrome_api.mapper] mapper | MITSUBISHI | CS45-N | No ENGINE_TYPE keyword found
[2026-07-28 14:34:49] [INFO    ] [chrome_api.mapper] mapper | MITSUBISHI | CS45-N | Row complete: model=RVR, trim=NOIR AWC, engine_type=None
[2026-07-28 14:34:49] [INFO    ] [chrome_api.mapper] mapper | ads_response_to_rows | Mitsubishi | Converted 6/6 trims to rows
[2026-07-28 14:34:49] [DEBUG   ] [chrome_api.service] refresh_from_ads | Mitsubishi 2024 RVR | Converted 6 trims to rows
[2026-07-28 14:34:49] [DEBUG   ] [urllib3.connectionpool] https://demos.autodatasolutions.com:443 "GET /ADSDemo/api/ymmt/models/make/Mitsubishi/year/2025/country/CA/language/en?sort=ASC HTTP/1.1" 200 None
[2026-07-28 14:34:50] [DEBUG   ] [urllib3.connectionpool] https://demos.autodatasolutions.com:443 "POST /ADSDemo/api/full/ymmt/year/2025/make/Mitsubishi/model/Eclipse%20Cross/ HTTP/1.1" 200 None
[2026-07-28 14:34:50] [INFO    ] [chrome_api.mapper] mapper | ads_response_to_rows | Mitsubishi | Processing 5 trims from ADS response
[2026-07-28 14:34:50] [DEBUG   ] [chrome_api.mapper] mapper | MITSUBISHI | CE45-B | Extracted fields: year=2025, desc=ES S-AWC, trim=ES
[2026-07-28 14:34:50] [DEBUG   ] [chrome_api.mapper] mapper | MITSUBISHI | CE45-B | ModelName from ADS: Eclipse Cross
[2026-07-28 14:34:50] [INFO    ] [chrome_api.mapper] mapper | MITSUBISHI | Loaded 1 ENGINE_TYPE keywords: ['phev']
[2026-07-28 14:34:50] [DEBUG   ] [chrome_api.mapper] mapper | MITSUBISHI | CE45-B | Searching text: 'eclipse cross es s-awc'
[2026-07-28 14:34:50] [DEBUG   ] [chrome_api.mapper] mapper | MITSUBISHI | CE45-B | No ENGINE_TYPE keyword found
[2026-07-28 14:34:50] [INFO    ] [chrome_api.mapper] mapper | MITSUBISHI | CE45-B | Row complete: model=Eclipse Cross, trim=ES S-AWC, engine_type=None
[2026-07-28 14:34:50] [DEBUG   ] [chrome_api.mapper] mapper | MITSUBISHI | CE45-F | Extracted fields: year=2025, desc=SE S-AWC, trim=SE
[2026-07-28 14:34:50] [DEBUG   ] [chrome_api.mapper] mapper | MITSUBISHI | CE45-F | ModelName from ADS: Eclipse Cross
[2026-07-28 14:34:50] [INFO    ] [chrome_api.mapper] mapper | MITSUBISHI | Loaded 1 ENGINE_TYPE keywords: ['phev']
[2026-07-28 14:34:50] [DEBUG   ] [chrome_api.mapper] mapper | MITSUBISHI | CE45-F | Searching text: 'eclipse cross se s-awc'
[2026-07-28 14:34:50] [DEBUG   ] [chrome_api.mapper] mapper | MITSUBISHI | CE45-F | No ENGINE_TYPE keyword found
[2026-07-28 14:34:50] [INFO    ] [chrome_api.mapper] mapper | MITSUBISHI | CE45-F | Row complete: model=Eclipse Cross, trim=SE S-AWC, engine_type=None
[2026-07-28 14:34:50] [DEBUG   ] [chrome_api.mapper] mapper | MITSUBISHI | CE45-G | Extracted fields: year=2025, desc=SEL S-AWC, trim=SEL
[2026-07-28 14:34:50] [DEBUG   ] [chrome_api.mapper] mapper | MITSUBISHI | CE45-G | ModelName from ADS: Eclipse Cross
[2026-07-28 14:34:50] [INFO    ] [chrome_api.mapper] mapper | MITSUBISHI | Loaded 1 ENGINE_TYPE keywords: ['phev']
[2026-07-28 14:34:50] [DEBUG   ] [chrome_api.mapper] mapper | MITSUBISHI | CE45-G | Searching text: 'eclipse cross sel s-awc'
[2026-07-28 14:34:50] [DEBUG   ] [chrome_api.mapper] mapper | MITSUBISHI | CE45-G | No ENGINE_TYPE keyword found
[2026-07-28 14:34:50] [INFO    ] [chrome_api.mapper] mapper | MITSUBISHI | CE45-G | Row complete: model=Eclipse Cross, trim=SEL S-AWC, engine_type=None
[2026-07-28 14:34:50] [DEBUG   ] [chrome_api.mapper] mapper | MITSUBISHI | CE45-X | Extracted fields: year=2025, desc=GT S-AWC, trim=GT
[2026-07-28 14:34:50] [DEBUG   ] [chrome_api.mapper] mapper | MITSUBISHI | CE45-X | ModelName from ADS: Eclipse Cross
[2026-07-28 14:34:50] [INFO    ] [chrome_api.mapper] mapper | MITSUBISHI | Loaded 1 ENGINE_TYPE keywords: ['phev']
[2026-07-28 14:34:50] [DEBUG   ] [chrome_api.mapper] mapper | MITSUBISHI | CE45-X | Searching text: 'eclipse cross gt s-awc'
[2026-07-28 14:34:50] [DEBUG   ] [chrome_api.mapper] mapper | MITSUBISHI | CE45-X | No ENGINE_TYPE keyword found
[2026-07-28 14:34:50] [INFO    ] [chrome_api.mapper] mapper | MITSUBISHI | CE45-X | Row complete: model=Eclipse Cross, trim=GT S-AWC, engine_type=None
[2026-07-28 14:34:50] [DEBUG   ] [chrome_api.mapper] mapper | MITSUBISHI | CE45-N | Extracted fields: year=2025, desc=NOIR S-AWC, trim=NOIR
[2026-07-28 14:34:50] [DEBUG   ] [chrome_api.mapper] mapper | MITSUBISHI | CE45-N | ModelName from ADS: Eclipse Cross
[2026-07-28 14:34:50] [INFO    ] [chrome_api.mapper] mapper | MITSUBISHI | Loaded 1 ENGINE_TYPE keywords: ['phev']
[2026-07-28 14:34:50] [DEBUG   ] [chrome_api.mapper] mapper | MITSUBISHI | CE45-N | Searching text: 'eclipse cross noir s-awc'
[2026-07-28 14:34:50] [DEBUG   ] [chrome_api.mapper] mapper | MITSUBISHI | CE45-N | No ENGINE_TYPE keyword found
[2026-07-28 14:34:50] [INFO    ] [chrome_api.mapper] mapper | MITSUBISHI | CE45-N | Row complete: model=Eclipse Cross, trim=NOIR S-AWC, engine_type=None
[2026-07-28 14:34:50] [INFO    ] [chrome_api.mapper] mapper | ads_response_to_rows | Mitsubishi | Converted 5/5 trims to rows
[2026-07-28 14:34:50] [DEBUG   ] [chrome_api.service] refresh_from_ads | Mitsubishi 2025 Eclipse Cross | Converted 5 trims to rows
[2026-07-28 14:34:50] [DEBUG   ] [urllib3.connectionpool] https://demos.autodatasolutions.com:443 "POST /ADSDemo/api/full/ymmt/year/2025/make/Mitsubishi/model/Outlander/ HTTP/1.1" 200 None
[2026-07-28 14:34:51] [INFO    ] [chrome_api.mapper] mapper | ads_response_to_rows | Mitsubishi | Processing 6 trims from ADS response
[2026-07-28 14:34:51] [DEBUG   ] [chrome_api.mapper] mapper | MITSUBISHI | CO45-B | Extracted fields: year=2025, desc=ES S-AWC, trim=ES
[2026-07-28 14:34:51] [DEBUG   ] [chrome_api.mapper] mapper | MITSUBISHI | CO45-B | ModelName from ADS: Outlander
[2026-07-28 14:34:51] [INFO    ] [chrome_api.mapper] mapper | MITSUBISHI | Loaded 1 ENGINE_TYPE keywords: ['phev']
[2026-07-28 14:34:51] [DEBUG   ] [chrome_api.mapper] mapper | MITSUBISHI | CO45-B | Searching text: 'outlander es s-awc'
[2026-07-28 14:34:51] [DEBUG   ] [chrome_api.mapper] mapper | MITSUBISHI | CO45-B | No ENGINE_TYPE keyword found
[2026-07-28 14:34:51] [INFO    ] [chrome_api.mapper] mapper | MITSUBISHI | CO45-B | Row complete: model=Outlander, trim=ES S-AWC, engine_type=None
[2026-07-28 14:34:51] [DEBUG   ] [chrome_api.mapper] mapper | MITSUBISHI | CO45-D | Extracted fields: year=2025, desc=SE S-AWC, trim=SE
[2026-07-28 14:34:51] [DEBUG   ] [chrome_api.mapper] mapper | MITSUBISHI | CO45-D | ModelName from ADS: Outlander
[2026-07-28 14:34:51] [INFO    ] [chrome_api.mapper] mapper | MITSUBISHI | Loaded 1 ENGINE_TYPE keywords: ['phev']
[2026-07-28 14:34:51] [DEBUG   ] [chrome_api.mapper] mapper | MITSUBISHI | CO45-D | Searching text: 'outlander se s-awc'
[2026-07-28 14:34:51] [DEBUG   ] [chrome_api.mapper] mapper | MITSUBISHI | CO45-D | No ENGINE_TYPE keyword found
[2026-07-28 14:34:51] [INFO    ] [chrome_api.mapper] mapper | MITSUBISHI | CO45-D | Row complete: model=Outlander, trim=SE S-AWC, engine_type=None
[2026-07-28 14:34:51] [DEBUG   ] [chrome_api.mapper] mapper | MITSUBISHI | CO45-F | Extracted fields: year=2025, desc=LE S-AWC, trim=LE
[2026-07-28 14:34:51] [DEBUG   ] [chrome_api.mapper] mapper | MITSUBISHI | CO45-F | ModelName from ADS: Outlander
[2026-07-28 14:34:51] [INFO    ] [chrome_api.mapper] mapper | MITSUBISHI | Loaded 1 ENGINE_TYPE keywords: ['phev']
[2026-07-28 14:34:51] [DEBUG   ] [chrome_api.mapper] mapper | MITSUBISHI | CO45-F | Searching text: 'outlander le s-awc'
[2026-07-28 14:34:51] [DEBUG   ] [chrome_api.mapper] mapper | MITSUBISHI | CO45-F | No ENGINE_TYPE keyword found
[2026-07-28 14:34:51] [INFO    ] [chrome_api.mapper] mapper | MITSUBISHI | CO45-F | Row complete: model=Outlander, trim=LE S-AWC, engine_type=None
[2026-07-28 14:34:51] [DEBUG   ] [chrome_api.mapper] mapper | MITSUBISHI | CO45-G | Extracted fields: year=2025, desc=SEL S-AWC, trim=SEL
[2026-07-28 14:34:51] [DEBUG   ] [chrome_api.mapper] mapper | MITSUBISHI | CO45-G | ModelName from ADS: Outlander
[2026-07-28 14:34:51] [INFO    ] [chrome_api.mapper] mapper | MITSUBISHI | Loaded 1 ENGINE_TYPE keywords: ['phev']
[2026-07-28 14:34:51] [DEBUG   ] [chrome_api.mapper] mapper | MITSUBISHI | CO45-G | Searching text: 'outlander sel s-awc'
[2026-07-28 14:34:51] [DEBUG   ] [chrome_api.mapper] mapper | MITSUBISHI | CO45-G | No ENGINE_TYPE keyword found
[2026-07-28 14:34:51] [INFO    ] [chrome_api.mapper] mapper | MITSUBISHI | CO45-G | Row complete: model=Outlander, trim=SEL S-AWC, engine_type=None
[2026-07-28 14:34:51] [DEBUG   ] [chrome_api.mapper] mapper | MITSUBISHI | CO45-X | Extracted fields: year=2025, desc=GT S-AWC, trim=GT
[2026-07-28 14:34:51] [DEBUG   ] [chrome_api.mapper] mapper | MITSUBISHI | CO45-X | ModelName from ADS: Outlander
[2026-07-28 14:34:51] [INFO    ] [chrome_api.mapper] mapper | MITSUBISHI | Loaded 1 ENGINE_TYPE keywords: ['phev']
[2026-07-28 14:34:51] [DEBUG   ] [chrome_api.mapper] mapper | MITSUBISHI | CO45-X | Searching text: 'outlander gt s-awc'
[2026-07-28 14:34:51] [DEBUG   ] [chrome_api.mapper] mapper | MITSUBISHI | CO45-X | No ENGINE_TYPE keyword found
[2026-07-28 14:34:51] [INFO    ] [chrome_api.mapper] mapper | MITSUBISHI | CO45-X | Row complete: model=Outlander, trim=GT S-AWC, engine_type=None
[2026-07-28 14:34:51] [DEBUG   ] [chrome_api.mapper] mapper | MITSUBISHI | CO45-X | Extracted fields: year=2025, desc=GT Premium S-AWC, trim=GT Premium
[2026-07-28 14:34:51] [DEBUG   ] [chrome_api.mapper] mapper | MITSUBISHI | CO45-X | ModelName from ADS: Outlander
[2026-07-28 14:34:51] [INFO    ] [chrome_api.mapper] mapper | MITSUBISHI | Loaded 1 ENGINE_TYPE keywords: ['phev']
[2026-07-28 14:34:51] [DEBUG   ] [chrome_api.mapper] mapper | MITSUBISHI | CO45-X | Searching text: 'outlander gt premium s-awc'
[2026-07-28 14:34:51] [DEBUG   ] [chrome_api.mapper] mapper | MITSUBISHI | CO45-X | No ENGINE_TYPE keyword found
[2026-07-28 14:34:51] [INFO    ] [chrome_api.mapper] mapper | MITSUBISHI | CO45-X | Row complete: model=Outlander, trim=GT Premium S-AWC, engine_type=None
[2026-07-28 14:34:51] [INFO    ] [chrome_api.mapper] mapper | ads_response_to_rows | Mitsubishi | Converted 6/6 trims to rows
[2026-07-28 14:34:51] [DEBUG   ] [chrome_api.service] refresh_from_ads | Mitsubishi 2025 Outlander | Converted 6 trims to rows
[2026-07-28 14:34:51] [DEBUG   ] [urllib3.connectionpool] https://demos.autodatasolutions.com:443 "POST /ADSDemo/api/full/ymmt/year/2025/make/Mitsubishi/model/Outlander%20Plug-In%20Hybrid/ HTTP/1.1" 200 None
[2026-07-28 14:34:51] [INFO    ] [chrome_api.mapper] mapper | ads_response_to_rows | Mitsubishi | Processing 6 trims from ADS response
[2026-07-28 14:34:51] [DEBUG   ] [chrome_api.mapper] mapper | MITSUBISHI | COEV-B | Extracted fields: year=2025, desc=ES S-AWC, trim=ES
[2026-07-28 14:34:51] [DEBUG   ] [chrome_api.mapper] mapper | MITSUBISHI | COEV-B | ModelName from ADS: Outlander Plug-In Hybrid
[2026-07-28 14:34:51] [INFO    ] [chrome_api.mapper] mapper | MITSUBISHI | Loaded 1 ENGINE_TYPE keywords: ['phev']
[2026-07-28 14:34:51] [DEBUG   ] [chrome_api.mapper] mapper | MITSUBISHI | COEV-B | Searching text: 'outlander plug-in hybrid es s-awc'
[2026-07-28 14:34:51] [DEBUG   ] [chrome_api.mapper] mapper | MITSUBISHI | COEV-B | No ENGINE_TYPE keyword found
[2026-07-28 14:34:51] [INFO    ] [chrome_api.mapper] mapper | MITSUBISHI | COEV-B | Row complete: model=Outlander Plug-In Hybrid, trim=ES S-AWC, engine_type=None
[2026-07-28 14:34:51] [DEBUG   ] [chrome_api.mapper] mapper | MITSUBISHI | COEV-F | Extracted fields: year=2025, desc=LE S-AWC, trim=LE
[2026-07-28 14:34:51] [DEBUG   ] [chrome_api.mapper] mapper | MITSUBISHI | COEV-F | ModelName from ADS: Outlander Plug-In Hybrid
[2026-07-28 14:34:51] [INFO    ] [chrome_api.mapper] mapper | MITSUBISHI | Loaded 1 ENGINE_TYPE keywords: ['phev']
[2026-07-28 14:34:51] [DEBUG   ] [chrome_api.mapper] mapper | MITSUBISHI | COEV-F | Searching text: 'outlander plug-in hybrid le s-awc'
[2026-07-28 14:34:51] [DEBUG   ] [chrome_api.mapper] mapper | MITSUBISHI | COEV-F | No ENGINE_TYPE keyword found
[2026-07-28 14:34:51] [INFO    ] [chrome_api.mapper] mapper | MITSUBISHI | COEV-F | Row complete: model=Outlander Plug-In Hybrid, trim=LE S-AWC, engine_type=None
[2026-07-28 14:34:51] [DEBUG   ] [chrome_api.mapper] mapper | MITSUBISHI | COEV-G | Extracted fields: year=2025, desc=SEL S-AWC, trim=SEL
[2026-07-28 14:34:51] [DEBUG   ] [chrome_api.mapper] mapper | MITSUBISHI | COEV-G | ModelName from ADS: Outlander Plug-In Hybrid
[2026-07-28 14:34:51] [INFO    ] [chrome_api.mapper] mapper | MITSUBISHI | Loaded 1 ENGINE_TYPE keywords: ['phev']
[2026-07-28 14:34:51] [DEBUG   ] [chrome_api.mapper] mapper | MITSUBISHI | COEV-G | Searching text: 'outlander plug-in hybrid sel s-awc'
[2026-07-28 14:34:51] [DEBUG   ] [chrome_api.mapper] mapper | MITSUBISHI | COEV-G | No ENGINE_TYPE keyword found
[2026-07-28 14:34:51] [INFO    ] [chrome_api.mapper] mapper | MITSUBISHI | COEV-G | Row complete: model=Outlander Plug-In Hybrid, trim=SEL S-AWC, engine_type=None
[2026-07-28 14:34:51] [DEBUG   ] [chrome_api.mapper] mapper | MITSUBISHI | COEV-X | Extracted fields: year=2025, desc=GT S-AWC, trim=GT
[2026-07-28 14:34:51] [DEBUG   ] [chrome_api.mapper] mapper | MITSUBISHI | COEV-X | ModelName from ADS: Outlander Plug-In Hybrid
[2026-07-28 14:34:51] [INFO    ] [chrome_api.mapper] mapper | MITSUBISHI | Loaded 1 ENGINE_TYPE keywords: ['phev']
[2026-07-28 14:34:51] [DEBUG   ] [chrome_api.mapper] mapper | MITSUBISHI | COEV-X | Searching text: 'outlander plug-in hybrid gt s-awc'
[2026-07-28 14:34:51] [DEBUG   ] [chrome_api.mapper] mapper | MITSUBISHI | COEV-X | No ENGINE_TYPE keyword found
[2026-07-28 14:34:51] [INFO    ] [chrome_api.mapper] mapper | MITSUBISHI | COEV-X | Row complete: model=Outlander Plug-In Hybrid, trim=GT S-AWC, engine_type=None
[2026-07-28 14:34:51] [DEBUG   ] [chrome_api.mapper] mapper | MITSUBISHI | COEV-D | Extracted fields: year=2025, desc=SE S-AWC, trim=SE
[2026-07-28 14:34:51] [DEBUG   ] [chrome_api.mapper] mapper | MITSUBISHI | COEV-D | ModelName from ADS: Outlander Plug-In Hybrid
[2026-07-28 14:34:51] [INFO    ] [chrome_api.mapper] mapper | MITSUBISHI | Loaded 1 ENGINE_TYPE keywords: ['phev']
[2026-07-28 14:34:51] [DEBUG   ] [chrome_api.mapper] mapper | MITSUBISHI | COEV-D | Searching text: 'outlander plug-in hybrid se s-awc'
[2026-07-28 14:34:51] [DEBUG   ] [chrome_api.mapper] mapper | MITSUBISHI | COEV-D | No ENGINE_TYPE keyword found
[2026-07-28 14:34:51] [INFO    ] [chrome_api.mapper] mapper | MITSUBISHI | COEV-D | Row complete: model=Outlander Plug-In Hybrid, trim=SE S-AWC, engine_type=None
[2026-07-28 14:34:51] [DEBUG   ] [chrome_api.mapper] mapper | MITSUBISHI | COEV-N | Extracted fields: year=2025, desc=GT NOIR S-AWC, trim=GT NOIR
[2026-07-28 14:34:51] [DEBUG   ] [chrome_api.mapper] mapper | MITSUBISHI | COEV-N | ModelName from ADS: Outlander Plug-In Hybrid
[2026-07-28 14:34:51] [INFO    ] [chrome_api.mapper] mapper | MITSUBISHI | Loaded 1 ENGINE_TYPE keywords: ['phev']
[2026-07-28 14:34:51] [DEBUG   ] [chrome_api.mapper] mapper | MITSUBISHI | COEV-N | Searching text: 'outlander plug-in hybrid gt noir s-awc'
[2026-07-28 14:34:51] [DEBUG   ] [chrome_api.mapper] mapper | MITSUBISHI | COEV-N | No ENGINE_TYPE keyword found
[2026-07-28 14:34:51] [INFO    ] [chrome_api.mapper] mapper | MITSUBISHI | COEV-N | Row complete: model=Outlander Plug-In Hybrid, trim=GT NOIR S-AWC, engine_type=None
[2026-07-28 14:34:51] [INFO    ] [chrome_api.mapper] mapper | ads_response_to_rows | Mitsubishi | Converted 6/6 trims to rows
[2026-07-28 14:34:51] [DEBUG   ] [chrome_api.service] refresh_from_ads | Mitsubishi 2025 Outlander Plug-In Hybrid | Converted 6 trims to rows
[2026-07-28 14:34:52] [DEBUG   ] [urllib3.connectionpool] https://demos.autodatasolutions.com:443 "POST /ADSDemo/api/full/ymmt/year/2025/make/Mitsubishi/model/RVR/ HTTP/1.1" 200 None
[2026-07-28 14:34:52] [INFO    ] [chrome_api.mapper] mapper | ads_response_to_rows | Mitsubishi | Processing 6 trims from ADS response
[2026-07-28 14:34:52] [DEBUG   ] [chrome_api.mapper] mapper | MITSUBISHI | CS45-A | Extracted fields: year=2025, desc=ES FWD, trim=ES
[2026-07-28 14:34:52] [DEBUG   ] [chrome_api.mapper] mapper | MITSUBISHI | CS45-A | ModelName from ADS: RVR
[2026-07-28 14:34:52] [INFO    ] [chrome_api.mapper] mapper | MITSUBISHI | Loaded 1 ENGINE_TYPE keywords: ['phev']
[2026-07-28 14:34:52] [DEBUG   ] [chrome_api.mapper] mapper | MITSUBISHI | CS45-A | Searching text: 'rvr es fwd'
[2026-07-28 14:34:52] [DEBUG   ] [chrome_api.mapper] mapper | MITSUBISHI | CS45-A | No ENGINE_TYPE keyword found
[2026-07-28 14:34:52] [INFO    ] [chrome_api.mapper] mapper | MITSUBISHI | CS45-A | Row complete: model=RVR, trim=ES FWD, engine_type=None
[2026-07-28 14:34:52] [DEBUG   ] [chrome_api.mapper] mapper | MITSUBISHI | CS45-B | Extracted fields: year=2025, desc=ES AWC, trim=ES
[2026-07-28 14:34:52] [DEBUG   ] [chrome_api.mapper] mapper | MITSUBISHI | CS45-B | ModelName from ADS: RVR
[2026-07-28 14:34:52] [INFO    ] [chrome_api.mapper] mapper | MITSUBISHI | Loaded 1 ENGINE_TYPE keywords: ['phev']
[2026-07-28 14:34:52] [DEBUG   ] [chrome_api.mapper] mapper | MITSUBISHI | CS45-B | Searching text: 'rvr es awc'
[2026-07-28 14:34:52] [DEBUG   ] [chrome_api.mapper] mapper | MITSUBISHI | CS45-B | No ENGINE_TYPE keyword found
[2026-07-28 14:34:52] [INFO    ] [chrome_api.mapper] mapper | MITSUBISHI | CS45-B | Row complete: model=RVR, trim=ES AWC, engine_type=None
[2026-07-28 14:34:52] [DEBUG   ] [chrome_api.mapper] mapper | MITSUBISHI | CS45-E | Extracted fields: year=2025, desc=SE AWC, trim=SE
[2026-07-28 14:34:52] [DEBUG   ] [chrome_api.mapper] mapper | MITSUBISHI | CS45-E | ModelName from ADS: RVR
[2026-07-28 14:34:52] [INFO    ] [chrome_api.mapper] mapper | MITSUBISHI | Loaded 1 ENGINE_TYPE keywords: ['phev']
[2026-07-28 14:34:52] [DEBUG   ] [chrome_api.mapper] mapper | MITSUBISHI | CS45-E | Searching text: 'rvr se awc'
[2026-07-28 14:34:52] [DEBUG   ] [chrome_api.mapper] mapper | MITSUBISHI | CS45-E | No ENGINE_TYPE keyword found
[2026-07-28 14:34:52] [INFO    ] [chrome_api.mapper] mapper | MITSUBISHI | CS45-E | Row complete: model=RVR, trim=SE AWC, engine_type=None
[2026-07-28 14:34:52] [DEBUG   ] [chrome_api.mapper] mapper | MITSUBISHI | CS45-G | Extracted fields: year=2025, desc=SEL AWC, trim=SEL
[2026-07-28 14:34:52] [DEBUG   ] [chrome_api.mapper] mapper | MITSUBISHI | CS45-G | ModelName from ADS: RVR
[2026-07-28 14:34:52] [INFO    ] [chrome_api.mapper] mapper | MITSUBISHI | Loaded 1 ENGINE_TYPE keywords: ['phev']
[2026-07-28 14:34:52] [DEBUG   ] [chrome_api.mapper] mapper | MITSUBISHI | CS45-G | Searching text: 'rvr sel awc'
[2026-07-28 14:34:52] [DEBUG   ] [chrome_api.mapper] mapper | MITSUBISHI | CS45-G | No ENGINE_TYPE keyword found
[2026-07-28 14:34:52] [INFO    ] [chrome_api.mapper] mapper | MITSUBISHI | CS45-G | Row complete: model=RVR, trim=SEL AWC, engine_type=None
[2026-07-28 14:34:52] [DEBUG   ] [chrome_api.mapper] mapper | MITSUBISHI | CS45-N | Extracted fields: year=2025, desc=NOIR AWC, trim=NOIR
[2026-07-28 14:34:52] [DEBUG   ] [chrome_api.mapper] mapper | MITSUBISHI | CS45-N | ModelName from ADS: RVR
[2026-07-28 14:34:52] [INFO    ] [chrome_api.mapper] mapper | MITSUBISHI | Loaded 1 ENGINE_TYPE keywords: ['phev']
[2026-07-28 14:34:52] [DEBUG   ] [chrome_api.mapper] mapper | MITSUBISHI | CS45-N | Searching text: 'rvr noir awc'
[2026-07-28 14:34:52] [DEBUG   ] [chrome_api.mapper] mapper | MITSUBISHI | CS45-N | No ENGINE_TYPE keyword found
[2026-07-28 14:34:52] [INFO    ] [chrome_api.mapper] mapper | MITSUBISHI | CS45-N | Row complete: model=RVR, trim=NOIR AWC, engine_type=None
[2026-07-28 14:34:52] [DEBUG   ] [chrome_api.mapper] mapper | MITSUBISHI | CS45-Z | Extracted fields: year=2025, desc=GT AWC, trim=GT
[2026-07-28 14:34:52] [DEBUG   ] [chrome_api.mapper] mapper | MITSUBISHI | CS45-Z | ModelName from ADS: RVR
[2026-07-28 14:34:52] [INFO    ] [chrome_api.mapper] mapper | MITSUBISHI | Loaded 1 ENGINE_TYPE keywords: ['phev']
[2026-07-28 14:34:52] [DEBUG   ] [chrome_api.mapper] mapper | MITSUBISHI | CS45-Z | Searching text: 'rvr gt awc'
[2026-07-28 14:34:52] [DEBUG   ] [chrome_api.mapper] mapper | MITSUBISHI | CS45-Z | No ENGINE_TYPE keyword found
[2026-07-28 14:34:52] [INFO    ] [chrome_api.mapper] mapper | MITSUBISHI | CS45-Z | Row complete: model=RVR, trim=GT AWC, engine_type=None
[2026-07-28 14:34:52] [INFO    ] [chrome_api.mapper] mapper | ads_response_to_rows | Mitsubishi | Converted 6/6 trims to rows
[2026-07-28 14:34:52] [DEBUG   ] [chrome_api.service] refresh_from_ads | Mitsubishi 2025 RVR | Converted 6 trims to rows
[2026-07-28 14:34:52] [DEBUG   ] [urllib3.connectionpool] https://demos.autodatasolutions.com:443 "GET /ADSDemo/api/ymmt/models/make/Mitsubishi/year/2026/country/CA/language/en?sort=ASC HTTP/1.1" 200 None
[2026-07-28 14:34:53] [DEBUG   ] [urllib3.connectionpool] https://demos.autodatasolutions.com:443 "POST /ADSDemo/api/full/ymmt/year/2026/make/Mitsubishi/model/Eclipse%20Cross/ HTTP/1.1" 200 None
[2026-07-28 14:34:53] [INFO    ] [chrome_api.mapper] mapper | ads_response_to_rows | Mitsubishi | Processing 4 trims from ADS response
[2026-07-28 14:34:53] [DEBUG   ] [chrome_api.mapper] mapper | MITSUBISHI | CE45-B | Extracted fields: year=2026, desc=ES S-AWC, trim=ES
[2026-07-28 14:34:53] [DEBUG   ] [chrome_api.mapper] mapper | MITSUBISHI | CE45-B | ModelName from ADS: Eclipse Cross
[2026-07-28 14:34:53] [INFO    ] [chrome_api.mapper] mapper | MITSUBISHI | Loaded 1 ENGINE_TYPE keywords: ['phev']
[2026-07-28 14:34:53] [DEBUG   ] [chrome_api.mapper] mapper | MITSUBISHI | CE45-B | Searching text: 'eclipse cross es s-awc'
[2026-07-28 14:34:53] [DEBUG   ] [chrome_api.mapper] mapper | MITSUBISHI | CE45-B | No ENGINE_TYPE keyword found
[2026-07-28 14:34:53] [INFO    ] [chrome_api.mapper] mapper | MITSUBISHI | CE45-B | Row complete: model=Eclipse Cross, trim=ES S-AWC, engine_type=None
[2026-07-28 14:34:53] [DEBUG   ] [chrome_api.mapper] mapper | MITSUBISHI | CE45-F | Extracted fields: year=2026, desc=SE S-AWC, trim=SE
[2026-07-28 14:34:53] [DEBUG   ] [chrome_api.mapper] mapper | MITSUBISHI | CE45-F | ModelName from ADS: Eclipse Cross
[2026-07-28 14:34:53] [INFO    ] [chrome_api.mapper] mapper | MITSUBISHI | Loaded 1 ENGINE_TYPE keywords: ['phev']
[2026-07-28 14:34:53] [DEBUG   ] [chrome_api.mapper] mapper | MITSUBISHI | CE45-F | Searching text: 'eclipse cross se s-awc'
[2026-07-28 14:34:53] [DEBUG   ] [chrome_api.mapper] mapper | MITSUBISHI | CE45-F | No ENGINE_TYPE keyword found
[2026-07-28 14:34:53] [INFO    ] [chrome_api.mapper] mapper | MITSUBISHI | CE45-F | Row complete: model=Eclipse Cross, trim=SE S-AWC, engine_type=None
[2026-07-28 14:34:53] [DEBUG   ] [chrome_api.mapper] mapper | MITSUBISHI | CE45-X | Extracted fields: year=2026, desc=GT S-AWC, trim=GT
[2026-07-28 14:34:53] [DEBUG   ] [chrome_api.mapper] mapper | MITSUBISHI | CE45-X | ModelName from ADS: Eclipse Cross
[2026-07-28 14:34:53] [INFO    ] [chrome_api.mapper] mapper | MITSUBISHI | Loaded 1 ENGINE_TYPE keywords: ['phev']
[2026-07-28 14:34:53] [DEBUG   ] [chrome_api.mapper] mapper | MITSUBISHI | CE45-X | Searching text: 'eclipse cross gt s-awc'
[2026-07-28 14:34:53] [DEBUG   ] [chrome_api.mapper] mapper | MITSUBISHI | CE45-X | No ENGINE_TYPE keyword found
[2026-07-28 14:34:53] [INFO    ] [chrome_api.mapper] mapper | MITSUBISHI | CE45-X | Row complete: model=Eclipse Cross, trim=GT S-AWC, engine_type=None
[2026-07-28 14:34:53] [DEBUG   ] [chrome_api.mapper] mapper | MITSUBISHI | CE45-N | Extracted fields: year=2026, desc=NOIR S-AWC, trim=NOIR
[2026-07-28 14:34:53] [DEBUG   ] [chrome_api.mapper] mapper | MITSUBISHI | CE45-N | ModelName from ADS: Eclipse Cross
[2026-07-28 14:34:53] [INFO    ] [chrome_api.mapper] mapper | MITSUBISHI | Loaded 1 ENGINE_TYPE keywords: ['phev']
[2026-07-28 14:34:53] [DEBUG   ] [chrome_api.mapper] mapper | MITSUBISHI | CE45-N | Searching text: 'eclipse cross noir s-awc'
[2026-07-28 14:34:53] [DEBUG   ] [chrome_api.mapper] mapper | MITSUBISHI | CE45-N | No ENGINE_TYPE keyword found
[2026-07-28 14:34:53] [INFO    ] [chrome_api.mapper] mapper | MITSUBISHI | CE45-N | Row complete: model=Eclipse Cross, trim=NOIR S-AWC, engine_type=None
[2026-07-28 14:34:53] [INFO    ] [chrome_api.mapper] mapper | ads_response_to_rows | Mitsubishi | Converted 4/4 trims to rows
[2026-07-28 14:34:53] [DEBUG   ] [chrome_api.service] refresh_from_ads | Mitsubishi 2026 Eclipse Cross | Converted 4 trims to rows
[2026-07-28 14:34:53] [DEBUG   ] [urllib3.connectionpool] https://demos.autodatasolutions.com:443 "POST /ADSDemo/api/full/ymmt/year/2026/make/Mitsubishi/model/Outlander/ HTTP/1.1" 200 None
[2026-07-28 14:34:54] [INFO    ] [chrome_api.mapper] mapper | ads_response_to_rows | Mitsubishi | Processing 7 trims from ADS response
[2026-07-28 14:34:54] [DEBUG   ] [chrome_api.mapper] mapper | MITSUBISHI | CO45-B | Extracted fields: year=2026, desc=ES S-AWC, trim=ES
[2026-07-28 14:34:54] [DEBUG   ] [chrome_api.mapper] mapper | MITSUBISHI | CO45-B | ModelName from ADS: Outlander
[2026-07-28 14:34:54] [INFO    ] [chrome_api.mapper] mapper | MITSUBISHI | Loaded 1 ENGINE_TYPE keywords: ['phev']
[2026-07-28 14:34:54] [DEBUG   ] [chrome_api.mapper] mapper | MITSUBISHI | CO45-B | Searching text: 'outlander es s-awc'
[2026-07-28 14:34:54] [DEBUG   ] [chrome_api.mapper] mapper | MITSUBISHI | CO45-B | No ENGINE_TYPE keyword found
[2026-07-28 14:34:54] [INFO    ] [chrome_api.mapper] mapper | MITSUBISHI | CO45-B | Row complete: model=Outlander, trim=ES S-AWC, engine_type=None
[2026-07-28 14:34:54] [DEBUG   ] [chrome_api.mapper] mapper | MITSUBISHI | CO45-D | Extracted fields: year=2026, desc=SE S-AWC, trim=SE
[2026-07-28 14:34:54] [DEBUG   ] [chrome_api.mapper] mapper | MITSUBISHI | CO45-D | ModelName from ADS: Outlander
[2026-07-28 14:34:54] [INFO    ] [chrome_api.mapper] mapper | MITSUBISHI | Loaded 1 ENGINE_TYPE keywords: ['phev']
[2026-07-28 14:34:54] [DEBUG   ] [chrome_api.mapper] mapper | MITSUBISHI | CO45-D | Searching text: 'outlander se s-awc'
[2026-07-28 14:34:54] [DEBUG   ] [chrome_api.mapper] mapper | MITSUBISHI | CO45-D | No ENGINE_TYPE keyword found
[2026-07-28 14:34:54] [INFO    ] [chrome_api.mapper] mapper | MITSUBISHI | CO45-D | Row complete: model=Outlander, trim=SE S-AWC, engine_type=None
[2026-07-28 14:34:54] [DEBUG   ] [chrome_api.mapper] mapper | MITSUBISHI | CO45-F | Extracted fields: year=2026, desc=LE S-AWC, trim=LE
[2026-07-28 14:34:54] [DEBUG   ] [chrome_api.mapper] mapper | MITSUBISHI | CO45-F | ModelName from ADS: Outlander
[2026-07-28 14:34:54] [INFO    ] [chrome_api.mapper] mapper | MITSUBISHI | Loaded 1 ENGINE_TYPE keywords: ['phev']
[2026-07-28 14:34:54] [DEBUG   ] [chrome_api.mapper] mapper | MITSUBISHI | CO45-F | Searching text: 'outlander le s-awc'
[2026-07-28 14:34:54] [DEBUG   ] [chrome_api.mapper] mapper | MITSUBISHI | CO45-F | No ENGINE_TYPE keyword found
[2026-07-28 14:34:54] [INFO    ] [chrome_api.mapper] mapper | MITSUBISHI | CO45-F | Row complete: model=Outlander, trim=LE S-AWC, engine_type=None
[2026-07-28 14:34:54] [DEBUG   ] [chrome_api.mapper] mapper | MITSUBISHI | CO45-G | Extracted fields: year=2026, desc=SEL S-AWC, trim=SEL
[2026-07-28 14:34:54] [DEBUG   ] [chrome_api.mapper] mapper | MITSUBISHI | CO45-G | ModelName from ADS: Outlander
[2026-07-28 14:34:54] [INFO    ] [chrome_api.mapper] mapper | MITSUBISHI | Loaded 1 ENGINE_TYPE keywords: ['phev']
[2026-07-28 14:34:54] [DEBUG   ] [chrome_api.mapper] mapper | MITSUBISHI | CO45-G | Searching text: 'outlander sel s-awc'
[2026-07-28 14:34:54] [DEBUG   ] [chrome_api.mapper] mapper | MITSUBISHI | CO45-G | No ENGINE_TYPE keyword found
[2026-07-28 14:34:54] [INFO    ] [chrome_api.mapper] mapper | MITSUBISHI | CO45-G | Row complete: model=Outlander, trim=SEL S-AWC, engine_type=None
[2026-07-28 14:34:54] [DEBUG   ] [chrome_api.mapper] mapper | MITSUBISHI | CO45-X | Extracted fields: year=2026, desc=GT S-AWC, trim=GT
[2026-07-28 14:34:54] [DEBUG   ] [chrome_api.mapper] mapper | MITSUBISHI | CO45-X | ModelName from ADS: Outlander
[2026-07-28 14:34:54] [INFO    ] [chrome_api.mapper] mapper | MITSUBISHI | Loaded 1 ENGINE_TYPE keywords: ['phev']
[2026-07-28 14:34:54] [DEBUG   ] [chrome_api.mapper] mapper | MITSUBISHI | CO45-X | Searching text: 'outlander gt s-awc'
[2026-07-28 14:34:54] [DEBUG   ] [chrome_api.mapper] mapper | MITSUBISHI | CO45-X | No ENGINE_TYPE keyword found
[2026-07-28 14:34:54] [INFO    ] [chrome_api.mapper] mapper | MITSUBISHI | CO45-X | Row complete: model=Outlander, trim=GT S-AWC, engine_type=None
[2026-07-28 14:34:54] [DEBUG   ] [chrome_api.mapper] mapper | MITSUBISHI | CO45-X | Extracted fields: year=2026, desc=GT Premium S-AWC, trim=GT Premium
[2026-07-28 14:34:54] [DEBUG   ] [chrome_api.mapper] mapper | MITSUBISHI | CO45-X | ModelName from ADS: Outlander
[2026-07-28 14:34:54] [INFO    ] [chrome_api.mapper] mapper | MITSUBISHI | Loaded 1 ENGINE_TYPE keywords: ['phev']
[2026-07-28 14:34:54] [DEBUG   ] [chrome_api.mapper] mapper | MITSUBISHI | CO45-X | Searching text: 'outlander gt premium s-awc'
[2026-07-28 14:34:54] [DEBUG   ] [chrome_api.mapper] mapper | MITSUBISHI | CO45-X | No ENGINE_TYPE keyword found
[2026-07-28 14:34:54] [INFO    ] [chrome_api.mapper] mapper | MITSUBISHI | CO45-X | Row complete: model=Outlander, trim=GT Premium S-AWC, engine_type=None
[2026-07-28 14:34:54] [DEBUG   ] [chrome_api.mapper] mapper | MITSUBISHI | CO45-N | Extracted fields: year=2026, desc=GT NOIR S-AWC, trim=GT NOIR
[2026-07-28 14:34:54] [DEBUG   ] [chrome_api.mapper] mapper | MITSUBISHI | CO45-N | ModelName from ADS: Outlander
[2026-07-28 14:34:54] [INFO    ] [chrome_api.mapper] mapper | MITSUBISHI | Loaded 1 ENGINE_TYPE keywords: ['phev']
[2026-07-28 14:34:54] [DEBUG   ] [chrome_api.mapper] mapper | MITSUBISHI | CO45-N | Searching text: 'outlander gt noir s-awc'
[2026-07-28 14:34:54] [DEBUG   ] [chrome_api.mapper] mapper | MITSUBISHI | CO45-N | No ENGINE_TYPE keyword found
[2026-07-28 14:34:54] [INFO    ] [chrome_api.mapper] mapper | MITSUBISHI | CO45-N | Row complete: model=Outlander, trim=GT NOIR S-AWC, engine_type=None
[2026-07-28 14:34:54] [INFO    ] [chrome_api.mapper] mapper | ads_response_to_rows | Mitsubishi | Converted 7/7 trims to rows
[2026-07-28 14:34:54] [DEBUG   ] [chrome_api.service] refresh_from_ads | Mitsubishi 2026 Outlander | Converted 7 trims to rows
[2026-07-28 14:34:54] [DEBUG   ] [urllib3.connectionpool] https://demos.autodatasolutions.com:443 "POST /ADSDemo/api/full/ymmt/year/2026/make/Mitsubishi/model/Outlander%20Plug-In%20Hybrid/ HTTP/1.1" 200 None
[2026-07-28 14:34:55] [INFO    ] [chrome_api.mapper] mapper | ads_response_to_rows | Mitsubishi | Processing 6 trims from ADS response
[2026-07-28 14:34:55] [DEBUG   ] [chrome_api.mapper] mapper | MITSUBISHI | COEV-B | Extracted fields: year=2026, desc=ES S-AWC, trim=ES
[2026-07-28 14:34:55] [DEBUG   ] [chrome_api.mapper] mapper | MITSUBISHI | COEV-B | ModelName from ADS: Outlander Plug-In Hybrid
[2026-07-28 14:34:55] [INFO    ] [chrome_api.mapper] mapper | MITSUBISHI | Loaded 1 ENGINE_TYPE keywords: ['phev']
[2026-07-28 14:34:55] [DEBUG   ] [chrome_api.mapper] mapper | MITSUBISHI | COEV-B | Searching text: 'outlander plug-in hybrid es s-awc'
[2026-07-28 14:34:55] [DEBUG   ] [chrome_api.mapper] mapper | MITSUBISHI | COEV-B | No ENGINE_TYPE keyword found
[2026-07-28 14:34:55] [INFO    ] [chrome_api.mapper] mapper | MITSUBISHI | COEV-B | Row complete: model=Outlander Plug-In Hybrid, trim=ES S-AWC, engine_type=None
[2026-07-28 14:34:55] [DEBUG   ] [chrome_api.mapper] mapper | MITSUBISHI | COEV-D | Extracted fields: year=2026, desc=SE S-AWC, trim=SE
[2026-07-28 14:34:55] [DEBUG   ] [chrome_api.mapper] mapper | MITSUBISHI | COEV-D | ModelName from ADS: Outlander Plug-In Hybrid
[2026-07-28 14:34:55] [INFO    ] [chrome_api.mapper] mapper | MITSUBISHI | Loaded 1 ENGINE_TYPE keywords: ['phev']
[2026-07-28 14:34:55] [DEBUG   ] [chrome_api.mapper] mapper | MITSUBISHI | COEV-D | Searching text: 'outlander plug-in hybrid se s-awc'
[2026-07-28 14:34:55] [DEBUG   ] [chrome_api.mapper] mapper | MITSUBISHI | COEV-D | No ENGINE_TYPE keyword found
[2026-07-28 14:34:55] [INFO    ] [chrome_api.mapper] mapper | MITSUBISHI | COEV-D | Row complete: model=Outlander Plug-In Hybrid, trim=SE S-AWC, engine_type=None
[2026-07-28 14:34:55] [DEBUG   ] [chrome_api.mapper] mapper | MITSUBISHI | COEV-F | Extracted fields: year=2026, desc=LE S-AWC, trim=LE
[2026-07-28 14:34:55] [DEBUG   ] [chrome_api.mapper] mapper | MITSUBISHI | COEV-F | ModelName from ADS: Outlander Plug-In Hybrid
[2026-07-28 14:34:55] [INFO    ] [chrome_api.mapper] mapper | MITSUBISHI | Loaded 1 ENGINE_TYPE keywords: ['phev']
[2026-07-28 14:34:55] [DEBUG   ] [chrome_api.mapper] mapper | MITSUBISHI | COEV-F | Searching text: 'outlander plug-in hybrid le s-awc'
[2026-07-28 14:34:55] [DEBUG   ] [chrome_api.mapper] mapper | MITSUBISHI | COEV-F | No ENGINE_TYPE keyword found
[2026-07-28 14:34:55] [INFO    ] [chrome_api.mapper] mapper | MITSUBISHI | COEV-F | Row complete: model=Outlander Plug-In Hybrid, trim=LE S-AWC, engine_type=None
[2026-07-28 14:34:55] [DEBUG   ] [chrome_api.mapper] mapper | MITSUBISHI | COEV-G | Extracted fields: year=2026, desc=SEL S-AWC, trim=SEL
[2026-07-28 14:34:55] [DEBUG   ] [chrome_api.mapper] mapper | MITSUBISHI | COEV-G | ModelName from ADS: Outlander Plug-In Hybrid
[2026-07-28 14:34:55] [INFO    ] [chrome_api.mapper] mapper | MITSUBISHI | Loaded 1 ENGINE_TYPE keywords: ['phev']
[2026-07-28 14:34:55] [DEBUG   ] [chrome_api.mapper] mapper | MITSUBISHI | COEV-G | Searching text: 'outlander plug-in hybrid sel s-awc'
[2026-07-28 14:34:55] [DEBUG   ] [chrome_api.mapper] mapper | MITSUBISHI | COEV-G | No ENGINE_TYPE keyword found
[2026-07-28 14:34:55] [INFO    ] [chrome_api.mapper] mapper | MITSUBISHI | COEV-G | Row complete: model=Outlander Plug-In Hybrid, trim=SEL S-AWC, engine_type=None
[2026-07-28 14:34:55] [DEBUG   ] [chrome_api.mapper] mapper | MITSUBISHI | COEV-X | Extracted fields: year=2026, desc=GT S-AWC, trim=GT
[2026-07-28 14:34:55] [DEBUG   ] [chrome_api.mapper] mapper | MITSUBISHI | COEV-X | ModelName from ADS: Outlander Plug-In Hybrid
[2026-07-28 14:34:55] [INFO    ] [chrome_api.mapper] mapper | MITSUBISHI | Loaded 1 ENGINE_TYPE keywords: ['phev']
[2026-07-28 14:34:55] [DEBUG   ] [chrome_api.mapper] mapper | MITSUBISHI | COEV-X | Searching text: 'outlander plug-in hybrid gt s-awc'
[2026-07-28 14:34:55] [DEBUG   ] [chrome_api.mapper] mapper | MITSUBISHI | COEV-X | No ENGINE_TYPE keyword found
[2026-07-28 14:34:55] [INFO    ] [chrome_api.mapper] mapper | MITSUBISHI | COEV-X | Row complete: model=Outlander Plug-In Hybrid, trim=GT S-AWC, engine_type=None
[2026-07-28 14:34:55] [DEBUG   ] [chrome_api.mapper] mapper | MITSUBISHI | COEV-N | Extracted fields: year=2026, desc=GT NOIR S-AWC, trim=GT NOIR
[2026-07-28 14:34:55] [DEBUG   ] [chrome_api.mapper] mapper | MITSUBISHI | COEV-N | ModelName from ADS: Outlander Plug-In Hybrid
[2026-07-28 14:34:55] [INFO    ] [chrome_api.mapper] mapper | MITSUBISHI | Loaded 1 ENGINE_TYPE keywords: ['phev']
[2026-07-28 14:34:55] [DEBUG   ] [chrome_api.mapper] mapper | MITSUBISHI | COEV-N | Searching text: 'outlander plug-in hybrid gt noir s-awc'
[2026-07-28 14:34:55] [DEBUG   ] [chrome_api.mapper] mapper | MITSUBISHI | COEV-N | No ENGINE_TYPE keyword found
[2026-07-28 14:34:55] [INFO    ] [chrome_api.mapper] mapper | MITSUBISHI | COEV-N | Row complete: model=Outlander Plug-In Hybrid, trim=GT NOIR S-AWC, engine_type=None
[2026-07-28 14:34:55] [INFO    ] [chrome_api.mapper] mapper | ads_response_to_rows | Mitsubishi | Converted 6/6 trims to rows
[2026-07-28 14:34:55] [DEBUG   ] [chrome_api.service] refresh_from_ads | Mitsubishi 2026 Outlander Plug-In Hybrid | Converted 6 trims to rows
[2026-07-28 14:34:55] [DEBUG   ] [urllib3.connectionpool] https://demos.autodatasolutions.com:443 "POST /ADSDemo/api/full/ymmt/year/2026/make/Mitsubishi/model/RVR/ HTTP/1.1" 200 None
[2026-07-28 14:34:55] [INFO    ] [chrome_api.mapper] mapper | ads_response_to_rows | Mitsubishi | Processing 6 trims from ADS response
[2026-07-28 14:34:55] [DEBUG   ] [chrome_api.mapper] mapper | MITSUBISHI | CS45-A | Extracted fields: year=2026, desc=ES FWD, trim=ES
[2026-07-28 14:34:55] [DEBUG   ] [chrome_api.mapper] mapper | MITSUBISHI | CS45-A | ModelName from ADS: RVR
[2026-07-28 14:34:55] [INFO    ] [chrome_api.mapper] mapper | MITSUBISHI | Loaded 1 ENGINE_TYPE keywords: ['phev']
[2026-07-28 14:34:55] [DEBUG   ] [chrome_api.mapper] mapper | MITSUBISHI | CS45-A | Searching text: 'rvr es fwd'
[2026-07-28 14:34:55] [DEBUG   ] [chrome_api.mapper] mapper | MITSUBISHI | CS45-A | No ENGINE_TYPE keyword found
[2026-07-28 14:34:55] [INFO    ] [chrome_api.mapper] mapper | MITSUBISHI | CS45-A | Row complete: model=RVR, trim=ES FWD, engine_type=None
[2026-07-28 14:34:55] [DEBUG   ] [chrome_api.mapper] mapper | MITSUBISHI | CS45-B | Extracted fields: year=2026, desc=ES AWC, trim=ES
[2026-07-28 14:34:55] [DEBUG   ] [chrome_api.mapper] mapper | MITSUBISHI | CS45-B | ModelName from ADS: RVR
[2026-07-28 14:34:55] [INFO    ] [chrome_api.mapper] mapper | MITSUBISHI | Loaded 1 ENGINE_TYPE keywords: ['phev']
[2026-07-28 14:34:55] [DEBUG   ] [chrome_api.mapper] mapper | MITSUBISHI | CS45-B | Searching text: 'rvr es awc'
[2026-07-28 14:34:55] [DEBUG   ] [chrome_api.mapper] mapper | MITSUBISHI | CS45-B | No ENGINE_TYPE keyword found
[2026-07-28 14:34:55] [INFO    ] [chrome_api.mapper] mapper | MITSUBISHI | CS45-B | Row complete: model=RVR, trim=ES AWC, engine_type=None
[2026-07-28 14:34:55] [DEBUG   ] [chrome_api.mapper] mapper | MITSUBISHI | CS45-E | Extracted fields: year=2026, desc=SE AWC, trim=SE
[2026-07-28 14:34:55] [DEBUG   ] [chrome_api.mapper] mapper | MITSUBISHI | CS45-E | ModelName from ADS: RVR
[2026-07-28 14:34:55] [INFO    ] [chrome_api.mapper] mapper | MITSUBISHI | Loaded 1 ENGINE_TYPE keywords: ['phev']
[2026-07-28 14:34:55] [DEBUG   ] [chrome_api.mapper] mapper | MITSUBISHI | CS45-E | Searching text: 'rvr se awc'
[2026-07-28 14:34:55] [DEBUG   ] [chrome_api.mapper] mapper | MITSUBISHI | CS45-E | No ENGINE_TYPE keyword found
[2026-07-28 14:34:55] [INFO    ] [chrome_api.mapper] mapper | MITSUBISHI | CS45-E | Row complete: model=RVR, trim=SE AWC, engine_type=None
[2026-07-28 14:34:55] [DEBUG   ] [chrome_api.mapper] mapper | MITSUBISHI | CS45-G | Extracted fields: year=2026, desc=SEL AWC, trim=SEL
[2026-07-28 14:34:55] [DEBUG   ] [chrome_api.mapper] mapper | MITSUBISHI | CS45-G | ModelName from ADS: RVR
[2026-07-28 14:34:55] [INFO    ] [chrome_api.mapper] mapper | MITSUBISHI | Loaded 1 ENGINE_TYPE keywords: ['phev']
[2026-07-28 14:34:55] [DEBUG   ] [chrome_api.mapper] mapper | MITSUBISHI | CS45-G | Searching text: 'rvr sel awc'
[2026-07-28 14:34:55] [DEBUG   ] [chrome_api.mapper] mapper | MITSUBISHI | CS45-G | No ENGINE_TYPE keyword found
[2026-07-28 14:34:55] [INFO    ] [chrome_api.mapper] mapper | MITSUBISHI | CS45-G | Row complete: model=RVR, trim=SEL AWC, engine_type=None
[2026-07-28 14:34:55] [DEBUG   ] [chrome_api.mapper] mapper | MITSUBISHI | CS45-N | Extracted fields: year=2026, desc=NOIR AWC, trim=NOIR
[2026-07-28 14:34:55] [DEBUG   ] [chrome_api.mapper] mapper | MITSUBISHI | CS45-N | ModelName from ADS: RVR
[2026-07-28 14:34:55] [INFO    ] [chrome_api.mapper] mapper | MITSUBISHI | Loaded 1 ENGINE_TYPE keywords: ['phev']
[2026-07-28 14:34:55] [DEBUG   ] [chrome_api.mapper] mapper | MITSUBISHI | CS45-N | Searching text: 'rvr noir awc'
[2026-07-28 14:34:55] [DEBUG   ] [chrome_api.mapper] mapper | MITSUBISHI | CS45-N | No ENGINE_TYPE keyword found
[2026-07-28 14:34:55] [INFO    ] [chrome_api.mapper] mapper | MITSUBISHI | CS45-N | Row complete: model=RVR, trim=NOIR AWC, engine_type=None
[2026-07-28 14:34:55] [DEBUG   ] [chrome_api.mapper] mapper | MITSUBISHI | CS45-Z | Extracted fields: year=2026, desc=GT AWC, trim=GT
[2026-07-28 14:34:55] [DEBUG   ] [chrome_api.mapper] mapper | MITSUBISHI | CS45-Z | ModelName from ADS: RVR
[2026-07-28 14:34:55] [INFO    ] [chrome_api.mapper] mapper | MITSUBISHI | Loaded 1 ENGINE_TYPE keywords: ['phev']
[2026-07-28 14:34:55] [DEBUG   ] [chrome_api.mapper] mapper | MITSUBISHI | CS45-Z | Searching text: 'rvr gt awc'
[2026-07-28 14:34:55] [DEBUG   ] [chrome_api.mapper] mapper | MITSUBISHI | CS45-Z | No ENGINE_TYPE keyword found
[2026-07-28 14:34:55] [INFO    ] [chrome_api.mapper] mapper | MITSUBISHI | CS45-Z | Row complete: model=RVR, trim=GT AWC, engine_type=None
[2026-07-28 14:34:55] [INFO    ] [chrome_api.mapper] mapper | ads_response_to_rows | Mitsubishi | Converted 6/6 trims to rows
[2026-07-28 14:34:55] [DEBUG   ] [chrome_api.service] refresh_from_ads | Mitsubishi 2026 RVR | Converted 6 trims to rows
[2026-07-28 14:34:55] [INFO    ] [refresh_db_ads] ADS fetch complete | Total records: 626 | Columns: 10
[2026-07-28 14:34:55] [DEBUG   ] [refresh_db_ads] DataFrame columns: ['Manufacturer', 'ModelYear', 'ModelNumber', 'Description', 'TrimName', 'Package', 'Drivetrain', 'PassDoors', 'ModelName', 'engine_type']
[2026-07-28 14:34:55] [INFO    ] [refresh_db_ads] 
[Step 4/4] Saving to database with validation and standardization...
[2026-07-28 14:34:55] [DEBUG   ] [refresh_db_ads] Saving to: C:\Users\paxm\OneDrive - PBS SYSTEMS\Desktop\Office\Projects\OEM Accessory project\OEM_Accessories_v1\accy_v2\model_lookup\db\db_vehicle_models.csv | Key columns: Manufacturer, ModelYear, ModelNumber, Package
[2026-07-28 14:34:55] [INFO    ] [refresh_db_ads] CSV save SUCCESS | Records saved: 626
[2026-07-28 14:34:55] [DEBUG   ] [refresh_db_ads] Writing DQ report to: C:\Users\paxm\OneDrive - PBS SYSTEMS\Desktop\Office\Projects\OEM Accessory project\OEM_Accessories_v1\accy_v2\output\dq_reports\ads_refresh
[2026-07-28 14:34:55] [INFO    ] [refresh_db_ads] DQ report written | Path: C:\Users\paxm\OneDrive - PBS SYSTEMS\Desktop\Office\Projects\OEM Accessory project\OEM_Accessories_v1\accy_v2\output\dq_reports\ads_refresh
[2026-07-28 14:34:55] [INFO    ] [refresh_db_ads] 
================================================================================
[2026-07-28 14:34:55] [INFO    ] [refresh_db_ads] DATABASE REFRESH COMPLETE - SUCCESS
[2026-07-28 14:34:55] [INFO    ] [refresh_db_ads] ================================================================================
[2026-07-28 14:34:55] [INFO    ] [refresh_db_ads] Database location: C:\Users\paxm\OneDrive - PBS SYSTEMS\Desktop\Office\Projects\OEM Accessory project\OEM_Accessories_v1\accy_v2\model_lookup\db\db_vehicle_models.csv
[2026-07-28 14:34:55] [INFO    ] [refresh_db_ads] Records saved: 626
[2026-07-28 14:34:55] [INFO    ] [refresh_db_ads] Total configurations fetched: 626
[2026-07-28 14:34:55] [INFO    ] [refresh_db_ads] Pipeline log path: C:\Users\paxm\OneDrive - PBS SYSTEMS\Desktop\Office\Projects\OEM Accessory project\OEM_Accessories_v1\accy_v2\output\pipeline_logs\ads_refresh
[2026-07-28 14:34:55] [INFO    ] [refresh_db_ads] DQ report path: C:\Users\paxm\OneDrive - PBS SYSTEMS\Desktop\Office\Projects\OEM Accessory project\OEM_Accessories_v1\accy_v2\output\dq_reports\ads_refresh
[2026-07-28 14:34:55] [INFO    ] [refresh_db_ads] Structured log file: accy_v2\model_lookup\logs\refresh_db_ads_20260728_143258.log
[2026-07-28 14:34:55] [INFO    ] [refresh_db_ads] ================================================================================
