[2026-08-28 11:44:15] [INFO    ] [root] Logging initialized | Log file: accy_v2\model_lookup\logs\refresh_db_ads_20260828_114415.log
[2026-08-28 11:44:15] [DEBUG   ] [root] Console level: INFO | File level: DEBUG
[2026-08-28 11:44:15] [INFO    ] [refresh_db_ads] ================================================================================
[2026-08-28 11:44:15] [INFO    ] [refresh_db_ads] DATABASE REFRESH FROM ADS STARTED (REFRESH MODE (with archive))
[2026-08-28 11:44:15] [INFO    ] [refresh_db_ads] ================================================================================
[2026-08-28 11:44:15] [INFO    ] [refresh_db_ads] Run ID: ce383e44
[2026-08-28 11:44:15] [INFO    ] [refresh_db_ads] Makes: Hyundai, Genesis, Mazda, Mitsubishi, Honda
[2026-08-28 11:44:15] [INFO    ] [refresh_db_ads] Years: 2022, 2023, 2024, 2025, 2026, 2027
[2026-08-28 11:44:15] [INFO    ] [refresh_db_ads] Archive mode: enabled
[2026-08-28 11:44:15] [INFO    ] [refresh_db_ads] Log file: accy_v2\model_lookup\logs\refresh_db_ads_20260828_114415.log
[2026-08-28 11:44:15] [INFO    ] [refresh_db_ads] ================================================================================
[2026-08-28 11:44:15] [INFO    ] [refresh_db_ads] 
[Step 1/4] Initializing ADS service...
[2026-08-28 11:44:15] [INFO    ] [refresh_db_ads] ADS service initialized successfully | Credentials loaded and client ready
[2026-08-28 11:44:15] [INFO    ] [refresh_db_ads] 
[Step 2/4] Archiving current database...
[2026-08-28 11:44:15] [INFO    ] [refresh_db_ads] Database archived | File: db_vehicle_models.2026-08-28_114415.csv | Size: 39403 bytes
[2026-08-28 11:44:15] [INFO    ] [refresh_db_ads] 
[Step 3/4] Fetching data from ADS API...
[2026-08-28 11:44:15] [DEBUG   ] [refresh_db_ads] Fetching for makes: ['Hyundai', 'Genesis', 'Mazda', 'Mitsubishi', 'Honda'] | years: [2022, 2023, 2024, 2025, 2026, 2027]
[2026-08-28 11:44:15] [INFO    ] [accy_v2.model_lookup.chrome_api.service] refresh_from_ads | Hyundai | Starting fetch
[2026-08-28 11:44:15] [DEBUG   ] [accy_v2.model_lookup.chrome_api.service] service | Hyundai | Loading configs from: C:\Users\paxm\OneDrive - PBS SYSTEMS\Desktop\Office\Projects\OEM Accessory project\OEM_Accessories_v1\accy_v2\model_lookup\configs
[2026-08-28 11:44:15] [DEBUG   ] [accy_v2.model_lookup.chrome_api.service] service | Hyundai | Loaded classification.yaml (79 keywords)
[2026-08-28 11:44:15] [DEBUG   ] [accy_v2.model_lookup.chrome_api.service] service | Hyundai | Loaded translator.yaml (16 flattened keywords)
[2026-08-28 11:44:15] [INFO    ] [accy_v2.model_lookup.semantic.standardizer] standardizer | Hyundai | Initialized with 3 rule categories
[2026-08-28 11:44:15] [DEBUG   ] [accy_v2.model_lookup.semantic.standardizer] standardizer | Hyundai | trim_level_aliases: 6 aliases
[2026-08-28 11:44:15] [DEBUG   ] [accy_v2.model_lookup.semantic.standardizer] standardizer | Hyundai | model_name_aliases: 5 aliases
[2026-08-28 11:44:15] [DEBUG   ] [accy_v2.model_lookup.semantic.standardizer] standardizer | Hyundai | description_patterns: 2 patterns
[2026-08-28 11:44:15] [DEBUG   ] [accy_v2.model_lookup.chrome_api.service] service | Hyundai | Loaded standardization.yaml with 3 rule categories
[2026-08-28 11:44:15] [INFO    ] [accy_v2.model_lookup.chrome_api.service] service | Hyundai | Configs loaded | components: classification, translator, standardizer
[2026-08-28 11:44:15] [DEBUG   ] [urllib3.connectionpool] Starting new HTTPS connection (1): demos.autodatasolutions.com:443
[2026-08-28 11:44:15] [DEBUG   ] [urllib3.connectionpool] https://demos.autodatasolutions.com:443 "GET /ADSDemo/api/ymmt/models/make/Hyundai/year/2022/country/CA/language/en?sort=ASC HTTP/1.1" 200 None
[2026-08-28 11:44:16] [DEBUG   ] [urllib3.connectionpool] https://demos.autodatasolutions.com:443 "POST /ADSDemo/api/full/ymmt/year/2022/make/Hyundai/model/Elantra/ HTTP/1.1" 200 None
[2026-08-28 11:44:16] [INFO    ] [accy_v2.model_lookup.chrome_api.mapper] mapper | ads_response_to_rows | Hyundai | Processing 9 trims from ADS response
[2026-08-28 11:44:16] [DEBUG   ] [accy_v2.model_lookup.chrome_api.mapper] mapper | HYUNDAI | EL74MF20A100 | Extracted fields: year=2022, desc=Essential Manual, trim=Essential
[2026-08-28 11:44:16] [DEBUG   ] [accy_v2.model_lookup.chrome_api.mapper] mapper | HYUNDAI | EL74MF20A100 | ModelName from ADS: Elantra
[2026-08-28 11:44:16] [DEBUG   ] [accy_v2.model_lookup.semantic.standardizer] standardizer | Hyundai | No trim alias found for: 'Essential'
[2026-08-28 11:44:16] [DEBUG   ] [accy_v2.model_lookup.semantic.standardizer] standardizer | Hyundai | No description patterns matched: 'Essential Manual'
[2026-08-28 11:44:16] [DEBUG   ] [accy_v2.model_lookup.chrome_api.mapper] mapper | HYUNDAI | EL74MF20A100 | Applied standardization rules
[2026-08-28 11:44:16] [INFO    ] [accy_v2.model_lookup.chrome_api.mapper] mapper | HYUNDAI | Loaded 6 ENGINE_TYPE keywords: ['hev', 'hybrid', 'phev', 'ev', 'plug-in', 'electric']
[2026-08-28 11:44:16] [DEBUG   ] [accy_v2.model_lookup.chrome_api.mapper] mapper | HYUNDAI | EL74MF20A100 | Searching text: 'elantra essential manual'
[2026-08-28 11:44:16] [DEBUG   ] [accy_v2.model_lookup.chrome_api.mapper] mapper | HYUNDAI | EL74MF20A100 | No ENGINE_TYPE keyword found
[2026-08-28 11:44:16] [INFO    ] [accy_v2.model_lookup.chrome_api.mapper] mapper | HYUNDAI | EL74MF20A100 | Row complete: model=Elantra, trim=Essential Manual, engine_type=None
[2026-08-28 11:44:16] [DEBUG   ] [accy_v2.model_lookup.chrome_api.mapper] mapper | HYUNDAI | EL74IF20A100 | Extracted fields: year=2022, desc=Essential IVT, trim=Essential
[2026-08-28 11:44:16] [DEBUG   ] [accy_v2.model_lookup.chrome_api.mapper] mapper | HYUNDAI | EL74IF20A100 | ModelName from ADS: Elantra
[2026-08-28 11:44:16] [DEBUG   ] [accy_v2.model_lookup.semantic.standardizer] standardizer | Hyundai | No trim alias found for: 'Essential'
[2026-08-28 11:44:16] [DEBUG   ] [accy_v2.model_lookup.semantic.standardizer] standardizer | Hyundai | No description patterns matched: 'Essential IVT'
[2026-08-28 11:44:16] [DEBUG   ] [accy_v2.model_lookup.chrome_api.mapper] mapper | HYUNDAI | EL74IF20A100 | Applied standardization rules
[2026-08-28 11:44:16] [INFO    ] [accy_v2.model_lookup.chrome_api.mapper] mapper | HYUNDAI | Loaded 6 ENGINE_TYPE keywords: ['hev', 'hybrid', 'phev', 'ev', 'plug-in', 'electric']
[2026-08-28 11:44:16] [DEBUG   ] [accy_v2.model_lookup.chrome_api.mapper] mapper | HYUNDAI | EL74IF20A100 | Searching text: 'elantra essential ivt'
[2026-08-28 11:44:16] [DEBUG   ] [accy_v2.model_lookup.chrome_api.mapper] mapper | HYUNDAI | EL74IF20A100 | No ENGINE_TYPE keyword found
[2026-08-28 11:44:16] [INFO    ] [accy_v2.model_lookup.chrome_api.mapper] mapper | HYUNDAI | EL74IF20A100 | Row complete: model=Elantra, trim=Essential IVT, engine_type=None
[2026-08-28 11:44:16] [DEBUG   ] [accy_v2.model_lookup.chrome_api.mapper] mapper | HYUNDAI | EL74IF20A200 | Extracted fields: year=2022, desc=Preferred IVT, trim=Preferred
[2026-08-28 11:44:16] [DEBUG   ] [accy_v2.model_lookup.chrome_api.mapper] mapper | HYUNDAI | EL74IF20A200 | ModelName from ADS: Elantra
[2026-08-28 11:44:16] [DEBUG   ] [accy_v2.model_lookup.semantic.standardizer] standardizer | Hyundai | No trim alias found for: 'Preferred'
[2026-08-28 11:44:16] [DEBUG   ] [accy_v2.model_lookup.semantic.standardizer] standardizer | Hyundai | No description patterns matched: 'Preferred IVT'
[2026-08-28 11:44:16] [DEBUG   ] [accy_v2.model_lookup.chrome_api.mapper] mapper | HYUNDAI | EL74IF20A200 | Applied standardization rules
[2026-08-28 11:44:16] [INFO    ] [accy_v2.model_lookup.chrome_api.mapper] mapper | HYUNDAI | Loaded 6 ENGINE_TYPE keywords: ['hev', 'hybrid', 'phev', 'ev', 'plug-in', 'electric']
[2026-08-28 11:44:16] [DEBUG   ] [accy_v2.model_lookup.chrome_api.mapper] mapper | HYUNDAI | EL74IF20A200 | Searching text: 'elantra preferred ivt'
[2026-08-28 11:44:16] [DEBUG   ] [accy_v2.model_lookup.chrome_api.mapper] mapper | HYUNDAI | EL74IF20A200 | No ENGINE_TYPE keyword found
[2026-08-28 11:44:16] [INFO    ] [accy_v2.model_lookup.chrome_api.mapper] mapper | HYUNDAI | EL74IF20A200 | Row complete: model=Elantra, trim=Preferred IVT, engine_type=None
[2026-08-28 11:44:16] [DEBUG   ] [accy_v2.model_lookup.chrome_api.mapper] mapper | HYUNDAI | EL74IF20A283 | Extracted fields: year=2022, desc=Preferred IVT w/Sun & Tech Package, trim=Preferred
[2026-08-28 11:44:16] [DEBUG   ] [accy_v2.model_lookup.chrome_api.mapper] mapper | HYUNDAI | EL74IF20A283 | ModelName from ADS: Elantra
[2026-08-28 11:44:16] [DEBUG   ] [accy_v2.model_lookup.semantic.standardizer] standardizer | Hyundai | No trim alias found for: 'Preferred'
[2026-08-28 11:44:16] [DEBUG   ] [accy_v2.model_lookup.semantic.standardizer] standardizer | Hyundai | No description patterns matched: 'Preferred IVT w/Sun & Tech Package'
[2026-08-28 11:44:16] [DEBUG   ] [accy_v2.model_lookup.chrome_api.mapper] mapper | HYUNDAI | EL74IF20A283 | Applied standardization rules
[2026-08-28 11:44:16] [INFO    ] [accy_v2.model_lookup.chrome_api.mapper] mapper | HYUNDAI | Loaded 6 ENGINE_TYPE keywords: ['hev', 'hybrid', 'phev', 'ev', 'plug-in', 'electric']
[2026-08-28 11:44:16] [DEBUG   ] [accy_v2.model_lookup.chrome_api.mapper] mapper | HYUNDAI | EL74IF20A283 | Searching text: 'elantra preferred ivt w/sun & tech package'
[2026-08-28 11:44:16] [DEBUG   ] [accy_v2.model_lookup.chrome_api.mapper] mapper | HYUNDAI | EL74IF20A283 | No ENGINE_TYPE keyword found
[2026-08-28 11:44:16] [INFO    ] [accy_v2.model_lookup.chrome_api.mapper] mapper | HYUNDAI | EL74IF20A283 | Row complete: model=Elantra, trim=Preferred IVT w/Sun & Tech Package, engine_type=None
[2026-08-28 11:44:16] [DEBUG   ] [accy_v2.model_lookup.chrome_api.mapper] mapper | HYUNDAI | EL74IF20A400 | Extracted fields: year=2022, desc=Ultimate IVT, trim=Ultimate
[2026-08-28 11:44:16] [DEBUG   ] [accy_v2.model_lookup.chrome_api.mapper] mapper | HYUNDAI | EL74IF20A400 | ModelName from ADS: Elantra
[2026-08-28 11:44:16] [DEBUG   ] [accy_v2.model_lookup.semantic.standardizer] standardizer | Hyundai | No trim alias found for: 'Ultimate'
[2026-08-28 11:44:16] [DEBUG   ] [accy_v2.model_lookup.semantic.standardizer] standardizer | Hyundai | No description patterns matched: 'Ultimate IVT'
[2026-08-28 11:44:16] [DEBUG   ] [accy_v2.model_lookup.chrome_api.mapper] mapper | HYUNDAI | EL74IF20A400 | Applied standardization rules
[2026-08-28 11:44:16] [INFO    ] [accy_v2.model_lookup.chrome_api.mapper] mapper | HYUNDAI | Loaded 6 ENGINE_TYPE keywords: ['hev', 'hybrid', 'phev', 'ev', 'plug-in', 'electric']
[2026-08-28 11:44:16] [DEBUG   ] [accy_v2.model_lookup.chrome_api.mapper] mapper | HYUNDAI | EL74IF20A400 | Searching text: 'elantra ultimate ivt'
[2026-08-28 11:44:16] [DEBUG   ] [accy_v2.model_lookup.chrome_api.mapper] mapper | HYUNDAI | EL74IF20A400 | No ENGINE_TYPE keyword found
[2026-08-28 11:44:16] [INFO    ] [accy_v2.model_lookup.chrome_api.mapper] mapper | HYUNDAI | EL74IF20A400 | Row complete: model=Elantra, trim=Ultimate IVT, engine_type=None
[2026-08-28 11:44:16] [DEBUG   ] [accy_v2.model_lookup.chrome_api.mapper] mapper | HYUNDAI | EL74IF20A454 | Extracted fields: year=2022, desc=Ultimate IVT w/Two-Tone Interior, trim=Ultimate
[2026-08-28 11:44:16] [DEBUG   ] [accy_v2.model_lookup.chrome_api.mapper] mapper | HYUNDAI | EL74IF20A454 | ModelName from ADS: Elantra
[2026-08-28 11:44:16] [DEBUG   ] [accy_v2.model_lookup.semantic.standardizer] standardizer | Hyundai | No trim alias found for: 'Ultimate'
[2026-08-28 11:44:16] [DEBUG   ] [accy_v2.model_lookup.semantic.standardizer] standardizer | Hyundai | No description patterns matched: 'Ultimate IVT w/Two-Tone Interior'
[2026-08-28 11:44:16] [DEBUG   ] [accy_v2.model_lookup.chrome_api.mapper] mapper | HYUNDAI | EL74IF20A454 | Applied standardization rules
[2026-08-28 11:44:16] [INFO    ] [accy_v2.model_lookup.chrome_api.mapper] mapper | HYUNDAI | Loaded 6 ENGINE_TYPE keywords: ['hev', 'hybrid', 'phev', 'ev', 'plug-in', 'electric']
[2026-08-28 11:44:16] [DEBUG   ] [accy_v2.model_lookup.chrome_api.mapper] mapper | HYUNDAI | EL74IF20A454 | Searching text: 'elantra ultimate ivt w/two-tone interior'
[2026-08-28 11:44:16] [DEBUG   ] [accy_v2.model_lookup.chrome_api.mapper] mapper | HYUNDAI | EL74IF20A454 | No ENGINE_TYPE keyword found
[2026-08-28 11:44:16] [INFO    ] [accy_v2.model_lookup.chrome_api.mapper] mapper | HYUNDAI | EL74IF20A454 | Row complete: model=Elantra, trim=Ultimate IVT w/Two-Tone Interior, engine_type=None
[2026-08-28 11:44:16] [DEBUG   ] [accy_v2.model_lookup.chrome_api.mapper] mapper | HYUNDAI | EL74IF20A483 | Extracted fields: year=2022, desc=Ultimate Tech IVT, trim=Ultimate Tech
[2026-08-28 11:44:16] [DEBUG   ] [accy_v2.model_lookup.chrome_api.mapper] mapper | HYUNDAI | EL74IF20A483 | ModelName from ADS: Elantra
[2026-08-28 11:44:16] [DEBUG   ] [accy_v2.model_lookup.semantic.standardizer] standardizer | Hyundai | No trim alias found for: 'Ultimate Tech'
[2026-08-28 11:44:16] [DEBUG   ] [accy_v2.model_lookup.semantic.standardizer] standardizer | Hyundai | No description patterns matched: 'Ultimate Tech IVT'
[2026-08-28 11:44:16] [DEBUG   ] [accy_v2.model_lookup.chrome_api.mapper] mapper | HYUNDAI | EL74IF20A483 | Applied standardization rules
[2026-08-28 11:44:16] [INFO    ] [accy_v2.model_lookup.chrome_api.mapper] mapper | HYUNDAI | Loaded 6 ENGINE_TYPE keywords: ['hev', 'hybrid', 'phev', 'ev', 'plug-in', 'electric']
[2026-08-28 11:44:16] [DEBUG   ] [accy_v2.model_lookup.chrome_api.mapper] mapper | HYUNDAI | EL74IF20A483 | Searching text: 'elantra ultimate tech ivt'
[2026-08-28 11:44:16] [DEBUG   ] [accy_v2.model_lookup.chrome_api.mapper] mapper | HYUNDAI | EL74IF20A483 | No ENGINE_TYPE keyword found
[2026-08-28 11:44:16] [INFO    ] [accy_v2.model_lookup.chrome_api.mapper] mapper | HYUNDAI | EL74IF20A483 | Row complete: model=Elantra, trim=Ultimate Tech IVT, engine_type=None
[2026-08-28 11:44:16] [DEBUG   ] [accy_v2.model_lookup.chrome_api.mapper] mapper | HYUNDAI | EL74IF20A479 | Extracted fields: year=2022, desc=Ultimate Tech IVT w/Two-Tone Interior, trim=Ultimate Tech
[2026-08-28 11:44:16] [DEBUG   ] [accy_v2.model_lookup.chrome_api.mapper] mapper | HYUNDAI | EL74IF20A479 | ModelName from ADS: Elantra
[2026-08-28 11:44:16] [DEBUG   ] [accy_v2.model_lookup.semantic.standardizer] standardizer | Hyundai | No trim alias found for: 'Ultimate Tech'
[2026-08-28 11:44:16] [DEBUG   ] [accy_v2.model_lookup.semantic.standardizer] standardizer | Hyundai | No description patterns matched: 'Ultimate Tech IVT w/Two-Tone Interior'
[2026-08-28 11:44:16] [DEBUG   ] [accy_v2.model_lookup.chrome_api.mapper] mapper | HYUNDAI | EL74IF20A479 | Applied standardization rules
[2026-08-28 11:44:16] [INFO    ] [accy_v2.model_lookup.chrome_api.mapper] mapper | HYUNDAI | Loaded 6 ENGINE_TYPE keywords: ['hev', 'hybrid', 'phev', 'ev', 'plug-in', 'electric']
[2026-08-28 11:44:16] [DEBUG   ] [accy_v2.model_lookup.chrome_api.mapper] mapper | HYUNDAI | EL74IF20A479 | Searching text: 'elantra ultimate tech ivt w/two-tone interior'
[2026-08-28 11:44:16] [DEBUG   ] [accy_v2.model_lookup.chrome_api.mapper] mapper | HYUNDAI | EL74IF20A479 | No ENGINE_TYPE keyword found
[2026-08-28 11:44:16] [INFO    ] [accy_v2.model_lookup.chrome_api.mapper] mapper | HYUNDAI | EL74IF20A479 | Row complete: model=Elantra, trim=Ultimate Tech IVT w/Two-Tone Interior, engine_type=None
[2026-08-28 11:44:16] [DEBUG   ] [accy_v2.model_lookup.chrome_api.mapper] mapper | HYUNDAI | EL74DF16DO00 | Extracted fields: year=2022, desc=N Line DCT, trim=N Line
[2026-08-28 11:44:16] [DEBUG   ] [accy_v2.model_lookup.chrome_api.mapper] mapper | HYUNDAI | EL74DF16DO00 | ModelName from ADS: Elantra
[2026-08-28 11:44:16] [DEBUG   ] [accy_v2.model_lookup.chrome_api.mapper] mapper | HYUNDAI | EL74DF16DO00 | Applied standardization rules
[2026-08-28 11:44:16] [INFO    ] [accy_v2.model_lookup.chrome_api.mapper] mapper | HYUNDAI | Loaded 6 ENGINE_TYPE keywords: ['hev', 'hybrid', 'phev', 'ev', 'plug-in', 'electric']
[2026-08-28 11:44:16] [DEBUG   ] [accy_v2.model_lookup.chrome_api.mapper] mapper | HYUNDAI | EL74DF16DO00 | Searching text: 'elantra n-line dct'
[2026-08-28 11:44:16] [DEBUG   ] [accy_v2.model_lookup.chrome_api.mapper] mapper | HYUNDAI | EL74DF16DO00 | No ENGINE_TYPE keyword found
[2026-08-28 11:44:16] [INFO    ] [accy_v2.model_lookup.chrome_api.mapper] mapper | HYUNDAI | EL74DF16DO00 | Row complete: model=Elantra, trim=N-Line DCT, engine_type=None
[2026-08-28 11:44:16] [INFO    ] [accy_v2.model_lookup.chrome_api.mapper] mapper | ads_response_to_rows | Hyundai | Converted 9/9 trims to rows
[2026-08-28 11:44:16] [DEBUG   ] [accy_v2.model_lookup.chrome_api.service] refresh_from_ads | Hyundai 2022 Elantra | Converted 9 trims to rows
[2026-08-28 11:44:16] [DEBUG   ] [urllib3.connectionpool] https://demos.autodatasolutions.com:443 "POST /ADSDemo/api/full/ymmt/year/2022/make/Hyundai/model/Elantra%20Hybrid/ HTTP/1.1" 200 None
[2026-08-28 11:44:17] [INFO    ] [accy_v2.model_lookup.chrome_api.mapper] mapper | ads_response_to_rows | Hyundai | Processing 3 trims from ADS response
[2026-08-28 11:44:17] [DEBUG   ] [accy_v2.model_lookup.chrome_api.mapper] mapper | HYUNDAI | EL74DF16I2AA | Extracted fields: year=2022, desc=Preferred DCT, trim=Preferred
[2026-08-28 11:44:17] [DEBUG   ] [accy_v2.model_lookup.chrome_api.mapper] mapper | HYUNDAI | EL74DF16I2AA | ModelName from ADS: Elantra Hybrid
[2026-08-28 11:44:17] [DEBUG   ] [accy_v2.model_lookup.semantic.standardizer] standardizer | Hyundai | No trim alias found for: 'Preferred'
[2026-08-28 11:44:17] [DEBUG   ] [accy_v2.model_lookup.semantic.standardizer] standardizer | Hyundai | No description patterns matched: 'Preferred DCT'
[2026-08-28 11:44:17] [DEBUG   ] [accy_v2.model_lookup.chrome_api.mapper] mapper | HYUNDAI | EL74DF16I2AA | Applied standardization rules
[2026-08-28 11:44:17] [INFO    ] [accy_v2.model_lookup.chrome_api.mapper] mapper | HYUNDAI | Loaded 6 ENGINE_TYPE keywords: ['hev', 'hybrid', 'phev', 'ev', 'plug-in', 'electric']
[2026-08-28 11:44:17] [DEBUG   ] [accy_v2.model_lookup.chrome_api.mapper] mapper | HYUNDAI | EL74DF16I2AA | Searching text: 'elantra hybrid preferred dct'
[2026-08-28 11:44:17] [DEBUG   ] [accy_v2.model_lookup.chrome_api.mapper] mapper | HYUNDAI | EL74DF16I2AA | Found keyword 'hybrid' in 'Elantra Hybrid Preferred DCT'
[2026-08-28 11:44:17] [WARNING ] [accy_v2.model_lookup.chrome_api.mapper] mapper | HYUNDAI | EL74DF16I2AA | Keyword 'hybrid' found but NOT in translator. Returning keyword as-is.
[2026-08-28 11:44:17] [INFO    ] [accy_v2.model_lookup.chrome_api.mapper] mapper | HYUNDAI | EL74DF16I2AA | Row complete: model=Elantra Hybrid, trim=Preferred DCT, engine_type=hybrid
[2026-08-28 11:44:17] [DEBUG   ] [accy_v2.model_lookup.chrome_api.mapper] mapper | HYUNDAI | EL74DF16I4AA | Extracted fields: year=2022, desc=Ultimate DCT, trim=Ultimate
[2026-08-28 11:44:17] [DEBUG   ] [accy_v2.model_lookup.chrome_api.mapper] mapper | HYUNDAI | EL74DF16I4AA | ModelName from ADS: Elantra Hybrid
[2026-08-28 11:44:17] [DEBUG   ] [accy_v2.model_lookup.semantic.standardizer] standardizer | Hyundai | No trim alias found for: 'Ultimate'
[2026-08-28 11:44:17] [DEBUG   ] [accy_v2.model_lookup.semantic.standardizer] standardizer | Hyundai | No description patterns matched: 'Ultimate DCT'
[2026-08-28 11:44:17] [DEBUG   ] [accy_v2.model_lookup.chrome_api.mapper] mapper | HYUNDAI | EL74DF16I4AA | Applied standardization rules
[2026-08-28 11:44:17] [INFO    ] [accy_v2.model_lookup.chrome_api.mapper] mapper | HYUNDAI | Loaded 6 ENGINE_TYPE keywords: ['hev', 'hybrid', 'phev', 'ev', 'plug-in', 'electric']
[2026-08-28 11:44:17] [DEBUG   ] [accy_v2.model_lookup.chrome_api.mapper] mapper | HYUNDAI | EL74DF16I4AA | Searching text: 'elantra hybrid ultimate dct'
[2026-08-28 11:44:17] [DEBUG   ] [accy_v2.model_lookup.chrome_api.mapper] mapper | HYUNDAI | EL74DF16I4AA | Found keyword 'hybrid' in 'Elantra Hybrid Ultimate DCT'
[2026-08-28 11:44:17] [WARNING ] [accy_v2.model_lookup.chrome_api.mapper] mapper | HYUNDAI | EL74DF16I4AA | Keyword 'hybrid' found but NOT in translator. Returning keyword as-is.
[2026-08-28 11:44:17] [INFO    ] [accy_v2.model_lookup.chrome_api.mapper] mapper | HYUNDAI | EL74DF16I4AA | Row complete: model=Elantra Hybrid, trim=Ultimate DCT, engine_type=hybrid
[2026-08-28 11:44:17] [DEBUG   ] [accy_v2.model_lookup.chrome_api.mapper] mapper | HYUNDAI | EL74DF16I4AC | Extracted fields: year=2022, desc=Ultimate DCT w/Two-Tone Interior, trim=Ultimate
[2026-08-28 11:44:17] [DEBUG   ] [accy_v2.model_lookup.chrome_api.mapper] mapper | HYUNDAI | EL74DF16I4AC | ModelName from ADS: Elantra Hybrid
[2026-08-28 11:44:17] [DEBUG   ] [accy_v2.model_lookup.semantic.standardizer] standardizer | Hyundai | No trim alias found for: 'Ultimate'
[2026-08-28 11:44:17] [DEBUG   ] [accy_v2.model_lookup.semantic.standardizer] standardizer | Hyundai | No description patterns matched: 'Ultimate DCT w/Two-Tone Interior'
[2026-08-28 11:44:17] [DEBUG   ] [accy_v2.model_lookup.chrome_api.mapper] mapper | HYUNDAI | EL74DF16I4AC | Applied standardization rules
[2026-08-28 11:44:17] [INFO    ] [accy_v2.model_lookup.chrome_api.mapper] mapper | HYUNDAI | Loaded 6 ENGINE_TYPE keywords: ['hev', 'hybrid', 'phev', 'ev', 'plug-in', 'electric']
[2026-08-28 11:44:17] [DEBUG   ] [accy_v2.model_lookup.chrome_api.mapper] mapper | HYUNDAI | EL74DF16I4AC | Searching text: 'elantra hybrid ultimate dct w/two-tone interior'
[2026-08-28 11:44:17] [DEBUG   ] [accy_v2.model_lookup.chrome_api.mapper] mapper | HYUNDAI | EL74DF16I4AC | Found keyword 'hybrid' in 'Elantra Hybrid Ultimate DCT w/Two-Tone Interior'
[2026-08-28 11:44:17] [WARNING ] [accy_v2.model_lookup.chrome_api.mapper] mapper | HYUNDAI | EL74DF16I4AC | Keyword 'hybrid' found but NOT in translator. Returning keyword as-is.
[2026-08-28 11:44:17] [INFO    ] [accy_v2.model_lookup.chrome_api.mapper] mapper | HYUNDAI | EL74DF16I4AC | Row complete: model=Elantra Hybrid, trim=Ultimate DCT w/Two-Tone Interior, engine_type=hybrid
[2026-08-28 11:44:17] [INFO    ] [accy_v2.model_lookup.chrome_api.mapper] mapper | ads_response_to_rows | Hyundai | Converted 3/3 trims to rows
[2026-08-28 11:44:17] [DEBUG   ] [accy_v2.model_lookup.chrome_api.service] refresh_from_ads | Hyundai 2022 Elantra Hybrid | Converted 3 trims to rows
[2026-08-28 11:44:17] [DEBUG   ] [urllib3.connectionpool] https://demos.autodatasolutions.com:443 "POST /ADSDemo/api/full/ymmt/year/2022/make/Hyundai/model/Elantra%20N/ HTTP/1.1" 200 None
[2026-08-28 11:44:17] [INFO    ] [accy_v2.model_lookup.chrome_api.mapper] mapper | ads_response_to_rows | Hyundai | Processing 2 trims from ADS response
[2026-08-28 11:44:17] [DEBUG   ] [accy_v2.model_lookup.chrome_api.mapper] mapper | HYUNDAI | EL74MF20DX39 | Extracted fields: year=2022, desc=Manual, trim=None
[2026-08-28 11:44:17] [DEBUG   ] [accy_v2.model_lookup.chrome_api.mapper] mapper | HYUNDAI | EL74MF20DX39 | ModelName from ADS: Elantra N
[2026-08-28 11:44:17] [DEBUG   ] [accy_v2.model_lookup.semantic.standardizer] standardizer | Hyundai | No description patterns matched: 'Manual'
[2026-08-28 11:44:17] [DEBUG   ] [accy_v2.model_lookup.chrome_api.mapper] mapper | HYUNDAI | EL74MF20DX39 | Applied standardization rules
[2026-08-28 11:44:17] [INFO    ] [accy_v2.model_lookup.chrome_api.mapper] mapper | HYUNDAI | Loaded 6 ENGINE_TYPE keywords: ['hev', 'hybrid', 'phev', 'ev', 'plug-in', 'electric']
[2026-08-28 11:44:17] [DEBUG   ] [accy_v2.model_lookup.chrome_api.mapper] mapper | HYUNDAI | EL74MF20DX39 | Searching text: 'elantra n manual'
[2026-08-28 11:44:17] [DEBUG   ] [accy_v2.model_lookup.chrome_api.mapper] mapper | HYUNDAI | EL74MF20DX39 | No ENGINE_TYPE keyword found
[2026-08-28 11:44:17] [INFO    ] [accy_v2.model_lookup.chrome_api.mapper] mapper | HYUNDAI | EL74MF20DX39 | Row complete: model=Elantra N, trim=Manual, engine_type=None
[2026-08-28 11:44:17] [DEBUG   ] [accy_v2.model_lookup.chrome_api.mapper] mapper | HYUNDAI | EL74DF20DX39 | Extracted fields: year=2022, desc=DCT, trim=None
[2026-08-28 11:44:17] [DEBUG   ] [accy_v2.model_lookup.chrome_api.mapper] mapper | HYUNDAI | EL74DF20DX39 | ModelName from ADS: Elantra N
[2026-08-28 11:44:17] [DEBUG   ] [accy_v2.model_lookup.semantic.standardizer] standardizer | Hyundai | No description patterns matched: 'DCT'
[2026-08-28 11:44:17] [DEBUG   ] [accy_v2.model_lookup.chrome_api.mapper] mapper | HYUNDAI | EL74DF20DX39 | Applied standardization rules
[2026-08-28 11:44:17] [INFO    ] [accy_v2.model_lookup.chrome_api.mapper] mapper | HYUNDAI | Loaded 6 ENGINE_TYPE keywords: ['hev', 'hybrid', 'phev', 'ev', 'plug-in', 'electric']
[2026-08-28 11:44:17] [DEBUG   ] [accy_v2.model_lookup.chrome_api.mapper] mapper | HYUNDAI | EL74DF20DX39 | Searching text: 'elantra n dct'
[2026-08-28 11:44:17] [DEBUG   ] [accy_v2.model_lookup.chrome_api.mapper] mapper | HYUNDAI | EL74DF20DX39 | No ENGINE_TYPE keyword found
[2026-08-28 11:44:17] [INFO    ] [accy_v2.model_lookup.chrome_api.mapper] mapper | HYUNDAI | EL74DF20DX39 | Row complete: model=Elantra N, trim=DCT, engine_type=None
[2026-08-28 11:44:17] [INFO    ] [accy_v2.model_lookup.chrome_api.mapper] mapper | ads_response_to_rows | Hyundai | Converted 2/2 trims to rows
[2026-08-28 11:44:17] [DEBUG   ] [accy_v2.model_lookup.chrome_api.service] refresh_from_ads | Hyundai 2022 Elantra N | Converted 2 trims to rows
[2026-08-28 11:44:18] [DEBUG   ] [urllib3.connectionpool] https://demos.autodatasolutions.com:443 "POST /ADSDemo/api/full/ymmt/year/2022/make/Hyundai/model/IONIQ%205/ HTTP/1.1" 200 None
[2026-08-28 11:44:18] [INFO    ] [accy_v2.model_lookup.chrome_api.mapper] mapper | ads_response_to_rows | Hyundai | Processing 6 trims from ADS response
[2026-08-28 11:44:18] [DEBUG   ] [accy_v2.model_lookup.chrome_api.mapper] mapper | HYUNDAI | I51SEREME100 | Extracted fields: year=2022, desc=Essential RWD, trim=Essential
[2026-08-28 11:44:18] [DEBUG   ] [accy_v2.model_lookup.chrome_api.mapper] mapper | HYUNDAI | I51SEREME100 | ModelName from ADS: IONIQ 5
[2026-08-28 11:44:18] [DEBUG   ] [accy_v2.model_lookup.semantic.standardizer] standardizer | Hyundai | No trim alias found for: 'Essential'
[2026-08-28 11:44:18] [DEBUG   ] [accy_v2.model_lookup.semantic.standardizer] standardizer | Hyundai | No description patterns matched: 'Essential RWD'
[2026-08-28 11:44:18] [DEBUG   ] [accy_v2.model_lookup.chrome_api.mapper] mapper | HYUNDAI | I51SEREME100 | Applied standardization rules
[2026-08-28 11:44:18] [INFO    ] [accy_v2.model_lookup.chrome_api.mapper] mapper | HYUNDAI | Loaded 6 ENGINE_TYPE keywords: ['hev', 'hybrid', 'phev', 'ev', 'plug-in', 'electric']
[2026-08-28 11:44:18] [DEBUG   ] [accy_v2.model_lookup.chrome_api.mapper] mapper | HYUNDAI | I51SEREME100 | Searching text: 'ioniq 5 essential rwd'
[2026-08-28 11:44:18] [DEBUG   ] [accy_v2.model_lookup.chrome_api.mapper] mapper | HYUNDAI | I51SEREME100 | No ENGINE_TYPE keyword found
[2026-08-28 11:44:18] [INFO    ] [accy_v2.model_lookup.chrome_api.mapper] mapper | HYUNDAI | I51SEREME100 | Row complete: model=IONIQ 5, trim=Essential RWD, engine_type=None
[2026-08-28 11:44:18] [DEBUG   ] [accy_v2.model_lookup.chrome_api.mapper] mapper | HYUNDAI | I51SEREME200 | Extracted fields: year=2022, desc=Preferred RWD, trim=Preferred
[2026-08-28 11:44:18] [DEBUG   ] [accy_v2.model_lookup.chrome_api.mapper] mapper | HYUNDAI | I51SEREME200 | ModelName from ADS: IONIQ 5
[2026-08-28 11:44:18] [DEBUG   ] [accy_v2.model_lookup.semantic.standardizer] standardizer | Hyundai | No trim alias found for: 'Preferred'
[2026-08-28 11:44:18] [DEBUG   ] [accy_v2.model_lookup.semantic.standardizer] standardizer | Hyundai | No description patterns matched: 'Preferred RWD'
[2026-08-28 11:44:18] [DEBUG   ] [accy_v2.model_lookup.chrome_api.mapper] mapper | HYUNDAI | I51SEREME200 | Applied standardization rules
[2026-08-28 11:44:18] [INFO    ] [accy_v2.model_lookup.chrome_api.mapper] mapper | HYUNDAI | Loaded 6 ENGINE_TYPE keywords: ['hev', 'hybrid', 'phev', 'ev', 'plug-in', 'electric']
[2026-08-28 11:44:18] [DEBUG   ] [accy_v2.model_lookup.chrome_api.mapper] mapper | HYUNDAI | I51SEREME200 | Searching text: 'ioniq 5 preferred rwd'
[2026-08-28 11:44:18] [DEBUG   ] [accy_v2.model_lookup.chrome_api.mapper] mapper | HYUNDAI | I51SEREME200 | No ENGINE_TYPE keyword found
[2026-08-28 11:44:18] [INFO    ] [accy_v2.model_lookup.chrome_api.mapper] mapper | HYUNDAI | I51SEREME200 | Row complete: model=IONIQ 5, trim=Preferred RWD, engine_type=None
[2026-08-28 11:44:18] [DEBUG   ] [accy_v2.model_lookup.chrome_api.mapper] mapper | HYUNDAI | I51SEREME2AK | Extracted fields: year=2022, desc=Preferred RWD Long Range, trim=Preferred
[2026-08-28 11:44:18] [DEBUG   ] [accy_v2.model_lookup.chrome_api.mapper] mapper | HYUNDAI | I51SEREME2AK | ModelName from ADS: IONIQ 5
[2026-08-28 11:44:18] [DEBUG   ] [accy_v2.model_lookup.semantic.standardizer] standardizer | Hyundai | No trim alias found for: 'Preferred'
[2026-08-28 11:44:18] [DEBUG   ] [accy_v2.model_lookup.semantic.standardizer] standardizer | Hyundai | No description patterns matched: 'Preferred RWD Long Range'
[2026-08-28 11:44:18] [DEBUG   ] [accy_v2.model_lookup.chrome_api.mapper] mapper | HYUNDAI | I51SEREME2AK | Applied standardization rules
[2026-08-28 11:44:18] [INFO    ] [accy_v2.model_lookup.chrome_api.mapper] mapper | HYUNDAI | Loaded 6 ENGINE_TYPE keywords: ['hev', 'hybrid', 'phev', 'ev', 'plug-in', 'electric']
[2026-08-28 11:44:18] [DEBUG   ] [accy_v2.model_lookup.chrome_api.mapper] mapper | HYUNDAI | I51SEREME2AK | Searching text: 'ioniq 5 preferred rwd long range'
[2026-08-28 11:44:18] [DEBUG   ] [accy_v2.model_lookup.chrome_api.mapper] mapper | HYUNDAI | I51SEREME2AK | No ENGINE_TYPE keyword found
[2026-08-28 11:44:18] [INFO    ] [accy_v2.model_lookup.chrome_api.mapper] mapper | HYUNDAI | I51SEREME2AK | Row complete: model=IONIQ 5, trim=Preferred RWD Long Range, engine_type=None
[2026-08-28 11:44:18] [DEBUG   ] [accy_v2.model_lookup.chrome_api.mapper] mapper | HYUNDAI | I51SEAEME2AK | Extracted fields: year=2022, desc=Preferred AWD Long Range, trim=Preferred
[2026-08-28 11:44:18] [DEBUG   ] [accy_v2.model_lookup.chrome_api.mapper] mapper | HYUNDAI | I51SEAEME2AK | ModelName from ADS: IONIQ 5
[2026-08-28 11:44:18] [DEBUG   ] [accy_v2.model_lookup.semantic.standardizer] standardizer | Hyundai | No trim alias found for: 'Preferred'
[2026-08-28 11:44:18] [DEBUG   ] [accy_v2.model_lookup.semantic.standardizer] standardizer | Hyundai | No description patterns matched: 'Preferred AWD Long Range'
[2026-08-28 11:44:18] [DEBUG   ] [accy_v2.model_lookup.chrome_api.mapper] mapper | HYUNDAI | I51SEAEME2AK | Applied standardization rules
[2026-08-28 11:44:18] [INFO    ] [accy_v2.model_lookup.chrome_api.mapper] mapper | HYUNDAI | Loaded 6 ENGINE_TYPE keywords: ['hev', 'hybrid', 'phev', 'ev', 'plug-in', 'electric']
[2026-08-28 11:44:18] [DEBUG   ] [accy_v2.model_lookup.chrome_api.mapper] mapper | HYUNDAI | I51SEAEME2AK | Searching text: 'ioniq 5 preferred awd long range'
[2026-08-28 11:44:18] [DEBUG   ] [accy_v2.model_lookup.chrome_api.mapper] mapper | HYUNDAI | I51SEAEME2AK | No ENGINE_TYPE keyword found
[2026-08-28 11:44:18] [INFO    ] [accy_v2.model_lookup.chrome_api.mapper] mapper | HYUNDAI | I51SEAEME2AK | Row complete: model=IONIQ 5, trim=Preferred AWD Long Range, engine_type=None
[2026-08-28 11:44:18] [DEBUG   ] [accy_v2.model_lookup.chrome_api.mapper] mapper | HYUNDAI | I51SEAEME400 | Extracted fields: year=2022, desc=Preferred AWD Long Range Ultimate Pkg *Ltd Avail*, trim=Preferred
[2026-08-28 11:44:18] [DEBUG   ] [accy_v2.model_lookup.chrome_api.mapper] mapper | HYUNDAI | I51SEAEME400 | ModelName from ADS: IONIQ 5
[2026-08-28 11:44:18] [DEBUG   ] [accy_v2.model_lookup.semantic.standardizer] standardizer | Hyundai | No trim alias found for: 'Preferred'
[2026-08-28 11:44:18] [DEBUG   ] [accy_v2.model_lookup.semantic.standardizer] standardizer | Hyundai | No description patterns matched: 'Preferred AWD Long Range Ultimate Pkg *Ltd Avail*'
[2026-08-28 11:44:18] [DEBUG   ] [accy_v2.model_lookup.chrome_api.mapper] mapper | HYUNDAI | I51SEAEME400 | Applied standardization rules
[2026-08-28 11:44:18] [INFO    ] [accy_v2.model_lookup.chrome_api.mapper] mapper | HYUNDAI | Loaded 6 ENGINE_TYPE keywords: ['hev', 'hybrid', 'phev', 'ev', 'plug-in', 'electric']
[2026-08-28 11:44:18] [DEBUG   ] [accy_v2.model_lookup.chrome_api.mapper] mapper | HYUNDAI | I51SEAEME400 | Searching text: 'ioniq 5 preferred awd long range ultimate pkg *ltd avail*'
[2026-08-28 11:44:18] [DEBUG   ] [accy_v2.model_lookup.chrome_api.mapper] mapper | HYUNDAI | I51SEAEME400 | No ENGINE_TYPE keyword found
[2026-08-28 11:44:18] [INFO    ] [accy_v2.model_lookup.chrome_api.mapper] mapper | HYUNDAI | I51SEAEME400 | Row complete: model=IONIQ 5, trim=Preferred AWD Long Range Ultimate Pkg *Ltd Avail*, engine_type=None
[2026-08-28 11:44:18] [DEBUG   ] [accy_v2.model_lookup.chrome_api.mapper] mapper | HYUNDAI | I51SEAEME2AV | Extracted fields: year=2022, desc=Preferred AWD Long Range Ultimate Pkg, trim=Preferred
[2026-08-28 11:44:18] [DEBUG   ] [accy_v2.model_lookup.chrome_api.mapper] mapper | HYUNDAI | I51SEAEME2AV | ModelName from ADS: IONIQ 5
[2026-08-28 11:44:18] [DEBUG   ] [accy_v2.model_lookup.semantic.standardizer] standardizer | Hyundai | No trim alias found for: 'Preferred'
[2026-08-28 11:44:18] [DEBUG   ] [accy_v2.model_lookup.semantic.standardizer] standardizer | Hyundai | No description patterns matched: 'Preferred AWD Long Range Ultimate Pkg'
[2026-08-28 11:44:18] [DEBUG   ] [accy_v2.model_lookup.chrome_api.mapper] mapper | HYUNDAI | I51SEAEME2AV | Applied standardization rules
[2026-08-28 11:44:18] [INFO    ] [accy_v2.model_lookup.chrome_api.mapper] mapper | HYUNDAI | Loaded 6 ENGINE_TYPE keywords: ['hev', 'hybrid', 'phev', 'ev', 'plug-in', 'electric']
[2026-08-28 11:44:18] [DEBUG   ] [accy_v2.model_lookup.chrome_api.mapper] mapper | HYUNDAI | I51SEAEME2AV | Searching text: 'ioniq 5 preferred awd long range ultimate pkg'
[2026-08-28 11:44:18] [DEBUG   ] [accy_v2.model_lookup.chrome_api.mapper] mapper | HYUNDAI | I51SEAEME2AV | No ENGINE_TYPE keyword found
[2026-08-28 11:44:18] [INFO    ] [accy_v2.model_lookup.chrome_api.mapper] mapper | HYUNDAI | I51SEAEME2AV | Row complete: model=IONIQ 5, trim=Preferred AWD Long Range Ultimate Pkg, engine_type=None
[2026-08-28 11:44:18] [INFO    ] [accy_v2.model_lookup.chrome_api.mapper] mapper | ads_response_to_rows | Hyundai | Converted 6/6 trims to rows
[2026-08-28 11:44:18] [DEBUG   ] [accy_v2.model_lookup.chrome_api.service] refresh_from_ads | Hyundai 2022 IONIQ 5 | Converted 6 trims to rows
[2026-08-28 11:44:18] [DEBUG   ] [urllib3.connectionpool] https://demos.autodatasolutions.com:443 "POST /ADSDemo/api/full/ymmt/year/2022/make/Hyundai/model/Ioniq%20Hybrid/ HTTP/1.1" 200 None
[2026-08-28 11:44:19] [INFO    ] [accy_v2.model_lookup.chrome_api.mapper] mapper | ads_response_to_rows | Hyundai | Processing 3 trims from ADS response
[2026-08-28 11:44:19] [DEBUG   ] [accy_v2.model_lookup.chrome_api.mapper] mapper | HYUNDAI | IO15DF16I100 | Extracted fields: year=2022, desc=Essential Hatchback, trim=Essential
[2026-08-28 11:44:19] [DEBUG   ] [accy_v2.model_lookup.chrome_api.mapper] mapper | HYUNDAI | IO15DF16I100 | ModelName from ADS: Ioniq Hybrid
[2026-08-28 11:44:19] [DEBUG   ] [accy_v2.model_lookup.semantic.standardizer] standardizer | Hyundai | No trim alias found for: 'Essential'
[2026-08-28 11:44:19] [DEBUG   ] [accy_v2.model_lookup.semantic.standardizer] standardizer | Hyundai | No description patterns matched: 'Essential Hatchback'
[2026-08-28 11:44:19] [DEBUG   ] [accy_v2.model_lookup.chrome_api.mapper] mapper | HYUNDAI | IO15DF16I100 | Applied standardization rules
[2026-08-28 11:44:19] [INFO    ] [accy_v2.model_lookup.chrome_api.mapper] mapper | HYUNDAI | Loaded 6 ENGINE_TYPE keywords: ['hev', 'hybrid', 'phev', 'ev', 'plug-in', 'electric']
[2026-08-28 11:44:19] [DEBUG   ] [accy_v2.model_lookup.chrome_api.mapper] mapper | HYUNDAI | IO15DF16I100 | Searching text: 'ioniq hybrid essential hatchback'
[2026-08-28 11:44:19] [DEBUG   ] [accy_v2.model_lookup.chrome_api.mapper] mapper | HYUNDAI | IO15DF16I100 | Found keyword 'hybrid' in 'IONIQ Hybrid Essential Hatchback'
[2026-08-28 11:44:19] [WARNING ] [accy_v2.model_lookup.chrome_api.mapper] mapper | HYUNDAI | IO15DF16I100 | Keyword 'hybrid' found but NOT in translator. Returning keyword as-is.
[2026-08-28 11:44:19] [INFO    ] [accy_v2.model_lookup.chrome_api.mapper] mapper | HYUNDAI | IO15DF16I100 | Row complete: model=IONIQ Hybrid, trim=Essential Hatchback, engine_type=hybrid
[2026-08-28 11:44:19] [DEBUG   ] [accy_v2.model_lookup.chrome_api.mapper] mapper | HYUNDAI | IO15DF16I200 | Extracted fields: year=2022, desc=Preferred Hatchback, trim=Preferred
[2026-08-28 11:44:19] [DEBUG   ] [accy_v2.model_lookup.chrome_api.mapper] mapper | HYUNDAI | IO15DF16I200 | ModelName from ADS: Ioniq Hybrid
[2026-08-28 11:44:19] [DEBUG   ] [accy_v2.model_lookup.semantic.standardizer] standardizer | Hyundai | No trim alias found for: 'Preferred'
[2026-08-28 11:44:19] [DEBUG   ] [accy_v2.model_lookup.semantic.standardizer] standardizer | Hyundai | No description patterns matched: 'Preferred Hatchback'
[2026-08-28 11:44:19] [DEBUG   ] [accy_v2.model_lookup.chrome_api.mapper] mapper | HYUNDAI | IO15DF16I200 | Applied standardization rules
[2026-08-28 11:44:19] [INFO    ] [accy_v2.model_lookup.chrome_api.mapper] mapper | HYUNDAI | Loaded 6 ENGINE_TYPE keywords: ['hev', 'hybrid', 'phev', 'ev', 'plug-in', 'electric']
[2026-08-28 11:44:19] [DEBUG   ] [accy_v2.model_lookup.chrome_api.mapper] mapper | HYUNDAI | IO15DF16I200 | Searching text: 'ioniq hybrid preferred hatchback'
[2026-08-28 11:44:19] [DEBUG   ] [accy_v2.model_lookup.chrome_api.mapper] mapper | HYUNDAI | IO15DF16I200 | Found keyword 'hybrid' in 'IONIQ Hybrid Preferred Hatchback'
[2026-08-28 11:44:19] [WARNING ] [accy_v2.model_lookup.chrome_api.mapper] mapper | HYUNDAI | IO15DF16I200 | Keyword 'hybrid' found but NOT in translator. Returning keyword as-is.
[2026-08-28 11:44:19] [INFO    ] [accy_v2.model_lookup.chrome_api.mapper] mapper | HYUNDAI | IO15DF16I200 | Row complete: model=IONIQ Hybrid, trim=Preferred Hatchback, engine_type=hybrid
[2026-08-28 11:44:19] [DEBUG   ] [accy_v2.model_lookup.chrome_api.mapper] mapper | HYUNDAI | IO15DF16I400 | Extracted fields: year=2022, desc=Ultimate Hatchback, trim=Ultimate
[2026-08-28 11:44:19] [DEBUG   ] [accy_v2.model_lookup.chrome_api.mapper] mapper | HYUNDAI | IO15DF16I400 | ModelName from ADS: Ioniq Hybrid
[2026-08-28 11:44:19] [DEBUG   ] [accy_v2.model_lookup.semantic.standardizer] standardizer | Hyundai | No trim alias found for: 'Ultimate'
[2026-08-28 11:44:19] [DEBUG   ] [accy_v2.model_lookup.semantic.standardizer] standardizer | Hyundai | No description patterns matched: 'Ultimate Hatchback'
[2026-08-28 11:44:19] [DEBUG   ] [accy_v2.model_lookup.chrome_api.mapper] mapper | HYUNDAI | IO15DF16I400 | Applied standardization rules
[2026-08-28 11:44:19] [INFO    ] [accy_v2.model_lookup.chrome_api.mapper] mapper | HYUNDAI | Loaded 6 ENGINE_TYPE keywords: ['hev', 'hybrid', 'phev', 'ev', 'plug-in', 'electric']
[2026-08-28 11:44:19] [DEBUG   ] [accy_v2.model_lookup.chrome_api.mapper] mapper | HYUNDAI | IO15DF16I400 | Searching text: 'ioniq hybrid ultimate hatchback'
[2026-08-28 11:44:19] [DEBUG   ] [accy_v2.model_lookup.chrome_api.mapper] mapper | HYUNDAI | IO15DF16I400 | Found keyword 'hybrid' in 'IONIQ Hybrid Ultimate Hatchback'
[2026-08-28 11:44:19] [WARNING ] [accy_v2.model_lookup.chrome_api.mapper] mapper | HYUNDAI | IO15DF16I400 | Keyword 'hybrid' found but NOT in translator. Returning keyword as-is.
[2026-08-28 11:44:19] [INFO    ] [accy_v2.model_lookup.chrome_api.mapper] mapper | HYUNDAI | IO15DF16I400 | Row complete: model=IONIQ Hybrid, trim=Ultimate Hatchback, engine_type=hybrid
[2026-08-28 11:44:19] [INFO    ] [accy_v2.model_lookup.chrome_api.mapper] mapper | ads_response_to_rows | Hyundai | Converted 3/3 trims to rows
[2026-08-28 11:44:19] [DEBUG   ] [accy_v2.model_lookup.chrome_api.service] refresh_from_ads | Hyundai 2022 Ioniq Hybrid | Converted 3 trims to rows
[2026-08-28 11:44:19] [DEBUG   ] [urllib3.connectionpool] https://demos.autodatasolutions.com:443 "POST /ADSDemo/api/full/ymmt/year/2022/make/Hyundai/model/Ioniq%20Plug-In%20Hybrid/ HTTP/1.1" 200 None
[2026-08-28 11:44:20] [INFO    ] [accy_v2.model_lookup.chrome_api.mapper] mapper | ads_response_to_rows | Hyundai | Processing 3 trims from ADS response
[2026-08-28 11:44:20] [DEBUG   ] [accy_v2.model_lookup.chrome_api.mapper] mapper | HYUNDAI | IO15DF16PX52 | Extracted fields: year=2022, desc=Essential Hatchback, trim=Essential
[2026-08-28 11:44:20] [DEBUG   ] [accy_v2.model_lookup.chrome_api.mapper] mapper | HYUNDAI | IO15DF16PX52 | ModelName from ADS: Ioniq Plug-In Hybrid
[2026-08-28 11:44:20] [DEBUG   ] [accy_v2.model_lookup.semantic.standardizer] standardizer | Hyundai | No trim alias found for: 'Essential'
[2026-08-28 11:44:20] [DEBUG   ] [accy_v2.model_lookup.semantic.standardizer] standardizer | Hyundai | No description patterns matched: 'Essential Hatchback'
[2026-08-28 11:44:20] [DEBUG   ] [accy_v2.model_lookup.chrome_api.mapper] mapper | HYUNDAI | IO15DF16PX52 | Applied standardization rules
[2026-08-28 11:44:20] [INFO    ] [accy_v2.model_lookup.chrome_api.mapper] mapper | HYUNDAI | Loaded 6 ENGINE_TYPE keywords: ['hev', 'hybrid', 'phev', 'ev', 'plug-in', 'electric']
[2026-08-28 11:44:20] [DEBUG   ] [accy_v2.model_lookup.chrome_api.mapper] mapper | HYUNDAI | IO15DF16PX52 | Searching text: 'ioniq plug-in hybrid essential hatchback'
[2026-08-28 11:44:20] [DEBUG   ] [accy_v2.model_lookup.chrome_api.mapper] mapper | HYUNDAI | IO15DF16PX52 | Found keyword 'hybrid' in 'Ioniq Plug-In Hybrid Essential Hatchback'
[2026-08-28 11:44:20] [WARNING ] [accy_v2.model_lookup.chrome_api.mapper] mapper | HYUNDAI | IO15DF16PX52 | Keyword 'hybrid' found but NOT in translator. Returning keyword as-is.
[2026-08-28 11:44:20] [INFO    ] [accy_v2.model_lookup.chrome_api.mapper] mapper | HYUNDAI | IO15DF16PX52 | Row complete: model=Ioniq Plug-In Hybrid, trim=Essential Hatchback, engine_type=hybrid
[2026-08-28 11:44:20] [DEBUG   ] [accy_v2.model_lookup.chrome_api.mapper] mapper | HYUNDAI | IO15DF16P600 | Extracted fields: year=2022, desc=Preferred Hatchback, trim=Preferred
[2026-08-28 11:44:20] [DEBUG   ] [accy_v2.model_lookup.chrome_api.mapper] mapper | HYUNDAI | IO15DF16P600 | ModelName from ADS: Ioniq Plug-In Hybrid
[2026-08-28 11:44:20] [DEBUG   ] [accy_v2.model_lookup.semantic.standardizer] standardizer | Hyundai | No trim alias found for: 'Preferred'
[2026-08-28 11:44:20] [DEBUG   ] [accy_v2.model_lookup.semantic.standardizer] standardizer | Hyundai | No description patterns matched: 'Preferred Hatchback'
[2026-08-28 11:44:20] [DEBUG   ] [accy_v2.model_lookup.chrome_api.mapper] mapper | HYUNDAI | IO15DF16P600 | Applied standardization rules
[2026-08-28 11:44:20] [INFO    ] [accy_v2.model_lookup.chrome_api.mapper] mapper | HYUNDAI | Loaded 6 ENGINE_TYPE keywords: ['hev', 'hybrid', 'phev', 'ev', 'plug-in', 'electric']
[2026-08-28 11:44:20] [DEBUG   ] [accy_v2.model_lookup.chrome_api.mapper] mapper | HYUNDAI | IO15DF16P600 | Searching text: 'ioniq plug-in hybrid preferred hatchback'
[2026-08-28 11:44:20] [DEBUG   ] [accy_v2.model_lookup.chrome_api.mapper] mapper | HYUNDAI | IO15DF16P600 | Found keyword 'hybrid' in 'Ioniq Plug-In Hybrid Preferred Hatchback'
[2026-08-28 11:44:20] [WARNING ] [accy_v2.model_lookup.chrome_api.mapper] mapper | HYUNDAI | IO15DF16P600 | Keyword 'hybrid' found but NOT in translator. Returning keyword as-is.
[2026-08-28 11:44:20] [INFO    ] [accy_v2.model_lookup.chrome_api.mapper] mapper | HYUNDAI | IO15DF16P600 | Row complete: model=Ioniq Plug-In Hybrid, trim=Preferred Hatchback, engine_type=hybrid
[2026-08-28 11:44:20] [DEBUG   ] [accy_v2.model_lookup.chrome_api.mapper] mapper | HYUNDAI | IO15DF16P700 | Extracted fields: year=2022, desc=Ultimate Hatchback, trim=Ultimate
[2026-08-28 11:44:20] [DEBUG   ] [accy_v2.model_lookup.chrome_api.mapper] mapper | HYUNDAI | IO15DF16P700 | ModelName from ADS: Ioniq Plug-In Hybrid
[2026-08-28 11:44:20] [DEBUG   ] [accy_v2.model_lookup.semantic.standardizer] standardizer | Hyundai | No trim alias found for: 'Ultimate'
[2026-08-28 11:44:20] [DEBUG   ] [accy_v2.model_lookup.semantic.standardizer] standardizer | Hyundai | No description patterns matched: 'Ultimate Hatchback'
[2026-08-28 11:44:20] [DEBUG   ] [accy_v2.model_lookup.chrome_api.mapper] mapper | HYUNDAI | IO15DF16P700 | Applied standardization rules
[2026-08-28 11:44:20] [INFO    ] [accy_v2.model_lookup.chrome_api.mapper] mapper | HYUNDAI | Loaded 6 ENGINE_TYPE keywords: ['hev', 'hybrid', 'phev', 'ev', 'plug-in', 'electric']
[2026-08-28 11:44:20] [DEBUG   ] [accy_v2.model_lookup.chrome_api.mapper] mapper | HYUNDAI | IO15DF16P700 | Searching text: 'ioniq plug-in hybrid ultimate hatchback'
[2026-08-28 11:44:20] [DEBUG   ] [accy_v2.model_lookup.chrome_api.mapper] mapper | HYUNDAI | IO15DF16P700 | Found keyword 'hybrid' in 'Ioniq Plug-In Hybrid Ultimate Hatchback'
[2026-08-28 11:44:20] [WARNING ] [accy_v2.model_lookup.chrome_api.mapper] mapper | HYUNDAI | IO15DF16P700 | Keyword 'hybrid' found but NOT in translator. Returning keyword as-is.
[2026-08-28 11:44:20] [INFO    ] [accy_v2.model_lookup.chrome_api.mapper] mapper | HYUNDAI | IO15DF16P700 | Row complete: model=Ioniq Plug-In Hybrid, trim=Ultimate Hatchback, engine_type=hybrid
[2026-08-28 11:44:20] [INFO    ] [accy_v2.model_lookup.chrome_api.mapper] mapper | ads_response_to_rows | Hyundai | Converted 3/3 trims to rows
[2026-08-28 11:44:20] [DEBUG   ] [accy_v2.model_lookup.chrome_api.service] refresh_from_ads | Hyundai 2022 Ioniq Plug-In Hybrid | Converted 3 trims to rows
[2026-08-28 11:44:20] [DEBUG   ] [urllib3.connectionpool] https://demos.autodatasolutions.com:443 "POST /ADSDemo/api/full/ymmt/year/2022/make/Hyundai/model/Kona/ HTTP/1.1" 200 None
[2026-08-28 11:44:20] [INFO    ] [accy_v2.model_lookup.chrome_api.mapper] mapper | ads_response_to_rows | Hyundai | Processing 18 trims from ADS response
[2026-08-28 11:44:20] [DEBUG   ] [accy_v2.model_lookup.chrome_api.mapper] mapper | HYUNDAI | KO1SAF20A100 | Extracted fields: year=2022, desc=2.0L Essential FWD, trim=Essential
[2026-08-28 11:44:20] [DEBUG   ] [accy_v2.model_lookup.chrome_api.mapper] mapper | HYUNDAI | KO1SAF20A100 | ModelName from ADS: Kona
[2026-08-28 11:44:20] [DEBUG   ] [accy_v2.model_lookup.semantic.standardizer] standardizer | Hyundai | No trim alias found for: 'Essential'
[2026-08-28 11:44:20] [DEBUG   ] [accy_v2.model_lookup.semantic.standardizer] standardizer | Hyundai | No description patterns matched: '2.0L Essential FWD'
[2026-08-28 11:44:20] [DEBUG   ] [accy_v2.model_lookup.chrome_api.mapper] mapper | HYUNDAI | KO1SAF20A100 | Applied standardization rules
[2026-08-28 11:44:20] [INFO    ] [accy_v2.model_lookup.chrome_api.mapper] mapper | HYUNDAI | Loaded 6 ENGINE_TYPE keywords: ['hev', 'hybrid', 'phev', 'ev', 'plug-in', 'electric']
[2026-08-28 11:44:20] [DEBUG   ] [accy_v2.model_lookup.chrome_api.mapper] mapper | HYUNDAI | KO1SAF20A100 | Searching text: 'kona 2.0l essential fwd'
[2026-08-28 11:44:20] [DEBUG   ] [accy_v2.model_lookup.chrome_api.mapper] mapper | HYUNDAI | KO1SAF20A100 | No ENGINE_TYPE keyword found
[2026-08-28 11:44:20] [INFO    ] [accy_v2.model_lookup.chrome_api.mapper] mapper | HYUNDAI | KO1SAF20A100 | Row complete: model=Kona, trim=2.0L Essential FWD, engine_type=None
[2026-08-28 11:44:20] [DEBUG   ] [accy_v2.model_lookup.chrome_api.mapper] mapper | HYUNDAI | KO1SAF20A200 | Extracted fields: year=2022, desc=2.0L Preferred FWD, trim=Preferred
[2026-08-28 11:44:20] [DEBUG   ] [accy_v2.model_lookup.chrome_api.mapper] mapper | HYUNDAI | KO1SAF20A200 | ModelName from ADS: Kona
[2026-08-28 11:44:20] [DEBUG   ] [accy_v2.model_lookup.semantic.standardizer] standardizer | Hyundai | No trim alias found for: 'Preferred'
[2026-08-28 11:44:20] [DEBUG   ] [accy_v2.model_lookup.semantic.standardizer] standardizer | Hyundai | No description patterns matched: '2.0L Preferred FWD'
[2026-08-28 11:44:20] [DEBUG   ] [accy_v2.model_lookup.chrome_api.mapper] mapper | HYUNDAI | KO1SAF20A200 | Applied standardization rules
[2026-08-28 11:44:20] [INFO    ] [accy_v2.model_lookup.chrome_api.mapper] mapper | HYUNDAI | Loaded 6 ENGINE_TYPE keywords: ['hev', 'hybrid', 'phev', 'ev', 'plug-in', 'electric']
[2026-08-28 11:44:20] [DEBUG   ] [accy_v2.model_lookup.chrome_api.mapper] mapper | HYUNDAI | KO1SAF20A200 | Searching text: 'kona 2.0l preferred fwd'
[2026-08-28 11:44:20] [DEBUG   ] [accy_v2.model_lookup.chrome_api.mapper] mapper | HYUNDAI | KO1SAF20A200 | No ENGINE_TYPE keyword found
[2026-08-28 11:44:20] [INFO    ] [accy_v2.model_lookup.chrome_api.mapper] mapper | HYUNDAI | KO1SAF20A200 | Row complete: model=Kona, trim=2.0L Preferred FWD, engine_type=None
[2026-08-28 11:44:20] [DEBUG   ] [accy_v2.model_lookup.chrome_api.mapper] mapper | HYUNDAI | KO1SAA20A100 | Extracted fields: year=2022, desc=2.0L Essential AWD, trim=Essential
[2026-08-28 11:44:20] [DEBUG   ] [accy_v2.model_lookup.chrome_api.mapper] mapper | HYUNDAI | KO1SAA20A100 | ModelName from ADS: Kona
[2026-08-28 11:44:20] [DEBUG   ] [accy_v2.model_lookup.semantic.standardizer] standardizer | Hyundai | No trim alias found for: 'Essential'
[2026-08-28 11:44:20] [DEBUG   ] [accy_v2.model_lookup.semantic.standardizer] standardizer | Hyundai | No description patterns matched: '2.0L Essential AWD'
[2026-08-28 11:44:20] [DEBUG   ] [accy_v2.model_lookup.chrome_api.mapper] mapper | HYUNDAI | KO1SAA20A100 | Applied standardization rules
[2026-08-28 11:44:20] [INFO    ] [accy_v2.model_lookup.chrome_api.mapper] mapper | HYUNDAI | Loaded 6 ENGINE_TYPE keywords: ['hev', 'hybrid', 'phev', 'ev', 'plug-in', 'electric']
[2026-08-28 11:44:20] [DEBUG   ] [accy_v2.model_lookup.chrome_api.mapper] mapper | HYUNDAI | KO1SAA20A100 | Searching text: 'kona 2.0l essential awd'
[2026-08-28 11:44:20] [DEBUG   ] [accy_v2.model_lookup.chrome_api.mapper] mapper | HYUNDAI | KO1SAA20A100 | No ENGINE_TYPE keyword found
[2026-08-28 11:44:20] [INFO    ] [accy_v2.model_lookup.chrome_api.mapper] mapper | HYUNDAI | KO1SAA20A100 | Row complete: model=Kona, trim=2.0L Essential AWD, engine_type=None
[2026-08-28 11:44:20] [DEBUG   ] [accy_v2.model_lookup.chrome_api.mapper] mapper | HYUNDAI | KO1SAA20A200 | Extracted fields: year=2022, desc=2.0L Preferred AWD, trim=Preferred
[2026-08-28 11:44:20] [DEBUG   ] [accy_v2.model_lookup.chrome_api.mapper] mapper | HYUNDAI | KO1SAA20A200 | ModelName from ADS: Kona
[2026-08-28 11:44:20] [DEBUG   ] [accy_v2.model_lookup.semantic.standardizer] standardizer | Hyundai | No trim alias found for: 'Preferred'
[2026-08-28 11:44:20] [DEBUG   ] [accy_v2.model_lookup.semantic.standardizer] standardizer | Hyundai | No description patterns matched: '2.0L Preferred AWD'
[2026-08-28 11:44:20] [DEBUG   ] [accy_v2.model_lookup.chrome_api.mapper] mapper | HYUNDAI | KO1SAA20A200 | Applied standardization rules
[2026-08-28 11:44:20] [INFO    ] [accy_v2.model_lookup.chrome_api.mapper] mapper | HYUNDAI | Loaded 6 ENGINE_TYPE keywords: ['hev', 'hybrid', 'phev', 'ev', 'plug-in', 'electric']
[2026-08-28 11:44:20] [DEBUG   ] [accy_v2.model_lookup.chrome_api.mapper] mapper | HYUNDAI | KO1SAA20A200 | Searching text: 'kona 2.0l preferred awd'
[2026-08-28 11:44:20] [DEBUG   ] [accy_v2.model_lookup.chrome_api.mapper] mapper | HYUNDAI | KO1SAA20A200 | No ENGINE_TYPE keyword found
[2026-08-28 11:44:20] [INFO    ] [accy_v2.model_lookup.chrome_api.mapper] mapper | HYUNDAI | KO1SAA20A200 | Row complete: model=Kona, trim=2.0L Preferred AWD, engine_type=None
[2026-08-28 11:44:20] [DEBUG   ] [accy_v2.model_lookup.chrome_api.mapper] mapper | HYUNDAI | KO1SAA20A268 | Extracted fields: year=2022, desc=2.0L Preferred AWD w/Sun & Leather Package, trim=Preferred
[2026-08-28 11:44:20] [DEBUG   ] [accy_v2.model_lookup.chrome_api.mapper] mapper | HYUNDAI | KO1SAA20A268 | ModelName from ADS: Kona
[2026-08-28 11:44:20] [DEBUG   ] [accy_v2.model_lookup.semantic.standardizer] standardizer | Hyundai | No trim alias found for: 'Preferred'
[2026-08-28 11:44:20] [DEBUG   ] [accy_v2.model_lookup.semantic.standardizer] standardizer | Hyundai | No description patterns matched: '2.0L Preferred AWD w/Sun & Leather Package'
[2026-08-28 11:44:20] [DEBUG   ] [accy_v2.model_lookup.chrome_api.mapper] mapper | HYUNDAI | KO1SAA20A268 | Applied standardization rules
[2026-08-28 11:44:20] [INFO    ] [accy_v2.model_lookup.chrome_api.mapper] mapper | HYUNDAI | Loaded 6 ENGINE_TYPE keywords: ['hev', 'hybrid', 'phev', 'ev', 'plug-in', 'electric']
[2026-08-28 11:44:20] [DEBUG   ] [accy_v2.model_lookup.chrome_api.mapper] mapper | HYUNDAI | KO1SAA20A268 | Searching text: 'kona 2.0l preferred awd w/sun & leather package'
[2026-08-28 11:44:20] [DEBUG   ] [accy_v2.model_lookup.chrome_api.mapper] mapper | HYUNDAI | KO1SAA20A268 | No ENGINE_TYPE keyword found
[2026-08-28 11:44:20] [INFO    ] [accy_v2.model_lookup.chrome_api.mapper] mapper | HYUNDAI | KO1SAA20A268 | Row complete: model=Kona, trim=2.0L Preferred AWD w/Sun & Leather Package, engine_type=None
[2026-08-28 11:44:20] [DEBUG   ] [accy_v2.model_lookup.chrome_api.mapper] mapper | HYUNDAI | KO1SDA16DO00 | Extracted fields: year=2022, desc=1.6T N Line AWD, trim=N Line
[2026-08-28 11:44:20] [DEBUG   ] [accy_v2.model_lookup.chrome_api.mapper] mapper | HYUNDAI | KO1SDA16DO00 | ModelName from ADS: Kona
[2026-08-28 11:44:20] [DEBUG   ] [accy_v2.model_lookup.chrome_api.mapper] mapper | HYUNDAI | KO1SDA16DO00 | Applied standardization rules
[2026-08-28 11:44:20] [INFO    ] [accy_v2.model_lookup.chrome_api.mapper] mapper | HYUNDAI | Loaded 6 ENGINE_TYPE keywords: ['hev', 'hybrid', 'phev', 'ev', 'plug-in', 'electric']
[2026-08-28 11:44:20] [DEBUG   ] [accy_v2.model_lookup.chrome_api.mapper] mapper | HYUNDAI | KO1SDA16DO00 | Searching text: 'kona 1.6t n-line awd'
[2026-08-28 11:44:20] [DEBUG   ] [accy_v2.model_lookup.chrome_api.mapper] mapper | HYUNDAI | KO1SDA16DO00 | No ENGINE_TYPE keyword found
[2026-08-28 11:44:20] [INFO    ] [accy_v2.model_lookup.chrome_api.mapper] mapper | HYUNDAI | KO1SDA16DO00 | Row complete: model=Kona, trim=1.6T N-Line AWD, engine_type=None
[2026-08-28 11:44:20] [DEBUG   ] [accy_v2.model_lookup.chrome_api.mapper] mapper | HYUNDAI | KO1SDA16DO66 | Extracted fields: year=2022, desc=1.6T N Line AWD w/Two-Tone Roof, trim=N Line
[2026-08-28 11:44:20] [DEBUG   ] [accy_v2.model_lookup.chrome_api.mapper] mapper | HYUNDAI | KO1SDA16DO66 | ModelName from ADS: Kona
[2026-08-28 11:44:20] [DEBUG   ] [accy_v2.model_lookup.chrome_api.mapper] mapper | HYUNDAI | KO1SDA16DO66 | Applied standardization rules
[2026-08-28 11:44:20] [INFO    ] [accy_v2.model_lookup.chrome_api.mapper] mapper | HYUNDAI | Loaded 6 ENGINE_TYPE keywords: ['hev', 'hybrid', 'phev', 'ev', 'plug-in', 'electric']
[2026-08-28 11:44:20] [DEBUG   ] [accy_v2.model_lookup.chrome_api.mapper] mapper | HYUNDAI | KO1SDA16DO66 | Searching text: 'kona 1.6t n-line awd w/two-tone roof'
[2026-08-28 11:44:20] [DEBUG   ] [accy_v2.model_lookup.chrome_api.mapper] mapper | HYUNDAI | KO1SDA16DO66 | No ENGINE_TYPE keyword found
[2026-08-28 11:44:20] [INFO    ] [accy_v2.model_lookup.chrome_api.mapper] mapper | HYUNDAI | KO1SDA16DO66 | Row complete: model=Kona, trim=1.6T N-Line AWD w/Two-Tone Roof, engine_type=None
[2026-08-28 11:44:20] [DEBUG   ] [accy_v2.model_lookup.chrome_api.mapper] mapper | HYUNDAI | KO1SDA16DO20 | Extracted fields: year=2022, desc=1.6T N Line AWD w/Ultimate Package, trim=N Line
[2026-08-28 11:44:20] [DEBUG   ] [accy_v2.model_lookup.chrome_api.mapper] mapper | HYUNDAI | KO1SDA16DO20 | ModelName from ADS: Kona
[2026-08-28 11:44:20] [DEBUG   ] [accy_v2.model_lookup.chrome_api.mapper] mapper | HYUNDAI | KO1SDA16DO20 | Applied standardization rules
[2026-08-28 11:44:20] [INFO    ] [accy_v2.model_lookup.chrome_api.mapper] mapper | HYUNDAI | Loaded 6 ENGINE_TYPE keywords: ['hev', 'hybrid', 'phev', 'ev', 'plug-in', 'electric']
[2026-08-28 11:44:20] [DEBUG   ] [accy_v2.model_lookup.chrome_api.mapper] mapper | HYUNDAI | KO1SDA16DO20 | Searching text: 'kona 1.6t n-line awd w/ultimate package'
[2026-08-28 11:44:20] [DEBUG   ] [accy_v2.model_lookup.chrome_api.mapper] mapper | HYUNDAI | KO1SDA16DO20 | No ENGINE_TYPE keyword found
[2026-08-28 11:44:20] [INFO    ] [accy_v2.model_lookup.chrome_api.mapper] mapper | HYUNDAI | KO1SDA16DO20 | Row complete: model=Kona, trim=1.6T N-Line AWD w/Ultimate Package, engine_type=None
[2026-08-28 11:44:20] [DEBUG   ] [accy_v2.model_lookup.chrome_api.mapper] mapper | HYUNDAI | KO1SAF20A1AL | Extracted fields: year=2022, desc=2.0L Essential Value Edition FWD, trim=Essential Value Edition
[2026-08-28 11:44:20] [DEBUG   ] [accy_v2.model_lookup.chrome_api.mapper] mapper | HYUNDAI | KO1SAF20A1AL | ModelName from ADS: Kona
[2026-08-28 11:44:20] [DEBUG   ] [accy_v2.model_lookup.semantic.standardizer] standardizer | Hyundai | No trim alias found for: 'Essential Value Edition'
[2026-08-28 11:44:20] [DEBUG   ] [accy_v2.model_lookup.semantic.standardizer] standardizer | Hyundai | No description patterns matched: '2.0L Essential Value Edition FWD'
[2026-08-28 11:44:20] [DEBUG   ] [accy_v2.model_lookup.chrome_api.mapper] mapper | HYUNDAI | KO1SAF20A1AL | Applied standardization rules
[2026-08-28 11:44:20] [INFO    ] [accy_v2.model_lookup.chrome_api.mapper] mapper | HYUNDAI | Loaded 6 ENGINE_TYPE keywords: ['hev', 'hybrid', 'phev', 'ev', 'plug-in', 'electric']
[2026-08-28 11:44:20] [DEBUG   ] [accy_v2.model_lookup.chrome_api.mapper] mapper | HYUNDAI | KO1SAF20A1AL | Searching text: 'kona 2.0l essential value edition fwd'
[2026-08-28 11:44:20] [DEBUG   ] [accy_v2.model_lookup.chrome_api.mapper] mapper | HYUNDAI | KO1SAF20A1AL | No ENGINE_TYPE keyword found
[2026-08-28 11:44:20] [INFO    ] [accy_v2.model_lookup.chrome_api.mapper] mapper | HYUNDAI | KO1SAF20A1AL | Row complete: model=Kona, trim=2.0L Essential Value Edition FWD, engine_type=None
[2026-08-28 11:44:20] [DEBUG   ] [accy_v2.model_lookup.chrome_api.mapper] mapper | HYUNDAI | KO1SAF20A235 | Extracted fields: year=2022, desc=2.0L Preferred Special Edition FWD, trim=Preferred Special Edition
[2026-08-28 11:44:20] [DEBUG   ] [accy_v2.model_lookup.chrome_api.mapper] mapper | HYUNDAI | KO1SAF20A235 | ModelName from ADS: Kona
[2026-08-28 11:44:20] [DEBUG   ] [accy_v2.model_lookup.semantic.standardizer] standardizer | Hyundai | No trim alias found for: 'Preferred Special Edition'
[2026-08-28 11:44:20] [DEBUG   ] [accy_v2.model_lookup.semantic.standardizer] standardizer | Hyundai | No description patterns matched: '2.0L Preferred Special Edition FWD'
[2026-08-28 11:44:20] [DEBUG   ] [accy_v2.model_lookup.chrome_api.mapper] mapper | HYUNDAI | KO1SAF20A235 | Applied standardization rules
[2026-08-28 11:44:20] [INFO    ] [accy_v2.model_lookup.chrome_api.mapper] mapper | HYUNDAI | Loaded 6 ENGINE_TYPE keywords: ['hev', 'hybrid', 'phev', 'ev', 'plug-in', 'electric']
[2026-08-28 11:44:20] [DEBUG   ] [accy_v2.model_lookup.chrome_api.mapper] mapper | HYUNDAI | KO1SAF20A235 | Searching text: 'kona 2.0l preferred special edition fwd'
[2026-08-28 11:44:20] [DEBUG   ] [accy_v2.model_lookup.chrome_api.mapper] mapper | HYUNDAI | KO1SAF20A235 | No ENGINE_TYPE keyword found
[2026-08-28 11:44:20] [INFO    ] [accy_v2.model_lookup.chrome_api.mapper] mapper | HYUNDAI | KO1SAF20A235 | Row complete: model=Kona, trim=2.0L Preferred Special Edition FWD, engine_type=None
[2026-08-28 11:44:20] [DEBUG   ] [accy_v2.model_lookup.chrome_api.mapper] mapper | HYUNDAI | KO1SAA20A1AL | Extracted fields: year=2022, desc=2.0L Essential Value Edition AWD, trim=Essential Value Edition
[2026-08-28 11:44:20] [DEBUG   ] [accy_v2.model_lookup.chrome_api.mapper] mapper | HYUNDAI | KO1SAA20A1AL | ModelName from ADS: Kona
[2026-08-28 11:44:20] [DEBUG   ] [accy_v2.model_lookup.semantic.standardizer] standardizer | Hyundai | No trim alias found for: 'Essential Value Edition'
[2026-08-28 11:44:20] [DEBUG   ] [accy_v2.model_lookup.semantic.standardizer] standardizer | Hyundai | No description patterns matched: '2.0L Essential Value Edition AWD'
[2026-08-28 11:44:20] [DEBUG   ] [accy_v2.model_lookup.chrome_api.mapper] mapper | HYUNDAI | KO1SAA20A1AL | Applied standardization rules
[2026-08-28 11:44:20] [INFO    ] [accy_v2.model_lookup.chrome_api.mapper] mapper | HYUNDAI | Loaded 6 ENGINE_TYPE keywords: ['hev', 'hybrid', 'phev', 'ev', 'plug-in', 'electric']
[2026-08-28 11:44:20] [DEBUG   ] [accy_v2.model_lookup.chrome_api.mapper] mapper | HYUNDAI | KO1SAA20A1AL | Searching text: 'kona 2.0l essential value edition awd'
[2026-08-28 11:44:20] [DEBUG   ] [accy_v2.model_lookup.chrome_api.mapper] mapper | HYUNDAI | KO1SAA20A1AL | No ENGINE_TYPE keyword found
[2026-08-28 11:44:20] [INFO    ] [accy_v2.model_lookup.chrome_api.mapper] mapper | HYUNDAI | KO1SAA20A1AL | Row complete: model=Kona, trim=2.0L Essential Value Edition AWD, engine_type=None
[2026-08-28 11:44:20] [DEBUG   ] [accy_v2.model_lookup.chrome_api.mapper] mapper | HYUNDAI | KO1SAA20A235 | Extracted fields: year=2022, desc=2.0L Preferred Special Edition AWD, trim=Preferred Special Edition
[2026-08-28 11:44:20] [DEBUG   ] [accy_v2.model_lookup.chrome_api.mapper] mapper | HYUNDAI | KO1SAA20A235 | ModelName from ADS: Kona
[2026-08-28 11:44:20] [DEBUG   ] [accy_v2.model_lookup.semantic.standardizer] standardizer | Hyundai | No trim alias found for: 'Preferred Special Edition'
[2026-08-28 11:44:20] [DEBUG   ] [accy_v2.model_lookup.semantic.standardizer] standardizer | Hyundai | No description patterns matched: '2.0L Preferred Special Edition AWD'
[2026-08-28 11:44:20] [DEBUG   ] [accy_v2.model_lookup.chrome_api.mapper] mapper | HYUNDAI | KO1SAA20A235 | Applied standardization rules
[2026-08-28 11:44:20] [INFO    ] [accy_v2.model_lookup.chrome_api.mapper] mapper | HYUNDAI | Loaded 6 ENGINE_TYPE keywords: ['hev', 'hybrid', 'phev', 'ev', 'plug-in', 'electric']
[2026-08-28 11:44:20] [DEBUG   ] [accy_v2.model_lookup.chrome_api.mapper] mapper | HYUNDAI | KO1SAA20A235 | Searching text: 'kona 2.0l preferred special edition awd'
[2026-08-28 11:44:20] [DEBUG   ] [accy_v2.model_lookup.chrome_api.mapper] mapper | HYUNDAI | KO1SAA20A235 | No ENGINE_TYPE keyword found
[2026-08-28 11:44:20] [INFO    ] [accy_v2.model_lookup.chrome_api.mapper] mapper | HYUNDAI | KO1SAA20A235 | Row complete: model=Kona, trim=2.0L Preferred Special Edition AWD, engine_type=None
[2026-08-28 11:44:20] [DEBUG   ] [accy_v2.model_lookup.chrome_api.mapper] mapper | HYUNDAI | KO1SAF20AW00 | Extracted fields: year=2022, desc=2.0L LE FWD, trim=LE
[2026-08-28 11:44:20] [DEBUG   ] [accy_v2.model_lookup.chrome_api.mapper] mapper | HYUNDAI | KO1SAF20AW00 | ModelName from ADS: Kona
[2026-08-28 11:44:20] [DEBUG   ] [accy_v2.model_lookup.semantic.standardizer] standardizer | Hyundai | No trim alias found for: 'LE'
[2026-08-28 11:44:20] [DEBUG   ] [accy_v2.model_lookup.semantic.standardizer] standardizer | Hyundai | No description patterns matched: '2.0L LE FWD'
[2026-08-28 11:44:20] [DEBUG   ] [accy_v2.model_lookup.chrome_api.mapper] mapper | HYUNDAI | KO1SAF20AW00 | Applied standardization rules
[2026-08-28 11:44:20] [INFO    ] [accy_v2.model_lookup.chrome_api.mapper] mapper | HYUNDAI | Loaded 6 ENGINE_TYPE keywords: ['hev', 'hybrid', 'phev', 'ev', 'plug-in', 'electric']
[2026-08-28 11:44:20] [DEBUG   ] [accy_v2.model_lookup.chrome_api.mapper] mapper | HYUNDAI | KO1SAF20AW00 | Searching text: 'kona 2.0l le fwd'
[2026-08-28 11:44:20] [DEBUG   ] [accy_v2.model_lookup.chrome_api.mapper] mapper | HYUNDAI | KO1SAF20AW00 | No ENGINE_TYPE keyword found
[2026-08-28 11:44:20] [INFO    ] [accy_v2.model_lookup.chrome_api.mapper] mapper | HYUNDAI | KO1SAF20AW00 | Row complete: model=Kona, trim=2.0L LE FWD, engine_type=None
[2026-08-28 11:44:20] [DEBUG   ] [accy_v2.model_lookup.chrome_api.mapper] mapper | HYUNDAI | KO1SAF20AWAU | Extracted fields: year=2022, desc=2.0L LE Plus FWD, trim=LE Plus
[2026-08-28 11:44:20] [DEBUG   ] [accy_v2.model_lookup.chrome_api.mapper] mapper | HYUNDAI | KO1SAF20AWAU | ModelName from ADS: Kona
[2026-08-28 11:44:20] [DEBUG   ] [accy_v2.model_lookup.semantic.standardizer] standardizer | Hyundai | No trim alias found for: 'LE Plus'
[2026-08-28 11:44:20] [DEBUG   ] [accy_v2.model_lookup.semantic.standardizer] standardizer | Hyundai | No description patterns matched: '2.0L LE Plus FWD'
[2026-08-28 11:44:20] [DEBUG   ] [accy_v2.model_lookup.chrome_api.mapper] mapper | HYUNDAI | KO1SAF20AWAU | Applied standardization rules
[2026-08-28 11:44:20] [INFO    ] [accy_v2.model_lookup.chrome_api.mapper] mapper | HYUNDAI | Loaded 6 ENGINE_TYPE keywords: ['hev', 'hybrid', 'phev', 'ev', 'plug-in', 'electric']
[2026-08-28 11:44:20] [DEBUG   ] [accy_v2.model_lookup.chrome_api.mapper] mapper | HYUNDAI | KO1SAF20AWAU | Searching text: 'kona 2.0l le plus fwd'
[2026-08-28 11:44:20] [DEBUG   ] [accy_v2.model_lookup.chrome_api.mapper] mapper | HYUNDAI | KO1SAF20AWAU | No ENGINE_TYPE keyword found
[2026-08-28 11:44:20] [INFO    ] [accy_v2.model_lookup.chrome_api.mapper] mapper | HYUNDAI | KO1SAF20AWAU | Row complete: model=Kona, trim=2.0L LE Plus FWD, engine_type=None
[2026-08-28 11:44:20] [DEBUG   ] [accy_v2.model_lookup.chrome_api.mapper] mapper | HYUNDAI | KO1SDF16DWAT | Extracted fields: year=2022, desc=1.6T LE N Line FWD, trim=LE N Line
[2026-08-28 11:44:20] [DEBUG   ] [accy_v2.model_lookup.chrome_api.mapper] mapper | HYUNDAI | KO1SDF16DWAT | ModelName from ADS: Kona
[2026-08-28 11:44:20] [DEBUG   ] [accy_v2.model_lookup.semantic.standardizer] standardizer | Hyundai | No trim alias found for: 'LE N Line'
[2026-08-28 11:44:20] [DEBUG   ] [accy_v2.model_lookup.chrome_api.mapper] mapper | HYUNDAI | KO1SDF16DWAT | Applied standardization rules
[2026-08-28 11:44:20] [INFO    ] [accy_v2.model_lookup.chrome_api.mapper] mapper | HYUNDAI | Loaded 6 ENGINE_TYPE keywords: ['hev', 'hybrid', 'phev', 'ev', 'plug-in', 'electric']
[2026-08-28 11:44:20] [DEBUG   ] [accy_v2.model_lookup.chrome_api.mapper] mapper | HYUNDAI | KO1SDF16DWAT | Searching text: 'kona 1.6t le n-line fwd'
[2026-08-28 11:44:20] [DEBUG   ] [accy_v2.model_lookup.chrome_api.mapper] mapper | HYUNDAI | KO1SDF16DWAT | No ENGINE_TYPE keyword found
[2026-08-28 11:44:20] [INFO    ] [accy_v2.model_lookup.chrome_api.mapper] mapper | HYUNDAI | KO1SDF16DWAT | Row complete: model=Kona, trim=1.6T LE N-Line FWD, engine_type=None
[2026-08-28 11:44:20] [DEBUG   ] [accy_v2.model_lookup.chrome_api.mapper] mapper | HYUNDAI | KO1SAA20AW00 | Extracted fields: year=2022, desc=2.0L LE AWD, trim=LE
[2026-08-28 11:44:20] [DEBUG   ] [accy_v2.model_lookup.chrome_api.mapper] mapper | HYUNDAI | KO1SAA20AW00 | ModelName from ADS: Kona
[2026-08-28 11:44:20] [DEBUG   ] [accy_v2.model_lookup.semantic.standardizer] standardizer | Hyundai | No trim alias found for: 'LE'
[2026-08-28 11:44:20] [DEBUG   ] [accy_v2.model_lookup.semantic.standardizer] standardizer | Hyundai | No description patterns matched: '2.0L LE AWD'
[2026-08-28 11:44:20] [DEBUG   ] [accy_v2.model_lookup.chrome_api.mapper] mapper | HYUNDAI | KO1SAA20AW00 | Applied standardization rules
[2026-08-28 11:44:20] [INFO    ] [accy_v2.model_lookup.chrome_api.mapper] mapper | HYUNDAI | Loaded 6 ENGINE_TYPE keywords: ['hev', 'hybrid', 'phev', 'ev', 'plug-in', 'electric']
[2026-08-28 11:44:20] [DEBUG   ] [accy_v2.model_lookup.chrome_api.mapper] mapper | HYUNDAI | KO1SAA20AW00 | Searching text: 'kona 2.0l le awd'
[2026-08-28 11:44:20] [DEBUG   ] [accy_v2.model_lookup.chrome_api.mapper] mapper | HYUNDAI | KO1SAA20AW00 | No ENGINE_TYPE keyword found
[2026-08-28 11:44:20] [INFO    ] [accy_v2.model_lookup.chrome_api.mapper] mapper | HYUNDAI | KO1SAA20AW00 | Row complete: model=Kona, trim=2.0L LE AWD, engine_type=None
[2026-08-28 11:44:20] [DEBUG   ] [accy_v2.model_lookup.chrome_api.mapper] mapper | HYUNDAI | KO1SAA20AWAU | Extracted fields: year=2022, desc=2.0L LE Plus AWD, trim=LE Plus
[2026-08-28 11:44:20] [DEBUG   ] [accy_v2.model_lookup.chrome_api.mapper] mapper | HYUNDAI | KO1SAA20AWAU | ModelName from ADS: Kona
[2026-08-28 11:44:20] [DEBUG   ] [accy_v2.model_lookup.semantic.standardizer] standardizer | Hyundai | No trim alias found for: 'LE Plus'
[2026-08-28 11:44:20] [DEBUG   ] [accy_v2.model_lookup.semantic.standardizer] standardizer | Hyundai | No description patterns matched: '2.0L LE Plus AWD'
[2026-08-28 11:44:20] [DEBUG   ] [accy_v2.model_lookup.chrome_api.mapper] mapper | HYUNDAI | KO1SAA20AWAU | Applied standardization rules
[2026-08-28 11:44:20] [INFO    ] [accy_v2.model_lookup.chrome_api.mapper] mapper | HYUNDAI | Loaded 6 ENGINE_TYPE keywords: ['hev', 'hybrid', 'phev', 'ev', 'plug-in', 'electric']
[2026-08-28 11:44:20] [DEBUG   ] [accy_v2.model_lookup.chrome_api.mapper] mapper | HYUNDAI | KO1SAA20AWAU | Searching text: 'kona 2.0l le plus awd'
[2026-08-28 11:44:20] [DEBUG   ] [accy_v2.model_lookup.chrome_api.mapper] mapper | HYUNDAI | KO1SAA20AWAU | No ENGINE_TYPE keyword found
[2026-08-28 11:44:20] [INFO    ] [accy_v2.model_lookup.chrome_api.mapper] mapper | HYUNDAI | KO1SAA20AWAU | Row complete: model=Kona, trim=2.0L LE Plus AWD, engine_type=None
[2026-08-28 11:44:20] [DEBUG   ] [accy_v2.model_lookup.chrome_api.mapper] mapper | HYUNDAI | KO1SDA16DWAT | Extracted fields: year=2022, desc=1.6T LE N Line AWD, trim=LE N Line
[2026-08-28 11:44:20] [DEBUG   ] [accy_v2.model_lookup.chrome_api.mapper] mapper | HYUNDAI | KO1SDA16DWAT | ModelName from ADS: Kona
[2026-08-28 11:44:20] [DEBUG   ] [accy_v2.model_lookup.semantic.standardizer] standardizer | Hyundai | No trim alias found for: 'LE N Line'
[2026-08-28 11:44:20] [DEBUG   ] [accy_v2.model_lookup.chrome_api.mapper] mapper | HYUNDAI | KO1SDA16DWAT | Applied standardization rules
[2026-08-28 11:44:20] [INFO    ] [accy_v2.model_lookup.chrome_api.mapper] mapper | HYUNDAI | Loaded 6 ENGINE_TYPE keywords: ['hev', 'hybrid', 'phev', 'ev', 'plug-in', 'electric']
[2026-08-28 11:44:20] [DEBUG   ] [accy_v2.model_lookup.chrome_api.mapper] mapper | HYUNDAI | KO1SDA16DWAT | Searching text: 'kona 1.6t le n-line awd'
[2026-08-28 11:44:20] [DEBUG   ] [accy_v2.model_lookup.chrome_api.mapper] mapper | HYUNDAI | KO1SDA16DWAT | No ENGINE_TYPE keyword found
[2026-08-28 11:44:20] [INFO    ] [accy_v2.model_lookup.chrome_api.mapper] mapper | HYUNDAI | KO1SDA16DWAT | Row complete: model=Kona, trim=1.6T LE N-Line AWD, engine_type=None
[2026-08-28 11:44:20] [INFO    ] [accy_v2.model_lookup.chrome_api.mapper] mapper | ads_response_to_rows | Hyundai | Converted 18/18 trims to rows
[2026-08-28 11:44:20] [DEBUG   ] [accy_v2.model_lookup.chrome_api.service] refresh_from_ads | Hyundai 2022 Kona | Converted 18 trims to rows
[2026-08-28 11:44:21] [DEBUG   ] [urllib3.connectionpool] https://demos.autodatasolutions.com:443 "POST /ADSDemo/api/full/ymmt/year/2022/make/Hyundai/model/Kona%20Electric/ HTTP/1.1" 200 None
[2026-08-28 11:44:21] [INFO    ] [accy_v2.model_lookup.chrome_api.mapper] mapper | ads_response_to_rows | Hyundai | Processing 3 trims from ADS response
[2026-08-28 11:44:21] [DEBUG   ] [accy_v2.model_lookup.chrome_api.mapper] mapper | HYUNDAI | KE1SEFEME200 | Extracted fields: year=2022, desc=Preferred FWD, trim=Preferred
[2026-08-28 11:44:21] [DEBUG   ] [accy_v2.model_lookup.chrome_api.mapper] mapper | HYUNDAI | KE1SEFEME200 | ModelName from ADS: Kona Electric
[2026-08-28 11:44:21] [DEBUG   ] [accy_v2.model_lookup.semantic.standardizer] standardizer | Hyundai | No trim alias found for: 'Preferred'
[2026-08-28 11:44:21] [DEBUG   ] [accy_v2.model_lookup.semantic.standardizer] standardizer | Hyundai | No description patterns matched: 'Preferred FWD'
[2026-08-28 11:44:21] [DEBUG   ] [accy_v2.model_lookup.chrome_api.mapper] mapper | HYUNDAI | KE1SEFEME200 | Applied standardization rules
[2026-08-28 11:44:21] [INFO    ] [accy_v2.model_lookup.chrome_api.mapper] mapper | HYUNDAI | Loaded 6 ENGINE_TYPE keywords: ['hev', 'hybrid', 'phev', 'ev', 'plug-in', 'electric']
[2026-08-28 11:44:21] [DEBUG   ] [accy_v2.model_lookup.chrome_api.mapper] mapper | HYUNDAI | KE1SEFEME200 | Searching text: 'kona electric preferred fwd'
[2026-08-28 11:44:21] [DEBUG   ] [accy_v2.model_lookup.chrome_api.mapper] mapper | HYUNDAI | KE1SEFEME200 | Found keyword 'electric' in 'Kona Electric Preferred FWD'
[2026-08-28 11:44:21] [WARNING ] [accy_v2.model_lookup.chrome_api.mapper] mapper | HYUNDAI | KE1SEFEME200 | Keyword 'electric' found but NOT in translator. Returning keyword as-is.
[2026-08-28 11:44:21] [INFO    ] [accy_v2.model_lookup.chrome_api.mapper] mapper | HYUNDAI | KE1SEFEME200 | Row complete: model=Kona Electric, trim=Preferred FWD, engine_type=electric
[2026-08-28 11:44:21] [DEBUG   ] [accy_v2.model_lookup.chrome_api.mapper] mapper | HYUNDAI | KE1SEFEME266 | Extracted fields: year=2022, desc=Preferred FWD w/Two-Tone Roof, trim=Preferred
[2026-08-28 11:44:21] [DEBUG   ] [accy_v2.model_lookup.chrome_api.mapper] mapper | HYUNDAI | KE1SEFEME266 | ModelName from ADS: Kona Electric
[2026-08-28 11:44:21] [DEBUG   ] [accy_v2.model_lookup.semantic.standardizer] standardizer | Hyundai | No trim alias found for: 'Preferred'
[2026-08-28 11:44:21] [DEBUG   ] [accy_v2.model_lookup.semantic.standardizer] standardizer | Hyundai | No description patterns matched: 'Preferred FWD w/Two-Tone Roof'
[2026-08-28 11:44:21] [DEBUG   ] [accy_v2.model_lookup.chrome_api.mapper] mapper | HYUNDAI | KE1SEFEME266 | Applied standardization rules
[2026-08-28 11:44:21] [INFO    ] [accy_v2.model_lookup.chrome_api.mapper] mapper | HYUNDAI | Loaded 6 ENGINE_TYPE keywords: ['hev', 'hybrid', 'phev', 'ev', 'plug-in', 'electric']
[2026-08-28 11:44:21] [DEBUG   ] [accy_v2.model_lookup.chrome_api.mapper] mapper | HYUNDAI | KE1SEFEME266 | Searching text: 'kona electric preferred fwd w/two-tone roof'
[2026-08-28 11:44:21] [DEBUG   ] [accy_v2.model_lookup.chrome_api.mapper] mapper | HYUNDAI | KE1SEFEME266 | Found keyword 'electric' in 'Kona Electric Preferred FWD w/Two-Tone Roof'
[2026-08-28 11:44:21] [WARNING ] [accy_v2.model_lookup.chrome_api.mapper] mapper | HYUNDAI | KE1SEFEME266 | Keyword 'electric' found but NOT in translator. Returning keyword as-is.
[2026-08-28 11:44:21] [INFO    ] [accy_v2.model_lookup.chrome_api.mapper] mapper | HYUNDAI | KE1SEFEME266 | Row complete: model=Kona Electric, trim=Preferred FWD w/Two-Tone Roof, engine_type=electric
[2026-08-28 11:44:21] [DEBUG   ] [accy_v2.model_lookup.chrome_api.mapper] mapper | HYUNDAI | KE1SEFEME400 | Extracted fields: year=2022, desc=Ultimate FWD, trim=Ultimate
[2026-08-28 11:44:21] [DEBUG   ] [accy_v2.model_lookup.chrome_api.mapper] mapper | HYUNDAI | KE1SEFEME400 | ModelName from ADS: Kona Electric
[2026-08-28 11:44:21] [DEBUG   ] [accy_v2.model_lookup.semantic.standardizer] standardizer | Hyundai | No trim alias found for: 'Ultimate'
[2026-08-28 11:44:21] [DEBUG   ] [accy_v2.model_lookup.semantic.standardizer] standardizer | Hyundai | No description patterns matched: 'Ultimate FWD'
[2026-08-28 11:44:21] [DEBUG   ] [accy_v2.model_lookup.chrome_api.mapper] mapper | HYUNDAI | KE1SEFEME400 | Applied standardization rules
[2026-08-28 11:44:21] [INFO    ] [accy_v2.model_lookup.chrome_api.mapper] mapper | HYUNDAI | Loaded 6 ENGINE_TYPE keywords: ['hev', 'hybrid', 'phev', 'ev', 'plug-in', 'electric']
[2026-08-28 11:44:21] [DEBUG   ] [accy_v2.model_lookup.chrome_api.mapper] mapper | HYUNDAI | KE1SEFEME400 | Searching text: 'kona electric ultimate fwd'
[2026-08-28 11:44:21] [DEBUG   ] [accy_v2.model_lookup.chrome_api.mapper] mapper | HYUNDAI | KE1SEFEME400 | Found keyword 'electric' in 'Kona Electric Ultimate FWD'
[2026-08-28 11:44:21] [WARNING ] [accy_v2.model_lookup.chrome_api.mapper] mapper | HYUNDAI | KE1SEFEME400 | Keyword 'electric' found but NOT in translator. Returning keyword as-is.
[2026-08-28 11:44:21] [INFO    ] [accy_v2.model_lookup.chrome_api.mapper] mapper | HYUNDAI | KE1SEFEME400 | Row complete: model=Kona Electric, trim=Ultimate FWD, engine_type=electric
[2026-08-28 11:44:21] [INFO    ] [accy_v2.model_lookup.chrome_api.mapper] mapper | ads_response_to_rows | Hyundai | Converted 3/3 trims to rows
[2026-08-28 11:44:21] [DEBUG   ] [accy_v2.model_lookup.chrome_api.service] refresh_from_ads | Hyundai 2022 Kona Electric | Converted 3 trims to rows
[2026-08-28 11:44:21] [DEBUG   ] [urllib3.connectionpool] https://demos.autodatasolutions.com:443 "POST /ADSDemo/api/full/ymmt/year/2022/make/Hyundai/model/Kona%20N/ HTTP/1.1" 200 None
[2026-08-28 11:44:22] [INFO    ] [accy_v2.model_lookup.chrome_api.mapper] mapper | ads_response_to_rows | Hyundai | Processing 1 trims from ADS response
[2026-08-28 11:44:22] [DEBUG   ] [accy_v2.model_lookup.chrome_api.mapper] mapper | HYUNDAI | KO1SDF20DX39 | Extracted fields: year=2022, desc=2.0T FWD, trim=None
[2026-08-28 11:44:22] [DEBUG   ] [accy_v2.model_lookup.chrome_api.mapper] mapper | HYUNDAI | KO1SDF20DX39 | ModelName from ADS: Kona N
[2026-08-28 11:44:22] [DEBUG   ] [accy_v2.model_lookup.semantic.standardizer] standardizer | Hyundai | No description patterns matched: '2.0T FWD'
[2026-08-28 11:44:22] [DEBUG   ] [accy_v2.model_lookup.chrome_api.mapper] mapper | HYUNDAI | KO1SDF20DX39 | Applied standardization rules
[2026-08-28 11:44:22] [INFO    ] [accy_v2.model_lookup.chrome_api.mapper] mapper | HYUNDAI | Loaded 6 ENGINE_TYPE keywords: ['hev', 'hybrid', 'phev', 'ev', 'plug-in', 'electric']
[2026-08-28 11:44:22] [DEBUG   ] [accy_v2.model_lookup.chrome_api.mapper] mapper | HYUNDAI | KO1SDF20DX39 | Searching text: 'kona n 2.0t fwd'
[2026-08-28 11:44:22] [DEBUG   ] [accy_v2.model_lookup.chrome_api.mapper] mapper | HYUNDAI | KO1SDF20DX39 | No ENGINE_TYPE keyword found
[2026-08-28 11:44:22] [INFO    ] [accy_v2.model_lookup.chrome_api.mapper] mapper | HYUNDAI | KO1SDF20DX39 | Row complete: model=Kona N, trim=2.0T FWD, engine_type=None
[2026-08-28 11:44:22] [INFO    ] [accy_v2.model_lookup.chrome_api.mapper] mapper | ads_response_to_rows | Hyundai | Converted 1/1 trims to rows
[2026-08-28 11:44:22] [DEBUG   ] [accy_v2.model_lookup.chrome_api.service] refresh_from_ads | Hyundai 2022 Kona N | Converted 1 trims to rows
[2026-08-28 11:44:22] [DEBUG   ] [urllib3.connectionpool] https://demos.autodatasolutions.com:443 "POST /ADSDemo/api/full/ymmt/year/2022/make/Hyundai/model/Palisade/ HTTP/1.1" 200 None
[2026-08-28 11:44:22] [INFO    ] [accy_v2.model_lookup.chrome_api.mapper] mapper | ads_response_to_rows | Hyundai | Processing 6 trims from ADS response
[2026-08-28 11:44:22] [DEBUG   ] [accy_v2.model_lookup.chrome_api.mapper] mapper | HYUNDAI | PA1LAA38B100 | Extracted fields: year=2022, desc=Essential 8-Passenger AWD, trim=Essential
[2026-08-28 11:44:22] [DEBUG   ] [accy_v2.model_lookup.chrome_api.mapper] mapper | HYUNDAI | PA1LAA38B100 | ModelName from ADS: Palisade
[2026-08-28 11:44:22] [DEBUG   ] [accy_v2.model_lookup.semantic.standardizer] standardizer | Hyundai | No trim alias found for: 'Essential'
[2026-08-28 11:44:22] [DEBUG   ] [accy_v2.model_lookup.semantic.standardizer] standardizer | Hyundai | No description patterns matched: 'Essential 8-Passenger AWD'
[2026-08-28 11:44:22] [DEBUG   ] [accy_v2.model_lookup.chrome_api.mapper] mapper | HYUNDAI | PA1LAA38B100 | Applied standardization rules
[2026-08-28 11:44:22] [INFO    ] [accy_v2.model_lookup.chrome_api.mapper] mapper | HYUNDAI | Loaded 6 ENGINE_TYPE keywords: ['hev', 'hybrid', 'phev', 'ev', 'plug-in', 'electric']
[2026-08-28 11:44:22] [DEBUG   ] [accy_v2.model_lookup.chrome_api.mapper] mapper | HYUNDAI | PA1LAA38B100 | Searching text: 'palisade essential 8-passenger awd'
[2026-08-28 11:44:22] [DEBUG   ] [accy_v2.model_lookup.chrome_api.mapper] mapper | HYUNDAI | PA1LAA38B100 | No ENGINE_TYPE keyword found
[2026-08-28 11:44:22] [INFO    ] [accy_v2.model_lookup.chrome_api.mapper] mapper | HYUNDAI | PA1LAA38B100 | Row complete: model=Palisade, trim=Essential 8-Passenger AWD, engine_type=None
[2026-08-28 11:44:22] [DEBUG   ] [accy_v2.model_lookup.chrome_api.mapper] mapper | HYUNDAI | PA1LAA38B200 | Extracted fields: year=2022, desc=Preferred 8-Passenger AWD, trim=Preferred
[2026-08-28 11:44:22] [DEBUG   ] [accy_v2.model_lookup.chrome_api.mapper] mapper | HYUNDAI | PA1LAA38B200 | ModelName from ADS: Palisade
[2026-08-28 11:44:22] [DEBUG   ] [accy_v2.model_lookup.semantic.standardizer] standardizer | Hyundai | No trim alias found for: 'Preferred'
[2026-08-28 11:44:22] [DEBUG   ] [accy_v2.model_lookup.semantic.standardizer] standardizer | Hyundai | No description patterns matched: 'Preferred 8-Passenger AWD'
[2026-08-28 11:44:22] [DEBUG   ] [accy_v2.model_lookup.chrome_api.mapper] mapper | HYUNDAI | PA1LAA38B200 | Applied standardization rules
[2026-08-28 11:44:22] [INFO    ] [accy_v2.model_lookup.chrome_api.mapper] mapper | HYUNDAI | Loaded 6 ENGINE_TYPE keywords: ['hev', 'hybrid', 'phev', 'ev', 'plug-in', 'electric']
[2026-08-28 11:44:22] [DEBUG   ] [accy_v2.model_lookup.chrome_api.mapper] mapper | HYUNDAI | PA1LAA38B200 | Searching text: 'palisade preferred 8-passenger awd'
[2026-08-28 11:44:22] [DEBUG   ] [accy_v2.model_lookup.chrome_api.mapper] mapper | HYUNDAI | PA1LAA38B200 | No ENGINE_TYPE keyword found
[2026-08-28 11:44:22] [INFO    ] [accy_v2.model_lookup.chrome_api.mapper] mapper | HYUNDAI | PA1LAA38B200 | Row complete: model=Palisade, trim=Preferred 8-Passenger AWD, engine_type=None
[2026-08-28 11:44:22] [DEBUG   ] [accy_v2.model_lookup.chrome_api.mapper] mapper | HYUNDAI | PA1LAA38B300 | Extracted fields: year=2022, desc=Luxury 8-Passenger AWD, trim=Luxury
[2026-08-28 11:44:22] [DEBUG   ] [accy_v2.model_lookup.chrome_api.mapper] mapper | HYUNDAI | PA1LAA38B300 | ModelName from ADS: Palisade
[2026-08-28 11:44:22] [DEBUG   ] [accy_v2.model_lookup.semantic.standardizer] standardizer | Hyundai | No trim alias found for: 'Luxury'
[2026-08-28 11:44:22] [DEBUG   ] [accy_v2.model_lookup.semantic.standardizer] standardizer | Hyundai | No description patterns matched: 'Luxury 8-Passenger AWD'
[2026-08-28 11:44:22] [DEBUG   ] [accy_v2.model_lookup.chrome_api.mapper] mapper | HYUNDAI | PA1LAA38B300 | Applied standardization rules
[2026-08-28 11:44:22] [INFO    ] [accy_v2.model_lookup.chrome_api.mapper] mapper | HYUNDAI | Loaded 6 ENGINE_TYPE keywords: ['hev', 'hybrid', 'phev', 'ev', 'plug-in', 'electric']
[2026-08-28 11:44:22] [DEBUG   ] [accy_v2.model_lookup.chrome_api.mapper] mapper | HYUNDAI | PA1LAA38B300 | Searching text: 'palisade luxury 8-passenger awd'
[2026-08-28 11:44:22] [DEBUG   ] [accy_v2.model_lookup.chrome_api.mapper] mapper | HYUNDAI | PA1LAA38B300 | No ENGINE_TYPE keyword found
[2026-08-28 11:44:22] [INFO    ] [accy_v2.model_lookup.chrome_api.mapper] mapper | HYUNDAI | PA1LAA38B300 | Row complete: model=Palisade, trim=Luxury 8-Passenger AWD, engine_type=None
[2026-08-28 11:44:22] [DEBUG   ] [accy_v2.model_lookup.chrome_api.mapper] mapper | HYUNDAI | PA1LAA38B391 | Extracted fields: year=2022, desc=Luxury 7-Passenger AWD, trim=Luxury
[2026-08-28 11:44:22] [DEBUG   ] [accy_v2.model_lookup.chrome_api.mapper] mapper | HYUNDAI | PA1LAA38B391 | ModelName from ADS: Palisade
[2026-08-28 11:44:22] [DEBUG   ] [accy_v2.model_lookup.semantic.standardizer] standardizer | Hyundai | No trim alias found for: 'Luxury'
[2026-08-28 11:44:22] [DEBUG   ] [accy_v2.model_lookup.semantic.standardizer] standardizer | Hyundai | No description patterns matched: 'Luxury 7-Passenger AWD'
[2026-08-28 11:44:22] [DEBUG   ] [accy_v2.model_lookup.chrome_api.mapper] mapper | HYUNDAI | PA1LAA38B391 | Applied standardization rules
[2026-08-28 11:44:22] [INFO    ] [accy_v2.model_lookup.chrome_api.mapper] mapper | HYUNDAI | Loaded 6 ENGINE_TYPE keywords: ['hev', 'hybrid', 'phev', 'ev', 'plug-in', 'electric']
[2026-08-28 11:44:22] [DEBUG   ] [accy_v2.model_lookup.chrome_api.mapper] mapper | HYUNDAI | PA1LAA38B391 | Searching text: 'palisade luxury 7-passenger awd'
[2026-08-28 11:44:22] [DEBUG   ] [accy_v2.model_lookup.chrome_api.mapper] mapper | HYUNDAI | PA1LAA38B391 | No ENGINE_TYPE keyword found
[2026-08-28 11:44:22] [INFO    ] [accy_v2.model_lookup.chrome_api.mapper] mapper | HYUNDAI | PA1LAA38B391 | Row complete: model=Palisade, trim=Luxury 7-Passenger AWD, engine_type=None
[2026-08-28 11:44:22] [DEBUG   ] [accy_v2.model_lookup.chrome_api.mapper] mapper | HYUNDAI | PA1LAA38B477 | Extracted fields: year=2022, desc=Ultimate Calligraphy 7-Passenger AWD, trim=Ultimate Calligraphy
[2026-08-28 11:44:22] [DEBUG   ] [accy_v2.model_lookup.chrome_api.mapper] mapper | HYUNDAI | PA1LAA38B477 | ModelName from ADS: Palisade
[2026-08-28 11:44:22] [DEBUG   ] [accy_v2.model_lookup.semantic.standardizer] standardizer | Hyundai | No trim alias found for: 'Ultimate Calligraphy'
[2026-08-28 11:44:22] [DEBUG   ] [accy_v2.model_lookup.semantic.standardizer] standardizer | Hyundai | No description patterns matched: 'Ultimate Calligraphy 7-Passenger AWD'
[2026-08-28 11:44:22] [DEBUG   ] [accy_v2.model_lookup.chrome_api.mapper] mapper | HYUNDAI | PA1LAA38B477 | Applied standardization rules
[2026-08-28 11:44:22] [INFO    ] [accy_v2.model_lookup.chrome_api.mapper] mapper | HYUNDAI | Loaded 6 ENGINE_TYPE keywords: ['hev', 'hybrid', 'phev', 'ev', 'plug-in', 'electric']
[2026-08-28 11:44:22] [DEBUG   ] [accy_v2.model_lookup.chrome_api.mapper] mapper | HYUNDAI | PA1LAA38B477 | Searching text: 'palisade ultimate calligraphy 7-passenger awd'
[2026-08-28 11:44:22] [DEBUG   ] [accy_v2.model_lookup.chrome_api.mapper] mapper | HYUNDAI | PA1LAA38B477 | No ENGINE_TYPE keyword found
[2026-08-28 11:44:22] [INFO    ] [accy_v2.model_lookup.chrome_api.mapper] mapper | HYUNDAI | PA1LAA38B477 | Row complete: model=Palisade, trim=Ultimate Calligraphy 7-Passenger AWD, engine_type=None
[2026-08-28 11:44:22] [DEBUG   ] [accy_v2.model_lookup.chrome_api.mapper] mapper | HYUNDAI | PA1LAA38B478 | Extracted fields: year=2022, desc=Ultimate Calligraphy w/Beige 7-Passenger AWD, trim=Ultimate Calligraphy
[2026-08-28 11:44:22] [DEBUG   ] [accy_v2.model_lookup.chrome_api.mapper] mapper | HYUNDAI | PA1LAA38B478 | ModelName from ADS: Palisade
[2026-08-28 11:44:22] [DEBUG   ] [accy_v2.model_lookup.semantic.standardizer] standardizer | Hyundai | No trim alias found for: 'Ultimate Calligraphy'
[2026-08-28 11:44:22] [DEBUG   ] [accy_v2.model_lookup.semantic.standardizer] standardizer | Hyundai | No description patterns matched: 'Ultimate Calligraphy w/Beige 7-Passenger AWD'
[2026-08-28 11:44:22] [DEBUG   ] [accy_v2.model_lookup.chrome_api.mapper] mapper | HYUNDAI | PA1LAA38B478 | Applied standardization rules
[2026-08-28 11:44:22] [INFO    ] [accy_v2.model_lookup.chrome_api.mapper] mapper | HYUNDAI | Loaded 6 ENGINE_TYPE keywords: ['hev', 'hybrid', 'phev', 'ev', 'plug-in', 'electric']
[2026-08-28 11:44:22] [DEBUG   ] [accy_v2.model_lookup.chrome_api.mapper] mapper | HYUNDAI | PA1LAA38B478 | Searching text: 'palisade ultimate calligraphy w/beige 7-passenger awd'
[2026-08-28 11:44:22] [DEBUG   ] [accy_v2.model_lookup.chrome_api.mapper] mapper | HYUNDAI | PA1LAA38B478 | No ENGINE_TYPE keyword found
[2026-08-28 11:44:22] [INFO    ] [accy_v2.model_lookup.chrome_api.mapper] mapper | HYUNDAI | PA1LAA38B478 | Row complete: model=Palisade, trim=Ultimate Calligraphy w/Beige 7-Passenger AWD, engine_type=None
[2026-08-28 11:44:22] [INFO    ] [accy_v2.model_lookup.chrome_api.mapper] mapper | ads_response_to_rows | Hyundai | Converted 6/6 trims to rows
[2026-08-28 11:44:22] [DEBUG   ] [accy_v2.model_lookup.chrome_api.service] refresh_from_ads | Hyundai 2022 Palisade | Converted 6 trims to rows
[2026-08-28 11:44:22] [DEBUG   ] [urllib3.connectionpool] https://demos.autodatasolutions.com:443 "POST /ADSDemo/api/full/ymmt/year/2022/make/Hyundai/model/Santa%20Cruz/ HTTP/1.1" 200 None
[2026-08-28 11:44:23] [INFO    ] [accy_v2.model_lookup.chrome_api.mapper] mapper | ads_response_to_rows | Hyundai | Processing 4 trims from ADS response
[2026-08-28 11:44:23] [DEBUG   ] [accy_v2.model_lookup.chrome_api.mapper] mapper | HYUNDAI | SZ1SDA25D200 | Extracted fields: year=2022, desc=Preferred AWD, trim=Preferred
[2026-08-28 11:44:23] [DEBUG   ] [accy_v2.model_lookup.chrome_api.mapper] mapper | HYUNDAI | SZ1SDA25D200 | ModelName from ADS: Santa Cruz
[2026-08-28 11:44:23] [DEBUG   ] [accy_v2.model_lookup.semantic.standardizer] standardizer | Hyundai | No trim alias found for: 'Preferred'
[2026-08-28 11:44:23] [DEBUG   ] [accy_v2.model_lookup.semantic.standardizer] standardizer | Hyundai | No description patterns matched: 'Preferred AWD'
[2026-08-28 11:44:23] [DEBUG   ] [accy_v2.model_lookup.chrome_api.mapper] mapper | HYUNDAI | SZ1SDA25D200 | Applied standardization rules
[2026-08-28 11:44:23] [INFO    ] [accy_v2.model_lookup.chrome_api.mapper] mapper | HYUNDAI | Loaded 6 ENGINE_TYPE keywords: ['hev', 'hybrid', 'phev', 'ev', 'plug-in', 'electric']
[2026-08-28 11:44:23] [DEBUG   ] [accy_v2.model_lookup.chrome_api.mapper] mapper | HYUNDAI | SZ1SDA25D200 | Searching text: 'santa cruz preferred awd'
[2026-08-28 11:44:23] [DEBUG   ] [accy_v2.model_lookup.chrome_api.mapper] mapper | HYUNDAI | SZ1SDA25D200 | No ENGINE_TYPE keyword found
[2026-08-28 11:44:23] [INFO    ] [accy_v2.model_lookup.chrome_api.mapper] mapper | HYUNDAI | SZ1SDA25D200 | Row complete: model=Santa Cruz, trim=Preferred AWD, engine_type=None
[2026-08-28 11:44:23] [DEBUG   ] [accy_v2.model_lookup.chrome_api.mapper] mapper | HYUNDAI | SZ1SDA25D241 | Extracted fields: year=2022, desc=Preferred AWD w/Trend Pkg, trim=Preferred
[2026-08-28 11:44:23] [DEBUG   ] [accy_v2.model_lookup.chrome_api.mapper] mapper | HYUNDAI | SZ1SDA25D241 | ModelName from ADS: Santa Cruz
[2026-08-28 11:44:23] [DEBUG   ] [accy_v2.model_lookup.semantic.standardizer] standardizer | Hyundai | No trim alias found for: 'Preferred'
[2026-08-28 11:44:23] [DEBUG   ] [accy_v2.model_lookup.semantic.standardizer] standardizer | Hyundai | No description patterns matched: 'Preferred AWD w/Trend Pkg'
[2026-08-28 11:44:23] [DEBUG   ] [accy_v2.model_lookup.chrome_api.mapper] mapper | HYUNDAI | SZ1SDA25D241 | Applied standardization rules
[2026-08-28 11:44:23] [INFO    ] [accy_v2.model_lookup.chrome_api.mapper] mapper | HYUNDAI | Loaded 6 ENGINE_TYPE keywords: ['hev', 'hybrid', 'phev', 'ev', 'plug-in', 'electric']
[2026-08-28 11:44:23] [DEBUG   ] [accy_v2.model_lookup.chrome_api.mapper] mapper | HYUNDAI | SZ1SDA25D241 | Searching text: 'santa cruz preferred awd w/trend pkg'
[2026-08-28 11:44:23] [DEBUG   ] [accy_v2.model_lookup.chrome_api.mapper] mapper | HYUNDAI | SZ1SDA25D241 | No ENGINE_TYPE keyword found
[2026-08-28 11:44:23] [INFO    ] [accy_v2.model_lookup.chrome_api.mapper] mapper | HYUNDAI | SZ1SDA25D241 | Row complete: model=Santa Cruz, trim=Preferred AWD w/Trend Pkg, engine_type=None
[2026-08-28 11:44:23] [DEBUG   ] [accy_v2.model_lookup.chrome_api.mapper] mapper | HYUNDAI | SZ1SDA25D400 | Extracted fields: year=2022, desc=Ultimate AWD, trim=Ultimate
[2026-08-28 11:44:23] [DEBUG   ] [accy_v2.model_lookup.chrome_api.mapper] mapper | HYUNDAI | SZ1SDA25D400 | ModelName from ADS: Santa Cruz
[2026-08-28 11:44:23] [DEBUG   ] [accy_v2.model_lookup.semantic.standardizer] standardizer | Hyundai | No trim alias found for: 'Ultimate'
[2026-08-28 11:44:23] [DEBUG   ] [accy_v2.model_lookup.semantic.standardizer] standardizer | Hyundai | No description patterns matched: 'Ultimate AWD'
[2026-08-28 11:44:23] [DEBUG   ] [accy_v2.model_lookup.chrome_api.mapper] mapper | HYUNDAI | SZ1SDA25D400 | Applied standardization rules
[2026-08-28 11:44:23] [INFO    ] [accy_v2.model_lookup.chrome_api.mapper] mapper | HYUNDAI | Loaded 6 ENGINE_TYPE keywords: ['hev', 'hybrid', 'phev', 'ev', 'plug-in', 'electric']
[2026-08-28 11:44:23] [DEBUG   ] [accy_v2.model_lookup.chrome_api.mapper] mapper | HYUNDAI | SZ1SDA25D400 | Searching text: 'santa cruz ultimate awd'
[2026-08-28 11:44:23] [DEBUG   ] [accy_v2.model_lookup.chrome_api.mapper] mapper | HYUNDAI | SZ1SDA25D400 | No ENGINE_TYPE keyword found
[2026-08-28 11:44:23] [INFO    ] [accy_v2.model_lookup.chrome_api.mapper] mapper | HYUNDAI | SZ1SDA25D400 | Row complete: model=Santa Cruz, trim=Ultimate AWD, engine_type=None
[2026-08-28 11:44:23] [DEBUG   ] [accy_v2.model_lookup.chrome_api.mapper] mapper | HYUNDAI | SZ1SDA25D495 | Extracted fields: year=2022, desc=Ultimate AWD w/Colour Pkg, trim=Ultimate
[2026-08-28 11:44:23] [DEBUG   ] [accy_v2.model_lookup.chrome_api.mapper] mapper | HYUNDAI | SZ1SDA25D495 | ModelName from ADS: Santa Cruz
[2026-08-28 11:44:23] [DEBUG   ] [accy_v2.model_lookup.semantic.standardizer] standardizer | Hyundai | No trim alias found for: 'Ultimate'
[2026-08-28 11:44:23] [DEBUG   ] [accy_v2.model_lookup.semantic.standardizer] standardizer | Hyundai | No description patterns matched: 'Ultimate AWD w/Colour Pkg'
[2026-08-28 11:44:23] [DEBUG   ] [accy_v2.model_lookup.chrome_api.mapper] mapper | HYUNDAI | SZ1SDA25D495 | Applied standardization rules
[2026-08-28 11:44:23] [INFO    ] [accy_v2.model_lookup.chrome_api.mapper] mapper | HYUNDAI | Loaded 6 ENGINE_TYPE keywords: ['hev', 'hybrid', 'phev', 'ev', 'plug-in', 'electric']
[2026-08-28 11:44:23] [DEBUG   ] [accy_v2.model_lookup.chrome_api.mapper] mapper | HYUNDAI | SZ1SDA25D495 | Searching text: 'santa cruz ultimate awd w/colour pkg'
[2026-08-28 11:44:23] [DEBUG   ] [accy_v2.model_lookup.chrome_api.mapper] mapper | HYUNDAI | SZ1SDA25D495 | No ENGINE_TYPE keyword found
[2026-08-28 11:44:23] [INFO    ] [accy_v2.model_lookup.chrome_api.mapper] mapper | HYUNDAI | SZ1SDA25D495 | Row complete: model=Santa Cruz, trim=Ultimate AWD w/Colour Pkg, engine_type=None
[2026-08-28 11:44:23] [INFO    ] [accy_v2.model_lookup.chrome_api.mapper] mapper | ads_response_to_rows | Hyundai | Converted 4/4 trims to rows
[2026-08-28 11:44:23] [DEBUG   ] [accy_v2.model_lookup.chrome_api.service] refresh_from_ads | Hyundai 2022 Santa Cruz | Converted 4 trims to rows
[2026-08-28 11:44:23] [DEBUG   ] [urllib3.connectionpool] https://demos.autodatasolutions.com:443 "POST /ADSDemo/api/full/ymmt/year/2022/make/Hyundai/model/Santa%20Fe/ HTTP/1.1" 200 None
[2026-08-28 11:44:24] [INFO    ] [accy_v2.model_lookup.chrome_api.mapper] mapper | ads_response_to_rows | Hyundai | Processing 5 trims from ADS response
[2026-08-28 11:44:24] [DEBUG   ] [accy_v2.model_lookup.chrome_api.mapper] mapper | HYUNDAI | SA4SAA25B100 | Extracted fields: year=2022, desc=Essential AWD, trim=Essential
[2026-08-28 11:44:24] [DEBUG   ] [accy_v2.model_lookup.chrome_api.mapper] mapper | HYUNDAI | SA4SAA25B100 | ModelName from ADS: Santa Fe
[2026-08-28 11:44:24] [DEBUG   ] [accy_v2.model_lookup.semantic.standardizer] standardizer | Hyundai | No trim alias found for: 'Essential'
[2026-08-28 11:44:24] [DEBUG   ] [accy_v2.model_lookup.semantic.standardizer] standardizer | Hyundai | No description patterns matched: 'Essential AWD'
[2026-08-28 11:44:24] [DEBUG   ] [accy_v2.model_lookup.chrome_api.mapper] mapper | HYUNDAI | SA4SAA25B100 | Applied standardization rules
[2026-08-28 11:44:24] [INFO    ] [accy_v2.model_lookup.chrome_api.mapper] mapper | HYUNDAI | Loaded 6 ENGINE_TYPE keywords: ['hev', 'hybrid', 'phev', 'ev', 'plug-in', 'electric']
[2026-08-28 11:44:24] [DEBUG   ] [accy_v2.model_lookup.chrome_api.mapper] mapper | HYUNDAI | SA4SAA25B100 | Searching text: 'santa fe essential awd'
[2026-08-28 11:44:24] [DEBUG   ] [accy_v2.model_lookup.chrome_api.mapper] mapper | HYUNDAI | SA4SAA25B100 | No ENGINE_TYPE keyword found
[2026-08-28 11:44:24] [INFO    ] [accy_v2.model_lookup.chrome_api.mapper] mapper | HYUNDAI | SA4SAA25B100 | Row complete: model=Santa Fe, trim=Essential AWD, engine_type=None
[2026-08-28 11:44:24] [DEBUG   ] [accy_v2.model_lookup.chrome_api.mapper] mapper | HYUNDAI | SA4SAA25B200 | Extracted fields: year=2022, desc=Preferred AWD, trim=Preferred
[2026-08-28 11:44:24] [DEBUG   ] [accy_v2.model_lookup.chrome_api.mapper] mapper | HYUNDAI | SA4SAA25B200 | ModelName from ADS: Santa Fe
[2026-08-28 11:44:24] [DEBUG   ] [accy_v2.model_lookup.semantic.standardizer] standardizer | Hyundai | No trim alias found for: 'Preferred'
[2026-08-28 11:44:24] [DEBUG   ] [accy_v2.model_lookup.semantic.standardizer] standardizer | Hyundai | No description patterns matched: 'Preferred AWD'
[2026-08-28 11:44:24] [DEBUG   ] [accy_v2.model_lookup.chrome_api.mapper] mapper | HYUNDAI | SA4SAA25B200 | Applied standardization rules
[2026-08-28 11:44:24] [INFO    ] [accy_v2.model_lookup.chrome_api.mapper] mapper | HYUNDAI | Loaded 6 ENGINE_TYPE keywords: ['hev', 'hybrid', 'phev', 'ev', 'plug-in', 'electric']
[2026-08-28 11:44:24] [DEBUG   ] [accy_v2.model_lookup.chrome_api.mapper] mapper | HYUNDAI | SA4SAA25B200 | Searching text: 'santa fe preferred awd'
[2026-08-28 11:44:24] [DEBUG   ] [accy_v2.model_lookup.chrome_api.mapper] mapper | HYUNDAI | SA4SAA25B200 | No ENGINE_TYPE keyword found
[2026-08-28 11:44:24] [INFO    ] [accy_v2.model_lookup.chrome_api.mapper] mapper | HYUNDAI | SA4SAA25B200 | Row complete: model=Santa Fe, trim=Preferred AWD, engine_type=None
[2026-08-28 11:44:24] [DEBUG   ] [accy_v2.model_lookup.chrome_api.mapper] mapper | HYUNDAI | SA4SAA25B241 | Extracted fields: year=2022, desc=Preferred AWD w/Trend Package, trim=Preferred
[2026-08-28 11:44:24] [DEBUG   ] [accy_v2.model_lookup.chrome_api.mapper] mapper | HYUNDAI | SA4SAA25B241 | ModelName from ADS: Santa Fe
[2026-08-28 11:44:24] [DEBUG   ] [accy_v2.model_lookup.semantic.standardizer] standardizer | Hyundai | No trim alias found for: 'Preferred'
[2026-08-28 11:44:24] [DEBUG   ] [accy_v2.model_lookup.semantic.standardizer] standardizer | Hyundai | No description patterns matched: 'Preferred AWD w/Trend Package'
[2026-08-28 11:44:24] [DEBUG   ] [accy_v2.model_lookup.chrome_api.mapper] mapper | HYUNDAI | SA4SAA25B241 | Applied standardization rules
[2026-08-28 11:44:24] [INFO    ] [accy_v2.model_lookup.chrome_api.mapper] mapper | HYUNDAI | Loaded 6 ENGINE_TYPE keywords: ['hev', 'hybrid', 'phev', 'ev', 'plug-in', 'electric']
[2026-08-28 11:44:24] [DEBUG   ] [accy_v2.model_lookup.chrome_api.mapper] mapper | HYUNDAI | SA4SAA25B241 | Searching text: 'santa fe preferred awd w/trend package'
[2026-08-28 11:44:24] [DEBUG   ] [accy_v2.model_lookup.chrome_api.mapper] mapper | HYUNDAI | SA4SAA25B241 | No ENGINE_TYPE keyword found
[2026-08-28 11:44:24] [INFO    ] [accy_v2.model_lookup.chrome_api.mapper] mapper | HYUNDAI | SA4SAA25B241 | Row complete: model=Santa Fe, trim=Preferred AWD w/Trend Package, engine_type=None
[2026-08-28 11:44:24] [DEBUG   ] [accy_v2.model_lookup.chrome_api.mapper] mapper | HYUNDAI | SA4SAA25D469 | Extracted fields: year=2022, desc=Ultimate Calligraphy AWD, trim=Ultimate Calligraphy
[2026-08-28 11:44:24] [DEBUG   ] [accy_v2.model_lookup.chrome_api.mapper] mapper | HYUNDAI | SA4SAA25D469 | ModelName from ADS: Santa Fe
[2026-08-28 11:44:24] [DEBUG   ] [accy_v2.model_lookup.semantic.standardizer] standardizer | Hyundai | No trim alias found for: 'Ultimate Calligraphy'
[2026-08-28 11:44:24] [DEBUG   ] [accy_v2.model_lookup.semantic.standardizer] standardizer | Hyundai | No description patterns matched: 'Ultimate Calligraphy AWD'
[2026-08-28 11:44:24] [DEBUG   ] [accy_v2.model_lookup.chrome_api.mapper] mapper | HYUNDAI | SA4SAA25D469 | Applied standardization rules
[2026-08-28 11:44:24] [INFO    ] [accy_v2.model_lookup.chrome_api.mapper] mapper | HYUNDAI | Loaded 6 ENGINE_TYPE keywords: ['hev', 'hybrid', 'phev', 'ev', 'plug-in', 'electric']
[2026-08-28 11:44:24] [DEBUG   ] [accy_v2.model_lookup.chrome_api.mapper] mapper | HYUNDAI | SA4SAA25D469 | Searching text: 'santa fe ultimate calligraphy awd'
[2026-08-28 11:44:24] [DEBUG   ] [accy_v2.model_lookup.chrome_api.mapper] mapper | HYUNDAI | SA4SAA25D469 | No ENGINE_TYPE keyword found
[2026-08-28 11:44:24] [INFO    ] [accy_v2.model_lookup.chrome_api.mapper] mapper | HYUNDAI | SA4SAA25D469 | Row complete: model=Santa Fe, trim=Ultimate Calligraphy AWD, engine_type=None
[2026-08-28 11:44:24] [DEBUG   ] [accy_v2.model_lookup.chrome_api.mapper] mapper | HYUNDAI | SA4SAA25DX43 | Extracted fields: year=2022, desc=Urban AWD, trim=Urban
[2026-08-28 11:44:24] [DEBUG   ] [accy_v2.model_lookup.chrome_api.mapper] mapper | HYUNDAI | SA4SAA25DX43 | ModelName from ADS: Santa Fe
[2026-08-28 11:44:24] [DEBUG   ] [accy_v2.model_lookup.semantic.standardizer] standardizer | Hyundai | No trim alias found for: 'Urban'
[2026-08-28 11:44:24] [DEBUG   ] [accy_v2.model_lookup.semantic.standardizer] standardizer | Hyundai | No description patterns matched: 'Urban AWD'
[2026-08-28 11:44:24] [DEBUG   ] [accy_v2.model_lookup.chrome_api.mapper] mapper | HYUNDAI | SA4SAA25DX43 | Applied standardization rules
[2026-08-28 11:44:24] [INFO    ] [accy_v2.model_lookup.chrome_api.mapper] mapper | HYUNDAI | Loaded 6 ENGINE_TYPE keywords: ['hev', 'hybrid', 'phev', 'ev', 'plug-in', 'electric']
[2026-08-28 11:44:24] [DEBUG   ] [accy_v2.model_lookup.chrome_api.mapper] mapper | HYUNDAI | SA4SAA25DX43 | Searching text: 'santa fe urban awd'
[2026-08-28 11:44:24] [DEBUG   ] [accy_v2.model_lookup.chrome_api.mapper] mapper | HYUNDAI | SA4SAA25DX43 | No ENGINE_TYPE keyword found
[2026-08-28 11:44:24] [INFO    ] [accy_v2.model_lookup.chrome_api.mapper] mapper | HYUNDAI | SA4SAA25DX43 | Row complete: model=Santa Fe, trim=Urban AWD, engine_type=None
[2026-08-28 11:44:24] [INFO    ] [accy_v2.model_lookup.chrome_api.mapper] mapper | ads_response_to_rows | Hyundai | Converted 5/5 trims to rows
[2026-08-28 11:44:24] [DEBUG   ] [accy_v2.model_lookup.chrome_api.service] refresh_from_ads | Hyundai 2022 Santa Fe | Converted 5 trims to rows
[2026-08-28 11:44:24] [DEBUG   ] [urllib3.connectionpool] https://demos.autodatasolutions.com:443 "POST /ADSDemo/api/full/ymmt/year/2022/make/Hyundai/model/Santa%20Fe%20Hybrid/ HTTP/1.1" 200 None
[2026-08-28 11:44:24] [INFO    ] [accy_v2.model_lookup.chrome_api.mapper] mapper | ads_response_to_rows | Hyundai | Processing 2 trims from ADS response
[2026-08-28 11:44:24] [DEBUG   ] [accy_v2.model_lookup.chrome_api.mapper] mapper | HYUNDAI | SA4SAA16G2AD | Extracted fields: year=2022, desc=Preferred AWD w/Trend Package, trim=Preferred
[2026-08-28 11:44:24] [DEBUG   ] [accy_v2.model_lookup.chrome_api.mapper] mapper | HYUNDAI | SA4SAA16G2AD | ModelName from ADS: Santa Fe Hybrid
[2026-08-28 11:44:24] [DEBUG   ] [accy_v2.model_lookup.semantic.standardizer] standardizer | Hyundai | No trim alias found for: 'Preferred'
[2026-08-28 11:44:24] [DEBUG   ] [accy_v2.model_lookup.semantic.standardizer] standardizer | Hyundai | No description patterns matched: 'Preferred AWD w/Trend Package'
[2026-08-28 11:44:24] [DEBUG   ] [accy_v2.model_lookup.chrome_api.mapper] mapper | HYUNDAI | SA4SAA16G2AD | Applied standardization rules
[2026-08-28 11:44:24] [INFO    ] [accy_v2.model_lookup.chrome_api.mapper] mapper | HYUNDAI | Loaded 6 ENGINE_TYPE keywords: ['hev', 'hybrid', 'phev', 'ev', 'plug-in', 'electric']
[2026-08-28 11:44:24] [DEBUG   ] [accy_v2.model_lookup.chrome_api.mapper] mapper | HYUNDAI | SA4SAA16G2AD | Searching text: 'santa fe hybrid preferred awd w/trend package'
[2026-08-28 11:44:24] [DEBUG   ] [accy_v2.model_lookup.chrome_api.mapper] mapper | HYUNDAI | SA4SAA16G2AD | Found keyword 'hybrid' in 'Santa Fe Hybrid Preferred AWD w/Trend Package'
[2026-08-28 11:44:24] [WARNING ] [accy_v2.model_lookup.chrome_api.mapper] mapper | HYUNDAI | SA4SAA16G2AD | Keyword 'hybrid' found but NOT in translator. Returning keyword as-is.
[2026-08-28 11:44:24] [INFO    ] [accy_v2.model_lookup.chrome_api.mapper] mapper | HYUNDAI | SA4SAA16G2AD | Row complete: model=Santa Fe Hybrid, trim=Preferred AWD w/Trend Package, engine_type=hybrid
[2026-08-28 11:44:24] [DEBUG   ] [accy_v2.model_lookup.chrome_api.mapper] mapper | HYUNDAI | SA4SAA16G3AA | Extracted fields: year=2022, desc=Luxury AWD, trim=Luxury
[2026-08-28 11:44:24] [DEBUG   ] [accy_v2.model_lookup.chrome_api.mapper] mapper | HYUNDAI | SA4SAA16G3AA | ModelName from ADS: Santa Fe Hybrid
[2026-08-28 11:44:24] [DEBUG   ] [accy_v2.model_lookup.semantic.standardizer] standardizer | Hyundai | No trim alias found for: 'Luxury'
[2026-08-28 11:44:24] [DEBUG   ] [accy_v2.model_lookup.semantic.standardizer] standardizer | Hyundai | No description patterns matched: 'Luxury AWD'
[2026-08-28 11:44:24] [DEBUG   ] [accy_v2.model_lookup.chrome_api.mapper] mapper | HYUNDAI | SA4SAA16G3AA | Applied standardization rules
[2026-08-28 11:44:24] [INFO    ] [accy_v2.model_lookup.chrome_api.mapper] mapper | HYUNDAI | Loaded 6 ENGINE_TYPE keywords: ['hev', 'hybrid', 'phev', 'ev', 'plug-in', 'electric']
[2026-08-28 11:44:24] [DEBUG   ] [accy_v2.model_lookup.chrome_api.mapper] mapper | HYUNDAI | SA4SAA16G3AA | Searching text: 'santa fe hybrid luxury awd'
[2026-08-28 11:44:24] [DEBUG   ] [accy_v2.model_lookup.chrome_api.mapper] mapper | HYUNDAI | SA4SAA16G3AA | Found keyword 'hybrid' in 'Santa Fe Hybrid Luxury AWD'
[2026-08-28 11:44:24] [WARNING ] [accy_v2.model_lookup.chrome_api.mapper] mapper | HYUNDAI | SA4SAA16G3AA | Keyword 'hybrid' found but NOT in translator. Returning keyword as-is.
[2026-08-28 11:44:24] [INFO    ] [accy_v2.model_lookup.chrome_api.mapper] mapper | HYUNDAI | SA4SAA16G3AA | Row complete: model=Santa Fe Hybrid, trim=Luxury AWD, engine_type=hybrid
[2026-08-28 11:44:24] [INFO    ] [accy_v2.model_lookup.chrome_api.mapper] mapper | ads_response_to_rows | Hyundai | Converted 2/2 trims to rows
[2026-08-28 11:44:24] [DEBUG   ] [accy_v2.model_lookup.chrome_api.service] refresh_from_ads | Hyundai 2022 Santa Fe Hybrid | Converted 2 trims to rows
[2026-08-28 11:44:24] [DEBUG   ] [urllib3.connectionpool] https://demos.autodatasolutions.com:443 "POST /ADSDemo/api/full/ymmt/year/2022/make/Hyundai/model/Santa%20Fe%20Plug-In%20Hybrid/ HTTP/1.1" 200 None
[2026-08-28 11:44:25] [INFO    ] [accy_v2.model_lookup.chrome_api.mapper] mapper | ads_response_to_rows | Hyundai | Processing 2 trims from ADS response
[2026-08-28 11:44:25] [DEBUG   ] [accy_v2.model_lookup.chrome_api.mapper] mapper | HYUNDAI | SA4SAA16J2AB | Extracted fields: year=2022, desc=Preferred AWD, trim=Preferred
[2026-08-28 11:44:25] [DEBUG   ] [accy_v2.model_lookup.chrome_api.mapper] mapper | HYUNDAI | SA4SAA16J2AB | ModelName from ADS: Santa Fe Plug-In Hybrid
[2026-08-28 11:44:25] [DEBUG   ] [accy_v2.model_lookup.semantic.standardizer] standardizer | Hyundai | No trim alias found for: 'Preferred'
[2026-08-28 11:44:25] [DEBUG   ] [accy_v2.model_lookup.semantic.standardizer] standardizer | Hyundai | No description patterns matched: 'Preferred AWD'
[2026-08-28 11:44:25] [DEBUG   ] [accy_v2.model_lookup.chrome_api.mapper] mapper | HYUNDAI | SA4SAA16J2AB | Applied standardization rules
[2026-08-28 11:44:25] [INFO    ] [accy_v2.model_lookup.chrome_api.mapper] mapper | HYUNDAI | Loaded 6 ENGINE_TYPE keywords: ['hev', 'hybrid', 'phev', 'ev', 'plug-in', 'electric']
[2026-08-28 11:44:25] [DEBUG   ] [accy_v2.model_lookup.chrome_api.mapper] mapper | HYUNDAI | SA4SAA16J2AB | Searching text: 'santa fe plug-in hybrid preferred awd'
[2026-08-28 11:44:25] [DEBUG   ] [accy_v2.model_lookup.chrome_api.mapper] mapper | HYUNDAI | SA4SAA16J2AB | Found keyword 'hybrid' in 'Santa Fe Plug-In Hybrid Preferred AWD'
[2026-08-28 11:44:25] [WARNING ] [accy_v2.model_lookup.chrome_api.mapper] mapper | HYUNDAI | SA4SAA16J2AB | Keyword 'hybrid' found but NOT in translator. Returning keyword as-is.
[2026-08-28 11:44:25] [INFO    ] [accy_v2.model_lookup.chrome_api.mapper] mapper | HYUNDAI | SA4SAA16J2AB | Row complete: model=Santa Fe Plug-In Hybrid, trim=Preferred AWD, engine_type=hybrid
[2026-08-28 11:44:25] [DEBUG   ] [accy_v2.model_lookup.chrome_api.mapper] mapper | HYUNDAI | SA4SAA16J3AB | Extracted fields: year=2022, desc=Luxury AWD, trim=Luxury
[2026-08-28 11:44:25] [DEBUG   ] [accy_v2.model_lookup.chrome_api.mapper] mapper | HYUNDAI | SA4SAA16J3AB | ModelName from ADS: Santa Fe Plug-In Hybrid
[2026-08-28 11:44:25] [DEBUG   ] [accy_v2.model_lookup.semantic.standardizer] standardizer | Hyundai | No trim alias found for: 'Luxury'
[2026-08-28 11:44:25] [DEBUG   ] [accy_v2.model_lookup.semantic.standardizer] standardizer | Hyundai | No description patterns matched: 'Luxury AWD'
[2026-08-28 11:44:25] [DEBUG   ] [accy_v2.model_lookup.chrome_api.mapper] mapper | HYUNDAI | SA4SAA16J3AB | Applied standardization rules
[2026-08-28 11:44:25] [INFO    ] [accy_v2.model_lookup.chrome_api.mapper] mapper | HYUNDAI | Loaded 6 ENGINE_TYPE keywords: ['hev', 'hybrid', 'phev', 'ev', 'plug-in', 'electric']
[2026-08-28 11:44:25] [DEBUG   ] [accy_v2.model_lookup.chrome_api.mapper] mapper | HYUNDAI | SA4SAA16J3AB | Searching text: 'santa fe plug-in hybrid luxury awd'
[2026-08-28 11:44:25] [DEBUG   ] [accy_v2.model_lookup.chrome_api.mapper] mapper | HYUNDAI | SA4SAA16J3AB | Found keyword 'hybrid' in 'Santa Fe Plug-In Hybrid Luxury AWD'
[2026-08-28 11:44:25] [WARNING ] [accy_v2.model_lookup.chrome_api.mapper] mapper | HYUNDAI | SA4SAA16J3AB | Keyword 'hybrid' found but NOT in translator. Returning keyword as-is.
[2026-08-28 11:44:25] [INFO    ] [accy_v2.model_lookup.chrome_api.mapper] mapper | HYUNDAI | SA4SAA16J3AB | Row complete: model=Santa Fe Plug-In Hybrid, trim=Luxury AWD, engine_type=hybrid
[2026-08-28 11:44:25] [INFO    ] [accy_v2.model_lookup.chrome_api.mapper] mapper | ads_response_to_rows | Hyundai | Converted 2/2 trims to rows
[2026-08-28 11:44:25] [DEBUG   ] [accy_v2.model_lookup.chrome_api.service] refresh_from_ads | Hyundai 2022 Santa Fe Plug-In Hybrid | Converted 2 trims to rows
[2026-08-28 11:44:25] [DEBUG   ] [urllib3.connectionpool] https://demos.autodatasolutions.com:443 "POST /ADSDemo/api/full/ymmt/year/2022/make/Hyundai/model/Sonata/ HTTP/1.1" 200 None
[2026-08-28 11:44:25] [INFO    ] [accy_v2.model_lookup.chrome_api.mapper] mapper | ads_response_to_rows | Hyundai | Processing 4 trims from ADS response
[2026-08-28 11:44:25] [DEBUG   ] [accy_v2.model_lookup.chrome_api.mapper] mapper | HYUNDAI | SO84AF25B200 | Extracted fields: year=2022, desc=2.5L Preferred, trim=Preferred
[2026-08-28 11:44:25] [DEBUG   ] [accy_v2.model_lookup.chrome_api.mapper] mapper | HYUNDAI | SO84AF25B200 | ModelName from ADS: Sonata
[2026-08-28 11:44:25] [DEBUG   ] [accy_v2.model_lookup.semantic.standardizer] standardizer | Hyundai | No trim alias found for: 'Preferred'
[2026-08-28 11:44:25] [DEBUG   ] [accy_v2.model_lookup.semantic.standardizer] standardizer | Hyundai | No description patterns matched: '2.5L Preferred'
[2026-08-28 11:44:25] [DEBUG   ] [accy_v2.model_lookup.chrome_api.mapper] mapper | HYUNDAI | SO84AF25B200 | Applied standardization rules
[2026-08-28 11:44:25] [INFO    ] [accy_v2.model_lookup.chrome_api.mapper] mapper | HYUNDAI | Loaded 6 ENGINE_TYPE keywords: ['hev', 'hybrid', 'phev', 'ev', 'plug-in', 'electric']
[2026-08-28 11:44:25] [DEBUG   ] [accy_v2.model_lookup.chrome_api.mapper] mapper | HYUNDAI | SO84AF25B200 | Searching text: 'sonata 2.5l preferred'
[2026-08-28 11:44:25] [DEBUG   ] [accy_v2.model_lookup.chrome_api.mapper] mapper | HYUNDAI | SO84AF25B200 | No ENGINE_TYPE keyword found
[2026-08-28 11:44:25] [INFO    ] [accy_v2.model_lookup.chrome_api.mapper] mapper | HYUNDAI | SO84AF25B200 | Row complete: model=Sonata, trim=2.5L Preferred, engine_type=None
[2026-08-28 11:44:25] [DEBUG   ] [accy_v2.model_lookup.chrome_api.mapper] mapper | HYUNDAI | SO84AF16DS00 | Extracted fields: year=2022, desc=1.6T Sport, trim=Sport
[2026-08-28 11:44:25] [DEBUG   ] [accy_v2.model_lookup.chrome_api.mapper] mapper | HYUNDAI | SO84AF16DS00 | ModelName from ADS: Sonata
[2026-08-28 11:44:25] [DEBUG   ] [accy_v2.model_lookup.semantic.standardizer] standardizer | Hyundai | No trim alias found for: 'Sport'
[2026-08-28 11:44:25] [DEBUG   ] [accy_v2.model_lookup.semantic.standardizer] standardizer | Hyundai | No description patterns matched: '1.6T Sport'
[2026-08-28 11:44:25] [DEBUG   ] [accy_v2.model_lookup.chrome_api.mapper] mapper | HYUNDAI | SO84AF16DS00 | Applied standardization rules
[2026-08-28 11:44:25] [INFO    ] [accy_v2.model_lookup.chrome_api.mapper] mapper | HYUNDAI | Loaded 6 ENGINE_TYPE keywords: ['hev', 'hybrid', 'phev', 'ev', 'plug-in', 'electric']
[2026-08-28 11:44:25] [DEBUG   ] [accy_v2.model_lookup.chrome_api.mapper] mapper | HYUNDAI | SO84AF16DS00 | Searching text: 'sonata 1.6t sport'
[2026-08-28 11:44:25] [DEBUG   ] [accy_v2.model_lookup.chrome_api.mapper] mapper | HYUNDAI | SO84AF16DS00 | No ENGINE_TYPE keyword found
[2026-08-28 11:44:25] [INFO    ] [accy_v2.model_lookup.chrome_api.mapper] mapper | HYUNDAI | SO84AF16DS00 | Row complete: model=Sonata, trim=1.6T Sport, engine_type=None
[2026-08-28 11:44:25] [DEBUG   ] [accy_v2.model_lookup.chrome_api.mapper] mapper | HYUNDAI | SO84AF16D300 | Extracted fields: year=2022, desc=1.6T Luxury, trim=Luxury
[2026-08-28 11:44:25] [DEBUG   ] [accy_v2.model_lookup.chrome_api.mapper] mapper | HYUNDAI | SO84AF16D300 | ModelName from ADS: Sonata
[2026-08-28 11:44:25] [DEBUG   ] [accy_v2.model_lookup.semantic.standardizer] standardizer | Hyundai | No trim alias found for: 'Luxury'
[2026-08-28 11:44:25] [DEBUG   ] [accy_v2.model_lookup.semantic.standardizer] standardizer | Hyundai | No description patterns matched: '1.6T Luxury'
[2026-08-28 11:44:25] [DEBUG   ] [accy_v2.model_lookup.chrome_api.mapper] mapper | HYUNDAI | SO84AF16D300 | Applied standardization rules
[2026-08-28 11:44:25] [INFO    ] [accy_v2.model_lookup.chrome_api.mapper] mapper | HYUNDAI | Loaded 6 ENGINE_TYPE keywords: ['hev', 'hybrid', 'phev', 'ev', 'plug-in', 'electric']
[2026-08-28 11:44:25] [DEBUG   ] [accy_v2.model_lookup.chrome_api.mapper] mapper | HYUNDAI | SO84AF16D300 | Searching text: 'sonata 1.6t luxury'
[2026-08-28 11:44:25] [DEBUG   ] [accy_v2.model_lookup.chrome_api.mapper] mapper | HYUNDAI | SO84AF16D300 | No ENGINE_TYPE keyword found
[2026-08-28 11:44:25] [INFO    ] [accy_v2.model_lookup.chrome_api.mapper] mapper | HYUNDAI | SO84AF16D300 | Row complete: model=Sonata, trim=1.6T Luxury, engine_type=None
[2026-08-28 11:44:25] [DEBUG   ] [accy_v2.model_lookup.chrome_api.mapper] mapper | HYUNDAI | SO84DF25DO00 | Extracted fields: year=2022, desc=2.5T N Line, trim=N Line
[2026-08-28 11:44:25] [DEBUG   ] [accy_v2.model_lookup.chrome_api.mapper] mapper | HYUNDAI | SO84DF25DO00 | ModelName from ADS: Sonata
[2026-08-28 11:44:25] [DEBUG   ] [accy_v2.model_lookup.chrome_api.mapper] mapper | HYUNDAI | SO84DF25DO00 | Applied standardization rules
[2026-08-28 11:44:25] [INFO    ] [accy_v2.model_lookup.chrome_api.mapper] mapper | HYUNDAI | Loaded 6 ENGINE_TYPE keywords: ['hev', 'hybrid', 'phev', 'ev', 'plug-in', 'electric']
[2026-08-28 11:44:25] [DEBUG   ] [accy_v2.model_lookup.chrome_api.mapper] mapper | HYUNDAI | SO84DF25DO00 | Searching text: 'sonata 2.5t n-line'
[2026-08-28 11:44:25] [DEBUG   ] [accy_v2.model_lookup.chrome_api.mapper] mapper | HYUNDAI | SO84DF25DO00 | No ENGINE_TYPE keyword found
[2026-08-28 11:44:25] [INFO    ] [accy_v2.model_lookup.chrome_api.mapper] mapper | HYUNDAI | SO84DF25DO00 | Row complete: model=Sonata, trim=2.5T N-Line, engine_type=None
[2026-08-28 11:44:25] [INFO    ] [accy_v2.model_lookup.chrome_api.mapper] mapper | ads_response_to_rows | Hyundai | Converted 4/4 trims to rows
[2026-08-28 11:44:25] [DEBUG   ] [accy_v2.model_lookup.chrome_api.service] refresh_from_ads | Hyundai 2022 Sonata | Converted 4 trims to rows
[2026-08-28 11:44:26] [DEBUG   ] [urllib3.connectionpool] https://demos.autodatasolutions.com:443 "POST /ADSDemo/api/full/ymmt/year/2022/make/Hyundai/model/Sonata%20Hybrid/ HTTP/1.1" 200 None
[2026-08-28 11:44:26] [INFO    ] [accy_v2.model_lookup.chrome_api.mapper] mapper | ads_response_to_rows | Hyundai | Processing 2 trims from ADS response
[2026-08-28 11:44:26] [DEBUG   ] [accy_v2.model_lookup.chrome_api.mapper] mapper | HYUNDAI | SH84AF20I4AI | Extracted fields: year=2022, desc=Ultimate Sedan, trim=Ultimate
[2026-08-28 11:44:26] [DEBUG   ] [accy_v2.model_lookup.chrome_api.mapper] mapper | HYUNDAI | SH84AF20I4AI | ModelName from ADS: Sonata Hybrid
[2026-08-28 11:44:26] [DEBUG   ] [accy_v2.model_lookup.semantic.standardizer] standardizer | Hyundai | No trim alias found for: 'Ultimate'
[2026-08-28 11:44:26] [DEBUG   ] [accy_v2.model_lookup.semantic.standardizer] standardizer | Hyundai | No description patterns matched: 'Ultimate Sedan'
[2026-08-28 11:44:26] [DEBUG   ] [accy_v2.model_lookup.chrome_api.mapper] mapper | HYUNDAI | SH84AF20I4AI | Applied standardization rules
[2026-08-28 11:44:26] [INFO    ] [accy_v2.model_lookup.chrome_api.mapper] mapper | HYUNDAI | Loaded 6 ENGINE_TYPE keywords: ['hev', 'hybrid', 'phev', 'ev', 'plug-in', 'electric']
[2026-08-28 11:44:26] [DEBUG   ] [accy_v2.model_lookup.chrome_api.mapper] mapper | HYUNDAI | SH84AF20I4AI | Searching text: 'sonata hybrid ultimate sedan'
[2026-08-28 11:44:26] [DEBUG   ] [accy_v2.model_lookup.chrome_api.mapper] mapper | HYUNDAI | SH84AF20I4AI | Found keyword 'hybrid' in 'Sonata Hybrid Ultimate Sedan'
[2026-08-28 11:44:26] [WARNING ] [accy_v2.model_lookup.chrome_api.mapper] mapper | HYUNDAI | SH84AF20I4AI | Keyword 'hybrid' found but NOT in translator. Returning keyword as-is.
[2026-08-28 11:44:26] [INFO    ] [accy_v2.model_lookup.chrome_api.mapper] mapper | HYUNDAI | SH84AF20I4AI | Row complete: model=Sonata Hybrid, trim=Ultimate Sedan, engine_type=hybrid
[2026-08-28 11:44:26] [DEBUG   ] [accy_v2.model_lookup.chrome_api.mapper] mapper | HYUNDAI | SH84AF20I4AJ | Extracted fields: year=2022, desc=Ultimate Sedan w/Solar Roof, trim=Ultimate
[2026-08-28 11:44:26] [DEBUG   ] [accy_v2.model_lookup.chrome_api.mapper] mapper | HYUNDAI | SH84AF20I4AJ | ModelName from ADS: Sonata Hybrid
[2026-08-28 11:44:26] [DEBUG   ] [accy_v2.model_lookup.semantic.standardizer] standardizer | Hyundai | No trim alias found for: 'Ultimate'
[2026-08-28 11:44:26] [DEBUG   ] [accy_v2.model_lookup.semantic.standardizer] standardizer | Hyundai | No description patterns matched: 'Ultimate Sedan w/Solar Roof'
[2026-08-28 11:44:26] [DEBUG   ] [accy_v2.model_lookup.chrome_api.mapper] mapper | HYUNDAI | SH84AF20I4AJ | Applied standardization rules
[2026-08-28 11:44:26] [INFO    ] [accy_v2.model_lookup.chrome_api.mapper] mapper | HYUNDAI | Loaded 6 ENGINE_TYPE keywords: ['hev', 'hybrid', 'phev', 'ev', 'plug-in', 'electric']
[2026-08-28 11:44:26] [DEBUG   ] [accy_v2.model_lookup.chrome_api.mapper] mapper | HYUNDAI | SH84AF20I4AJ | Searching text: 'sonata hybrid ultimate sedan w/solar roof'
[2026-08-28 11:44:26] [DEBUG   ] [accy_v2.model_lookup.chrome_api.mapper] mapper | HYUNDAI | SH84AF20I4AJ | Found keyword 'hybrid' in 'Sonata Hybrid Ultimate Sedan w/Solar Roof'
[2026-08-28 11:44:26] [WARNING ] [accy_v2.model_lookup.chrome_api.mapper] mapper | HYUNDAI | SH84AF20I4AJ | Keyword 'hybrid' found but NOT in translator. Returning keyword as-is.
[2026-08-28 11:44:26] [INFO    ] [accy_v2.model_lookup.chrome_api.mapper] mapper | HYUNDAI | SH84AF20I4AJ | Row complete: model=Sonata Hybrid, trim=Ultimate Sedan w/Solar Roof, engine_type=hybrid
[2026-08-28 11:44:26] [INFO    ] [accy_v2.model_lookup.chrome_api.mapper] mapper | ads_response_to_rows | Hyundai | Converted 2/2 trims to rows
[2026-08-28 11:44:26] [DEBUG   ] [accy_v2.model_lookup.chrome_api.service] refresh_from_ads | Hyundai 2022 Sonata Hybrid | Converted 2 trims to rows
[2026-08-28 11:44:26] [DEBUG   ] [urllib3.connectionpool] https://demos.autodatasolutions.com:443 "POST /ADSDemo/api/full/ymmt/year/2022/make/Hyundai/model/Tucson/ HTTP/1.1" 200 None
[2026-08-28 11:44:27] [INFO    ] [accy_v2.model_lookup.chrome_api.mapper] mapper | ads_response_to_rows | Hyundai | Processing 7 trims from ADS response
[2026-08-28 11:44:27] [DEBUG   ] [accy_v2.model_lookup.chrome_api.mapper] mapper | HYUNDAI | TU4SAF25B100 | Extracted fields: year=2022, desc=Essential FWD, trim=Essential
[2026-08-28 11:44:27] [DEBUG   ] [accy_v2.model_lookup.chrome_api.mapper] mapper | HYUNDAI | TU4SAF25B100 | ModelName from ADS: Tucson
[2026-08-28 11:44:27] [DEBUG   ] [accy_v2.model_lookup.semantic.standardizer] standardizer | Hyundai | No trim alias found for: 'Essential'
[2026-08-28 11:44:27] [DEBUG   ] [accy_v2.model_lookup.semantic.standardizer] standardizer | Hyundai | No description patterns matched: 'Essential FWD'
[2026-08-28 11:44:27] [DEBUG   ] [accy_v2.model_lookup.chrome_api.mapper] mapper | HYUNDAI | TU4SAF25B100 | Applied standardization rules
[2026-08-28 11:44:27] [INFO    ] [accy_v2.model_lookup.chrome_api.mapper] mapper | HYUNDAI | Loaded 6 ENGINE_TYPE keywords: ['hev', 'hybrid', 'phev', 'ev', 'plug-in', 'electric']
[2026-08-28 11:44:27] [DEBUG   ] [accy_v2.model_lookup.chrome_api.mapper] mapper | HYUNDAI | TU4SAF25B100 | Searching text: 'tucson essential fwd'
[2026-08-28 11:44:27] [DEBUG   ] [accy_v2.model_lookup.chrome_api.mapper] mapper | HYUNDAI | TU4SAF25B100 | No ENGINE_TYPE keyword found
[2026-08-28 11:44:27] [INFO    ] [accy_v2.model_lookup.chrome_api.mapper] mapper | HYUNDAI | TU4SAF25B100 | Row complete: model=Tucson, trim=Essential FWD, engine_type=None
[2026-08-28 11:44:27] [DEBUG   ] [accy_v2.model_lookup.chrome_api.mapper] mapper | HYUNDAI | TU4SAF25B200 | Extracted fields: year=2022, desc=Preferred FWD, trim=Preferred
[2026-08-28 11:44:27] [DEBUG   ] [accy_v2.model_lookup.chrome_api.mapper] mapper | HYUNDAI | TU4SAF25B200 | ModelName from ADS: Tucson
[2026-08-28 11:44:27] [DEBUG   ] [accy_v2.model_lookup.semantic.standardizer] standardizer | Hyundai | No trim alias found for: 'Preferred'
[2026-08-28 11:44:27] [DEBUG   ] [accy_v2.model_lookup.semantic.standardizer] standardizer | Hyundai | No description patterns matched: 'Preferred FWD'
[2026-08-28 11:44:27] [DEBUG   ] [accy_v2.model_lookup.chrome_api.mapper] mapper | HYUNDAI | TU4SAF25B200 | Applied standardization rules
[2026-08-28 11:44:27] [INFO    ] [accy_v2.model_lookup.chrome_api.mapper] mapper | HYUNDAI | Loaded 6 ENGINE_TYPE keywords: ['hev', 'hybrid', 'phev', 'ev', 'plug-in', 'electric']
[2026-08-28 11:44:27] [DEBUG   ] [accy_v2.model_lookup.chrome_api.mapper] mapper | HYUNDAI | TU4SAF25B200 | Searching text: 'tucson preferred fwd'
[2026-08-28 11:44:27] [DEBUG   ] [accy_v2.model_lookup.chrome_api.mapper] mapper | HYUNDAI | TU4SAF25B200 | No ENGINE_TYPE keyword found
[2026-08-28 11:44:27] [INFO    ] [accy_v2.model_lookup.chrome_api.mapper] mapper | HYUNDAI | TU4SAF25B200 | Row complete: model=Tucson, trim=Preferred FWD, engine_type=None
[2026-08-28 11:44:27] [DEBUG   ] [accy_v2.model_lookup.chrome_api.mapper] mapper | HYUNDAI | TU4SAA25B100 | Extracted fields: year=2022, desc=Essential AWD, trim=Essential
[2026-08-28 11:44:27] [DEBUG   ] [accy_v2.model_lookup.chrome_api.mapper] mapper | HYUNDAI | TU4SAA25B100 | ModelName from ADS: Tucson
[2026-08-28 11:44:27] [DEBUG   ] [accy_v2.model_lookup.semantic.standardizer] standardizer | Hyundai | No trim alias found for: 'Essential'
[2026-08-28 11:44:27] [DEBUG   ] [accy_v2.model_lookup.semantic.standardizer] standardizer | Hyundai | No description patterns matched: 'Essential AWD'
[2026-08-28 11:44:27] [DEBUG   ] [accy_v2.model_lookup.chrome_api.mapper] mapper | HYUNDAI | TU4SAA25B100 | Applied standardization rules
[2026-08-28 11:44:27] [INFO    ] [accy_v2.model_lookup.chrome_api.mapper] mapper | HYUNDAI | Loaded 6 ENGINE_TYPE keywords: ['hev', 'hybrid', 'phev', 'ev', 'plug-in', 'electric']
[2026-08-28 11:44:27] [DEBUG   ] [accy_v2.model_lookup.chrome_api.mapper] mapper | HYUNDAI | TU4SAA25B100 | Searching text: 'tucson essential awd'
[2026-08-28 11:44:27] [DEBUG   ] [accy_v2.model_lookup.chrome_api.mapper] mapper | HYUNDAI | TU4SAA25B100 | No ENGINE_TYPE keyword found
[2026-08-28 11:44:27] [INFO    ] [accy_v2.model_lookup.chrome_api.mapper] mapper | HYUNDAI | TU4SAA25B100 | Row complete: model=Tucson, trim=Essential AWD, engine_type=None
[2026-08-28 11:44:27] [DEBUG   ] [accy_v2.model_lookup.chrome_api.mapper] mapper | HYUNDAI | TU4SAA25B200 | Extracted fields: year=2022, desc=Preferred AWD, trim=Preferred
[2026-08-28 11:44:27] [DEBUG   ] [accy_v2.model_lookup.chrome_api.mapper] mapper | HYUNDAI | TU4SAA25B200 | ModelName from ADS: Tucson
[2026-08-28 11:44:27] [DEBUG   ] [accy_v2.model_lookup.semantic.standardizer] standardizer | Hyundai | No trim alias found for: 'Preferred'
[2026-08-28 11:44:27] [DEBUG   ] [accy_v2.model_lookup.semantic.standardizer] standardizer | Hyundai | No description patterns matched: 'Preferred AWD'
[2026-08-28 11:44:27] [DEBUG   ] [accy_v2.model_lookup.chrome_api.mapper] mapper | HYUNDAI | TU4SAA25B200 | Applied standardization rules
[2026-08-28 11:44:27] [INFO    ] [accy_v2.model_lookup.chrome_api.mapper] mapper | HYUNDAI | Loaded 6 ENGINE_TYPE keywords: ['hev', 'hybrid', 'phev', 'ev', 'plug-in', 'electric']
[2026-08-28 11:44:27] [DEBUG   ] [accy_v2.model_lookup.chrome_api.mapper] mapper | HYUNDAI | TU4SAA25B200 | Searching text: 'tucson preferred awd'
[2026-08-28 11:44:27] [DEBUG   ] [accy_v2.model_lookup.chrome_api.mapper] mapper | HYUNDAI | TU4SAA25B200 | No ENGINE_TYPE keyword found
[2026-08-28 11:44:27] [INFO    ] [accy_v2.model_lookup.chrome_api.mapper] mapper | HYUNDAI | TU4SAA25B200 | Row complete: model=Tucson, trim=Preferred AWD, engine_type=None
[2026-08-28 11:44:27] [DEBUG   ] [accy_v2.model_lookup.chrome_api.mapper] mapper | HYUNDAI | TU4SAA25B241 | Extracted fields: year=2022, desc=Preferred AWD w/Trend Package, trim=Preferred
[2026-08-28 11:44:27] [DEBUG   ] [accy_v2.model_lookup.chrome_api.mapper] mapper | HYUNDAI | TU4SAA25B241 | ModelName from ADS: Tucson
[2026-08-28 11:44:27] [DEBUG   ] [accy_v2.model_lookup.semantic.standardizer] standardizer | Hyundai | No trim alias found for: 'Preferred'
[2026-08-28 11:44:27] [DEBUG   ] [accy_v2.model_lookup.semantic.standardizer] standardizer | Hyundai | No description patterns matched: 'Preferred AWD w/Trend Package'
[2026-08-28 11:44:27] [DEBUG   ] [accy_v2.model_lookup.chrome_api.mapper] mapper | HYUNDAI | TU4SAA25B241 | Applied standardization rules
[2026-08-28 11:44:27] [INFO    ] [accy_v2.model_lookup.chrome_api.mapper] mapper | HYUNDAI | Loaded 6 ENGINE_TYPE keywords: ['hev', 'hybrid', 'phev', 'ev', 'plug-in', 'electric']
[2026-08-28 11:44:27] [DEBUG   ] [accy_v2.model_lookup.chrome_api.mapper] mapper | HYUNDAI | TU4SAA25B241 | Searching text: 'tucson preferred awd w/trend package'
[2026-08-28 11:44:27] [DEBUG   ] [accy_v2.model_lookup.chrome_api.mapper] mapper | HYUNDAI | TU4SAA25B241 | No ENGINE_TYPE keyword found
[2026-08-28 11:44:27] [INFO    ] [accy_v2.model_lookup.chrome_api.mapper] mapper | HYUNDAI | TU4SAA25B241 | Row complete: model=Tucson, trim=Preferred AWD w/Trend Package, engine_type=None
[2026-08-28 11:44:27] [DEBUG   ] [accy_v2.model_lookup.chrome_api.mapper] mapper | HYUNDAI | TU4SAA25BO00 | Extracted fields: year=2022, desc=N Line AWD, trim=N Line
[2026-08-28 11:44:27] [DEBUG   ] [accy_v2.model_lookup.chrome_api.mapper] mapper | HYUNDAI | TU4SAA25BO00 | ModelName from ADS: Tucson
[2026-08-28 11:44:27] [DEBUG   ] [accy_v2.model_lookup.chrome_api.mapper] mapper | HYUNDAI | TU4SAA25BO00 | Applied standardization rules
[2026-08-28 11:44:27] [INFO    ] [accy_v2.model_lookup.chrome_api.mapper] mapper | HYUNDAI | Loaded 6 ENGINE_TYPE keywords: ['hev', 'hybrid', 'phev', 'ev', 'plug-in', 'electric']
[2026-08-28 11:44:27] [DEBUG   ] [accy_v2.model_lookup.chrome_api.mapper] mapper | HYUNDAI | TU4SAA25BO00 | Searching text: 'tucson n-line awd'
[2026-08-28 11:44:27] [DEBUG   ] [accy_v2.model_lookup.chrome_api.mapper] mapper | HYUNDAI | TU4SAA25BO00 | No ENGINE_TYPE keyword found
[2026-08-28 11:44:27] [INFO    ] [accy_v2.model_lookup.chrome_api.mapper] mapper | HYUNDAI | TU4SAA25BO00 | Row complete: model=Tucson, trim=N-Line AWD, engine_type=None
[2026-08-28 11:44:27] [DEBUG   ] [accy_v2.model_lookup.chrome_api.mapper] mapper | HYUNDAI | TU4SAA25BY76 | Extracted fields: year=2022, desc=Urban Edition AWD, trim=Urban Edition
[2026-08-28 11:44:27] [DEBUG   ] [accy_v2.model_lookup.chrome_api.mapper] mapper | HYUNDAI | TU4SAA25BY76 | ModelName from ADS: Tucson
[2026-08-28 11:44:27] [DEBUG   ] [accy_v2.model_lookup.semantic.standardizer] standardizer | Hyundai | No trim alias found for: 'Urban Edition'
[2026-08-28 11:44:27] [DEBUG   ] [accy_v2.model_lookup.semantic.standardizer] standardizer | Hyundai | No description patterns matched: 'Urban Edition AWD'
[2026-08-28 11:44:27] [DEBUG   ] [accy_v2.model_lookup.chrome_api.mapper] mapper | HYUNDAI | TU4SAA25BY76 | Applied standardization rules
[2026-08-28 11:44:27] [INFO    ] [accy_v2.model_lookup.chrome_api.mapper] mapper | HYUNDAI | Loaded 6 ENGINE_TYPE keywords: ['hev', 'hybrid', 'phev', 'ev', 'plug-in', 'electric']
[2026-08-28 11:44:27] [DEBUG   ] [accy_v2.model_lookup.chrome_api.mapper] mapper | HYUNDAI | TU4SAA25BY76 | Searching text: 'tucson urban edition awd'
[2026-08-28 11:44:27] [DEBUG   ] [accy_v2.model_lookup.chrome_api.mapper] mapper | HYUNDAI | TU4SAA25BY76 | No ENGINE_TYPE keyword found
[2026-08-28 11:44:27] [INFO    ] [accy_v2.model_lookup.chrome_api.mapper] mapper | HYUNDAI | TU4SAA25BY76 | Row complete: model=Tucson, trim=Urban Edition AWD, engine_type=None
[2026-08-28 11:44:27] [INFO    ] [accy_v2.model_lookup.chrome_api.mapper] mapper | ads_response_to_rows | Hyundai | Converted 7/7 trims to rows
[2026-08-28 11:44:27] [DEBUG   ] [accy_v2.model_lookup.chrome_api.service] refresh_from_ads | Hyundai 2022 Tucson | Converted 7 trims to rows
[2026-08-28 11:44:27] [DEBUG   ] [urllib3.connectionpool] https://demos.autodatasolutions.com:443 "POST /ADSDemo/api/full/ymmt/year/2022/make/Hyundai/model/Tucson%20Hybrid/ HTTP/1.1" 200 None
[2026-08-28 11:44:27] [INFO    ] [accy_v2.model_lookup.chrome_api.mapper] mapper | ads_response_to_rows | Hyundai | Processing 2 trims from ADS response
[2026-08-28 11:44:27] [DEBUG   ] [accy_v2.model_lookup.chrome_api.mapper] mapper | HYUNDAI | TU4SAA16G3AA | Extracted fields: year=2022, desc=Luxury AWD, trim=Luxury
[2026-08-28 11:44:27] [DEBUG   ] [accy_v2.model_lookup.chrome_api.mapper] mapper | HYUNDAI | TU4SAA16G3AA | ModelName from ADS: Tucson Hybrid
[2026-08-28 11:44:27] [DEBUG   ] [accy_v2.model_lookup.semantic.standardizer] standardizer | Hyundai | No trim alias found for: 'Luxury'
[2026-08-28 11:44:27] [DEBUG   ] [accy_v2.model_lookup.semantic.standardizer] standardizer | Hyundai | No description patterns matched: 'Luxury AWD'
[2026-08-28 11:44:27] [DEBUG   ] [accy_v2.model_lookup.chrome_api.mapper] mapper | HYUNDAI | TU4SAA16G3AA | Applied standardization rules
[2026-08-28 11:44:27] [INFO    ] [accy_v2.model_lookup.chrome_api.mapper] mapper | HYUNDAI | Loaded 6 ENGINE_TYPE keywords: ['hev', 'hybrid', 'phev', 'ev', 'plug-in', 'electric']
[2026-08-28 11:44:27] [DEBUG   ] [accy_v2.model_lookup.chrome_api.mapper] mapper | HYUNDAI | TU4SAA16G3AA | Searching text: 'tucson hybrid luxury awd'
[2026-08-28 11:44:27] [DEBUG   ] [accy_v2.model_lookup.chrome_api.mapper] mapper | HYUNDAI | TU4SAA16G3AA | Found keyword 'hybrid' in 'Tucson Hybrid Luxury AWD'
[2026-08-28 11:44:27] [WARNING ] [accy_v2.model_lookup.chrome_api.mapper] mapper | HYUNDAI | TU4SAA16G3AA | Keyword 'hybrid' found but NOT in translator. Returning keyword as-is.
[2026-08-28 11:44:27] [INFO    ] [accy_v2.model_lookup.chrome_api.mapper] mapper | HYUNDAI | TU4SAA16G3AA | Row complete: model=Tucson Hybrid, trim=Luxury AWD, engine_type=hybrid
[2026-08-28 11:44:27] [DEBUG   ] [accy_v2.model_lookup.chrome_api.mapper] mapper | HYUNDAI | TU4SAA16G4AA | Extracted fields: year=2022, desc=Ultimate AWD, trim=Ultimate
[2026-08-28 11:44:27] [DEBUG   ] [accy_v2.model_lookup.chrome_api.mapper] mapper | HYUNDAI | TU4SAA16G4AA | ModelName from ADS: Tucson Hybrid
[2026-08-28 11:44:27] [DEBUG   ] [accy_v2.model_lookup.semantic.standardizer] standardizer | Hyundai | No trim alias found for: 'Ultimate'
[2026-08-28 11:44:27] [DEBUG   ] [accy_v2.model_lookup.semantic.standardizer] standardizer | Hyundai | No description patterns matched: 'Ultimate AWD'
[2026-08-28 11:44:27] [DEBUG   ] [accy_v2.model_lookup.chrome_api.mapper] mapper | HYUNDAI | TU4SAA16G4AA | Applied standardization rules
[2026-08-28 11:44:27] [INFO    ] [accy_v2.model_lookup.chrome_api.mapper] mapper | HYUNDAI | Loaded 6 ENGINE_TYPE keywords: ['hev', 'hybrid', 'phev', 'ev', 'plug-in', 'electric']
[2026-08-28 11:44:27] [DEBUG   ] [accy_v2.model_lookup.chrome_api.mapper] mapper | HYUNDAI | TU4SAA16G4AA | Searching text: 'tucson hybrid ultimate awd'
[2026-08-28 11:44:27] [DEBUG   ] [accy_v2.model_lookup.chrome_api.mapper] mapper | HYUNDAI | TU4SAA16G4AA | Found keyword 'hybrid' in 'Tucson Hybrid Ultimate AWD'
[2026-08-28 11:44:27] [WARNING ] [accy_v2.model_lookup.chrome_api.mapper] mapper | HYUNDAI | TU4SAA16G4AA | Keyword 'hybrid' found but NOT in translator. Returning keyword as-is.
[2026-08-28 11:44:27] [INFO    ] [accy_v2.model_lookup.chrome_api.mapper] mapper | HYUNDAI | TU4SAA16G4AA | Row complete: model=Tucson Hybrid, trim=Ultimate AWD, engine_type=hybrid
[2026-08-28 11:44:27] [INFO    ] [accy_v2.model_lookup.chrome_api.mapper] mapper | ads_response_to_rows | Hyundai | Converted 2/2 trims to rows
[2026-08-28 11:44:27] [DEBUG   ] [accy_v2.model_lookup.chrome_api.service] refresh_from_ads | Hyundai 2022 Tucson Hybrid | Converted 2 trims to rows
[2026-08-28 11:44:27] [DEBUG   ] [urllib3.connectionpool] https://demos.autodatasolutions.com:443 "POST /ADSDemo/api/full/ymmt/year/2022/make/Hyundai/model/Tucson%20Plug-In%20Hybrid/ HTTP/1.1" 200 None
[2026-08-28 11:44:28] [INFO    ] [accy_v2.model_lookup.chrome_api.mapper] mapper | ads_response_to_rows | Hyundai | Processing 2 trims from ADS response
[2026-08-28 11:44:28] [DEBUG   ] [accy_v2.model_lookup.chrome_api.mapper] mapper | HYUNDAI | TU4SAA16J3AB | Extracted fields: year=2022, desc=Luxury AWD, trim=Luxury
[2026-08-28 11:44:28] [DEBUG   ] [accy_v2.model_lookup.chrome_api.mapper] mapper | HYUNDAI | TU4SAA16J3AB | ModelName from ADS: Tucson Plug-In Hybrid
[2026-08-28 11:44:28] [DEBUG   ] [accy_v2.model_lookup.semantic.standardizer] standardizer | Hyundai | No trim alias found for: 'Luxury'
[2026-08-28 11:44:28] [DEBUG   ] [accy_v2.model_lookup.semantic.standardizer] standardizer | Hyundai | No description patterns matched: 'Luxury AWD'
[2026-08-28 11:44:28] [DEBUG   ] [accy_v2.model_lookup.chrome_api.mapper] mapper | HYUNDAI | TU4SAA16J3AB | Applied standardization rules
[2026-08-28 11:44:28] [INFO    ] [accy_v2.model_lookup.chrome_api.mapper] mapper | HYUNDAI | Loaded 6 ENGINE_TYPE keywords: ['hev', 'hybrid', 'phev', 'ev', 'plug-in', 'electric']
[2026-08-28 11:44:28] [DEBUG   ] [accy_v2.model_lookup.chrome_api.mapper] mapper | HYUNDAI | TU4SAA16J3AB | Searching text: 'tucson plug-in hybrid luxury awd'
[2026-08-28 11:44:28] [DEBUG   ] [accy_v2.model_lookup.chrome_api.mapper] mapper | HYUNDAI | TU4SAA16J3AB | Found keyword 'hybrid' in 'Tucson Plug-In Hybrid Luxury AWD'
[2026-08-28 11:44:28] [WARNING ] [accy_v2.model_lookup.chrome_api.mapper] mapper | HYUNDAI | TU4SAA16J3AB | Keyword 'hybrid' found but NOT in translator. Returning keyword as-is.
[2026-08-28 11:44:28] [INFO    ] [accy_v2.model_lookup.chrome_api.mapper] mapper | HYUNDAI | TU4SAA16J3AB | Row complete: model=Tucson Plug-In Hybrid, trim=Luxury AWD, engine_type=hybrid
[2026-08-28 11:44:28] [DEBUG   ] [accy_v2.model_lookup.chrome_api.mapper] mapper | HYUNDAI | TU4SAA16J4AB | Extracted fields: year=2022, desc=Ultimate AWD, trim=Ultimate
[2026-08-28 11:44:28] [DEBUG   ] [accy_v2.model_lookup.chrome_api.mapper] mapper | HYUNDAI | TU4SAA16J4AB | ModelName from ADS: Tucson Plug-In Hybrid
[2026-08-28 11:44:28] [DEBUG   ] [accy_v2.model_lookup.semantic.standardizer] standardizer | Hyundai | No trim alias found for: 'Ultimate'
[2026-08-28 11:44:28] [DEBUG   ] [accy_v2.model_lookup.semantic.standardizer] standardizer | Hyundai | No description patterns matched: 'Ultimate AWD'
[2026-08-28 11:44:28] [DEBUG   ] [accy_v2.model_lookup.chrome_api.mapper] mapper | HYUNDAI | TU4SAA16J4AB | Applied standardization rules
[2026-08-28 11:44:28] [INFO    ] [accy_v2.model_lookup.chrome_api.mapper] mapper | HYUNDAI | Loaded 6 ENGINE_TYPE keywords: ['hev', 'hybrid', 'phev', 'ev', 'plug-in', 'electric']
[2026-08-28 11:44:28] [DEBUG   ] [accy_v2.model_lookup.chrome_api.mapper] mapper | HYUNDAI | TU4SAA16J4AB | Searching text: 'tucson plug-in hybrid ultimate awd'
[2026-08-28 11:44:28] [DEBUG   ] [accy_v2.model_lookup.chrome_api.mapper] mapper | HYUNDAI | TU4SAA16J4AB | Found keyword 'hybrid' in 'Tucson Plug-In Hybrid Ultimate AWD'
[2026-08-28 11:44:28] [WARNING ] [accy_v2.model_lookup.chrome_api.mapper] mapper | HYUNDAI | TU4SAA16J4AB | Keyword 'hybrid' found but NOT in translator. Returning keyword as-is.
[2026-08-28 11:44:28] [INFO    ] [accy_v2.model_lookup.chrome_api.mapper] mapper | HYUNDAI | TU4SAA16J4AB | Row complete: model=Tucson Plug-In Hybrid, trim=Ultimate AWD, engine_type=hybrid
[2026-08-28 11:44:28] [INFO    ] [accy_v2.model_lookup.chrome_api.mapper] mapper | ads_response_to_rows | Hyundai | Converted 2/2 trims to rows
[2026-08-28 11:44:28] [DEBUG   ] [accy_v2.model_lookup.chrome_api.service] refresh_from_ads | Hyundai 2022 Tucson Plug-In Hybrid | Converted 2 trims to rows
[2026-08-28 11:44:28] [DEBUG   ] [urllib3.connectionpool] https://demos.autodatasolutions.com:443 "POST /ADSDemo/api/full/ymmt/year/2022/make/Hyundai/model/Veloster%20N/ HTTP/1.1" 200 None
[2026-08-28 11:44:29] [INFO    ] [accy_v2.model_lookup.chrome_api.mapper] mapper | ads_response_to_rows | Hyundai | Processing 2 trims from ADS response
[2026-08-28 11:44:29] [DEBUG   ] [accy_v2.model_lookup.chrome_api.mapper] mapper | HYUNDAI | VE23MF20DX39 | Extracted fields: year=2022, desc=Manual, trim=None
[2026-08-28 11:44:29] [DEBUG   ] [accy_v2.model_lookup.chrome_api.mapper] mapper | HYUNDAI | VE23MF20DX39 | ModelName from ADS: Veloster N
[2026-08-28 11:44:29] [DEBUG   ] [accy_v2.model_lookup.semantic.standardizer] standardizer | Hyundai | No description patterns matched: 'Manual'
[2026-08-28 11:44:29] [DEBUG   ] [accy_v2.model_lookup.chrome_api.mapper] mapper | HYUNDAI | VE23MF20DX39 | Applied standardization rules
[2026-08-28 11:44:29] [INFO    ] [accy_v2.model_lookup.chrome_api.mapper] mapper | HYUNDAI | Loaded 6 ENGINE_TYPE keywords: ['hev', 'hybrid', 'phev', 'ev', 'plug-in', 'electric']
[2026-08-28 11:44:29] [DEBUG   ] [accy_v2.model_lookup.chrome_api.mapper] mapper | HYUNDAI | VE23MF20DX39 | Searching text: 'veloster n manual'
[2026-08-28 11:44:29] [DEBUG   ] [accy_v2.model_lookup.chrome_api.mapper] mapper | HYUNDAI | VE23MF20DX39 | No ENGINE_TYPE keyword found
[2026-08-28 11:44:29] [INFO    ] [accy_v2.model_lookup.chrome_api.mapper] mapper | HYUNDAI | VE23MF20DX39 | Row complete: model=Veloster N, trim=Manual, engine_type=None
[2026-08-28 11:44:29] [DEBUG   ] [accy_v2.model_lookup.chrome_api.mapper] mapper | HYUNDAI | VE23DF20DX39 | Extracted fields: year=2022, desc=DCT, trim=None
[2026-08-28 11:44:29] [DEBUG   ] [accy_v2.model_lookup.chrome_api.mapper] mapper | HYUNDAI | VE23DF20DX39 | ModelName from ADS: Veloster N
[2026-08-28 11:44:29] [DEBUG   ] [accy_v2.model_lookup.semantic.standardizer] standardizer | Hyundai | No description patterns matched: 'DCT'
[2026-08-28 11:44:29] [DEBUG   ] [accy_v2.model_lookup.chrome_api.mapper] mapper | HYUNDAI | VE23DF20DX39 | Applied standardization rules
[2026-08-28 11:44:29] [INFO    ] [accy_v2.model_lookup.chrome_api.mapper] mapper | HYUNDAI | Loaded 6 ENGINE_TYPE keywords: ['hev', 'hybrid', 'phev', 'ev', 'plug-in', 'electric']
[2026-08-28 11:44:29] [DEBUG   ] [accy_v2.model_lookup.chrome_api.mapper] mapper | HYUNDAI | VE23DF20DX39 | Searching text: 'veloster n dct'
[2026-08-28 11:44:29] [DEBUG   ] [accy_v2.model_lookup.chrome_api.mapper] mapper | HYUNDAI | VE23DF20DX39 | No ENGINE_TYPE keyword found
[2026-08-28 11:44:29] [INFO    ] [accy_v2.model_lookup.chrome_api.mapper] mapper | HYUNDAI | VE23DF20DX39 | Row complete: model=Veloster N, trim=DCT, engine_type=None
[2026-08-28 11:44:29] [INFO    ] [accy_v2.model_lookup.chrome_api.mapper] mapper | ads_response_to_rows | Hyundai | Converted 2/2 trims to rows
[2026-08-28 11:44:29] [DEBUG   ] [accy_v2.model_lookup.chrome_api.service] refresh_from_ads | Hyundai 2022 Veloster N | Converted 2 trims to rows
[2026-08-28 11:44:29] [DEBUG   ] [urllib3.connectionpool] https://demos.autodatasolutions.com:443 "POST /ADSDemo/api/full/ymmt/year/2022/make/Hyundai/model/Venue/ HTTP/1.1" 200 None
[2026-08-28 11:44:29] [INFO    ] [accy_v2.model_lookup.chrome_api.mapper] mapper | ads_response_to_rows | Hyundai | Processing 10 trims from ADS response
[2026-08-28 11:44:29] [DEBUG   ] [accy_v2.model_lookup.chrome_api.mapper] mapper | HYUNDAI | VN1SMF16AX40 | Extracted fields: year=2022, desc=Essential Manual, trim=Essential
[2026-08-28 11:44:29] [DEBUG   ] [accy_v2.model_lookup.chrome_api.mapper] mapper | HYUNDAI | VN1SMF16AX40 | ModelName from ADS: Venue
[2026-08-28 11:44:29] [DEBUG   ] [accy_v2.model_lookup.semantic.standardizer] standardizer | Hyundai | No trim alias found for: 'Essential'
[2026-08-28 11:44:29] [DEBUG   ] [accy_v2.model_lookup.semantic.standardizer] standardizer | Hyundai | No description patterns matched: 'Essential Manual'
[2026-08-28 11:44:29] [DEBUG   ] [accy_v2.model_lookup.chrome_api.mapper] mapper | HYUNDAI | VN1SMF16AX40 | Applied standardization rules
[2026-08-28 11:44:29] [INFO    ] [accy_v2.model_lookup.chrome_api.mapper] mapper | HYUNDAI | Loaded 6 ENGINE_TYPE keywords: ['hev', 'hybrid', 'phev', 'ev', 'plug-in', 'electric']
[2026-08-28 11:44:29] [DEBUG   ] [accy_v2.model_lookup.chrome_api.mapper] mapper | HYUNDAI | VN1SMF16AX40 | Searching text: 'venue essential manual'
[2026-08-28 11:44:29] [DEBUG   ] [accy_v2.model_lookup.chrome_api.mapper] mapper | HYUNDAI | VN1SMF16AX40 | No ENGINE_TYPE keyword found
[2026-08-28 11:44:29] [INFO    ] [accy_v2.model_lookup.chrome_api.mapper] mapper | HYUNDAI | VN1SMF16AX40 | Row complete: model=Venue, trim=Essential Manual, engine_type=None
[2026-08-28 11:44:29] [DEBUG   ] [accy_v2.model_lookup.chrome_api.mapper] mapper | HYUNDAI | VN1SIF16AX40 | Extracted fields: year=2022, desc=Essential IVT, trim=Essential
[2026-08-28 11:44:29] [DEBUG   ] [accy_v2.model_lookup.chrome_api.mapper] mapper | HYUNDAI | VN1SIF16AX40 | ModelName from ADS: Venue
[2026-08-28 11:44:29] [DEBUG   ] [accy_v2.model_lookup.semantic.standardizer] standardizer | Hyundai | No trim alias found for: 'Essential'
[2026-08-28 11:44:29] [DEBUG   ] [accy_v2.model_lookup.semantic.standardizer] standardizer | Hyundai | No description patterns matched: 'Essential IVT'
[2026-08-28 11:44:29] [DEBUG   ] [accy_v2.model_lookup.chrome_api.mapper] mapper | HYUNDAI | VN1SIF16AX40 | Applied standardization rules
[2026-08-28 11:44:29] [INFO    ] [accy_v2.model_lookup.chrome_api.mapper] mapper | HYUNDAI | Loaded 6 ENGINE_TYPE keywords: ['hev', 'hybrid', 'phev', 'ev', 'plug-in', 'electric']
[2026-08-28 11:44:29] [DEBUG   ] [accy_v2.model_lookup.chrome_api.mapper] mapper | HYUNDAI | VN1SIF16AX40 | Searching text: 'venue essential ivt'
[2026-08-28 11:44:29] [DEBUG   ] [accy_v2.model_lookup.chrome_api.mapper] mapper | HYUNDAI | VN1SIF16AX40 | No ENGINE_TYPE keyword found
[2026-08-28 11:44:29] [INFO    ] [accy_v2.model_lookup.chrome_api.mapper] mapper | HYUNDAI | VN1SIF16AX40 | Row complete: model=Venue, trim=Essential IVT, engine_type=None
[2026-08-28 11:44:29] [DEBUG   ] [accy_v2.model_lookup.chrome_api.mapper] mapper | HYUNDAI | VN1SIF16A166 | Extracted fields: year=2022, desc=Essential IVT w/Two-Tone, trim=Essential
[2026-08-28 11:44:29] [DEBUG   ] [accy_v2.model_lookup.chrome_api.mapper] mapper | HYUNDAI | VN1SIF16A166 | ModelName from ADS: Venue
[2026-08-28 11:44:29] [DEBUG   ] [accy_v2.model_lookup.semantic.standardizer] standardizer | Hyundai | No trim alias found for: 'Essential'
[2026-08-28 11:44:29] [DEBUG   ] [accy_v2.model_lookup.semantic.standardizer] standardizer | Hyundai | No description patterns matched: 'Essential IVT w/Two-Tone'
[2026-08-28 11:44:29] [DEBUG   ] [accy_v2.model_lookup.chrome_api.mapper] mapper | HYUNDAI | VN1SIF16A166 | Applied standardization rules
[2026-08-28 11:44:29] [INFO    ] [accy_v2.model_lookup.chrome_api.mapper] mapper | HYUNDAI | Loaded 6 ENGINE_TYPE keywords: ['hev', 'hybrid', 'phev', 'ev', 'plug-in', 'electric']
[2026-08-28 11:44:29] [DEBUG   ] [accy_v2.model_lookup.chrome_api.mapper] mapper | HYUNDAI | VN1SIF16A166 | Searching text: 'venue essential ivt w/two-tone'
[2026-08-28 11:44:29] [DEBUG   ] [accy_v2.model_lookup.chrome_api.mapper] mapper | HYUNDAI | VN1SIF16A166 | No ENGINE_TYPE keyword found
[2026-08-28 11:44:29] [INFO    ] [accy_v2.model_lookup.chrome_api.mapper] mapper | HYUNDAI | VN1SIF16A166 | Row complete: model=Venue, trim=Essential IVT w/Two-Tone, engine_type=None
[2026-08-28 11:44:29] [DEBUG   ] [accy_v2.model_lookup.chrome_api.mapper] mapper | HYUNDAI | VN1SIF16AX42 | Extracted fields: year=2022, desc=Preferred IVT, trim=Preferred
[2026-08-28 11:44:29] [DEBUG   ] [accy_v2.model_lookup.chrome_api.mapper] mapper | HYUNDAI | VN1SIF16AX42 | ModelName from ADS: Venue
[2026-08-28 11:44:29] [DEBUG   ] [accy_v2.model_lookup.semantic.standardizer] standardizer | Hyundai | No trim alias found for: 'Preferred'
[2026-08-28 11:44:29] [DEBUG   ] [accy_v2.model_lookup.semantic.standardizer] standardizer | Hyundai | No description patterns matched: 'Preferred IVT'
[2026-08-28 11:44:29] [DEBUG   ] [accy_v2.model_lookup.chrome_api.mapper] mapper | HYUNDAI | VN1SIF16AX42 | Applied standardization rules
[2026-08-28 11:44:29] [INFO    ] [accy_v2.model_lookup.chrome_api.mapper] mapper | HYUNDAI | Loaded 6 ENGINE_TYPE keywords: ['hev', 'hybrid', 'phev', 'ev', 'plug-in', 'electric']
[2026-08-28 11:44:29] [DEBUG   ] [accy_v2.model_lookup.chrome_api.mapper] mapper | HYUNDAI | VN1SIF16AX42 | Searching text: 'venue preferred ivt'
[2026-08-28 11:44:29] [DEBUG   ] [accy_v2.model_lookup.chrome_api.mapper] mapper | HYUNDAI | VN1SIF16AX42 | No ENGINE_TYPE keyword found
[2026-08-28 11:44:29] [INFO    ] [accy_v2.model_lookup.chrome_api.mapper] mapper | HYUNDAI | VN1SIF16AX42 | Row complete: model=Venue, trim=Preferred IVT, engine_type=None
[2026-08-28 11:44:29] [DEBUG   ] [accy_v2.model_lookup.chrome_api.mapper] mapper | HYUNDAI | VN1SIF16A266 | Extracted fields: year=2022, desc=Preferred IVT w/Two-Tone, trim=Preferred
[2026-08-28 11:44:29] [DEBUG   ] [accy_v2.model_lookup.chrome_api.mapper] mapper | HYUNDAI | VN1SIF16A266 | ModelName from ADS: Venue
[2026-08-28 11:44:29] [DEBUG   ] [accy_v2.model_lookup.semantic.standardizer] standardizer | Hyundai | No trim alias found for: 'Preferred'
[2026-08-28 11:44:29] [DEBUG   ] [accy_v2.model_lookup.semantic.standardizer] standardizer | Hyundai | No description patterns matched: 'Preferred IVT w/Two-Tone'
[2026-08-28 11:44:29] [DEBUG   ] [accy_v2.model_lookup.chrome_api.mapper] mapper | HYUNDAI | VN1SIF16A266 | Applied standardization rules
[2026-08-28 11:44:29] [INFO    ] [accy_v2.model_lookup.chrome_api.mapper] mapper | HYUNDAI | Loaded 6 ENGINE_TYPE keywords: ['hev', 'hybrid', 'phev', 'ev', 'plug-in', 'electric']
[2026-08-28 11:44:29] [DEBUG   ] [accy_v2.model_lookup.chrome_api.mapper] mapper | HYUNDAI | VN1SIF16A266 | Searching text: 'venue preferred ivt w/two-tone'
[2026-08-28 11:44:29] [DEBUG   ] [accy_v2.model_lookup.chrome_api.mapper] mapper | HYUNDAI | VN1SIF16A266 | No ENGINE_TYPE keyword found
[2026-08-28 11:44:29] [INFO    ] [accy_v2.model_lookup.chrome_api.mapper] mapper | HYUNDAI | VN1SIF16A266 | Row complete: model=Venue, trim=Preferred IVT w/Two-Tone, engine_type=None
[2026-08-28 11:44:29] [DEBUG   ] [accy_v2.model_lookup.chrome_api.mapper] mapper | HYUNDAI | VN1SIF16AX41 | Extracted fields: year=2022, desc=Trend IVT, trim=Trend
[2026-08-28 11:44:29] [DEBUG   ] [accy_v2.model_lookup.chrome_api.mapper] mapper | HYUNDAI | VN1SIF16AX41 | ModelName from ADS: Venue
[2026-08-28 11:44:29] [DEBUG   ] [accy_v2.model_lookup.semantic.standardizer] standardizer | Hyundai | No trim alias found for: 'Trend'
[2026-08-28 11:44:29] [DEBUG   ] [accy_v2.model_lookup.semantic.standardizer] standardizer | Hyundai | No description patterns matched: 'Trend IVT'
[2026-08-28 11:44:29] [DEBUG   ] [accy_v2.model_lookup.chrome_api.mapper] mapper | HYUNDAI | VN1SIF16AX41 | Applied standardization rules
[2026-08-28 11:44:29] [INFO    ] [accy_v2.model_lookup.chrome_api.mapper] mapper | HYUNDAI | Loaded 6 ENGINE_TYPE keywords: ['hev', 'hybrid', 'phev', 'ev', 'plug-in', 'electric']
[2026-08-28 11:44:29] [DEBUG   ] [accy_v2.model_lookup.chrome_api.mapper] mapper | HYUNDAI | VN1SIF16AX41 | Searching text: 'venue trend ivt'
[2026-08-28 11:44:29] [DEBUG   ] [accy_v2.model_lookup.chrome_api.mapper] mapper | HYUNDAI | VN1SIF16AX41 | No ENGINE_TYPE keyword found
[2026-08-28 11:44:29] [INFO    ] [accy_v2.model_lookup.chrome_api.mapper] mapper | HYUNDAI | VN1SIF16AX41 | Row complete: model=Venue, trim=Trend IVT, engine_type=None
[2026-08-28 11:44:29] [DEBUG   ] [accy_v2.model_lookup.chrome_api.mapper] mapper | HYUNDAI | VN1SIF16A485 | Extracted fields: year=2022, desc=Ultimate IVT w/Black Interior, trim=Ultimate
[2026-08-28 11:44:29] [DEBUG   ] [accy_v2.model_lookup.chrome_api.mapper] mapper | HYUNDAI | VN1SIF16A485 | ModelName from ADS: Venue
[2026-08-28 11:44:29] [DEBUG   ] [accy_v2.model_lookup.semantic.standardizer] standardizer | Hyundai | No trim alias found for: 'Ultimate'
[2026-08-28 11:44:29] [DEBUG   ] [accy_v2.model_lookup.semantic.standardizer] standardizer | Hyundai | No description patterns matched: 'Ultimate IVT w/Black Interior'
[2026-08-28 11:44:29] [DEBUG   ] [accy_v2.model_lookup.chrome_api.mapper] mapper | HYUNDAI | VN1SIF16A485 | Applied standardization rules
[2026-08-28 11:44:29] [INFO    ] [accy_v2.model_lookup.chrome_api.mapper] mapper | HYUNDAI | Loaded 6 ENGINE_TYPE keywords: ['hev', 'hybrid', 'phev', 'ev', 'plug-in', 'electric']
[2026-08-28 11:44:29] [DEBUG   ] [accy_v2.model_lookup.chrome_api.mapper] mapper | HYUNDAI | VN1SIF16A485 | Searching text: 'venue ultimate ivt w/black interior'
[2026-08-28 11:44:29] [DEBUG   ] [accy_v2.model_lookup.chrome_api.mapper] mapper | HYUNDAI | VN1SIF16A485 | No ENGINE_TYPE keyword found
[2026-08-28 11:44:29] [INFO    ] [accy_v2.model_lookup.chrome_api.mapper] mapper | HYUNDAI | VN1SIF16A485 | Row complete: model=Venue, trim=Ultimate IVT w/Black Interior, engine_type=None
[2026-08-28 11:44:29] [DEBUG   ] [accy_v2.model_lookup.chrome_api.mapper] mapper | HYUNDAI | VN1SIF16A489 | Extracted fields: year=2022, desc=Ultimate IVT w/Denim Interior, trim=Ultimate
[2026-08-28 11:44:29] [DEBUG   ] [accy_v2.model_lookup.chrome_api.mapper] mapper | HYUNDAI | VN1SIF16A489 | ModelName from ADS: Venue
[2026-08-28 11:44:29] [DEBUG   ] [accy_v2.model_lookup.semantic.standardizer] standardizer | Hyundai | No trim alias found for: 'Ultimate'
[2026-08-28 11:44:29] [DEBUG   ] [accy_v2.model_lookup.semantic.standardizer] standardizer | Hyundai | No description patterns matched: 'Ultimate IVT w/Denim Interior'
[2026-08-28 11:44:29] [DEBUG   ] [accy_v2.model_lookup.chrome_api.mapper] mapper | HYUNDAI | VN1SIF16A489 | Applied standardization rules
[2026-08-28 11:44:29] [INFO    ] [accy_v2.model_lookup.chrome_api.mapper] mapper | HYUNDAI | Loaded 6 ENGINE_TYPE keywords: ['hev', 'hybrid', 'phev', 'ev', 'plug-in', 'electric']
[2026-08-28 11:44:29] [DEBUG   ] [accy_v2.model_lookup.chrome_api.mapper] mapper | HYUNDAI | VN1SIF16A489 | Searching text: 'venue ultimate ivt w/denim interior'
[2026-08-28 11:44:29] [DEBUG   ] [accy_v2.model_lookup.chrome_api.mapper] mapper | HYUNDAI | VN1SIF16A489 | No ENGINE_TYPE keyword found
[2026-08-28 11:44:29] [INFO    ] [accy_v2.model_lookup.chrome_api.mapper] mapper | HYUNDAI | VN1SIF16A489 | Row complete: model=Venue, trim=Ultimate IVT w/Denim Interior, engine_type=None
[2026-08-28 11:44:29] [DEBUG   ] [accy_v2.model_lookup.chrome_api.mapper] mapper | HYUNDAI | VN1SIF16AY85 | Extracted fields: year=2022, desc=Urban IVT w/Black Interior, trim=Urban
[2026-08-28 11:44:29] [DEBUG   ] [accy_v2.model_lookup.chrome_api.mapper] mapper | HYUNDAI | VN1SIF16AY85 | ModelName from ADS: Venue
[2026-08-28 11:44:29] [DEBUG   ] [accy_v2.model_lookup.semantic.standardizer] standardizer | Hyundai | No trim alias found for: 'Urban'
[2026-08-28 11:44:29] [DEBUG   ] [accy_v2.model_lookup.semantic.standardizer] standardizer | Hyundai | No description patterns matched: 'Urban IVT w/Black Interior'
[2026-08-28 11:44:29] [DEBUG   ] [accy_v2.model_lookup.chrome_api.mapper] mapper | HYUNDAI | VN1SIF16AY85 | Applied standardization rules
[2026-08-28 11:44:29] [INFO    ] [accy_v2.model_lookup.chrome_api.mapper] mapper | HYUNDAI | Loaded 6 ENGINE_TYPE keywords: ['hev', 'hybrid', 'phev', 'ev', 'plug-in', 'electric']
[2026-08-28 11:44:29] [DEBUG   ] [accy_v2.model_lookup.chrome_api.mapper] mapper | HYUNDAI | VN1SIF16AY85 | Searching text: 'venue urban ivt w/black interior'
[2026-08-28 11:44:29] [DEBUG   ] [accy_v2.model_lookup.chrome_api.mapper] mapper | HYUNDAI | VN1SIF16AY85 | No ENGINE_TYPE keyword found
[2026-08-28 11:44:29] [INFO    ] [accy_v2.model_lookup.chrome_api.mapper] mapper | HYUNDAI | VN1SIF16AY85 | Row complete: model=Venue, trim=Urban IVT w/Black Interior, engine_type=None
[2026-08-28 11:44:29] [DEBUG   ] [accy_v2.model_lookup.chrome_api.mapper] mapper | HYUNDAI | VN1SIF16AY89 | Extracted fields: year=2022, desc=Urban IVT w/Denim Interior, trim=Urban
[2026-08-28 11:44:29] [DEBUG   ] [accy_v2.model_lookup.chrome_api.mapper] mapper | HYUNDAI | VN1SIF16AY89 | ModelName from ADS: Venue
[2026-08-28 11:44:29] [DEBUG   ] [accy_v2.model_lookup.semantic.standardizer] standardizer | Hyundai | No trim alias found for: 'Urban'
[2026-08-28 11:44:29] [DEBUG   ] [accy_v2.model_lookup.semantic.standardizer] standardizer | Hyundai | No description patterns matched: 'Urban IVT w/Denim Interior'
[2026-08-28 11:44:29] [DEBUG   ] [accy_v2.model_lookup.chrome_api.mapper] mapper | HYUNDAI | VN1SIF16AY89 | Applied standardization rules
[2026-08-28 11:44:29] [INFO    ] [accy_v2.model_lookup.chrome_api.mapper] mapper | HYUNDAI | Loaded 6 ENGINE_TYPE keywords: ['hev', 'hybrid', 'phev', 'ev', 'plug-in', 'electric']
[2026-08-28 11:44:29] [DEBUG   ] [accy_v2.model_lookup.chrome_api.mapper] mapper | HYUNDAI | VN1SIF16AY89 | Searching text: 'venue urban ivt w/denim interior'
[2026-08-28 11:44:29] [DEBUG   ] [accy_v2.model_lookup.chrome_api.mapper] mapper | HYUNDAI | VN1SIF16AY89 | No ENGINE_TYPE keyword found
[2026-08-28 11:44:29] [INFO    ] [accy_v2.model_lookup.chrome_api.mapper] mapper | HYUNDAI | VN1SIF16AY89 | Row complete: model=Venue, trim=Urban IVT w/Denim Interior, engine_type=None
[2026-08-28 11:44:29] [INFO    ] [accy_v2.model_lookup.chrome_api.mapper] mapper | ads_response_to_rows | Hyundai | Converted 10/10 trims to rows
[2026-08-28 11:44:29] [DEBUG   ] [accy_v2.model_lookup.chrome_api.service] refresh_from_ads | Hyundai 2022 Venue | Converted 10 trims to rows
[2026-08-28 11:44:29] [ERROR   ] [refresh_db_ads] FAILED to fetch from ADS | Error: [Errno 22] Invalid argument
[2026-08-28 11:44:29] [CRITICAL] [refresh_db_ads] FATAL ERROR | Database refresh aborted | Error: [Errno 22] Invalid argument
[2026-08-28 11:44:29] [DEBUG   ] [refresh_db_ads] Traceback:
Traceback (most recent call last):
  File "C:\Users\paxm\OneDrive - PBS SYSTEMS\Desktop\Office\Projects\OEM Accessory project\OEM_Accessories_v1\accy_v2\model_lookup\refresh_db_ads.py", line 149, in refresh_from_ads
    df = service.refresh_from_ads(makes=makes, years=years)
  File "C:\Users\paxm\OneDrive - PBS SYSTEMS\Desktop\Office\Projects\OEM Accessory project\OEM_Accessories_v1\accy_v2\model_lookup\chrome_api\service.py", line 227, in refresh_from_ads
    print(f"  {year}...", end=" ", flush=True)
    ~~~~~^^^^^^^^^^^^^^^^^^^^^^^^^^^^^^^^^^^^^
OSError: [Errno 22] Invalid argument

