[2026-07-28 15:33:49] [INFO    ] [root] Logging initialized | Log file: accy_v2\model_lookup\logs\refresh_db_ads_20260728_153349.log
[2026-07-28 15:33:49] [DEBUG   ] [root] Console level: INFO | File level: DEBUG
[2026-07-28 15:33:49] [INFO    ] [refresh_db_ads] ================================================================================
[2026-07-28 15:33:49] [INFO    ] [refresh_db_ads] DATABASE REFRESH FROM ADS STARTED
[2026-07-28 15:33:49] [INFO    ] [refresh_db_ads] ================================================================================
[2026-07-28 15:33:49] [INFO    ] [refresh_db_ads] Run ID: c5add36a
[2026-07-28 15:33:49] [INFO    ] [refresh_db_ads] Makes: Genesis, Hyundai
[2026-07-28 15:33:49] [INFO    ] [refresh_db_ads] Years: 2024, 2025, 2026
[2026-07-28 15:33:49] [INFO    ] [refresh_db_ads] Log file: accy_v2\model_lookup\logs\refresh_db_ads_20260728_153349.log
[2026-07-28 15:33:49] [INFO    ] [refresh_db_ads] ================================================================================
[2026-07-28 15:33:49] [INFO    ] [refresh_db_ads] 
[Step 1/4] Initializing ADS service...
[2026-07-28 15:33:49] [INFO    ] [refresh_db_ads] ADS service initialized successfully | Credentials loaded and client ready
[2026-07-28 15:33:49] [INFO    ] [refresh_db_ads] 
[Step 2/4] Archiving current database...
[2026-07-28 15:33:49] [INFO    ] [refresh_db_ads] Database archived | File: db_vehicle_models.2026-07-28_153349.csv | Size: 53577 bytes
[2026-07-28 15:33:49] [INFO    ] [refresh_db_ads] 
[Step 3/4] Fetching data from ADS API...
[2026-07-28 15:33:49] [DEBUG   ] [refresh_db_ads] Fetching for makes: ['Genesis', 'Hyundai'] | years: [2024, 2025, 2026]
[2026-07-28 15:33:49] [INFO    ] [chrome_api.service] refresh_from_ads | Genesis | Starting fetch
[2026-07-28 15:33:49] [DEBUG   ] [chrome_api.service] service | Genesis | Loading configs from: C:\Users\paxm\OneDrive - PBS SYSTEMS\Desktop\Office\Projects\OEM Accessory project\OEM_Accessories_v1\accy_v2\model_lookup\configs
[2026-07-28 15:33:49] [DEBUG   ] [chrome_api.service] service | Genesis | Loaded classification.json (60 keywords)
[2026-07-28 15:33:49] [DEBUG   ] [chrome_api.service] service | Genesis | Loaded translator.json (39 flattened keywords)
[2026-07-28 15:33:49] [DEBUG   ] [chrome_api.service] service | Genesis | Standardization file not found: C:\Users\paxm\OneDrive - PBS SYSTEMS\Desktop\Office\Projects\OEM Accessory project\OEM_Accessories_v1\accy_v2\model_lookup\configs\genesis_standardization.yaml
[2026-07-28 15:33:49] [INFO    ] [chrome_api.service] service | Genesis | Configs loaded | components: classification, translator
[2026-07-28 15:33:49] [DEBUG   ] [urllib3.connectionpool] Starting new HTTPS connection (1): demos.autodatasolutions.com:443
[2026-07-28 15:33:49] [DEBUG   ] [urllib3.connectionpool] https://demos.autodatasolutions.com:443 "GET /ADSDemo/api/ymmt/models/make/Genesis/year/2024/country/CA/language/en?sort=ASC HTTP/1.1" 200 None
[2026-07-28 15:33:50] [DEBUG   ] [urllib3.connectionpool] https://demos.autodatasolutions.com:443 "POST /ADSDemo/api/full/ymmt/year/2024/make/Genesis/model/Electrified%20G80/ HTTP/1.1" 200 None
[2026-07-28 15:33:50] [INFO    ] [chrome_api.mapper] mapper | ads_response_to_rows | Genesis | Processing 1 trims from ADS response
[2026-07-28 15:33:50] [DEBUG   ] [chrome_api.mapper] mapper | GENESIS | G8ES4ZE1GP00 | Extracted fields: year=2024, desc=AWD, trim=None
[2026-07-28 15:33:50] [DEBUG   ] [chrome_api.mapper] mapper | GENESIS | G8ES4ZE1GP00 | ModelName from ADS: Electrified G80
[2026-07-28 15:33:50] [INFO    ] [chrome_api.mapper] mapper | GENESIS | Loaded 11 ENGINE_TYPE keywords: ['electrified', 'electric', 'ev', '3.3t', '3.5t', '3.8', '5.0', '5.0l', '2.5t', '2.0t', 'e-sc']
[2026-07-28 15:33:50] [DEBUG   ] [chrome_api.mapper] mapper | GENESIS | G8ES4ZE1GP00 | Searching text: 'electrified g80 awd'
[2026-07-28 15:33:50] [DEBUG   ] [chrome_api.mapper] mapper | GENESIS | G8ES4ZE1GP00 | Found keyword 'electrified' in 'Electrified G80 AWD'
[2026-07-28 15:33:50] [INFO    ] [chrome_api.mapper] mapper | GENESIS | G8ES4ZE1GP00 | Row complete: model=Electrified G80, trim=AWD, engine_type=electric
[2026-07-28 15:33:50] [INFO    ] [chrome_api.mapper] mapper | ads_response_to_rows | Genesis | Converted 1/1 trims to rows
[2026-07-28 15:33:50] [DEBUG   ] [chrome_api.service] refresh_from_ads | Genesis 2024 Electrified G80 | Converted 1 trims to rows
[2026-07-28 15:33:51] [DEBUG   ] [urllib3.connectionpool] https://demos.autodatasolutions.com:443 "POST /ADSDemo/api/full/ymmt/year/2024/make/Genesis/model/Electrified%20GV70/ HTTP/1.1" 200 None
[2026-07-28 15:33:51] [INFO    ] [chrome_api.mapper] mapper | ads_response_to_rows | Genesis | Processing 1 trims from ADS response
[2026-07-28 15:33:51] [DEBUG   ] [chrome_api.mapper] mapper | GENESIS | V7EW5ZE1GP00 | Extracted fields: year=2024, desc=Prestige AWD, trim=Prestige
[2026-07-28 15:33:51] [DEBUG   ] [chrome_api.mapper] mapper | GENESIS | V7EW5ZE1GP00 | ModelName from ADS: Electrified GV70
[2026-07-28 15:33:51] [INFO    ] [chrome_api.mapper] mapper | GENESIS | Loaded 11 ENGINE_TYPE keywords: ['electrified', 'electric', 'ev', '3.3t', '3.5t', '3.8', '5.0', '5.0l', '2.5t', '2.0t', 'e-sc']
[2026-07-28 15:33:51] [DEBUG   ] [chrome_api.mapper] mapper | GENESIS | V7EW5ZE1GP00 | Searching text: 'electrified gv70 prestige awd'
[2026-07-28 15:33:51] [DEBUG   ] [chrome_api.mapper] mapper | GENESIS | V7EW5ZE1GP00 | Found keyword 'electrified' in 'Electrified GV70 Prestige AWD'
[2026-07-28 15:33:51] [INFO    ] [chrome_api.mapper] mapper | GENESIS | V7EW5ZE1GP00 | Row complete: model=Electrified GV70, trim=Prestige AWD, engine_type=electric
[2026-07-28 15:33:51] [INFO    ] [chrome_api.mapper] mapper | ads_response_to_rows | Genesis | Converted 1/1 trims to rows
[2026-07-28 15:33:51] [DEBUG   ] [chrome_api.service] refresh_from_ads | Genesis 2024 Electrified GV70 | Converted 1 trims to rows
[2026-07-28 15:33:51] [DEBUG   ] [urllib3.connectionpool] https://demos.autodatasolutions.com:443 "POST /ADSDemo/api/full/ymmt/year/2024/make/Genesis/model/G70/ HTTP/1.1" 200 None
[2026-07-28 15:33:52] [INFO    ] [chrome_api.mapper] mapper | ads_response_to_rows | Genesis | Processing 4 trims from ADS response
[2026-07-28 15:33:52] [DEBUG   ] [chrome_api.mapper] mapper | GENESIS | G7CS4K2DGA00 | Extracted fields: year=2024, desc=2.5T Advanced AWD, trim=2.5T Advanced
[2026-07-28 15:33:52] [DEBUG   ] [chrome_api.mapper] mapper | GENESIS | G7CS4K2DGA00 | ModelName from ADS: G70
[2026-07-28 15:33:52] [INFO    ] [chrome_api.mapper] mapper | GENESIS | Loaded 11 ENGINE_TYPE keywords: ['electrified', 'electric', 'ev', '3.3t', '3.5t', '3.8', '5.0', '5.0l', '2.5t', '2.0t', 'e-sc']
[2026-07-28 15:33:52] [DEBUG   ] [chrome_api.mapper] mapper | GENESIS | G7CS4K2DGA00 | Searching text: 'g70 2.5t advanced awd'
[2026-07-28 15:33:52] [DEBUG   ] [chrome_api.mapper] mapper | GENESIS | G7CS4K2DGA00 | Found keyword '2.5t' in 'G70 2.5T Advanced AWD'
[2026-07-28 15:33:52] [INFO    ] [chrome_api.mapper] mapper | GENESIS | G7CS4K2DGA00 | Row complete: model=G70, trim=2.5T Advanced AWD, engine_type=2.5t
[2026-07-28 15:33:52] [DEBUG   ] [chrome_api.mapper] mapper | GENESIS | G7CS4K2DGP00 | Extracted fields: year=2024, desc=2.5T Prestige AWD, trim=2.5T Prestige
[2026-07-28 15:33:52] [DEBUG   ] [chrome_api.mapper] mapper | GENESIS | G7CS4K2DGP00 | ModelName from ADS: G70
[2026-07-28 15:33:52] [INFO    ] [chrome_api.mapper] mapper | GENESIS | Loaded 11 ENGINE_TYPE keywords: ['electrified', 'electric', 'ev', '3.3t', '3.5t', '3.8', '5.0', '5.0l', '2.5t', '2.0t', 'e-sc']
[2026-07-28 15:33:52] [DEBUG   ] [chrome_api.mapper] mapper | GENESIS | G7CS4K2DGP00 | Searching text: 'g70 2.5t prestige awd'
[2026-07-28 15:33:52] [DEBUG   ] [chrome_api.mapper] mapper | GENESIS | G7CS4K2DGP00 | Found keyword '2.5t' in 'G70 2.5T Prestige AWD'
[2026-07-28 15:33:52] [INFO    ] [chrome_api.mapper] mapper | GENESIS | G7CS4K2DGP00 | Row complete: model=G70, trim=2.5T Prestige AWD, engine_type=2.5t
[2026-07-28 15:33:52] [DEBUG   ] [chrome_api.mapper] mapper | GENESIS | G7CS4K3AGA00 | Extracted fields: year=2024, desc=3.3T Advanced AWD, trim=3.3T Advanced
[2026-07-28 15:33:52] [DEBUG   ] [chrome_api.mapper] mapper | GENESIS | G7CS4K3AGA00 | ModelName from ADS: G70
[2026-07-28 15:33:52] [INFO    ] [chrome_api.mapper] mapper | GENESIS | Loaded 11 ENGINE_TYPE keywords: ['electrified', 'electric', 'ev', '3.3t', '3.5t', '3.8', '5.0', '5.0l', '2.5t', '2.0t', 'e-sc']
[2026-07-28 15:33:52] [DEBUG   ] [chrome_api.mapper] mapper | GENESIS | G7CS4K3AGA00 | Searching text: 'g70 3.3t advanced awd'
[2026-07-28 15:33:52] [DEBUG   ] [chrome_api.mapper] mapper | GENESIS | G7CS4K3AGA00 | Found keyword '3.3t' in 'G70 3.3T Advanced AWD'
[2026-07-28 15:33:52] [INFO    ] [chrome_api.mapper] mapper | GENESIS | G7CS4K3AGA00 | Row complete: model=G70, trim=3.3T Advanced AWD, engine_type=3.3t
[2026-07-28 15:33:52] [DEBUG   ] [chrome_api.mapper] mapper | GENESIS | G7CS4K3AGS00 | Extracted fields: year=2024, desc=3.3T Sport AWD, trim=3.3T Sport
[2026-07-28 15:33:52] [DEBUG   ] [chrome_api.mapper] mapper | GENESIS | G7CS4K3AGS00 | ModelName from ADS: G70
[2026-07-28 15:33:52] [INFO    ] [chrome_api.mapper] mapper | GENESIS | Loaded 11 ENGINE_TYPE keywords: ['electrified', 'electric', 'ev', '3.3t', '3.5t', '3.8', '5.0', '5.0l', '2.5t', '2.0t', 'e-sc']
[2026-07-28 15:33:52] [DEBUG   ] [chrome_api.mapper] mapper | GENESIS | G7CS4K3AGS00 | Searching text: 'g70 3.3t sport awd'
[2026-07-28 15:33:52] [DEBUG   ] [chrome_api.mapper] mapper | GENESIS | G7CS4K3AGS00 | Found keyword '3.3t' in 'G70 3.3T Sport AWD'
[2026-07-28 15:33:52] [INFO    ] [chrome_api.mapper] mapper | GENESIS | G7CS4K3AGS00 | Row complete: model=G70, trim=3.3T Sport AWD, engine_type=3.3t
[2026-07-28 15:33:52] [INFO    ] [chrome_api.mapper] mapper | ads_response_to_rows | Genesis | Converted 4/4 trims to rows
[2026-07-28 15:33:52] [DEBUG   ] [chrome_api.service] refresh_from_ads | Genesis 2024 G70 | Converted 4 trims to rows
[2026-07-28 15:33:52] [DEBUG   ] [urllib3.connectionpool] https://demos.autodatasolutions.com:443 "POST /ADSDemo/api/full/ymmt/year/2024/make/Genesis/model/G80/ HTTP/1.1" 200 None
[2026-07-28 15:33:52] [INFO    ] [chrome_api.mapper] mapper | ads_response_to_rows | Genesis | Processing 2 trims from ADS response
[2026-07-28 15:33:52] [DEBUG   ] [chrome_api.mapper] mapper | GENESIS | G8CS4K2DGA00 | Extracted fields: year=2024, desc=2.5T Advanced AWD, trim=2.5T Advanced
[2026-07-28 15:33:52] [DEBUG   ] [chrome_api.mapper] mapper | GENESIS | G8CS4K2DGA00 | ModelName from ADS: G80
[2026-07-28 15:33:52] [INFO    ] [chrome_api.mapper] mapper | GENESIS | Loaded 11 ENGINE_TYPE keywords: ['electrified', 'electric', 'ev', '3.3t', '3.5t', '3.8', '5.0', '5.0l', '2.5t', '2.0t', 'e-sc']
[2026-07-28 15:33:52] [DEBUG   ] [chrome_api.mapper] mapper | GENESIS | G8CS4K2DGA00 | Searching text: 'g80 2.5t advanced awd'
[2026-07-28 15:33:52] [DEBUG   ] [chrome_api.mapper] mapper | GENESIS | G8CS4K2DGA00 | Found keyword '2.5t' in 'G80 2.5T Advanced AWD'
[2026-07-28 15:33:52] [INFO    ] [chrome_api.mapper] mapper | GENESIS | G8CS4K2DGA00 | Row complete: model=G80, trim=2.5T Advanced AWD, engine_type=2.5t
[2026-07-28 15:33:52] [DEBUG   ] [chrome_api.mapper] mapper | GENESIS | G8CS4K3BGSAU | Extracted fields: year=2024, desc=3.5T Sport Plus AWD, trim=3.5T Sport Plus
[2026-07-28 15:33:52] [DEBUG   ] [chrome_api.mapper] mapper | GENESIS | G8CS4K3BGSAU | ModelName from ADS: G80
[2026-07-28 15:33:52] [INFO    ] [chrome_api.mapper] mapper | GENESIS | Loaded 11 ENGINE_TYPE keywords: ['electrified', 'electric', 'ev', '3.3t', '3.5t', '3.8', '5.0', '5.0l', '2.5t', '2.0t', 'e-sc']
[2026-07-28 15:33:52] [DEBUG   ] [chrome_api.mapper] mapper | GENESIS | G8CS4K3BGSAU | Searching text: 'g80 3.5t sport plus awd'
[2026-07-28 15:33:52] [DEBUG   ] [chrome_api.mapper] mapper | GENESIS | G8CS4K3BGSAU | Found keyword '3.5t' in 'G80 3.5T Sport Plus AWD'
[2026-07-28 15:33:52] [INFO    ] [chrome_api.mapper] mapper | GENESIS | G8CS4K3BGSAU | Row complete: model=G80, trim=3.5T Sport Plus AWD, engine_type=3.5t
[2026-07-28 15:33:52] [INFO    ] [chrome_api.mapper] mapper | ads_response_to_rows | Genesis | Converted 2/2 trims to rows
[2026-07-28 15:33:52] [DEBUG   ] [chrome_api.service] refresh_from_ads | Genesis 2024 G80 | Converted 2 trims to rows
[2026-07-28 15:33:52] [DEBUG   ] [urllib3.connectionpool] https://demos.autodatasolutions.com:443 "POST /ADSDemo/api/full/ymmt/year/2024/make/Genesis/model/G90/ HTTP/1.1" 200 None
[2026-07-28 15:33:53] [INFO    ] [chrome_api.mapper] mapper | ads_response_to_rows | Genesis | Processing 1 trims from ADS response
[2026-07-28 15:33:53] [DEBUG   ] [chrome_api.mapper] mapper | GENESIS | G9CS4K3BXXPS | Extracted fields: year=2024, desc=e-SC Prestige AWD, trim=e-SC Prestige
[2026-07-28 15:33:53] [DEBUG   ] [chrome_api.mapper] mapper | GENESIS | G9CS4K3BXXPS | ModelName from ADS: G90
[2026-07-28 15:33:53] [INFO    ] [chrome_api.mapper] mapper | GENESIS | Loaded 11 ENGINE_TYPE keywords: ['electrified', 'electric', 'ev', '3.3t', '3.5t', '3.8', '5.0', '5.0l', '2.5t', '2.0t', 'e-sc']
[2026-07-28 15:33:53] [DEBUG   ] [chrome_api.mapper] mapper | GENESIS | G9CS4K3BXXPS | Searching text: 'g90 e-sc prestige awd'
[2026-07-28 15:33:53] [DEBUG   ] [chrome_api.mapper] mapper | GENESIS | G9CS4K3BXXPS | Found keyword 'e-sc' in 'G90 e-SC Prestige AWD'
[2026-07-28 15:33:53] [INFO    ] [chrome_api.mapper] mapper | GENESIS | G9CS4K3BXXPS | Row complete: model=G90, trim=e-SC Prestige AWD, engine_type=e-sc
[2026-07-28 15:33:53] [INFO    ] [chrome_api.mapper] mapper | ads_response_to_rows | Genesis | Converted 1/1 trims to rows
[2026-07-28 15:33:53] [DEBUG   ] [chrome_api.service] refresh_from_ads | Genesis 2024 G90 | Converted 1 trims to rows
[2026-07-28 15:33:53] [DEBUG   ] [urllib3.connectionpool] https://demos.autodatasolutions.com:443 "POST /ADSDemo/api/full/ymmt/year/2024/make/Genesis/model/GV60/ HTTP/1.1" 200 None
[2026-07-28 15:33:54] [INFO    ] [chrome_api.mapper] mapper | ads_response_to_rows | Genesis | Processing 3 trims from ADS response
[2026-07-28 15:33:54] [DEBUG   ] [chrome_api.mapper] mapper | GENESIS | V6EW5ZE227AD | Extracted fields: year=2024, desc=Advanced AWD, trim=Advanced
[2026-07-28 15:33:54] [DEBUG   ] [chrome_api.mapper] mapper | GENESIS | V6EW5ZE227AD | ModelName from ADS: GV60
[2026-07-28 15:33:54] [INFO    ] [chrome_api.mapper] mapper | GENESIS | Loaded 11 ENGINE_TYPE keywords: ['electrified', 'electric', 'ev', '3.3t', '3.5t', '3.8', '5.0', '5.0l', '2.5t', '2.0t', 'e-sc']
[2026-07-28 15:33:54] [DEBUG   ] [chrome_api.mapper] mapper | GENESIS | V6EW5ZE227AD | Searching text: 'gv60 advanced awd'
[2026-07-28 15:33:54] [DEBUG   ] [chrome_api.mapper] mapper | GENESIS | V6EW5ZE227AD | No ENGINE_TYPE keyword found
[2026-07-28 15:33:54] [INFO    ] [chrome_api.mapper] mapper | GENESIS | V6EW5ZE227AD | Row complete: model=GV60, trim=Advanced AWD, engine_type=None
[2026-07-28 15:33:54] [DEBUG   ] [chrome_api.mapper] mapper | GENESIS | V6EW5ZE127AR | Extracted fields: year=2024, desc=Performance AWD, trim=Performance
[2026-07-28 15:33:54] [DEBUG   ] [chrome_api.mapper] mapper | GENESIS | V6EW5ZE127AR | ModelName from ADS: GV60
[2026-07-28 15:33:54] [INFO    ] [chrome_api.mapper] mapper | GENESIS | Loaded 11 ENGINE_TYPE keywords: ['electrified', 'electric', 'ev', '3.3t', '3.5t', '3.8', '5.0', '5.0l', '2.5t', '2.0t', 'e-sc']
[2026-07-28 15:33:54] [DEBUG   ] [chrome_api.mapper] mapper | GENESIS | V6EW5ZE127AR | Searching text: 'gv60 performance awd'
[2026-07-28 15:33:54] [DEBUG   ] [chrome_api.mapper] mapper | GENESIS | V6EW5ZE127AR | No ENGINE_TYPE keyword found
[2026-07-28 15:33:54] [INFO    ] [chrome_api.mapper] mapper | GENESIS | V6EW5ZE127AR | Row complete: model=GV60, trim=Performance AWD, engine_type=None
[2026-07-28 15:33:54] [DEBUG   ] [chrome_api.mapper] mapper | GENESIS | V6EW5ZE127PF | Extracted fields: year=2024, desc=Performance AWD w/Navy Interior, trim=Performance
[2026-07-28 15:33:54] [DEBUG   ] [chrome_api.mapper] mapper | GENESIS | V6EW5ZE127PF | ModelName from ADS: GV60
[2026-07-28 15:33:54] [INFO    ] [chrome_api.mapper] mapper | GENESIS | Loaded 11 ENGINE_TYPE keywords: ['electrified', 'electric', 'ev', '3.3t', '3.5t', '3.8', '5.0', '5.0l', '2.5t', '2.0t', 'e-sc']
[2026-07-28 15:33:54] [DEBUG   ] [chrome_api.mapper] mapper | GENESIS | V6EW5ZE127PF | Searching text: 'gv60 performance awd w/navy interior'
[2026-07-28 15:33:54] [DEBUG   ] [chrome_api.mapper] mapper | GENESIS | V6EW5ZE127PF | No ENGINE_TYPE keyword found
[2026-07-28 15:33:54] [INFO    ] [chrome_api.mapper] mapper | GENESIS | V6EW5ZE127PF | Row complete: model=GV60, trim=Performance AWD w/Navy Interior, engine_type=None
[2026-07-28 15:33:54] [INFO    ] [chrome_api.mapper] mapper | ads_response_to_rows | Genesis | Converted 3/3 trims to rows
[2026-07-28 15:33:54] [DEBUG   ] [chrome_api.service] refresh_from_ads | Genesis 2024 GV60 | Converted 3 trims to rows
[2026-07-28 15:33:54] [DEBUG   ] [urllib3.connectionpool] https://demos.autodatasolutions.com:443 "POST /ADSDemo/api/full/ymmt/year/2024/make/Genesis/model/GV70/ HTTP/1.1" 200 None
[2026-07-28 15:33:54] [INFO    ] [chrome_api.mapper] mapper | ads_response_to_rows | Genesis | Processing 6 trims from ADS response
[2026-07-28 15:33:54] [DEBUG   ] [chrome_api.mapper] mapper | GENESIS | V7CW5K2D27AD | Extracted fields: year=2024, desc=2.5T Advanced AWD, trim=2.5T Advanced
[2026-07-28 15:33:54] [DEBUG   ] [chrome_api.mapper] mapper | GENESIS | V7CW5K2D27AD | ModelName from ADS: GV70
[2026-07-28 15:33:54] [INFO    ] [chrome_api.mapper] mapper | GENESIS | Loaded 11 ENGINE_TYPE keywords: ['electrified', 'electric', 'ev', '3.3t', '3.5t', '3.8', '5.0', '5.0l', '2.5t', '2.0t', 'e-sc']
[2026-07-28 15:33:54] [DEBUG   ] [chrome_api.mapper] mapper | GENESIS | V7CW5K2D27AD | Searching text: 'gv70 2.5t advanced awd'
[2026-07-28 15:33:54] [DEBUG   ] [chrome_api.mapper] mapper | GENESIS | V7CW5K2D27AD | Found keyword '2.5t' in 'GV70 2.5T Advanced AWD'
[2026-07-28 15:33:54] [INFO    ] [chrome_api.mapper] mapper | GENESIS | V7CW5K2D27AD | Row complete: model=GV70, trim=2.5T Advanced AWD, engine_type=2.5t
[2026-07-28 15:33:54] [DEBUG   ] [chrome_api.mapper] mapper | GENESIS | V7CW5K2DGAAU | Extracted fields: year=2024, desc=2.5T Advanced Plus AWD, trim=2.5T Advanced Plus
[2026-07-28 15:33:54] [DEBUG   ] [chrome_api.mapper] mapper | GENESIS | V7CW5K2DGAAU | ModelName from ADS: GV70
[2026-07-28 15:33:54] [INFO    ] [chrome_api.mapper] mapper | GENESIS | Loaded 11 ENGINE_TYPE keywords: ['electrified', 'electric', 'ev', '3.3t', '3.5t', '3.8', '5.0', '5.0l', '2.5t', '2.0t', 'e-sc']
[2026-07-28 15:33:54] [DEBUG   ] [chrome_api.mapper] mapper | GENESIS | V7CW5K2DGAAU | Searching text: 'gv70 2.5t advanced plus awd'
[2026-07-28 15:33:54] [DEBUG   ] [chrome_api.mapper] mapper | GENESIS | V7CW5K2DGAAU | Found keyword '2.5t' in 'GV70 2.5T Advanced Plus AWD'
[2026-07-28 15:33:54] [INFO    ] [chrome_api.mapper] mapper | GENESIS | V7CW5K2DGAAU | Row complete: model=GV70, trim=2.5T Advanced Plus AWD, engine_type=2.5t
[2026-07-28 15:33:54] [DEBUG   ] [chrome_api.mapper] mapper | GENESIS | V7CW5K2DGP00 | Extracted fields: year=2024, desc=2.5T Prestige AWD, trim=2.5T Prestige
[2026-07-28 15:33:54] [DEBUG   ] [chrome_api.mapper] mapper | GENESIS | V7CW5K2DGP00 | ModelName from ADS: GV70
[2026-07-28 15:33:54] [INFO    ] [chrome_api.mapper] mapper | GENESIS | Loaded 11 ENGINE_TYPE keywords: ['electrified', 'electric', 'ev', '3.3t', '3.5t', '3.8', '5.0', '5.0l', '2.5t', '2.0t', 'e-sc']
[2026-07-28 15:33:54] [DEBUG   ] [chrome_api.mapper] mapper | GENESIS | V7CW5K2DGP00 | Searching text: 'gv70 2.5t prestige awd'
[2026-07-28 15:33:54] [DEBUG   ] [chrome_api.mapper] mapper | GENESIS | V7CW5K2DGP00 | Found keyword '2.5t' in 'GV70 2.5T Prestige AWD'
[2026-07-28 15:33:54] [INFO    ] [chrome_api.mapper] mapper | GENESIS | V7CW5K2DGP00 | Row complete: model=GV70, trim=2.5T Prestige AWD, engine_type=2.5t
[2026-07-28 15:33:54] [DEBUG   ] [chrome_api.mapper] mapper | GENESIS | V7CW5K3BGS00 | Extracted fields: year=2024, desc=3.5T Sport AWD, trim=3.5T Sport
[2026-07-28 15:33:54] [DEBUG   ] [chrome_api.mapper] mapper | GENESIS | V7CW5K3BGS00 | ModelName from ADS: GV70
[2026-07-28 15:33:54] [INFO    ] [chrome_api.mapper] mapper | GENESIS | Loaded 11 ENGINE_TYPE keywords: ['electrified', 'electric', 'ev', '3.3t', '3.5t', '3.8', '5.0', '5.0l', '2.5t', '2.0t', 'e-sc']
[2026-07-28 15:33:54] [DEBUG   ] [chrome_api.mapper] mapper | GENESIS | V7CW5K3BGS00 | Searching text: 'gv70 3.5t sport awd'
[2026-07-28 15:33:54] [DEBUG   ] [chrome_api.mapper] mapper | GENESIS | V7CW5K3BGS00 | Found keyword '3.5t' in 'GV70 3.5T Sport AWD'
[2026-07-28 15:33:54] [INFO    ] [chrome_api.mapper] mapper | GENESIS | V7CW5K3BGS00 | Row complete: model=GV70, trim=3.5T Sport AWD, engine_type=3.5t
[2026-07-28 15:33:54] [DEBUG   ] [chrome_api.mapper] mapper | GENESIS | V7CW5K3BGSAF | Extracted fields: year=2024, desc=3.5T Sport Plus w/o LSD, trim=3.5T Sport Plus w/o LSD
[2026-07-28 15:33:54] [DEBUG   ] [chrome_api.mapper] mapper | GENESIS | V7CW5K3BGSAF | ModelName from ADS: GV70
[2026-07-28 15:33:54] [INFO    ] [chrome_api.mapper] mapper | GENESIS | Loaded 11 ENGINE_TYPE keywords: ['electrified', 'electric', 'ev', '3.3t', '3.5t', '3.8', '5.0', '5.0l', '2.5t', '2.0t', 'e-sc']
[2026-07-28 15:33:54] [DEBUG   ] [chrome_api.mapper] mapper | GENESIS | V7CW5K3BGSAF | Searching text: 'gv70 3.5t sport plus w/o lsd'
[2026-07-28 15:33:54] [DEBUG   ] [chrome_api.mapper] mapper | GENESIS | V7CW5K3BGSAF | Found keyword '3.5t' in 'GV70 3.5T Sport Plus w/o LSD'
[2026-07-28 15:33:54] [INFO    ] [chrome_api.mapper] mapper | GENESIS | V7CW5K3BGSAF | Row complete: model=GV70, trim=3.5T Sport Plus w/o LSD, engine_type=3.5t
[2026-07-28 15:33:54] [DEBUG   ] [chrome_api.mapper] mapper | GENESIS | V7CW5K3BGSBE | Extracted fields: year=2024, desc=3.5T Sport Plus w/LSD, trim=3.5T Sport Plus w/LSD
[2026-07-28 15:33:54] [DEBUG   ] [chrome_api.mapper] mapper | GENESIS | V7CW5K3BGSBE | ModelName from ADS: GV70
[2026-07-28 15:33:54] [INFO    ] [chrome_api.mapper] mapper | GENESIS | Loaded 11 ENGINE_TYPE keywords: ['electrified', 'electric', 'ev', '3.3t', '3.5t', '3.8', '5.0', '5.0l', '2.5t', '2.0t', 'e-sc']
[2026-07-28 15:33:54] [DEBUG   ] [chrome_api.mapper] mapper | GENESIS | V7CW5K3BGSBE | Searching text: 'gv70 3.5t sport plus w/lsd'
[2026-07-28 15:33:54] [DEBUG   ] [chrome_api.mapper] mapper | GENESIS | V7CW5K3BGSBE | Found keyword '3.5t' in 'GV70 3.5T Sport Plus w/LSD'
[2026-07-28 15:33:54] [INFO    ] [chrome_api.mapper] mapper | GENESIS | V7CW5K3BGSBE | Row complete: model=GV70, trim=3.5T Sport Plus w/LSD, engine_type=3.5t
[2026-07-28 15:33:54] [INFO    ] [chrome_api.mapper] mapper | ads_response_to_rows | Genesis | Converted 6/6 trims to rows
[2026-07-28 15:33:54] [DEBUG   ] [chrome_api.service] refresh_from_ads | Genesis 2024 GV70 | Converted 6 trims to rows
[2026-07-28 15:33:55] [DEBUG   ] [urllib3.connectionpool] https://demos.autodatasolutions.com:443 "POST /ADSDemo/api/full/ymmt/year/2024/make/Genesis/model/GV80/ HTTP/1.1" 200 None
[2026-07-28 15:33:55] [INFO    ] [chrome_api.mapper] mapper | ads_response_to_rows | Genesis | Processing 7 trims from ADS response
[2026-07-28 15:33:55] [DEBUG   ] [chrome_api.mapper] mapper | GENESIS | V8CW5K2DGA00 | Extracted fields: year=2024, desc=2.5T Advanced AWD, trim=2.5T Advanced
[2026-07-28 15:33:55] [DEBUG   ] [chrome_api.mapper] mapper | GENESIS | V8CW5K2DGA00 | ModelName from ADS: GV80
[2026-07-28 15:33:55] [INFO    ] [chrome_api.mapper] mapper | GENESIS | Loaded 11 ENGINE_TYPE keywords: ['electrified', 'electric', 'ev', '3.3t', '3.5t', '3.8', '5.0', '5.0l', '2.5t', '2.0t', 'e-sc']
[2026-07-28 15:33:55] [DEBUG   ] [chrome_api.mapper] mapper | GENESIS | V8CW5K2DGA00 | Searching text: 'gv80 2.5t advanced awd'
[2026-07-28 15:33:55] [DEBUG   ] [chrome_api.mapper] mapper | GENESIS | V8CW5K2DGA00 | Found keyword '2.5t' in 'GV80 2.5T Advanced AWD'
[2026-07-28 15:33:55] [INFO    ] [chrome_api.mapper] mapper | GENESIS | V8CW5K2DGA00 | Row complete: model=GV80, trim=2.5T Advanced AWD, engine_type=2.5t
[2026-07-28 15:33:55] [DEBUG   ] [chrome_api.mapper] mapper | GENESIS | V8CW5K3BGPAM | Extracted fields: year=2024, desc=3.5T Prestige AWD 5P, trim=3.5T Prestige
[2026-07-28 15:33:55] [DEBUG   ] [chrome_api.mapper] mapper | GENESIS | V8CW5K3BGPAM | ModelName from ADS: GV80
[2026-07-28 15:33:55] [INFO    ] [chrome_api.mapper] mapper | GENESIS | Loaded 11 ENGINE_TYPE keywords: ['electrified', 'electric', 'ev', '3.3t', '3.5t', '3.8', '5.0', '5.0l', '2.5t', '2.0t', 'e-sc']
[2026-07-28 15:33:55] [DEBUG   ] [chrome_api.mapper] mapper | GENESIS | V8CW5K3BGPAM | Searching text: 'gv80 3.5t prestige awd 5p'
[2026-07-28 15:33:55] [DEBUG   ] [chrome_api.mapper] mapper | GENESIS | V8CW5K3BGPAM | Found keyword '3.5t' in 'GV80 3.5T Prestige AWD 5P'
[2026-07-28 15:33:55] [INFO    ] [chrome_api.mapper] mapper | GENESIS | V8CW5K3BGPAM | Row complete: model=GV80, trim=3.5T Prestige AWD 5P, engine_type=3.5t
[2026-07-28 15:33:55] [DEBUG   ] [chrome_api.mapper] mapper | GENESIS | V8CW5K3BGPAP | Extracted fields: year=2024, desc=3.5T Prestige AWD 5P w/Matte Paint, trim=3.5T Prestige
[2026-07-28 15:33:55] [DEBUG   ] [chrome_api.mapper] mapper | GENESIS | V8CW5K3BGPAP | ModelName from ADS: GV80
[2026-07-28 15:33:55] [INFO    ] [chrome_api.mapper] mapper | GENESIS | Loaded 11 ENGINE_TYPE keywords: ['electrified', 'electric', 'ev', '3.3t', '3.5t', '3.8', '5.0', '5.0l', '2.5t', '2.0t', 'e-sc']
[2026-07-28 15:33:55] [DEBUG   ] [chrome_api.mapper] mapper | GENESIS | V8CW5K3BGPAP | Searching text: 'gv80 3.5t prestige awd 5p w/matte paint'
[2026-07-28 15:33:55] [DEBUG   ] [chrome_api.mapper] mapper | GENESIS | V8CW5K3BGPAP | Found keyword '3.5t' in 'GV80 3.5T Prestige AWD 5P w/Matte Paint'
[2026-07-28 15:33:55] [INFO    ] [chrome_api.mapper] mapper | GENESIS | V8CW5K3BGPAP | Row complete: model=GV80, trim=3.5T Prestige AWD 5P w/Matte Paint, engine_type=3.5t
[2026-07-28 15:33:55] [DEBUG   ] [chrome_api.mapper] mapper | GENESIS | V8CW7K3BGP00 | Extracted fields: year=2024, desc=3.5T Prestige AWD 7P, trim=3.5T Prestige
[2026-07-28 15:33:55] [DEBUG   ] [chrome_api.mapper] mapper | GENESIS | V8CW7K3BGP00 | ModelName from ADS: GV80
[2026-07-28 15:33:55] [INFO    ] [chrome_api.mapper] mapper | GENESIS | Loaded 11 ENGINE_TYPE keywords: ['electrified', 'electric', 'ev', '3.3t', '3.5t', '3.8', '5.0', '5.0l', '2.5t', '2.0t', 'e-sc']
[2026-07-28 15:33:55] [DEBUG   ] [chrome_api.mapper] mapper | GENESIS | V8CW7K3BGP00 | Searching text: 'gv80 3.5t prestige awd 7p'
[2026-07-28 15:33:55] [DEBUG   ] [chrome_api.mapper] mapper | GENESIS | V8CW7K3BGP00 | Found keyword '3.5t' in 'GV80 3.5T Prestige AWD 7P'
[2026-07-28 15:33:55] [INFO    ] [chrome_api.mapper] mapper | GENESIS | V8CW7K3BGP00 | Row complete: model=GV80, trim=3.5T Prestige AWD 7P, engine_type=3.5t
[2026-07-28 15:33:55] [DEBUG   ] [chrome_api.mapper] mapper | GENESIS | V8CW7K3BGPAO | Extracted fields: year=2024, desc=3.5T Prestige AWD 7P w/Matte Paint, trim=3.5T Prestige
[2026-07-28 15:33:55] [DEBUG   ] [chrome_api.mapper] mapper | GENESIS | V8CW7K3BGPAO | ModelName from ADS: GV80
[2026-07-28 15:33:55] [INFO    ] [chrome_api.mapper] mapper | GENESIS | Loaded 11 ENGINE_TYPE keywords: ['electrified', 'electric', 'ev', '3.3t', '3.5t', '3.8', '5.0', '5.0l', '2.5t', '2.0t', 'e-sc']
[2026-07-28 15:33:55] [DEBUG   ] [chrome_api.mapper] mapper | GENESIS | V8CW7K3BGPAO | Searching text: 'gv80 3.5t prestige awd 7p w/matte paint'
[2026-07-28 15:33:55] [DEBUG   ] [chrome_api.mapper] mapper | GENESIS | V8CW7K3BGPAO | Found keyword '3.5t' in 'GV80 3.5T Prestige AWD 7P w/Matte Paint'
[2026-07-28 15:33:55] [INFO    ] [chrome_api.mapper] mapper | GENESIS | V8CW7K3BGPAO | Row complete: model=GV80, trim=3.5T Prestige AWD 7P w/Matte Paint, engine_type=3.5t
[2026-07-28 15:33:55] [DEBUG   ] [chrome_api.mapper] mapper | GENESIS | V8CW5K3BGAAX | Extracted fields: year=2024, desc=3.5T Advanced AWD 5P, trim=3.5T Advanced
[2026-07-28 15:33:55] [DEBUG   ] [chrome_api.mapper] mapper | GENESIS | V8CW5K3BGAAX | ModelName from ADS: GV80
[2026-07-28 15:33:55] [INFO    ] [chrome_api.mapper] mapper | GENESIS | Loaded 11 ENGINE_TYPE keywords: ['electrified', 'electric', 'ev', '3.3t', '3.5t', '3.8', '5.0', '5.0l', '2.5t', '2.0t', 'e-sc']
[2026-07-28 15:33:55] [DEBUG   ] [chrome_api.mapper] mapper | GENESIS | V8CW5K3BGAAX | Searching text: 'gv80 3.5t advanced awd 5p'
[2026-07-28 15:33:55] [DEBUG   ] [chrome_api.mapper] mapper | GENESIS | V8CW5K3BGAAX | Found keyword '3.5t' in 'GV80 3.5T Advanced AWD 5P'
[2026-07-28 15:33:55] [INFO    ] [chrome_api.mapper] mapper | GENESIS | V8CW5K3BGAAX | Row complete: model=GV80, trim=3.5T Advanced AWD 5P, engine_type=3.5t
[2026-07-28 15:33:55] [DEBUG   ] [chrome_api.mapper] mapper | GENESIS | V8CW5K3BGAAY | Extracted fields: year=2024, desc=3.5T Advanced AWD 5P w/Matte Paint, trim=3.5T Advanced
[2026-07-28 15:33:55] [DEBUG   ] [chrome_api.mapper] mapper | GENESIS | V8CW5K3BGAAY | ModelName from ADS: GV80
[2026-07-28 15:33:55] [INFO    ] [chrome_api.mapper] mapper | GENESIS | Loaded 11 ENGINE_TYPE keywords: ['electrified', 'electric', 'ev', '3.3t', '3.5t', '3.8', '5.0', '5.0l', '2.5t', '2.0t', 'e-sc']
[2026-07-28 15:33:55] [DEBUG   ] [chrome_api.mapper] mapper | GENESIS | V8CW5K3BGAAY | Searching text: 'gv80 3.5t advanced awd 5p w/matte paint'
[2026-07-28 15:33:55] [DEBUG   ] [chrome_api.mapper] mapper | GENESIS | V8CW5K3BGAAY | Found keyword '3.5t' in 'GV80 3.5T Advanced AWD 5P w/Matte Paint'
[2026-07-28 15:33:55] [INFO    ] [chrome_api.mapper] mapper | GENESIS | V8CW5K3BGAAY | Row complete: model=GV80, trim=3.5T Advanced AWD 5P w/Matte Paint, engine_type=3.5t
[2026-07-28 15:33:55] [INFO    ] [chrome_api.mapper] mapper | ads_response_to_rows | Genesis | Converted 7/7 trims to rows
[2026-07-28 15:33:55] [DEBUG   ] [chrome_api.service] refresh_from_ads | Genesis 2024 GV80 | Converted 7 trims to rows
[2026-07-28 15:33:55] [DEBUG   ] [urllib3.connectionpool] https://demos.autodatasolutions.com:443 "GET /ADSDemo/api/ymmt/models/make/Genesis/year/2025/country/CA/language/en?sort=ASC HTTP/1.1" 200 None
[2026-07-28 15:33:56] [DEBUG   ] [urllib3.connectionpool] https://demos.autodatasolutions.com:443 "POST /ADSDemo/api/full/ymmt/year/2025/make/Genesis/model/Electrified%20GV70/ HTTP/1.1" 200 None
[2026-07-28 15:33:56] [INFO    ] [chrome_api.mapper] mapper | ads_response_to_rows | Genesis | Processing 3 trims from ADS response
[2026-07-28 15:33:56] [DEBUG   ] [chrome_api.mapper] mapper | GENESIS | V7EW5ZE1GP00 | Extracted fields: year=2025, desc=Prestige AWD, trim=Prestige
[2026-07-28 15:33:56] [DEBUG   ] [chrome_api.mapper] mapper | GENESIS | V7EW5ZE1GP00 | ModelName from ADS: Electrified GV70
[2026-07-28 15:33:56] [INFO    ] [chrome_api.mapper] mapper | GENESIS | Loaded 11 ENGINE_TYPE keywords: ['electrified', 'electric', 'ev', '3.3t', '3.5t', '3.8', '5.0', '5.0l', '2.5t', '2.0t', 'e-sc']
[2026-07-28 15:33:56] [DEBUG   ] [chrome_api.mapper] mapper | GENESIS | V7EW5ZE1GP00 | Searching text: 'electrified gv70 prestige awd'
[2026-07-28 15:33:56] [DEBUG   ] [chrome_api.mapper] mapper | GENESIS | V7EW5ZE1GP00 | Found keyword 'electrified' in 'Electrified GV70 Prestige AWD'
[2026-07-28 15:33:56] [INFO    ] [chrome_api.mapper] mapper | GENESIS | V7EW5ZE1GP00 | Row complete: model=Electrified GV70, trim=Prestige AWD, engine_type=electric
[2026-07-28 15:33:56] [DEBUG   ] [chrome_api.mapper] mapper | GENESIS | V7EW5ZE1GA00 | Extracted fields: year=2025, desc=Advanced AWD, trim=Advanced
[2026-07-28 15:33:56] [DEBUG   ] [chrome_api.mapper] mapper | GENESIS | V7EW5ZE1GA00 | ModelName from ADS: Electrified GV70
[2026-07-28 15:33:56] [INFO    ] [chrome_api.mapper] mapper | GENESIS | Loaded 11 ENGINE_TYPE keywords: ['electrified', 'electric', 'ev', '3.3t', '3.5t', '3.8', '5.0', '5.0l', '2.5t', '2.0t', 'e-sc']
[2026-07-28 15:33:56] [DEBUG   ] [chrome_api.mapper] mapper | GENESIS | V7EW5ZE1GA00 | Searching text: 'electrified gv70 advanced awd'
[2026-07-28 15:33:56] [DEBUG   ] [chrome_api.mapper] mapper | GENESIS | V7EW5ZE1GA00 | Found keyword 'electrified' in 'Electrified GV70 Advanced AWD'
[2026-07-28 15:33:56] [INFO    ] [chrome_api.mapper] mapper | GENESIS | V7EW5ZE1GA00 | Row complete: model=Electrified GV70, trim=Advanced AWD, engine_type=electric
[2026-07-28 15:33:56] [DEBUG   ] [chrome_api.mapper] mapper | GENESIS | V7EW5ZE1GAAU | Extracted fields: year=2025, desc=Advanced Plus AWD, trim=Advanced Plus
[2026-07-28 15:33:56] [DEBUG   ] [chrome_api.mapper] mapper | GENESIS | V7EW5ZE1GAAU | ModelName from ADS: Electrified GV70
[2026-07-28 15:33:56] [INFO    ] [chrome_api.mapper] mapper | GENESIS | Loaded 11 ENGINE_TYPE keywords: ['electrified', 'electric', 'ev', '3.3t', '3.5t', '3.8', '5.0', '5.0l', '2.5t', '2.0t', 'e-sc']
[2026-07-28 15:33:56] [DEBUG   ] [chrome_api.mapper] mapper | GENESIS | V7EW5ZE1GAAU | Searching text: 'electrified gv70 advanced plus awd'
[2026-07-28 15:33:56] [DEBUG   ] [chrome_api.mapper] mapper | GENESIS | V7EW5ZE1GAAU | Found keyword 'electrified' in 'Electrified GV70 Advanced Plus AWD'
[2026-07-28 15:33:56] [INFO    ] [chrome_api.mapper] mapper | GENESIS | V7EW5ZE1GAAU | Row complete: model=Electrified GV70, trim=Advanced Plus AWD, engine_type=electric
[2026-07-28 15:33:56] [INFO    ] [chrome_api.mapper] mapper | ads_response_to_rows | Genesis | Converted 3/3 trims to rows
[2026-07-28 15:33:56] [DEBUG   ] [chrome_api.service] refresh_from_ads | Genesis 2025 Electrified GV70 | Converted 3 trims to rows
[2026-07-28 15:33:57] [DEBUG   ] [urllib3.connectionpool] https://demos.autodatasolutions.com:443 "POST /ADSDemo/api/full/ymmt/year/2025/make/Genesis/model/G70/ HTTP/1.1" 200 None
[2026-07-28 15:33:57] [INFO    ] [chrome_api.mapper] mapper | ads_response_to_rows | Genesis | Processing 4 trims from ADS response
[2026-07-28 15:33:57] [DEBUG   ] [chrome_api.mapper] mapper | GENESIS | G7CS4K2DGA00 | Extracted fields: year=2025, desc=2.5T Advanced AWD, trim=2.5T Advanced
[2026-07-28 15:33:57] [DEBUG   ] [chrome_api.mapper] mapper | GENESIS | G7CS4K2DGA00 | ModelName from ADS: G70
[2026-07-28 15:33:57] [INFO    ] [chrome_api.mapper] mapper | GENESIS | Loaded 11 ENGINE_TYPE keywords: ['electrified', 'electric', 'ev', '3.3t', '3.5t', '3.8', '5.0', '5.0l', '2.5t', '2.0t', 'e-sc']
[2026-07-28 15:33:57] [DEBUG   ] [chrome_api.mapper] mapper | GENESIS | G7CS4K2DGA00 | Searching text: 'g70 2.5t advanced awd'
[2026-07-28 15:33:57] [DEBUG   ] [chrome_api.mapper] mapper | GENESIS | G7CS4K2DGA00 | Found keyword '2.5t' in 'G70 2.5T Advanced AWD'
[2026-07-28 15:33:57] [INFO    ] [chrome_api.mapper] mapper | GENESIS | G7CS4K2DGA00 | Row complete: model=G70, trim=2.5T Advanced AWD, engine_type=2.5t
[2026-07-28 15:33:57] [DEBUG   ] [chrome_api.mapper] mapper | GENESIS | G7CS4K2DGP00 | Extracted fields: year=2025, desc=2.5T Prestige AWD, trim=2.5T Prestige
[2026-07-28 15:33:57] [DEBUG   ] [chrome_api.mapper] mapper | GENESIS | G7CS4K2DGP00 | ModelName from ADS: G70
[2026-07-28 15:33:57] [INFO    ] [chrome_api.mapper] mapper | GENESIS | Loaded 11 ENGINE_TYPE keywords: ['electrified', 'electric', 'ev', '3.3t', '3.5t', '3.8', '5.0', '5.0l', '2.5t', '2.0t', 'e-sc']
[2026-07-28 15:33:57] [DEBUG   ] [chrome_api.mapper] mapper | GENESIS | G7CS4K2DGP00 | Searching text: 'g70 2.5t prestige awd'
[2026-07-28 15:33:57] [DEBUG   ] [chrome_api.mapper] mapper | GENESIS | G7CS4K2DGP00 | Found keyword '2.5t' in 'G70 2.5T Prestige AWD'
[2026-07-28 15:33:57] [INFO    ] [chrome_api.mapper] mapper | GENESIS | G7CS4K2DGP00 | Row complete: model=G70, trim=2.5T Prestige AWD, engine_type=2.5t
[2026-07-28 15:33:57] [DEBUG   ] [chrome_api.mapper] mapper | GENESIS | G7CS4K3AGA00 | Extracted fields: year=2025, desc=3.3T Advanced AWD, trim=3.3T Advanced
[2026-07-28 15:33:57] [DEBUG   ] [chrome_api.mapper] mapper | GENESIS | G7CS4K3AGA00 | ModelName from ADS: G70
[2026-07-28 15:33:57] [INFO    ] [chrome_api.mapper] mapper | GENESIS | Loaded 11 ENGINE_TYPE keywords: ['electrified', 'electric', 'ev', '3.3t', '3.5t', '3.8', '5.0', '5.0l', '2.5t', '2.0t', 'e-sc']
[2026-07-28 15:33:57] [DEBUG   ] [chrome_api.mapper] mapper | GENESIS | G7CS4K3AGA00 | Searching text: 'g70 3.3t advanced awd'
[2026-07-28 15:33:57] [DEBUG   ] [chrome_api.mapper] mapper | GENESIS | G7CS4K3AGA00 | Found keyword '3.3t' in 'G70 3.3T Advanced AWD'
[2026-07-28 15:33:57] [INFO    ] [chrome_api.mapper] mapper | GENESIS | G7CS4K3AGA00 | Row complete: model=G70, trim=3.3T Advanced AWD, engine_type=3.3t
[2026-07-28 15:33:57] [DEBUG   ] [chrome_api.mapper] mapper | GENESIS | G7CS4K3AGS00 | Extracted fields: year=2025, desc=3.3T Sport AWD, trim=3.3T Sport
[2026-07-28 15:33:57] [DEBUG   ] [chrome_api.mapper] mapper | GENESIS | G7CS4K3AGS00 | ModelName from ADS: G70
[2026-07-28 15:33:57] [INFO    ] [chrome_api.mapper] mapper | GENESIS | Loaded 11 ENGINE_TYPE keywords: ['electrified', 'electric', 'ev', '3.3t', '3.5t', '3.8', '5.0', '5.0l', '2.5t', '2.0t', 'e-sc']
[2026-07-28 15:33:57] [DEBUG   ] [chrome_api.mapper] mapper | GENESIS | G7CS4K3AGS00 | Searching text: 'g70 3.3t sport awd'
[2026-07-28 15:33:57] [DEBUG   ] [chrome_api.mapper] mapper | GENESIS | G7CS4K3AGS00 | Found keyword '3.3t' in 'G70 3.3T Sport AWD'
[2026-07-28 15:33:57] [INFO    ] [chrome_api.mapper] mapper | GENESIS | G7CS4K3AGS00 | Row complete: model=G70, trim=3.3T Sport AWD, engine_type=3.3t
[2026-07-28 15:33:57] [INFO    ] [chrome_api.mapper] mapper | ads_response_to_rows | Genesis | Converted 4/4 trims to rows
[2026-07-28 15:33:57] [DEBUG   ] [chrome_api.service] refresh_from_ads | Genesis 2025 G70 | Converted 4 trims to rows
[2026-07-28 15:33:57] [DEBUG   ] [urllib3.connectionpool] https://demos.autodatasolutions.com:443 "POST /ADSDemo/api/full/ymmt/year/2025/make/Genesis/model/G80/ HTTP/1.1" 200 None
[2026-07-28 15:33:58] [INFO    ] [chrome_api.mapper] mapper | ads_response_to_rows | Genesis | Processing 2 trims from ADS response
[2026-07-28 15:33:58] [DEBUG   ] [chrome_api.mapper] mapper | GENESIS | G8CS4K2DGA00 | Extracted fields: year=2025, desc=2.5T Advanced AWD, trim=2.5T Advanced
[2026-07-28 15:33:58] [DEBUG   ] [chrome_api.mapper] mapper | GENESIS | G8CS4K2DGA00 | ModelName from ADS: G80
[2026-07-28 15:33:58] [INFO    ] [chrome_api.mapper] mapper | GENESIS | Loaded 11 ENGINE_TYPE keywords: ['electrified', 'electric', 'ev', '3.3t', '3.5t', '3.8', '5.0', '5.0l', '2.5t', '2.0t', 'e-sc']
[2026-07-28 15:33:58] [DEBUG   ] [chrome_api.mapper] mapper | GENESIS | G8CS4K2DGA00 | Searching text: 'g80 2.5t advanced awd'
[2026-07-28 15:33:58] [DEBUG   ] [chrome_api.mapper] mapper | GENESIS | G8CS4K2DGA00 | Found keyword '2.5t' in 'G80 2.5T Advanced AWD'
[2026-07-28 15:33:58] [INFO    ] [chrome_api.mapper] mapper | GENESIS | G8CS4K2DGA00 | Row complete: model=G80, trim=2.5T Advanced AWD, engine_type=2.5t
[2026-07-28 15:33:58] [DEBUG   ] [chrome_api.mapper] mapper | GENESIS | G8CS4K3BGSAU | Extracted fields: year=2025, desc=3.5T Sport Plus AWD, trim=3.5T Sport Plus
[2026-07-28 15:33:58] [DEBUG   ] [chrome_api.mapper] mapper | GENESIS | G8CS4K3BGSAU | ModelName from ADS: G80
[2026-07-28 15:33:58] [INFO    ] [chrome_api.mapper] mapper | GENESIS | Loaded 11 ENGINE_TYPE keywords: ['electrified', 'electric', 'ev', '3.3t', '3.5t', '3.8', '5.0', '5.0l', '2.5t', '2.0t', 'e-sc']
[2026-07-28 15:33:58] [DEBUG   ] [chrome_api.mapper] mapper | GENESIS | G8CS4K3BGSAU | Searching text: 'g80 3.5t sport plus awd'
[2026-07-28 15:33:58] [DEBUG   ] [chrome_api.mapper] mapper | GENESIS | G8CS4K3BGSAU | Found keyword '3.5t' in 'G80 3.5T Sport Plus AWD'
[2026-07-28 15:33:58] [INFO    ] [chrome_api.mapper] mapper | GENESIS | G8CS4K3BGSAU | Row complete: model=G80, trim=3.5T Sport Plus AWD, engine_type=3.5t
[2026-07-28 15:33:58] [INFO    ] [chrome_api.mapper] mapper | ads_response_to_rows | Genesis | Converted 2/2 trims to rows
[2026-07-28 15:33:58] [DEBUG   ] [chrome_api.service] refresh_from_ads | Genesis 2025 G80 | Converted 2 trims to rows
[2026-07-28 15:33:58] [DEBUG   ] [urllib3.connectionpool] https://demos.autodatasolutions.com:443 "POST /ADSDemo/api/full/ymmt/year/2025/make/Genesis/model/G90/ HTTP/1.1" 200 None
[2026-07-28 15:33:58] [INFO    ] [chrome_api.mapper] mapper | ads_response_to_rows | Genesis | Processing 1 trims from ADS response
[2026-07-28 15:33:58] [DEBUG   ] [chrome_api.mapper] mapper | GENESIS | G9CS4K3BXXPS | Extracted fields: year=2025, desc=e-SC Prestige AWD, trim=e-SC Prestige
[2026-07-28 15:33:58] [DEBUG   ] [chrome_api.mapper] mapper | GENESIS | G9CS4K3BXXPS | ModelName from ADS: G90
[2026-07-28 15:33:58] [INFO    ] [chrome_api.mapper] mapper | GENESIS | Loaded 11 ENGINE_TYPE keywords: ['electrified', 'electric', 'ev', '3.3t', '3.5t', '3.8', '5.0', '5.0l', '2.5t', '2.0t', 'e-sc']
[2026-07-28 15:33:58] [DEBUG   ] [chrome_api.mapper] mapper | GENESIS | G9CS4K3BXXPS | Searching text: 'g90 e-sc prestige awd'
[2026-07-28 15:33:58] [DEBUG   ] [chrome_api.mapper] mapper | GENESIS | G9CS4K3BXXPS | Found keyword 'e-sc' in 'G90 e-SC Prestige AWD'
[2026-07-28 15:33:58] [INFO    ] [chrome_api.mapper] mapper | GENESIS | G9CS4K3BXXPS | Row complete: model=G90, trim=e-SC Prestige AWD, engine_type=e-sc
[2026-07-28 15:33:58] [INFO    ] [chrome_api.mapper] mapper | ads_response_to_rows | Genesis | Converted 1/1 trims to rows
[2026-07-28 15:33:58] [DEBUG   ] [chrome_api.service] refresh_from_ads | Genesis 2025 G90 | Converted 1 trims to rows
[2026-07-28 15:33:58] [DEBUG   ] [urllib3.connectionpool] https://demos.autodatasolutions.com:443 "POST /ADSDemo/api/full/ymmt/year/2025/make/Genesis/model/GV60/ HTTP/1.1" 200 None
[2026-07-28 15:33:59] [INFO    ] [chrome_api.mapper] mapper | ads_response_to_rows | Genesis | Processing 3 trims from ADS response
[2026-07-28 15:33:59] [DEBUG   ] [chrome_api.mapper] mapper | GENESIS | V6EW5ZE227AD | Extracted fields: year=2025, desc=Advanced AWD, trim=Advanced
[2026-07-28 15:33:59] [DEBUG   ] [chrome_api.mapper] mapper | GENESIS | V6EW5ZE227AD | ModelName from ADS: GV60
[2026-07-28 15:33:59] [INFO    ] [chrome_api.mapper] mapper | GENESIS | Loaded 11 ENGINE_TYPE keywords: ['electrified', 'electric', 'ev', '3.3t', '3.5t', '3.8', '5.0', '5.0l', '2.5t', '2.0t', 'e-sc']
[2026-07-28 15:33:59] [DEBUG   ] [chrome_api.mapper] mapper | GENESIS | V6EW5ZE227AD | Searching text: 'gv60 advanced awd'
[2026-07-28 15:33:59] [DEBUG   ] [chrome_api.mapper] mapper | GENESIS | V6EW5ZE227AD | No ENGINE_TYPE keyword found
[2026-07-28 15:33:59] [INFO    ] [chrome_api.mapper] mapper | GENESIS | V6EW5ZE227AD | Row complete: model=GV60, trim=Advanced AWD, engine_type=None
[2026-07-28 15:33:59] [DEBUG   ] [chrome_api.mapper] mapper | GENESIS | V6EW5ZE127AR | Extracted fields: year=2025, desc=Performance AWD, trim=Performance
[2026-07-28 15:33:59] [DEBUG   ] [chrome_api.mapper] mapper | GENESIS | V6EW5ZE127AR | ModelName from ADS: GV60
[2026-07-28 15:33:59] [INFO    ] [chrome_api.mapper] mapper | GENESIS | Loaded 11 ENGINE_TYPE keywords: ['electrified', 'electric', 'ev', '3.3t', '3.5t', '3.8', '5.0', '5.0l', '2.5t', '2.0t', 'e-sc']
[2026-07-28 15:33:59] [DEBUG   ] [chrome_api.mapper] mapper | GENESIS | V6EW5ZE127AR | Searching text: 'gv60 performance awd'
[2026-07-28 15:33:59] [DEBUG   ] [chrome_api.mapper] mapper | GENESIS | V6EW5ZE127AR | No ENGINE_TYPE keyword found
[2026-07-28 15:33:59] [INFO    ] [chrome_api.mapper] mapper | GENESIS | V6EW5ZE127AR | Row complete: model=GV60, trim=Performance AWD, engine_type=None
[2026-07-28 15:33:59] [DEBUG   ] [chrome_api.mapper] mapper | GENESIS | V6EW5ZE127PF | Extracted fields: year=2025, desc=Performance AWD w/Navy Interior, trim=Performance
[2026-07-28 15:33:59] [DEBUG   ] [chrome_api.mapper] mapper | GENESIS | V6EW5ZE127PF | ModelName from ADS: GV60
[2026-07-28 15:33:59] [INFO    ] [chrome_api.mapper] mapper | GENESIS | Loaded 11 ENGINE_TYPE keywords: ['electrified', 'electric', 'ev', '3.3t', '3.5t', '3.8', '5.0', '5.0l', '2.5t', '2.0t', 'e-sc']
[2026-07-28 15:33:59] [DEBUG   ] [chrome_api.mapper] mapper | GENESIS | V6EW5ZE127PF | Searching text: 'gv60 performance awd w/navy interior'
[2026-07-28 15:33:59] [DEBUG   ] [chrome_api.mapper] mapper | GENESIS | V6EW5ZE127PF | No ENGINE_TYPE keyword found
[2026-07-28 15:33:59] [INFO    ] [chrome_api.mapper] mapper | GENESIS | V6EW5ZE127PF | Row complete: model=GV60, trim=Performance AWD w/Navy Interior, engine_type=None
[2026-07-28 15:33:59] [INFO    ] [chrome_api.mapper] mapper | ads_response_to_rows | Genesis | Converted 3/3 trims to rows
[2026-07-28 15:33:59] [DEBUG   ] [chrome_api.service] refresh_from_ads | Genesis 2025 GV60 | Converted 3 trims to rows
[2026-07-28 15:33:59] [DEBUG   ] [urllib3.connectionpool] https://demos.autodatasolutions.com:443 "POST /ADSDemo/api/full/ymmt/year/2025/make/Genesis/model/GV70/ HTTP/1.1" 200 None
[2026-07-28 15:34:00] [INFO    ] [chrome_api.mapper] mapper | ads_response_to_rows | Genesis | Processing 5 trims from ADS response
[2026-07-28 15:34:00] [DEBUG   ] [chrome_api.mapper] mapper | GENESIS | V7CW5K2D27AD | Extracted fields: year=2025, desc=2.5T Advanced AWD, trim=2.5T Advanced
[2026-07-28 15:34:00] [DEBUG   ] [chrome_api.mapper] mapper | GENESIS | V7CW5K2D27AD | ModelName from ADS: GV70
[2026-07-28 15:34:00] [INFO    ] [chrome_api.mapper] mapper | GENESIS | Loaded 11 ENGINE_TYPE keywords: ['electrified', 'electric', 'ev', '3.3t', '3.5t', '3.8', '5.0', '5.0l', '2.5t', '2.0t', 'e-sc']
[2026-07-28 15:34:00] [DEBUG   ] [chrome_api.mapper] mapper | GENESIS | V7CW5K2D27AD | Searching text: 'gv70 2.5t advanced awd'
[2026-07-28 15:34:00] [DEBUG   ] [chrome_api.mapper] mapper | GENESIS | V7CW5K2D27AD | Found keyword '2.5t' in 'GV70 2.5T Advanced AWD'
[2026-07-28 15:34:00] [INFO    ] [chrome_api.mapper] mapper | GENESIS | V7CW5K2D27AD | Row complete: model=GV70, trim=2.5T Advanced AWD, engine_type=2.5t
[2026-07-28 15:34:00] [DEBUG   ] [chrome_api.mapper] mapper | GENESIS | V7CW5K2DGAAU | Extracted fields: year=2025, desc=2.5T Advanced Plus AWD, trim=2.5T Advanced Plus
[2026-07-28 15:34:00] [DEBUG   ] [chrome_api.mapper] mapper | GENESIS | V7CW5K2DGAAU | ModelName from ADS: GV70
[2026-07-28 15:34:00] [INFO    ] [chrome_api.mapper] mapper | GENESIS | Loaded 11 ENGINE_TYPE keywords: ['electrified', 'electric', 'ev', '3.3t', '3.5t', '3.8', '5.0', '5.0l', '2.5t', '2.0t', 'e-sc']
[2026-07-28 15:34:00] [DEBUG   ] [chrome_api.mapper] mapper | GENESIS | V7CW5K2DGAAU | Searching text: 'gv70 2.5t advanced plus awd'
[2026-07-28 15:34:00] [DEBUG   ] [chrome_api.mapper] mapper | GENESIS | V7CW5K2DGAAU | Found keyword '2.5t' in 'GV70 2.5T Advanced Plus AWD'
[2026-07-28 15:34:00] [INFO    ] [chrome_api.mapper] mapper | GENESIS | V7CW5K2DGAAU | Row complete: model=GV70, trim=2.5T Advanced Plus AWD, engine_type=2.5t
[2026-07-28 15:34:00] [DEBUG   ] [chrome_api.mapper] mapper | GENESIS | V7CW5K2DGP00 | Extracted fields: year=2025, desc=2.5T Prestige AWD, trim=2.5T Prestige
[2026-07-28 15:34:00] [DEBUG   ] [chrome_api.mapper] mapper | GENESIS | V7CW5K2DGP00 | ModelName from ADS: GV70
[2026-07-28 15:34:00] [INFO    ] [chrome_api.mapper] mapper | GENESIS | Loaded 11 ENGINE_TYPE keywords: ['electrified', 'electric', 'ev', '3.3t', '3.5t', '3.8', '5.0', '5.0l', '2.5t', '2.0t', 'e-sc']
[2026-07-28 15:34:00] [DEBUG   ] [chrome_api.mapper] mapper | GENESIS | V7CW5K2DGP00 | Searching text: 'gv70 2.5t prestige awd'
[2026-07-28 15:34:00] [DEBUG   ] [chrome_api.mapper] mapper | GENESIS | V7CW5K2DGP00 | Found keyword '2.5t' in 'GV70 2.5T Prestige AWD'
[2026-07-28 15:34:00] [INFO    ] [chrome_api.mapper] mapper | GENESIS | V7CW5K2DGP00 | Row complete: model=GV70, trim=2.5T Prestige AWD, engine_type=2.5t
[2026-07-28 15:34:00] [DEBUG   ] [chrome_api.mapper] mapper | GENESIS | V7CW5K3BGS00 | Extracted fields: year=2025, desc=3.5T Sport AWD, trim=3.5T Sport
[2026-07-28 15:34:00] [DEBUG   ] [chrome_api.mapper] mapper | GENESIS | V7CW5K3BGS00 | ModelName from ADS: GV70
[2026-07-28 15:34:00] [INFO    ] [chrome_api.mapper] mapper | GENESIS | Loaded 11 ENGINE_TYPE keywords: ['electrified', 'electric', 'ev', '3.3t', '3.5t', '3.8', '5.0', '5.0l', '2.5t', '2.0t', 'e-sc']
[2026-07-28 15:34:00] [DEBUG   ] [chrome_api.mapper] mapper | GENESIS | V7CW5K3BGS00 | Searching text: 'gv70 3.5t sport awd'
[2026-07-28 15:34:00] [DEBUG   ] [chrome_api.mapper] mapper | GENESIS | V7CW5K3BGS00 | Found keyword '3.5t' in 'GV70 3.5T Sport AWD'
[2026-07-28 15:34:00] [INFO    ] [chrome_api.mapper] mapper | GENESIS | V7CW5K3BGS00 | Row complete: model=GV70, trim=3.5T Sport AWD, engine_type=3.5t
[2026-07-28 15:34:00] [DEBUG   ] [chrome_api.mapper] mapper | GENESIS | V7CW5K3BGSBE | Extracted fields: year=2025, desc=3.5T Sport Plus w/LSD, trim=3.5T Sport Plus w/LSD
[2026-07-28 15:34:00] [DEBUG   ] [chrome_api.mapper] mapper | GENESIS | V7CW5K3BGSBE | ModelName from ADS: GV70
[2026-07-28 15:34:00] [INFO    ] [chrome_api.mapper] mapper | GENESIS | Loaded 11 ENGINE_TYPE keywords: ['electrified', 'electric', 'ev', '3.3t', '3.5t', '3.8', '5.0', '5.0l', '2.5t', '2.0t', 'e-sc']
[2026-07-28 15:34:00] [DEBUG   ] [chrome_api.mapper] mapper | GENESIS | V7CW5K3BGSBE | Searching text: 'gv70 3.5t sport plus w/lsd'
[2026-07-28 15:34:00] [DEBUG   ] [chrome_api.mapper] mapper | GENESIS | V7CW5K3BGSBE | Found keyword '3.5t' in 'GV70 3.5T Sport Plus w/LSD'
[2026-07-28 15:34:00] [INFO    ] [chrome_api.mapper] mapper | GENESIS | V7CW5K3BGSBE | Row complete: model=GV70, trim=3.5T Sport Plus w/LSD, engine_type=3.5t
[2026-07-28 15:34:00] [INFO    ] [chrome_api.mapper] mapper | ads_response_to_rows | Genesis | Converted 5/5 trims to rows
[2026-07-28 15:34:00] [DEBUG   ] [chrome_api.service] refresh_from_ads | Genesis 2025 GV70 | Converted 5 trims to rows
[2026-07-28 15:34:00] [DEBUG   ] [urllib3.connectionpool] https://demos.autodatasolutions.com:443 "POST /ADSDemo/api/full/ymmt/year/2025/make/Genesis/model/GV80/ HTTP/1.1" 200 None
[2026-07-28 15:34:00] [INFO    ] [chrome_api.mapper] mapper | ads_response_to_rows | Genesis | Processing 4 trims from ADS response
[2026-07-28 15:34:00] [DEBUG   ] [chrome_api.mapper] mapper | GENESIS | V8CW5K2DGA00 | Extracted fields: year=2025, desc=2.5T Advanced AWD 5P, trim=2.5T Advanced
[2026-07-28 15:34:00] [DEBUG   ] [chrome_api.mapper] mapper | GENESIS | V8CW5K2DGA00 | ModelName from ADS: GV80
[2026-07-28 15:34:00] [INFO    ] [chrome_api.mapper] mapper | GENESIS | Loaded 11 ENGINE_TYPE keywords: ['electrified', 'electric', 'ev', '3.3t', '3.5t', '3.8', '5.0', '5.0l', '2.5t', '2.0t', 'e-sc']
[2026-07-28 15:34:00] [DEBUG   ] [chrome_api.mapper] mapper | GENESIS | V8CW5K2DGA00 | Searching text: 'gv80 2.5t advanced awd 5p'
[2026-07-28 15:34:00] [DEBUG   ] [chrome_api.mapper] mapper | GENESIS | V8CW5K2DGA00 | Found keyword '2.5t' in 'GV80 2.5T Advanced AWD 5P'
[2026-07-28 15:34:00] [INFO    ] [chrome_api.mapper] mapper | GENESIS | V8CW5K2DGA00 | Row complete: model=GV80, trim=2.5T Advanced AWD 5P, engine_type=2.5t
[2026-07-28 15:34:00] [DEBUG   ] [chrome_api.mapper] mapper | GENESIS | V8CW7K3BGA55 | Extracted fields: year=2025, desc=3.5T Advanced w/Tech Pkg AWD 7P, trim=3.5T Advanced
[2026-07-28 15:34:00] [DEBUG   ] [chrome_api.mapper] mapper | GENESIS | V8CW7K3BGA55 | ModelName from ADS: GV80
[2026-07-28 15:34:00] [INFO    ] [chrome_api.mapper] mapper | GENESIS | Loaded 11 ENGINE_TYPE keywords: ['electrified', 'electric', 'ev', '3.3t', '3.5t', '3.8', '5.0', '5.0l', '2.5t', '2.0t', 'e-sc']
[2026-07-28 15:34:00] [DEBUG   ] [chrome_api.mapper] mapper | GENESIS | V8CW7K3BGA55 | Searching text: 'gv80 3.5t advanced w/tech pkg awd 7p'
[2026-07-28 15:34:00] [DEBUG   ] [chrome_api.mapper] mapper | GENESIS | V8CW7K3BGA55 | Found keyword '3.5t' in 'GV80 3.5T Advanced w/Tech Pkg AWD 7P'
[2026-07-28 15:34:00] [INFO    ] [chrome_api.mapper] mapper | GENESIS | V8CW7K3BGA55 | Row complete: model=GV80, trim=3.5T Advanced w/Tech Pkg AWD 7P, engine_type=3.5t
[2026-07-28 15:34:00] [DEBUG   ] [chrome_api.mapper] mapper | GENESIS | V8CW7K3BGP00 | Extracted fields: year=2025, desc=3.5T Prestige AWD 7P, trim=3.5T Prestige
[2026-07-28 15:34:00] [DEBUG   ] [chrome_api.mapper] mapper | GENESIS | V8CW7K3BGP00 | ModelName from ADS: GV80
[2026-07-28 15:34:00] [INFO    ] [chrome_api.mapper] mapper | GENESIS | Loaded 11 ENGINE_TYPE keywords: ['electrified', 'electric', 'ev', '3.3t', '3.5t', '3.8', '5.0', '5.0l', '2.5t', '2.0t', 'e-sc']
[2026-07-28 15:34:00] [DEBUG   ] [chrome_api.mapper] mapper | GENESIS | V8CW7K3BGP00 | Searching text: 'gv80 3.5t prestige awd 7p'
[2026-07-28 15:34:00] [DEBUG   ] [chrome_api.mapper] mapper | GENESIS | V8CW7K3BGP00 | Found keyword '3.5t' in 'GV80 3.5T Prestige AWD 7P'
[2026-07-28 15:34:00] [INFO    ] [chrome_api.mapper] mapper | GENESIS | V8CW7K3BGP00 | Row complete: model=GV80, trim=3.5T Prestige AWD 7P, engine_type=3.5t
[2026-07-28 15:34:00] [DEBUG   ] [chrome_api.mapper] mapper | GENESIS | V8CW5K2DGA55 | Extracted fields: year=2025, desc=2.5T Advanced w/Tech Pkg AWD 5P, trim=2.5T Advanced
[2026-07-28 15:34:00] [DEBUG   ] [chrome_api.mapper] mapper | GENESIS | V8CW5K2DGA55 | ModelName from ADS: GV80
[2026-07-28 15:34:00] [INFO    ] [chrome_api.mapper] mapper | GENESIS | Loaded 11 ENGINE_TYPE keywords: ['electrified', 'electric', 'ev', '3.3t', '3.5t', '3.8', '5.0', '5.0l', '2.5t', '2.0t', 'e-sc']
[2026-07-28 15:34:00] [DEBUG   ] [chrome_api.mapper] mapper | GENESIS | V8CW5K2DGA55 | Searching text: 'gv80 2.5t advanced w/tech pkg awd 5p'
[2026-07-28 15:34:00] [DEBUG   ] [chrome_api.mapper] mapper | GENESIS | V8CW5K2DGA55 | Found keyword '2.5t' in 'GV80 2.5T Advanced w/Tech Pkg AWD 5P'
[2026-07-28 15:34:00] [INFO    ] [chrome_api.mapper] mapper | GENESIS | V8CW5K2DGA55 | Row complete: model=GV80, trim=2.5T Advanced w/Tech Pkg AWD 5P, engine_type=2.5t
[2026-07-28 15:34:00] [INFO    ] [chrome_api.mapper] mapper | ads_response_to_rows | Genesis | Converted 4/4 trims to rows
[2026-07-28 15:34:00] [DEBUG   ] [chrome_api.service] refresh_from_ads | Genesis 2025 GV80 | Converted 4 trims to rows
[2026-07-28 15:34:00] [DEBUG   ] [urllib3.connectionpool] https://demos.autodatasolutions.com:443 "POST /ADSDemo/api/full/ymmt/year/2025/make/Genesis/model/GV80%20Coupe/ HTTP/1.1" 200 None
[2026-07-28 15:34:01] [INFO    ] [chrome_api.mapper] mapper | ads_response_to_rows | Genesis | Processing 1 trims from ADS response
[2026-07-28 15:34:01] [DEBUG   ] [chrome_api.mapper] mapper | GENESIS | V8CC7K3BGP00 | Extracted fields: year=2025, desc=3.5T e-SC AWD, trim=3.5T e-SC
[2026-07-28 15:34:01] [DEBUG   ] [chrome_api.mapper] mapper | GENESIS | V8CC7K3BGP00 | ModelName from ADS: GV80 Coupe
[2026-07-28 15:34:01] [INFO    ] [chrome_api.mapper] mapper | GENESIS | Loaded 11 ENGINE_TYPE keywords: ['electrified', 'electric', 'ev', '3.3t', '3.5t', '3.8', '5.0', '5.0l', '2.5t', '2.0t', 'e-sc']
[2026-07-28 15:34:01] [DEBUG   ] [chrome_api.mapper] mapper | GENESIS | V8CC7K3BGP00 | Searching text: 'gv80 coupe 3.5t e-sc awd'
[2026-07-28 15:34:01] [DEBUG   ] [chrome_api.mapper] mapper | GENESIS | V8CC7K3BGP00 | Found keyword '3.5t' in 'GV80 Coupe 3.5T e-SC AWD'
[2026-07-28 15:34:01] [INFO    ] [chrome_api.mapper] mapper | GENESIS | V8CC7K3BGP00 | Row complete: model=GV80 Coupe, trim=3.5T e-SC AWD, engine_type=3.5t
[2026-07-28 15:34:01] [INFO    ] [chrome_api.mapper] mapper | ads_response_to_rows | Genesis | Converted 1/1 trims to rows
[2026-07-28 15:34:01] [DEBUG   ] [chrome_api.service] refresh_from_ads | Genesis 2025 GV80 Coupe | Converted 1 trims to rows
[2026-07-28 15:34:01] [DEBUG   ] [urllib3.connectionpool] https://demos.autodatasolutions.com:443 "GET /ADSDemo/api/ymmt/models/make/Genesis/year/2026/country/CA/language/en?sort=ASC HTTP/1.1" 200 None
[2026-07-28 15:34:02] [DEBUG   ] [urllib3.connectionpool] https://demos.autodatasolutions.com:443 "POST /ADSDemo/api/full/ymmt/year/2026/make/Genesis/model/Electrified%20GV70/ HTTP/1.1" 200 None
[2026-07-28 15:34:02] [INFO    ] [chrome_api.mapper] mapper | ads_response_to_rows | Genesis | Processing 2 trims from ADS response
[2026-07-28 15:34:02] [DEBUG   ] [chrome_api.mapper] mapper | GENESIS | V7EW5ZE1GA00 | Extracted fields: year=2026, desc=Advanced AWD, trim=Advanced
[2026-07-28 15:34:02] [DEBUG   ] [chrome_api.mapper] mapper | GENESIS | V7EW5ZE1GA00 | ModelName from ADS: Electrified GV70
[2026-07-28 15:34:02] [INFO    ] [chrome_api.mapper] mapper | GENESIS | Loaded 11 ENGINE_TYPE keywords: ['electrified', 'electric', 'ev', '3.3t', '3.5t', '3.8', '5.0', '5.0l', '2.5t', '2.0t', 'e-sc']
[2026-07-28 15:34:02] [DEBUG   ] [chrome_api.mapper] mapper | GENESIS | V7EW5ZE1GA00 | Searching text: 'electrified gv70 advanced awd'
[2026-07-28 15:34:02] [DEBUG   ] [chrome_api.mapper] mapper | GENESIS | V7EW5ZE1GA00 | Found keyword 'electrified' in 'Electrified GV70 Advanced AWD'
[2026-07-28 15:34:02] [INFO    ] [chrome_api.mapper] mapper | GENESIS | V7EW5ZE1GA00 | Row complete: model=Electrified GV70, trim=Advanced AWD, engine_type=electric
[2026-07-28 15:34:02] [DEBUG   ] [chrome_api.mapper] mapper | GENESIS | V7EW5ZE1GP00 | Extracted fields: year=2026, desc=Prestige AWD, trim=Prestige
[2026-07-28 15:34:02] [DEBUG   ] [chrome_api.mapper] mapper | GENESIS | V7EW5ZE1GP00 | ModelName from ADS: Electrified GV70
[2026-07-28 15:34:02] [INFO    ] [chrome_api.mapper] mapper | GENESIS | Loaded 11 ENGINE_TYPE keywords: ['electrified', 'electric', 'ev', '3.3t', '3.5t', '3.8', '5.0', '5.0l', '2.5t', '2.0t', 'e-sc']
[2026-07-28 15:34:02] [DEBUG   ] [chrome_api.mapper] mapper | GENESIS | V7EW5ZE1GP00 | Searching text: 'electrified gv70 prestige awd'
[2026-07-28 15:34:02] [DEBUG   ] [chrome_api.mapper] mapper | GENESIS | V7EW5ZE1GP00 | Found keyword 'electrified' in 'Electrified GV70 Prestige AWD'
[2026-07-28 15:34:02] [INFO    ] [chrome_api.mapper] mapper | GENESIS | V7EW5ZE1GP00 | Row complete: model=Electrified GV70, trim=Prestige AWD, engine_type=electric
[2026-07-28 15:34:02] [INFO    ] [chrome_api.mapper] mapper | ads_response_to_rows | Genesis | Converted 2/2 trims to rows
[2026-07-28 15:34:02] [DEBUG   ] [chrome_api.service] refresh_from_ads | Genesis 2026 Electrified GV70 | Converted 2 trims to rows
[2026-07-28 15:34:02] [DEBUG   ] [urllib3.connectionpool] https://demos.autodatasolutions.com:443 "POST /ADSDemo/api/full/ymmt/year/2026/make/Genesis/model/G70/ HTTP/1.1" 200 None
[2026-07-28 15:34:03] [INFO    ] [chrome_api.mapper] mapper | ads_response_to_rows | Genesis | Processing 4 trims from ADS response
[2026-07-28 15:34:03] [DEBUG   ] [chrome_api.mapper] mapper | GENESIS | G7CS4K2DGA00 | Extracted fields: year=2026, desc=2.5T Advanced AWD, trim=2.5T Advanced
[2026-07-28 15:34:03] [DEBUG   ] [chrome_api.mapper] mapper | GENESIS | G7CS4K2DGA00 | ModelName from ADS: G70
[2026-07-28 15:34:03] [INFO    ] [chrome_api.mapper] mapper | GENESIS | Loaded 11 ENGINE_TYPE keywords: ['electrified', 'electric', 'ev', '3.3t', '3.5t', '3.8', '5.0', '5.0l', '2.5t', '2.0t', 'e-sc']
[2026-07-28 15:34:03] [DEBUG   ] [chrome_api.mapper] mapper | GENESIS | G7CS4K2DGA00 | Searching text: 'g70 2.5t advanced awd'
[2026-07-28 15:34:03] [DEBUG   ] [chrome_api.mapper] mapper | GENESIS | G7CS4K2DGA00 | Found keyword '2.5t' in 'G70 2.5T Advanced AWD'
[2026-07-28 15:34:03] [INFO    ] [chrome_api.mapper] mapper | GENESIS | G7CS4K2DGA00 | Row complete: model=G70, trim=2.5T Advanced AWD, engine_type=2.5t
[2026-07-28 15:34:03] [DEBUG   ] [chrome_api.mapper] mapper | GENESIS | G7CS4K2DGP00 | Extracted fields: year=2026, desc=2.5T Prestige AWD, trim=2.5T Prestige
[2026-07-28 15:34:03] [DEBUG   ] [chrome_api.mapper] mapper | GENESIS | G7CS4K2DGP00 | ModelName from ADS: G70
[2026-07-28 15:34:03] [INFO    ] [chrome_api.mapper] mapper | GENESIS | Loaded 11 ENGINE_TYPE keywords: ['electrified', 'electric', 'ev', '3.3t', '3.5t', '3.8', '5.0', '5.0l', '2.5t', '2.0t', 'e-sc']
[2026-07-28 15:34:03] [DEBUG   ] [chrome_api.mapper] mapper | GENESIS | G7CS4K2DGP00 | Searching text: 'g70 2.5t prestige awd'
[2026-07-28 15:34:03] [DEBUG   ] [chrome_api.mapper] mapper | GENESIS | G7CS4K2DGP00 | Found keyword '2.5t' in 'G70 2.5T Prestige AWD'
[2026-07-28 15:34:03] [INFO    ] [chrome_api.mapper] mapper | GENESIS | G7CS4K2DGP00 | Row complete: model=G70, trim=2.5T Prestige AWD, engine_type=2.5t
[2026-07-28 15:34:03] [DEBUG   ] [chrome_api.mapper] mapper | GENESIS | G7CS4K3AGS00 | Extracted fields: year=2026, desc=3.3T Sport AWD, trim=3.3T Sport
[2026-07-28 15:34:03] [DEBUG   ] [chrome_api.mapper] mapper | GENESIS | G7CS4K3AGS00 | ModelName from ADS: G70
[2026-07-28 15:34:03] [INFO    ] [chrome_api.mapper] mapper | GENESIS | Loaded 11 ENGINE_TYPE keywords: ['electrified', 'electric', 'ev', '3.3t', '3.5t', '3.8', '5.0', '5.0l', '2.5t', '2.0t', 'e-sc']
[2026-07-28 15:34:03] [DEBUG   ] [chrome_api.mapper] mapper | GENESIS | G7CS4K3AGS00 | Searching text: 'g70 3.3t sport awd'
[2026-07-28 15:34:03] [DEBUG   ] [chrome_api.mapper] mapper | GENESIS | G7CS4K3AGS00 | Found keyword '3.3t' in 'G70 3.3T Sport AWD'
[2026-07-28 15:34:03] [INFO    ] [chrome_api.mapper] mapper | GENESIS | G7CS4K3AGS00 | Row complete: model=G70, trim=3.3T Sport AWD, engine_type=3.3t
[2026-07-28 15:34:03] [DEBUG   ] [chrome_api.mapper] mapper | GENESIS | G7CS4K3AGSGR | Extracted fields: year=2026, desc=3.3T Graphite Special Edition AWD, trim=3.3T Graphite Special Edition
[2026-07-28 15:34:03] [DEBUG   ] [chrome_api.mapper] mapper | GENESIS | G7CS4K3AGSGR | ModelName from ADS: G70
[2026-07-28 15:34:03] [INFO    ] [chrome_api.mapper] mapper | GENESIS | Loaded 11 ENGINE_TYPE keywords: ['electrified', 'electric', 'ev', '3.3t', '3.5t', '3.8', '5.0', '5.0l', '2.5t', '2.0t', 'e-sc']
[2026-07-28 15:34:03] [DEBUG   ] [chrome_api.mapper] mapper | GENESIS | G7CS4K3AGSGR | Searching text: 'g70 3.3t graphite special edition awd'
[2026-07-28 15:34:03] [DEBUG   ] [chrome_api.mapper] mapper | GENESIS | G7CS4K3AGSGR | Found keyword '3.3t' in 'G70 3.3T Graphite Special Edition AWD'
[2026-07-28 15:34:03] [INFO    ] [chrome_api.mapper] mapper | GENESIS | G7CS4K3AGSGR | Row complete: model=G70, trim=3.3T Graphite Special Edition AWD, engine_type=3.3t
[2026-07-28 15:34:03] [INFO    ] [chrome_api.mapper] mapper | ads_response_to_rows | Genesis | Converted 4/4 trims to rows
[2026-07-28 15:34:03] [DEBUG   ] [chrome_api.service] refresh_from_ads | Genesis 2026 G70 | Converted 4 trims to rows
[2026-07-28 15:34:03] [DEBUG   ] [urllib3.connectionpool] https://demos.autodatasolutions.com:443 "POST /ADSDemo/api/full/ymmt/year/2026/make/Genesis/model/G80/ HTTP/1.1" 200 None
[2026-07-28 15:34:03] [INFO    ] [chrome_api.mapper] mapper | ads_response_to_rows | Genesis | Processing 3 trims from ADS response
[2026-07-28 15:34:03] [DEBUG   ] [chrome_api.mapper] mapper | GENESIS | G8CS4K2DGA00 | Extracted fields: year=2026, desc=2.5T Advanced AWD, trim=2.5T Advanced
[2026-07-28 15:34:03] [DEBUG   ] [chrome_api.mapper] mapper | GENESIS | G8CS4K2DGA00 | ModelName from ADS: G80
[2026-07-28 15:34:03] [INFO    ] [chrome_api.mapper] mapper | GENESIS | Loaded 11 ENGINE_TYPE keywords: ['electrified', 'electric', 'ev', '3.3t', '3.5t', '3.8', '5.0', '5.0l', '2.5t', '2.0t', 'e-sc']
[2026-07-28 15:34:03] [DEBUG   ] [chrome_api.mapper] mapper | GENESIS | G8CS4K2DGA00 | Searching text: 'g80 2.5t advanced awd'
[2026-07-28 15:34:03] [DEBUG   ] [chrome_api.mapper] mapper | GENESIS | G8CS4K2DGA00 | Found keyword '2.5t' in 'G80 2.5T Advanced AWD'
[2026-07-28 15:34:03] [INFO    ] [chrome_api.mapper] mapper | GENESIS | G8CS4K2DGA00 | Row complete: model=G80, trim=2.5T Advanced AWD, engine_type=2.5t
[2026-07-28 15:34:03] [DEBUG   ] [chrome_api.mapper] mapper | GENESIS | G8CS4K3BGS00 | Extracted fields: year=2026, desc=3.5T Sport AWD, trim=3.5T Sport
[2026-07-28 15:34:03] [DEBUG   ] [chrome_api.mapper] mapper | GENESIS | G8CS4K3BGS00 | ModelName from ADS: G80
[2026-07-28 15:34:03] [INFO    ] [chrome_api.mapper] mapper | GENESIS | Loaded 11 ENGINE_TYPE keywords: ['electrified', 'electric', 'ev', '3.3t', '3.5t', '3.8', '5.0', '5.0l', '2.5t', '2.0t', 'e-sc']
[2026-07-28 15:34:03] [DEBUG   ] [chrome_api.mapper] mapper | GENESIS | G8CS4K3BGS00 | Searching text: 'g80 3.5t sport awd'
[2026-07-28 15:34:03] [DEBUG   ] [chrome_api.mapper] mapper | GENESIS | G8CS4K3BGS00 | Found keyword '3.5t' in 'G80 3.5T Sport AWD'
[2026-07-28 15:34:03] [INFO    ] [chrome_api.mapper] mapper | GENESIS | G8CS4K3BGS00 | Row complete: model=G80, trim=3.5T Sport AWD, engine_type=3.5t
[2026-07-28 15:34:03] [DEBUG   ] [chrome_api.mapper] mapper | GENESIS | G8CS4K3BGPBL | Extracted fields: year=2026, desc=3.5T Prestige Black AWD, trim=3.5T Prestige Black
[2026-07-28 15:34:03] [DEBUG   ] [chrome_api.mapper] mapper | GENESIS | G8CS4K3BGPBL | ModelName from ADS: G80
[2026-07-28 15:34:03] [INFO    ] [chrome_api.mapper] mapper | GENESIS | Loaded 11 ENGINE_TYPE keywords: ['electrified', 'electric', 'ev', '3.3t', '3.5t', '3.8', '5.0', '5.0l', '2.5t', '2.0t', 'e-sc']
[2026-07-28 15:34:03] [DEBUG   ] [chrome_api.mapper] mapper | GENESIS | G8CS4K3BGPBL | Searching text: 'g80 3.5t prestige black awd'
[2026-07-28 15:34:03] [DEBUG   ] [chrome_api.mapper] mapper | GENESIS | G8CS4K3BGPBL | Found keyword '3.5t' in 'G80 3.5T Prestige Black AWD'
[2026-07-28 15:34:03] [INFO    ] [chrome_api.mapper] mapper | GENESIS | G8CS4K3BGPBL | Row complete: model=G80, trim=3.5T Prestige Black AWD, engine_type=3.5t
[2026-07-28 15:34:03] [INFO    ] [chrome_api.mapper] mapper | ads_response_to_rows | Genesis | Converted 3/3 trims to rows
[2026-07-28 15:34:03] [DEBUG   ] [chrome_api.service] refresh_from_ads | Genesis 2026 G80 | Converted 3 trims to rows
[2026-07-28 15:34:04] [DEBUG   ] [urllib3.connectionpool] https://demos.autodatasolutions.com:443 "POST /ADSDemo/api/full/ymmt/year/2026/make/Genesis/model/G90/ HTTP/1.1" 200 None
[2026-07-28 15:34:04] [INFO    ] [chrome_api.mapper] mapper | ads_response_to_rows | Genesis | Processing 3 trims from ADS response
[2026-07-28 15:34:04] [DEBUG   ] [chrome_api.mapper] mapper | GENESIS | G9CS4K3BGP00 | Extracted fields: year=2026, desc=e-SC Prestige AWD, trim=e-SC Prestige
[2026-07-28 15:34:04] [DEBUG   ] [chrome_api.mapper] mapper | GENESIS | G9CS4K3BGP00 | ModelName from ADS: G90
[2026-07-28 15:34:04] [INFO    ] [chrome_api.mapper] mapper | GENESIS | Loaded 11 ENGINE_TYPE keywords: ['electrified', 'electric', 'ev', '3.3t', '3.5t', '3.8', '5.0', '5.0l', '2.5t', '2.0t', 'e-sc']
[2026-07-28 15:34:04] [DEBUG   ] [chrome_api.mapper] mapper | GENESIS | G9CS4K3BGP00 | Searching text: 'g90 e-sc prestige awd'
[2026-07-28 15:34:04] [DEBUG   ] [chrome_api.mapper] mapper | GENESIS | G9CS4K3BGP00 | Found keyword 'e-sc' in 'G90 e-SC Prestige AWD'
[2026-07-28 15:34:04] [INFO    ] [chrome_api.mapper] mapper | GENESIS | G9CS4K3BGP00 | Row complete: model=G90, trim=e-SC Prestige AWD, engine_type=e-sc
[2026-07-28 15:34:04] [DEBUG   ] [chrome_api.mapper] mapper | GENESIS | G9CS4K3BGPAW | Extracted fields: year=2026, desc=e-SC Prestige Ash Wood AWD, trim=e-SC Prestige Ash Wood
[2026-07-28 15:34:04] [DEBUG   ] [chrome_api.mapper] mapper | GENESIS | G9CS4K3BGPAW | ModelName from ADS: G90
[2026-07-28 15:34:04] [INFO    ] [chrome_api.mapper] mapper | GENESIS | Loaded 11 ENGINE_TYPE keywords: ['electrified', 'electric', 'ev', '3.3t', '3.5t', '3.8', '5.0', '5.0l', '2.5t', '2.0t', 'e-sc']
[2026-07-28 15:34:04] [DEBUG   ] [chrome_api.mapper] mapper | GENESIS | G9CS4K3BGPAW | Searching text: 'g90 e-sc prestige ash wood awd'
[2026-07-28 15:34:04] [DEBUG   ] [chrome_api.mapper] mapper | GENESIS | G9CS4K3BGPAW | Found keyword 'e-sc' in 'G90 e-SC Prestige Ash Wood AWD'
[2026-07-28 15:34:04] [INFO    ] [chrome_api.mapper] mapper | GENESIS | G9CS4K3BGPAW | Row complete: model=G90, trim=e-SC Prestige Ash Wood AWD, engine_type=e-sc
[2026-07-28 15:34:04] [DEBUG   ] [chrome_api.mapper] mapper | GENESIS | G9CS4K3BGPBL | Extracted fields: year=2026, desc=e-SC Prestige Black AWD, trim=e-SC Prestige Black
[2026-07-28 15:34:04] [DEBUG   ] [chrome_api.mapper] mapper | GENESIS | G9CS4K3BGPBL | ModelName from ADS: G90
[2026-07-28 15:34:04] [INFO    ] [chrome_api.mapper] mapper | GENESIS | Loaded 11 ENGINE_TYPE keywords: ['electrified', 'electric', 'ev', '3.3t', '3.5t', '3.8', '5.0', '5.0l', '2.5t', '2.0t', 'e-sc']
[2026-07-28 15:34:04] [DEBUG   ] [chrome_api.mapper] mapper | GENESIS | G9CS4K3BGPBL | Searching text: 'g90 e-sc prestige black awd'
[2026-07-28 15:34:04] [DEBUG   ] [chrome_api.mapper] mapper | GENESIS | G9CS4K3BGPBL | Found keyword 'e-sc' in 'G90 e-SC Prestige Black AWD'
[2026-07-28 15:34:04] [INFO    ] [chrome_api.mapper] mapper | GENESIS | G9CS4K3BGPBL | Row complete: model=G90, trim=e-SC Prestige Black AWD, engine_type=e-sc
[2026-07-28 15:34:04] [INFO    ] [chrome_api.mapper] mapper | ads_response_to_rows | Genesis | Converted 3/3 trims to rows
[2026-07-28 15:34:04] [DEBUG   ] [chrome_api.service] refresh_from_ads | Genesis 2026 G90 | Converted 3 trims to rows
[2026-07-28 15:34:04] [DEBUG   ] [urllib3.connectionpool] https://demos.autodatasolutions.com:443 "POST /ADSDemo/api/full/ymmt/year/2026/make/Genesis/model/GV60/ HTTP/1.1" 200 None
[2026-07-28 15:34:05] [INFO    ] [chrome_api.mapper] mapper | ads_response_to_rows | Genesis | Processing 4 trims from ADS response
[2026-07-28 15:34:05] [DEBUG   ] [chrome_api.mapper] mapper | GENESIS | V6EW5ZE2GWAE | Extracted fields: year=2026, desc=Advanced AWD, trim=Advanced
[2026-07-28 15:34:05] [DEBUG   ] [chrome_api.mapper] mapper | GENESIS | V6EW5ZE2GWAE | ModelName from ADS: GV60
[2026-07-28 15:34:05] [INFO    ] [chrome_api.mapper] mapper | GENESIS | Loaded 11 ENGINE_TYPE keywords: ['electrified', 'electric', 'ev', '3.3t', '3.5t', '3.8', '5.0', '5.0l', '2.5t', '2.0t', 'e-sc']
[2026-07-28 15:34:05] [DEBUG   ] [chrome_api.mapper] mapper | GENESIS | V6EW5ZE2GWAE | Searching text: 'gv60 advanced awd'
[2026-07-28 15:34:05] [DEBUG   ] [chrome_api.mapper] mapper | GENESIS | V6EW5ZE2GWAE | No ENGINE_TYPE keyword found
[2026-07-28 15:34:05] [INFO    ] [chrome_api.mapper] mapper | GENESIS | V6EW5ZE2GWAE | Row complete: model=GV60, trim=Advanced AWD, engine_type=None
[2026-07-28 15:34:05] [DEBUG   ] [chrome_api.mapper] mapper | GENESIS | V6EW5ZE2GW00 | Extracted fields: year=2026, desc=AWD *Ltd Avail*, trim=None
[2026-07-28 15:34:05] [DEBUG   ] [chrome_api.mapper] mapper | GENESIS | V6EW5ZE2GW00 | ModelName from ADS: GV60
[2026-07-28 15:34:05] [INFO    ] [chrome_api.mapper] mapper | GENESIS | Loaded 11 ENGINE_TYPE keywords: ['electrified', 'electric', 'ev', '3.3t', '3.5t', '3.8', '5.0', '5.0l', '2.5t', '2.0t', 'e-sc']
[2026-07-28 15:34:05] [DEBUG   ] [chrome_api.mapper] mapper | GENESIS | V6EW5ZE2GW00 | Searching text: 'gv60 awd *ltd avail*'
[2026-07-28 15:34:05] [DEBUG   ] [chrome_api.mapper] mapper | GENESIS | V6EW5ZE2GW00 | No ENGINE_TYPE keyword found
[2026-07-28 15:34:05] [INFO    ] [chrome_api.mapper] mapper | GENESIS | V6EW5ZE2GW00 | Row complete: model=GV60, trim=AWD *Ltd Avail*, engine_type=None
[2026-07-28 15:34:05] [DEBUG   ] [chrome_api.mapper] mapper | GENESIS | V6EW5ZE1GZ00 | Extracted fields: year=2026, desc=+ AWD *Ltd Avail*, trim=+
[2026-07-28 15:34:05] [DEBUG   ] [chrome_api.mapper] mapper | GENESIS | V6EW5ZE1GZ00 | ModelName from ADS: GV60
[2026-07-28 15:34:05] [INFO    ] [chrome_api.mapper] mapper | GENESIS | Loaded 11 ENGINE_TYPE keywords: ['electrified', 'electric', 'ev', '3.3t', '3.5t', '3.8', '5.0', '5.0l', '2.5t', '2.0t', 'e-sc']
[2026-07-28 15:34:05] [DEBUG   ] [chrome_api.mapper] mapper | GENESIS | V6EW5ZE1GZ00 | Searching text: 'gv60 + awd *ltd avail*'
[2026-07-28 15:34:05] [DEBUG   ] [chrome_api.mapper] mapper | GENESIS | V6EW5ZE1GZ00 | No ENGINE_TYPE keyword found
[2026-07-28 15:34:05] [INFO    ] [chrome_api.mapper] mapper | GENESIS | V6EW5ZE1GZ00 | Row complete: model=GV60, trim=+ AWD *Ltd Avail*, engine_type=None
[2026-07-28 15:34:05] [DEBUG   ] [chrome_api.mapper] mapper | GENESIS | V6EW5ZE1GZSP | Extracted fields: year=2026, desc=Sport AWD, trim=Sport
[2026-07-28 15:34:05] [DEBUG   ] [chrome_api.mapper] mapper | GENESIS | V6EW5ZE1GZSP | ModelName from ADS: GV60
[2026-07-28 15:34:05] [INFO    ] [chrome_api.mapper] mapper | GENESIS | Loaded 11 ENGINE_TYPE keywords: ['electrified', 'electric', 'ev', '3.3t', '3.5t', '3.8', '5.0', '5.0l', '2.5t', '2.0t', 'e-sc']
[2026-07-28 15:34:05] [DEBUG   ] [chrome_api.mapper] mapper | GENESIS | V6EW5ZE1GZSP | Searching text: 'gv60 sport awd'
[2026-07-28 15:34:05] [DEBUG   ] [chrome_api.mapper] mapper | GENESIS | V6EW5ZE1GZSP | No ENGINE_TYPE keyword found
[2026-07-28 15:34:05] [INFO    ] [chrome_api.mapper] mapper | GENESIS | V6EW5ZE1GZSP | Row complete: model=GV60, trim=Sport AWD, engine_type=None
[2026-07-28 15:34:05] [INFO    ] [chrome_api.mapper] mapper | ads_response_to_rows | Genesis | Converted 4/4 trims to rows
[2026-07-28 15:34:05] [DEBUG   ] [chrome_api.service] refresh_from_ads | Genesis 2026 GV60 | Converted 4 trims to rows
[2026-07-28 15:34:05] [DEBUG   ] [urllib3.connectionpool] https://demos.autodatasolutions.com:443 "POST /ADSDemo/api/full/ymmt/year/2026/make/Genesis/model/GV70/ HTTP/1.1" 200 None
[2026-07-28 15:34:05] [INFO    ] [chrome_api.mapper] mapper | ads_response_to_rows | Genesis | Processing 5 trims from ADS response
[2026-07-28 15:34:05] [DEBUG   ] [chrome_api.mapper] mapper | GENESIS | V7CW5K2DGA00 | Extracted fields: year=2026, desc=2.5T Advanced AWD, trim=2.5T Advanced
[2026-07-28 15:34:05] [DEBUG   ] [chrome_api.mapper] mapper | GENESIS | V7CW5K2DGA00 | ModelName from ADS: GV70
[2026-07-28 15:34:05] [INFO    ] [chrome_api.mapper] mapper | GENESIS | Loaded 11 ENGINE_TYPE keywords: ['electrified', 'electric', 'ev', '3.3t', '3.5t', '3.8', '5.0', '5.0l', '2.5t', '2.0t', 'e-sc']
[2026-07-28 15:34:05] [DEBUG   ] [chrome_api.mapper] mapper | GENESIS | V7CW5K2DGA00 | Searching text: 'gv70 2.5t advanced awd'
[2026-07-28 15:34:05] [DEBUG   ] [chrome_api.mapper] mapper | GENESIS | V7CW5K2DGA00 | Found keyword '2.5t' in 'GV70 2.5T Advanced AWD'
[2026-07-28 15:34:05] [INFO    ] [chrome_api.mapper] mapper | GENESIS | V7CW5K2DGA00 | Row complete: model=GV70, trim=2.5T Advanced AWD, engine_type=2.5t
[2026-07-28 15:34:05] [DEBUG   ] [chrome_api.mapper] mapper | GENESIS | V7CW5K2DGA55 | Extracted fields: year=2026, desc=2.5T Advanced Technology Package AWD, trim=2.5T Advanced Technology Package
[2026-07-28 15:34:05] [DEBUG   ] [chrome_api.mapper] mapper | GENESIS | V7CW5K2DGA55 | ModelName from ADS: GV70
[2026-07-28 15:34:05] [INFO    ] [chrome_api.mapper] mapper | GENESIS | Loaded 11 ENGINE_TYPE keywords: ['electrified', 'electric', 'ev', '3.3t', '3.5t', '3.8', '5.0', '5.0l', '2.5t', '2.0t', 'e-sc']
[2026-07-28 15:34:05] [DEBUG   ] [chrome_api.mapper] mapper | GENESIS | V7CW5K2DGA55 | Searching text: 'gv70 2.5t advanced technology package awd'
[2026-07-28 15:34:05] [DEBUG   ] [chrome_api.mapper] mapper | GENESIS | V7CW5K2DGA55 | Found keyword '2.5t' in 'GV70 2.5T Advanced Technology Package AWD'
[2026-07-28 15:34:05] [INFO    ] [chrome_api.mapper] mapper | GENESIS | V7CW5K2DGA55 | Row complete: model=GV70, trim=2.5T Advanced Technology Package AWD, engine_type=2.5t
[2026-07-28 15:34:05] [DEBUG   ] [chrome_api.mapper] mapper | GENESIS | V7CW5K2DGP00 | Extracted fields: year=2026, desc=2.5T Prestige AWD, trim=2.5T Prestige
[2026-07-28 15:34:05] [DEBUG   ] [chrome_api.mapper] mapper | GENESIS | V7CW5K2DGP00 | ModelName from ADS: GV70
[2026-07-28 15:34:05] [INFO    ] [chrome_api.mapper] mapper | GENESIS | Loaded 11 ENGINE_TYPE keywords: ['electrified', 'electric', 'ev', '3.3t', '3.5t', '3.8', '5.0', '5.0l', '2.5t', '2.0t', 'e-sc']
[2026-07-28 15:34:05] [DEBUG   ] [chrome_api.mapper] mapper | GENESIS | V7CW5K2DGP00 | Searching text: 'gv70 2.5t prestige awd'
[2026-07-28 15:34:05] [DEBUG   ] [chrome_api.mapper] mapper | GENESIS | V7CW5K2DGP00 | Found keyword '2.5t' in 'GV70 2.5T Prestige AWD'
[2026-07-28 15:34:05] [INFO    ] [chrome_api.mapper] mapper | GENESIS | V7CW5K2DGP00 | Row complete: model=GV70, trim=2.5T Prestige AWD, engine_type=2.5t
[2026-07-28 15:34:05] [DEBUG   ] [chrome_api.mapper] mapper | GENESIS | V7CW5K3BGS00 | Extracted fields: year=2026, desc=3.5T Sport Quilting AWD, trim=3.5T Sport Quilting
[2026-07-28 15:34:05] [DEBUG   ] [chrome_api.mapper] mapper | GENESIS | V7CW5K3BGS00 | ModelName from ADS: GV70
[2026-07-28 15:34:05] [INFO    ] [chrome_api.mapper] mapper | GENESIS | Loaded 11 ENGINE_TYPE keywords: ['electrified', 'electric', 'ev', '3.3t', '3.5t', '3.8', '5.0', '5.0l', '2.5t', '2.0t', 'e-sc']
[2026-07-28 15:34:05] [DEBUG   ] [chrome_api.mapper] mapper | GENESIS | V7CW5K3BGS00 | Searching text: 'gv70 3.5t sport quilting awd'
[2026-07-28 15:34:05] [DEBUG   ] [chrome_api.mapper] mapper | GENESIS | V7CW5K3BGS00 | Found keyword '3.5t' in 'GV70 3.5T Sport Quilting AWD'
[2026-07-28 15:34:05] [INFO    ] [chrome_api.mapper] mapper | GENESIS | V7CW5K3BGS00 | Row complete: model=GV70, trim=3.5T Sport Quilting AWD, engine_type=3.5t
[2026-07-28 15:34:05] [DEBUG   ] [chrome_api.mapper] mapper | GENESIS | V7CW5K3BGSAU | Extracted fields: year=2026, desc=3.5T Sport Suede AWD, trim=3.5T Sport Suede
[2026-07-28 15:34:05] [DEBUG   ] [chrome_api.mapper] mapper | GENESIS | V7CW5K3BGSAU | ModelName from ADS: GV70
[2026-07-28 15:34:05] [INFO    ] [chrome_api.mapper] mapper | GENESIS | Loaded 11 ENGINE_TYPE keywords: ['electrified', 'electric', 'ev', '3.3t', '3.5t', '3.8', '5.0', '5.0l', '2.5t', '2.0t', 'e-sc']
[2026-07-28 15:34:05] [DEBUG   ] [chrome_api.mapper] mapper | GENESIS | V7CW5K3BGSAU | Searching text: 'gv70 3.5t sport suede awd'
[2026-07-28 15:34:05] [DEBUG   ] [chrome_api.mapper] mapper | GENESIS | V7CW5K3BGSAU | Found keyword '3.5t' in 'GV70 3.5T Sport Suede AWD'
[2026-07-28 15:34:05] [INFO    ] [chrome_api.mapper] mapper | GENESIS | V7CW5K3BGSAU | Row complete: model=GV70, trim=3.5T Sport Suede AWD, engine_type=3.5t
[2026-07-28 15:34:05] [INFO    ] [chrome_api.mapper] mapper | ads_response_to_rows | Genesis | Converted 5/5 trims to rows
[2026-07-28 15:34:05] [DEBUG   ] [chrome_api.service] refresh_from_ads | Genesis 2026 GV70 | Converted 5 trims to rows
[2026-07-28 15:34:06] [DEBUG   ] [urllib3.connectionpool] https://demos.autodatasolutions.com:443 "POST /ADSDemo/api/full/ymmt/year/2026/make/Genesis/model/GV80/ HTTP/1.1" 200 None
[2026-07-28 15:34:06] [INFO    ] [chrome_api.mapper] mapper | ads_response_to_rows | Genesis | Processing 5 trims from ADS response
[2026-07-28 15:34:06] [DEBUG   ] [chrome_api.mapper] mapper | GENESIS | V8CW5K2DGA00 | Extracted fields: year=2026, desc=2.5T Advanced AWD 5P, trim=2.5T Advanced
[2026-07-28 15:34:06] [DEBUG   ] [chrome_api.mapper] mapper | GENESIS | V8CW5K2DGA00 | ModelName from ADS: GV80
[2026-07-28 15:34:06] [INFO    ] [chrome_api.mapper] mapper | GENESIS | Loaded 11 ENGINE_TYPE keywords: ['electrified', 'electric', 'ev', '3.3t', '3.5t', '3.8', '5.0', '5.0l', '2.5t', '2.0t', 'e-sc']
[2026-07-28 15:34:06] [DEBUG   ] [chrome_api.mapper] mapper | GENESIS | V8CW5K2DGA00 | Searching text: 'gv80 2.5t advanced awd 5p'
[2026-07-28 15:34:06] [DEBUG   ] [chrome_api.mapper] mapper | GENESIS | V8CW5K2DGA00 | Found keyword '2.5t' in 'GV80 2.5T Advanced AWD 5P'
[2026-07-28 15:34:06] [INFO    ] [chrome_api.mapper] mapper | GENESIS | V8CW5K2DGA00 | Row complete: model=GV80, trim=2.5T Advanced AWD 5P, engine_type=2.5t
[2026-07-28 15:34:06] [DEBUG   ] [chrome_api.mapper] mapper | GENESIS | V8CW5K2DGA55 | Extracted fields: year=2026, desc=2.5T Advanced w/Tech Pkg AWD 5P, trim=2.5T Advanced
[2026-07-28 15:34:06] [DEBUG   ] [chrome_api.mapper] mapper | GENESIS | V8CW5K2DGA55 | ModelName from ADS: GV80
[2026-07-28 15:34:06] [INFO    ] [chrome_api.mapper] mapper | GENESIS | Loaded 11 ENGINE_TYPE keywords: ['electrified', 'electric', 'ev', '3.3t', '3.5t', '3.8', '5.0', '5.0l', '2.5t', '2.0t', 'e-sc']
[2026-07-28 15:34:06] [DEBUG   ] [chrome_api.mapper] mapper | GENESIS | V8CW5K2DGA55 | Searching text: 'gv80 2.5t advanced w/tech pkg awd 5p'
[2026-07-28 15:34:06] [DEBUG   ] [chrome_api.mapper] mapper | GENESIS | V8CW5K2DGA55 | Found keyword '2.5t' in 'GV80 2.5T Advanced w/Tech Pkg AWD 5P'
[2026-07-28 15:34:06] [INFO    ] [chrome_api.mapper] mapper | GENESIS | V8CW5K2DGA55 | Row complete: model=GV80, trim=2.5T Advanced w/Tech Pkg AWD 5P, engine_type=2.5t
[2026-07-28 15:34:06] [DEBUG   ] [chrome_api.mapper] mapper | GENESIS | V8CW7K3BGA55 | Extracted fields: year=2026, desc=3.5T Advanced w/Tech Pkg AWD 7P, trim=3.5T Advanced
[2026-07-28 15:34:06] [DEBUG   ] [chrome_api.mapper] mapper | GENESIS | V8CW7K3BGA55 | ModelName from ADS: GV80
[2026-07-28 15:34:06] [INFO    ] [chrome_api.mapper] mapper | GENESIS | Loaded 11 ENGINE_TYPE keywords: ['electrified', 'electric', 'ev', '3.3t', '3.5t', '3.8', '5.0', '5.0l', '2.5t', '2.0t', 'e-sc']
[2026-07-28 15:34:06] [DEBUG   ] [chrome_api.mapper] mapper | GENESIS | V8CW7K3BGA55 | Searching text: 'gv80 3.5t advanced w/tech pkg awd 7p'
[2026-07-28 15:34:06] [DEBUG   ] [chrome_api.mapper] mapper | GENESIS | V8CW7K3BGA55 | Found keyword '3.5t' in 'GV80 3.5T Advanced w/Tech Pkg AWD 7P'
[2026-07-28 15:34:06] [INFO    ] [chrome_api.mapper] mapper | GENESIS | V8CW7K3BGA55 | Row complete: model=GV80, trim=3.5T Advanced w/Tech Pkg AWD 7P, engine_type=3.5t
[2026-07-28 15:34:06] [DEBUG   ] [chrome_api.mapper] mapper | GENESIS | V8CW7K3BGP00 | Extracted fields: year=2026, desc=3.5T Prestige AWD 7P, trim=3.5T Prestige
[2026-07-28 15:34:06] [DEBUG   ] [chrome_api.mapper] mapper | GENESIS | V8CW7K3BGP00 | ModelName from ADS: GV80
[2026-07-28 15:34:06] [INFO    ] [chrome_api.mapper] mapper | GENESIS | Loaded 11 ENGINE_TYPE keywords: ['electrified', 'electric', 'ev', '3.3t', '3.5t', '3.8', '5.0', '5.0l', '2.5t', '2.0t', 'e-sc']
[2026-07-28 15:34:06] [DEBUG   ] [chrome_api.mapper] mapper | GENESIS | V8CW7K3BGP00 | Searching text: 'gv80 3.5t prestige awd 7p'
[2026-07-28 15:34:06] [DEBUG   ] [chrome_api.mapper] mapper | GENESIS | V8CW7K3BGP00 | Found keyword '3.5t' in 'GV80 3.5T Prestige AWD 7P'
[2026-07-28 15:34:06] [INFO    ] [chrome_api.mapper] mapper | GENESIS | V8CW7K3BGP00 | Row complete: model=GV80, trim=3.5T Prestige AWD 7P, engine_type=3.5t
[2026-07-28 15:34:06] [DEBUG   ] [chrome_api.mapper] mapper | GENESIS | V8CW7K3BGPBL | Extracted fields: year=2026, desc=3.5T Prestige AWD 7P Black, trim=3.5T Prestige Black
[2026-07-28 15:34:06] [DEBUG   ] [chrome_api.mapper] mapper | GENESIS | V8CW7K3BGPBL | ModelName from ADS: GV80
[2026-07-28 15:34:06] [INFO    ] [chrome_api.mapper] mapper | GENESIS | Loaded 11 ENGINE_TYPE keywords: ['electrified', 'electric', 'ev', '3.3t', '3.5t', '3.8', '5.0', '5.0l', '2.5t', '2.0t', 'e-sc']
[2026-07-28 15:34:06] [DEBUG   ] [chrome_api.mapper] mapper | GENESIS | V8CW7K3BGPBL | Searching text: 'gv80 3.5t prestige awd 7p black'
[2026-07-28 15:34:06] [DEBUG   ] [chrome_api.mapper] mapper | GENESIS | V8CW7K3BGPBL | Found keyword '3.5t' in 'GV80 3.5T Prestige AWD 7P Black'
[2026-07-28 15:34:06] [INFO    ] [chrome_api.mapper] mapper | GENESIS | V8CW7K3BGPBL | Row complete: model=GV80, trim=3.5T Prestige AWD 7P Black, engine_type=3.5t
[2026-07-28 15:34:06] [INFO    ] [chrome_api.mapper] mapper | ads_response_to_rows | Genesis | Converted 5/5 trims to rows
[2026-07-28 15:34:06] [DEBUG   ] [chrome_api.service] refresh_from_ads | Genesis 2026 GV80 | Converted 5 trims to rows
[2026-07-28 15:34:06] [DEBUG   ] [urllib3.connectionpool] https://demos.autodatasolutions.com:443 "POST /ADSDemo/api/full/ymmt/year/2026/make/Genesis/model/GV80%20Coupe/ HTTP/1.1" 200 None
[2026-07-28 15:34:07] [INFO    ] [chrome_api.mapper] mapper | ads_response_to_rows | Genesis | Processing 2 trims from ADS response
[2026-07-28 15:34:07] [DEBUG   ] [chrome_api.mapper] mapper | GENESIS | V8CC7K3BGP00 | Extracted fields: year=2026, desc=3.5T e-SC AWD, trim=3.5T e-SC
[2026-07-28 15:34:07] [DEBUG   ] [chrome_api.mapper] mapper | GENESIS | V8CC7K3BGP00 | ModelName from ADS: GV80 Coupe
[2026-07-28 15:34:07] [INFO    ] [chrome_api.mapper] mapper | GENESIS | Loaded 11 ENGINE_TYPE keywords: ['electrified', 'electric', 'ev', '3.3t', '3.5t', '3.8', '5.0', '5.0l', '2.5t', '2.0t', 'e-sc']
[2026-07-28 15:34:07] [DEBUG   ] [chrome_api.mapper] mapper | GENESIS | V8CC7K3BGP00 | Searching text: 'gv80 coupe 3.5t e-sc awd'
[2026-07-28 15:34:07] [DEBUG   ] [chrome_api.mapper] mapper | GENESIS | V8CC7K3BGP00 | Found keyword '3.5t' in 'GV80 Coupe 3.5T e-SC AWD'
[2026-07-28 15:34:07] [INFO    ] [chrome_api.mapper] mapper | GENESIS | V8CC7K3BGP00 | Row complete: model=GV80 Coupe, trim=3.5T e-SC AWD, engine_type=3.5t
[2026-07-28 15:34:07] [DEBUG   ] [chrome_api.mapper] mapper | GENESIS | V8CC7K3BGPBL | Extracted fields: year=2026, desc=3.5T e-SC Prestige Black AWD, trim=3.5T e-SC Prestige Black
[2026-07-28 15:34:07] [DEBUG   ] [chrome_api.mapper] mapper | GENESIS | V8CC7K3BGPBL | ModelName from ADS: GV80 Coupe
[2026-07-28 15:34:07] [INFO    ] [chrome_api.mapper] mapper | GENESIS | Loaded 11 ENGINE_TYPE keywords: ['electrified', 'electric', 'ev', '3.3t', '3.5t', '3.8', '5.0', '5.0l', '2.5t', '2.0t', 'e-sc']
[2026-07-28 15:34:07] [DEBUG   ] [chrome_api.mapper] mapper | GENESIS | V8CC7K3BGPBL | Searching text: 'gv80 coupe 3.5t e-sc prestige black awd'
[2026-07-28 15:34:07] [DEBUG   ] [chrome_api.mapper] mapper | GENESIS | V8CC7K3BGPBL | Found keyword '3.5t' in 'GV80 Coupe 3.5T e-SC Prestige Black AWD'
[2026-07-28 15:34:07] [INFO    ] [chrome_api.mapper] mapper | GENESIS | V8CC7K3BGPBL | Row complete: model=GV80 Coupe, trim=3.5T e-SC Prestige Black AWD, engine_type=3.5t
[2026-07-28 15:34:07] [INFO    ] [chrome_api.mapper] mapper | ads_response_to_rows | Genesis | Converted 2/2 trims to rows
[2026-07-28 15:34:07] [DEBUG   ] [chrome_api.service] refresh_from_ads | Genesis 2026 GV80 Coupe | Converted 2 trims to rows
[2026-07-28 15:34:07] [INFO    ] [chrome_api.service] refresh_from_ads | Hyundai | Starting fetch
[2026-07-28 15:34:07] [DEBUG   ] [chrome_api.service] service | Hyundai | Loading configs from: C:\Users\paxm\OneDrive - PBS SYSTEMS\Desktop\Office\Projects\OEM Accessory project\OEM_Accessories_v1\accy_v2\model_lookup\configs
[2026-07-28 15:34:07] [DEBUG   ] [chrome_api.service] service | Hyundai | Loaded classification.json (79 keywords)
[2026-07-28 15:34:07] [DEBUG   ] [chrome_api.service] service | Hyundai | Loaded translator.json (15 flattened keywords)
[2026-07-28 15:34:07] [INFO    ] [semantic.standardizer] standardizer | Hyundai | Initialized with 3 rule categories
[2026-07-28 15:34:07] [DEBUG   ] [semantic.standardizer] standardizer | Hyundai | trim_level_aliases: 6 aliases
[2026-07-28 15:34:07] [DEBUG   ] [semantic.standardizer] standardizer | Hyundai | model_name_aliases: 5 aliases
[2026-07-28 15:34:07] [DEBUG   ] [semantic.standardizer] standardizer | Hyundai | description_patterns: 2 patterns
[2026-07-28 15:34:07] [DEBUG   ] [chrome_api.service] service | Hyundai | Loaded standardization.yaml with 3 rule categories
[2026-07-28 15:34:07] [INFO    ] [chrome_api.service] service | Hyundai | Configs loaded | components: classification, translator, standardizer
[2026-07-28 15:34:07] [DEBUG   ] [urllib3.connectionpool] https://demos.autodatasolutions.com:443 "GET /ADSDemo/api/ymmt/models/make/Hyundai/year/2024/country/CA/language/en?sort=ASC HTTP/1.1" 200 None
[2026-07-28 15:34:07] [DEBUG   ] [urllib3.connectionpool] https://demos.autodatasolutions.com:443 "POST /ADSDemo/api/full/ymmt/year/2024/make/Hyundai/model/Elantra/ HTTP/1.1" 200 None
[2026-07-28 15:34:08] [INFO    ] [chrome_api.mapper] mapper | ads_response_to_rows | Hyundai | Processing 6 trims from ADS response
[2026-07-28 15:34:08] [DEBUG   ] [chrome_api.mapper] mapper | HYUNDAI | ELCS4V2BES00 | Extracted fields: year=2024, desc=Essential IVT, trim=Essential
[2026-07-28 15:34:08] [DEBUG   ] [chrome_api.mapper] mapper | HYUNDAI | ELCS4V2BES00 | ModelName from ADS: Elantra
[2026-07-28 15:34:08] [DEBUG   ] [semantic.standardizer] standardizer | Hyundai | No trim alias found for: 'Essential'
[2026-07-28 15:34:08] [DEBUG   ] [semantic.standardizer] standardizer | Hyundai | No description patterns matched: 'Essential IVT'
[2026-07-28 15:34:08] [DEBUG   ] [chrome_api.mapper] mapper | HYUNDAI | ELCS4V2BES00 | Applied standardization rules
[2026-07-28 15:34:08] [INFO    ] [chrome_api.mapper] mapper | HYUNDAI | Loaded 6 ENGINE_TYPE keywords: ['hev', 'hybrid', 'phev', 'ev', 'plug-in', 'electric']
[2026-07-28 15:34:08] [DEBUG   ] [chrome_api.mapper] mapper | HYUNDAI | ELCS4V2BES00 | Searching text: 'elantra essential ivt'
[2026-07-28 15:34:08] [DEBUG   ] [chrome_api.mapper] mapper | HYUNDAI | ELCS4V2BES00 | No ENGINE_TYPE keyword found
[2026-07-28 15:34:08] [INFO    ] [chrome_api.mapper] mapper | HYUNDAI | ELCS4V2BES00 | Row complete: model=Elantra, trim=Essential IVT, engine_type=None
[2026-07-28 15:34:08] [DEBUG   ] [chrome_api.mapper] mapper | HYUNDAI | ELCS4V2BPR00 | Extracted fields: year=2024, desc=Preferred IVT, trim=Preferred
[2026-07-28 15:34:08] [DEBUG   ] [chrome_api.mapper] mapper | HYUNDAI | ELCS4V2BPR00 | ModelName from ADS: Elantra
[2026-07-28 15:34:08] [DEBUG   ] [semantic.standardizer] standardizer | Hyundai | No trim alias found for: 'Preferred'
[2026-07-28 15:34:08] [DEBUG   ] [semantic.standardizer] standardizer | Hyundai | No description patterns matched: 'Preferred IVT'
[2026-07-28 15:34:08] [DEBUG   ] [chrome_api.mapper] mapper | HYUNDAI | ELCS4V2BPR00 | Applied standardization rules
[2026-07-28 15:34:08] [INFO    ] [chrome_api.mapper] mapper | HYUNDAI | Loaded 6 ENGINE_TYPE keywords: ['hev', 'hybrid', 'phev', 'ev', 'plug-in', 'electric']
[2026-07-28 15:34:08] [DEBUG   ] [chrome_api.mapper] mapper | HYUNDAI | ELCS4V2BPR00 | Searching text: 'elantra preferred ivt'
[2026-07-28 15:34:08] [DEBUG   ] [chrome_api.mapper] mapper | HYUNDAI | ELCS4V2BPR00 | No ENGINE_TYPE keyword found
[2026-07-28 15:34:08] [INFO    ] [chrome_api.mapper] mapper | HYUNDAI | ELCS4V2BPR00 | Row complete: model=Elantra, trim=Preferred IVT, engine_type=None
[2026-07-28 15:34:08] [DEBUG   ] [chrome_api.mapper] mapper | HYUNDAI | ELCS4V2BPRTE | Extracted fields: year=2024, desc=Preferred IVT w/Tech Pkg, trim=Preferred
[2026-07-28 15:34:08] [DEBUG   ] [chrome_api.mapper] mapper | HYUNDAI | ELCS4V2BPRTE | ModelName from ADS: Elantra
[2026-07-28 15:34:08] [DEBUG   ] [semantic.standardizer] standardizer | Hyundai | No trim alias found for: 'Preferred'
[2026-07-28 15:34:08] [DEBUG   ] [semantic.standardizer] standardizer | Hyundai | No description patterns matched: 'Preferred IVT w/Tech Pkg'
[2026-07-28 15:34:08] [DEBUG   ] [chrome_api.mapper] mapper | HYUNDAI | ELCS4V2BPRTE | Applied standardization rules
[2026-07-28 15:34:08] [INFO    ] [chrome_api.mapper] mapper | HYUNDAI | Loaded 6 ENGINE_TYPE keywords: ['hev', 'hybrid', 'phev', 'ev', 'plug-in', 'electric']
[2026-07-28 15:34:08] [DEBUG   ] [chrome_api.mapper] mapper | HYUNDAI | ELCS4V2BPRTE | Searching text: 'elantra preferred ivt w/tech pkg'
[2026-07-28 15:34:08] [DEBUG   ] [chrome_api.mapper] mapper | HYUNDAI | ELCS4V2BPRTE | No ENGINE_TYPE keyword found
[2026-07-28 15:34:08] [INFO    ] [chrome_api.mapper] mapper | HYUNDAI | ELCS4V2BPRTE | Row complete: model=Elantra, trim=Preferred IVT w/Tech Pkg, engine_type=None
[2026-07-28 15:34:08] [DEBUG   ] [chrome_api.mapper] mapper | HYUNDAI | ELCS4V2BLU00 | Extracted fields: year=2024, desc=Luxury IVT, trim=Luxury
[2026-07-28 15:34:08] [DEBUG   ] [chrome_api.mapper] mapper | HYUNDAI | ELCS4V2BLU00 | ModelName from ADS: Elantra
[2026-07-28 15:34:08] [DEBUG   ] [semantic.standardizer] standardizer | Hyundai | No trim alias found for: 'Luxury'
[2026-07-28 15:34:08] [DEBUG   ] [semantic.standardizer] standardizer | Hyundai | No description patterns matched: 'Luxury IVT'
[2026-07-28 15:34:08] [DEBUG   ] [chrome_api.mapper] mapper | HYUNDAI | ELCS4V2BLU00 | Applied standardization rules
[2026-07-28 15:34:08] [INFO    ] [chrome_api.mapper] mapper | HYUNDAI | Loaded 6 ENGINE_TYPE keywords: ['hev', 'hybrid', 'phev', 'ev', 'plug-in', 'electric']
[2026-07-28 15:34:08] [DEBUG   ] [chrome_api.mapper] mapper | HYUNDAI | ELCS4V2BLU00 | Searching text: 'elantra luxury ivt'
[2026-07-28 15:34:08] [DEBUG   ] [chrome_api.mapper] mapper | HYUNDAI | ELCS4V2BLU00 | No ENGINE_TYPE keyword found
[2026-07-28 15:34:08] [INFO    ] [chrome_api.mapper] mapper | HYUNDAI | ELCS4V2BLU00 | Row complete: model=Elantra, trim=Luxury IVT, engine_type=None
[2026-07-28 15:34:08] [DEBUG   ] [chrome_api.mapper] mapper | HYUNDAI | ELCS4V2BLUME | Extracted fields: year=2024, desc=Luxury IVT w/Two-Tone Interior, trim=Luxury
[2026-07-28 15:34:08] [DEBUG   ] [chrome_api.mapper] mapper | HYUNDAI | ELCS4V2BLUME | ModelName from ADS: Elantra
[2026-07-28 15:34:08] [DEBUG   ] [semantic.standardizer] standardizer | Hyundai | No trim alias found for: 'Luxury'
[2026-07-28 15:34:08] [DEBUG   ] [semantic.standardizer] standardizer | Hyundai | No description patterns matched: 'Luxury IVT w/Two-Tone Interior'
[2026-07-28 15:34:08] [DEBUG   ] [chrome_api.mapper] mapper | HYUNDAI | ELCS4V2BLUME | Applied standardization rules
[2026-07-28 15:34:08] [INFO    ] [chrome_api.mapper] mapper | HYUNDAI | Loaded 6 ENGINE_TYPE keywords: ['hev', 'hybrid', 'phev', 'ev', 'plug-in', 'electric']
[2026-07-28 15:34:08] [DEBUG   ] [chrome_api.mapper] mapper | HYUNDAI | ELCS4V2BLUME | Searching text: 'elantra luxury ivt w/two-tone interior'
[2026-07-28 15:34:08] [DEBUG   ] [chrome_api.mapper] mapper | HYUNDAI | ELCS4V2BLUME | No ENGINE_TYPE keyword found
[2026-07-28 15:34:08] [INFO    ] [chrome_api.mapper] mapper | HYUNDAI | ELCS4V2BLUME | Row complete: model=Elantra, trim=Luxury IVT w/Two-Tone Interior, engine_type=None
[2026-07-28 15:34:08] [DEBUG   ] [chrome_api.mapper] mapper | HYUNDAI | ELCS4U1ANLUL | Extracted fields: year=2024, desc=N Line Ultimate DCT, trim=N Line Ultimate
[2026-07-28 15:34:08] [DEBUG   ] [chrome_api.mapper] mapper | HYUNDAI | ELCS4U1ANLUL | ModelName from ADS: Elantra
[2026-07-28 15:34:08] [DEBUG   ] [chrome_api.mapper] mapper | HYUNDAI | ELCS4U1ANLUL | Applied standardization rules
[2026-07-28 15:34:08] [INFO    ] [chrome_api.mapper] mapper | HYUNDAI | Loaded 6 ENGINE_TYPE keywords: ['hev', 'hybrid', 'phev', 'ev', 'plug-in', 'electric']
[2026-07-28 15:34:08] [DEBUG   ] [chrome_api.mapper] mapper | HYUNDAI | ELCS4U1ANLUL | Searching text: 'elantra n-line ultimate dct'
[2026-07-28 15:34:08] [DEBUG   ] [chrome_api.mapper] mapper | HYUNDAI | ELCS4U1ANLUL | No ENGINE_TYPE keyword found
[2026-07-28 15:34:08] [INFO    ] [chrome_api.mapper] mapper | HYUNDAI | ELCS4U1ANLUL | Row complete: model=Elantra, trim=N-Line Ultimate DCT, engine_type=None
[2026-07-28 15:34:08] [INFO    ] [chrome_api.mapper] mapper | ads_response_to_rows | Hyundai | Converted 6/6 trims to rows
[2026-07-28 15:34:08] [DEBUG   ] [chrome_api.service] refresh_from_ads | Hyundai 2024 Elantra | Converted 6 trims to rows
[2026-07-28 15:34:08] [DEBUG   ] [urllib3.connectionpool] https://demos.autodatasolutions.com:443 "POST /ADSDemo/api/full/ymmt/year/2024/make/Hyundai/model/Elantra%20Hybrid/ HTTP/1.1" 200 None
[2026-07-28 15:34:09] [INFO    ] [chrome_api.mapper] mapper | ads_response_to_rows | Hyundai | Processing 2 trims from ADS response
[2026-07-28 15:34:09] [DEBUG   ] [chrome_api.mapper] mapper | HYUNDAI | ELHS4T1BLUHE | Extracted fields: year=2024, desc=Luxury DCT, trim=Luxury
[2026-07-28 15:34:09] [DEBUG   ] [chrome_api.mapper] mapper | HYUNDAI | ELHS4T1BLUHE | ModelName from ADS: Elantra Hybrid
[2026-07-28 15:34:09] [DEBUG   ] [semantic.standardizer] standardizer | Hyundai | No trim alias found for: 'Luxury'
[2026-07-28 15:34:09] [DEBUG   ] [semantic.standardizer] standardizer | Hyundai | No description patterns matched: 'Luxury DCT'
[2026-07-28 15:34:09] [DEBUG   ] [chrome_api.mapper] mapper | HYUNDAI | ELHS4T1BLUHE | Applied standardization rules
[2026-07-28 15:34:09] [INFO    ] [chrome_api.mapper] mapper | HYUNDAI | Loaded 6 ENGINE_TYPE keywords: ['hev', 'hybrid', 'phev', 'ev', 'plug-in', 'electric']
[2026-07-28 15:34:09] [DEBUG   ] [chrome_api.mapper] mapper | HYUNDAI | ELHS4T1BLUHE | Searching text: 'elantra hybrid luxury dct'
[2026-07-28 15:34:09] [DEBUG   ] [chrome_api.mapper] mapper | HYUNDAI | ELHS4T1BLUHE | Found keyword 'hybrid' in 'Elantra Hybrid Luxury DCT'
[2026-07-28 15:34:09] [WARNING ] [chrome_api.mapper] mapper | HYUNDAI | ELHS4T1BLUHE | Keyword 'hybrid' found but NOT in translator. Returning keyword as-is.
[2026-07-28 15:34:09] [INFO    ] [chrome_api.mapper] mapper | HYUNDAI | ELHS4T1BLUHE | Row complete: model=Elantra Hybrid, trim=Luxury DCT, engine_type=hybrid
[2026-07-28 15:34:09] [DEBUG   ] [chrome_api.mapper] mapper | HYUNDAI | ELHS4T1BLUHM | Extracted fields: year=2024, desc=Luxury DCT w/Two-Tone Interior, trim=Luxury
[2026-07-28 15:34:09] [DEBUG   ] [chrome_api.mapper] mapper | HYUNDAI | ELHS4T1BLUHM | ModelName from ADS: Elantra Hybrid
[2026-07-28 15:34:09] [DEBUG   ] [semantic.standardizer] standardizer | Hyundai | No trim alias found for: 'Luxury'
[2026-07-28 15:34:09] [DEBUG   ] [semantic.standardizer] standardizer | Hyundai | No description patterns matched: 'Luxury DCT w/Two-Tone Interior'
[2026-07-28 15:34:09] [DEBUG   ] [chrome_api.mapper] mapper | HYUNDAI | ELHS4T1BLUHM | Applied standardization rules
[2026-07-28 15:34:09] [INFO    ] [chrome_api.mapper] mapper | HYUNDAI | Loaded 6 ENGINE_TYPE keywords: ['hev', 'hybrid', 'phev', 'ev', 'plug-in', 'electric']
[2026-07-28 15:34:09] [DEBUG   ] [chrome_api.mapper] mapper | HYUNDAI | ELHS4T1BLUHM | Searching text: 'elantra hybrid luxury dct w/two-tone interior'
[2026-07-28 15:34:09] [DEBUG   ] [chrome_api.mapper] mapper | HYUNDAI | ELHS4T1BLUHM | Found keyword 'hybrid' in 'Elantra Hybrid Luxury DCT w/Two-Tone Interior'
[2026-07-28 15:34:09] [WARNING ] [chrome_api.mapper] mapper | HYUNDAI | ELHS4T1BLUHM | Keyword 'hybrid' found but NOT in translator. Returning keyword as-is.
[2026-07-28 15:34:09] [INFO    ] [chrome_api.mapper] mapper | HYUNDAI | ELHS4T1BLUHM | Row complete: model=Elantra Hybrid, trim=Luxury DCT w/Two-Tone Interior, engine_type=hybrid
[2026-07-28 15:34:09] [INFO    ] [chrome_api.mapper] mapper | ads_response_to_rows | Hyundai | Converted 2/2 trims to rows
[2026-07-28 15:34:09] [DEBUG   ] [chrome_api.service] refresh_from_ads | Hyundai 2024 Elantra Hybrid | Converted 2 trims to rows
[2026-07-28 15:34:09] [DEBUG   ] [urllib3.connectionpool] https://demos.autodatasolutions.com:443 "POST /ADSDemo/api/full/ymmt/year/2024/make/Hyundai/model/Elantra%20N/ HTTP/1.1" 200 None
[2026-07-28 15:34:09] [INFO    ] [chrome_api.mapper] mapper | ads_response_to_rows | Hyundai | Processing 2 trims from ADS response
[2026-07-28 15:34:09] [DEBUG   ] [chrome_api.mapper] mapper | HYUNDAI | ELCS472ANN00 | Extracted fields: year=2024, desc=Manual, trim=None
[2026-07-28 15:34:09] [DEBUG   ] [chrome_api.mapper] mapper | HYUNDAI | ELCS472ANN00 | ModelName from ADS: Elantra N
[2026-07-28 15:34:09] [DEBUG   ] [semantic.standardizer] standardizer | Hyundai | No description patterns matched: 'Manual'
[2026-07-28 15:34:09] [DEBUG   ] [chrome_api.mapper] mapper | HYUNDAI | ELCS472ANN00 | Applied standardization rules
[2026-07-28 15:34:09] [INFO    ] [chrome_api.mapper] mapper | HYUNDAI | Loaded 6 ENGINE_TYPE keywords: ['hev', 'hybrid', 'phev', 'ev', 'plug-in', 'electric']
[2026-07-28 15:34:09] [DEBUG   ] [chrome_api.mapper] mapper | HYUNDAI | ELCS472ANN00 | Searching text: 'elantra n manual'
[2026-07-28 15:34:09] [DEBUG   ] [chrome_api.mapper] mapper | HYUNDAI | ELCS472ANN00 | No ENGINE_TYPE keyword found
[2026-07-28 15:34:09] [INFO    ] [chrome_api.mapper] mapper | HYUNDAI | ELCS472ANN00 | Row complete: model=Elantra N, trim=Manual, engine_type=None
[2026-07-28 15:34:09] [DEBUG   ] [chrome_api.mapper] mapper | HYUNDAI | ELCS4M2ANN00 | Extracted fields: year=2024, desc=DCT, trim=None
[2026-07-28 15:34:09] [DEBUG   ] [chrome_api.mapper] mapper | HYUNDAI | ELCS4M2ANN00 | ModelName from ADS: Elantra N
[2026-07-28 15:34:09] [DEBUG   ] [semantic.standardizer] standardizer | Hyundai | No description patterns matched: 'DCT'
[2026-07-28 15:34:09] [DEBUG   ] [chrome_api.mapper] mapper | HYUNDAI | ELCS4M2ANN00 | Applied standardization rules
[2026-07-28 15:34:09] [INFO    ] [chrome_api.mapper] mapper | HYUNDAI | Loaded 6 ENGINE_TYPE keywords: ['hev', 'hybrid', 'phev', 'ev', 'plug-in', 'electric']
[2026-07-28 15:34:09] [DEBUG   ] [chrome_api.mapper] mapper | HYUNDAI | ELCS4M2ANN00 | Searching text: 'elantra n dct'
[2026-07-28 15:34:09] [DEBUG   ] [chrome_api.mapper] mapper | HYUNDAI | ELCS4M2ANN00 | No ENGINE_TYPE keyword found
[2026-07-28 15:34:09] [INFO    ] [chrome_api.mapper] mapper | HYUNDAI | ELCS4M2ANN00 | Row complete: model=Elantra N, trim=DCT, engine_type=None
[2026-07-28 15:34:09] [INFO    ] [chrome_api.mapper] mapper | ads_response_to_rows | Hyundai | Converted 2/2 trims to rows
[2026-07-28 15:34:09] [DEBUG   ] [chrome_api.service] refresh_from_ads | Hyundai 2024 Elantra N | Converted 2 trims to rows
[2026-07-28 15:34:09] [DEBUG   ] [urllib3.connectionpool] https://demos.autodatasolutions.com:443 "POST /ADSDemo/api/full/ymmt/year/2024/make/Hyundai/model/IONIQ%205/ HTTP/1.1" 200 None
[2026-07-28 15:34:10] [INFO    ] [chrome_api.mapper] mapper | ads_response_to_rows | Hyundai | Processing 4 trims from ADS response
[2026-07-28 15:34:10] [DEBUG   ] [chrome_api.mapper] mapper | HYUNDAI | I5EW5ZE4PRLR | Extracted fields: year=2024, desc=Preferred RWD Long Range, trim=Preferred
[2026-07-28 15:34:10] [DEBUG   ] [chrome_api.mapper] mapper | HYUNDAI | I5EW5ZE4PRLR | ModelName from ADS: IONIQ 5
[2026-07-28 15:34:10] [DEBUG   ] [semantic.standardizer] standardizer | Hyundai | No trim alias found for: 'Preferred'
[2026-07-28 15:34:10] [DEBUG   ] [semantic.standardizer] standardizer | Hyundai | No description patterns matched: 'Preferred RWD Long Range'
[2026-07-28 15:34:10] [DEBUG   ] [chrome_api.mapper] mapper | HYUNDAI | I5EW5ZE4PRLR | Applied standardization rules
[2026-07-28 15:34:10] [INFO    ] [chrome_api.mapper] mapper | HYUNDAI | Loaded 6 ENGINE_TYPE keywords: ['hev', 'hybrid', 'phev', 'ev', 'plug-in', 'electric']
[2026-07-28 15:34:10] [DEBUG   ] [chrome_api.mapper] mapper | HYUNDAI | I5EW5ZE4PRLR | Searching text: 'ioniq 5 preferred rwd long range'
[2026-07-28 15:34:10] [DEBUG   ] [chrome_api.mapper] mapper | HYUNDAI | I5EW5ZE4PRLR | No ENGINE_TYPE keyword found
[2026-07-28 15:34:10] [INFO    ] [chrome_api.mapper] mapper | HYUNDAI | I5EW5ZE4PRLR | Row complete: model=IONIQ 5, trim=Preferred RWD Long Range, engine_type=None
[2026-07-28 15:34:10] [DEBUG   ] [chrome_api.mapper] mapper | HYUNDAI | I5EW5ZE2PRLR | Extracted fields: year=2024, desc=Preferred AWD Long Range, trim=Preferred
[2026-07-28 15:34:10] [DEBUG   ] [chrome_api.mapper] mapper | HYUNDAI | I5EW5ZE2PRLR | ModelName from ADS: IONIQ 5
[2026-07-28 15:34:10] [DEBUG   ] [semantic.standardizer] standardizer | Hyundai | No trim alias found for: 'Preferred'
[2026-07-28 15:34:10] [DEBUG   ] [semantic.standardizer] standardizer | Hyundai | No description patterns matched: 'Preferred AWD Long Range'
[2026-07-28 15:34:10] [DEBUG   ] [chrome_api.mapper] mapper | HYUNDAI | I5EW5ZE2PRLR | Applied standardization rules
[2026-07-28 15:34:10] [INFO    ] [chrome_api.mapper] mapper | HYUNDAI | Loaded 6 ENGINE_TYPE keywords: ['hev', 'hybrid', 'phev', 'ev', 'plug-in', 'electric']
[2026-07-28 15:34:10] [DEBUG   ] [chrome_api.mapper] mapper | HYUNDAI | I5EW5ZE2PRLR | Searching text: 'ioniq 5 preferred awd long range'
[2026-07-28 15:34:10] [DEBUG   ] [chrome_api.mapper] mapper | HYUNDAI | I5EW5ZE2PRLR | No ENGINE_TYPE keyword found
[2026-07-28 15:34:10] [INFO    ] [chrome_api.mapper] mapper | HYUNDAI | I5EW5ZE2PRLR | Row complete: model=IONIQ 5, trim=Preferred AWD Long Range, engine_type=None
[2026-07-28 15:34:10] [DEBUG   ] [chrome_api.mapper] mapper | HYUNDAI | I5EW5ZE2PRUP | Extracted fields: year=2024, desc=Preferred AWD Long Range w/Ultimate Pkg, trim=Preferred
[2026-07-28 15:34:10] [DEBUG   ] [chrome_api.mapper] mapper | HYUNDAI | I5EW5ZE2PRUP | ModelName from ADS: IONIQ 5
[2026-07-28 15:34:10] [DEBUG   ] [semantic.standardizer] standardizer | Hyundai | No trim alias found for: 'Preferred'
[2026-07-28 15:34:10] [DEBUG   ] [semantic.standardizer] standardizer | Hyundai | No description patterns matched: 'Preferred AWD Long Range w/Ultimate Pkg'
[2026-07-28 15:34:10] [DEBUG   ] [chrome_api.mapper] mapper | HYUNDAI | I5EW5ZE2PRUP | Applied standardization rules
[2026-07-28 15:34:10] [INFO    ] [chrome_api.mapper] mapper | HYUNDAI | Loaded 6 ENGINE_TYPE keywords: ['hev', 'hybrid', 'phev', 'ev', 'plug-in', 'electric']
[2026-07-28 15:34:10] [DEBUG   ] [chrome_api.mapper] mapper | HYUNDAI | I5EW5ZE2PRUP | Searching text: 'ioniq 5 preferred awd long range w/ultimate pkg'
[2026-07-28 15:34:10] [DEBUG   ] [chrome_api.mapper] mapper | HYUNDAI | I5EW5ZE2PRUP | No ENGINE_TYPE keyword found
[2026-07-28 15:34:10] [INFO    ] [chrome_api.mapper] mapper | HYUNDAI | I5EW5ZE2PRUP | Row complete: model=IONIQ 5, trim=Preferred AWD Long Range w/Ultimate Pkg, engine_type=None
[2026-07-28 15:34:10] [DEBUG   ] [chrome_api.mapper] mapper | HYUNDAI | I5EW5ZE2PRLP | Extracted fields: year=2024, desc=Preferred AWD Long Range w/Luxury Pkg *Ltd Avail*, trim=Preferred
[2026-07-28 15:34:10] [DEBUG   ] [chrome_api.mapper] mapper | HYUNDAI | I5EW5ZE2PRLP | ModelName from ADS: IONIQ 5
[2026-07-28 15:34:10] [DEBUG   ] [semantic.standardizer] standardizer | Hyundai | No trim alias found for: 'Preferred'
[2026-07-28 15:34:10] [DEBUG   ] [semantic.standardizer] standardizer | Hyundai | No description patterns matched: 'Preferred AWD Long Range w/Luxury Pkg *Ltd Avail*'
[2026-07-28 15:34:10] [DEBUG   ] [chrome_api.mapper] mapper | HYUNDAI | I5EW5ZE2PRLP | Applied standardization rules
[2026-07-28 15:34:10] [INFO    ] [chrome_api.mapper] mapper | HYUNDAI | Loaded 6 ENGINE_TYPE keywords: ['hev', 'hybrid', 'phev', 'ev', 'plug-in', 'electric']
[2026-07-28 15:34:10] [DEBUG   ] [chrome_api.mapper] mapper | HYUNDAI | I5EW5ZE2PRLP | Searching text: 'ioniq 5 preferred awd long range w/luxury pkg *ltd avail*'
[2026-07-28 15:34:10] [DEBUG   ] [chrome_api.mapper] mapper | HYUNDAI | I5EW5ZE2PRLP | No ENGINE_TYPE keyword found
[2026-07-28 15:34:10] [INFO    ] [chrome_api.mapper] mapper | HYUNDAI | I5EW5ZE2PRLP | Row complete: model=IONIQ 5, trim=Preferred AWD Long Range w/Luxury Pkg *Ltd Avail*, engine_type=None
[2026-07-28 15:34:10] [INFO    ] [chrome_api.mapper] mapper | ads_response_to_rows | Hyundai | Converted 4/4 trims to rows
[2026-07-28 15:34:10] [DEBUG   ] [chrome_api.service] refresh_from_ads | Hyundai 2024 IONIQ 5 | Converted 4 trims to rows
[2026-07-28 15:34:10] [DEBUG   ] [urllib3.connectionpool] https://demos.autodatasolutions.com:443 "POST /ADSDemo/api/full/ymmt/year/2024/make/Hyundai/model/IONIQ%206/ HTTP/1.1" 200 None
[2026-07-28 15:34:10] [INFO    ] [chrome_api.mapper] mapper | ads_response_to_rows | Hyundai | Processing 4 trims from ADS response
[2026-07-28 15:34:10] [DEBUG   ] [chrome_api.mapper] mapper | HYUNDAI | I6ES4ZE4PRLR | Extracted fields: year=2024, desc=Preferred RWD Long Range, trim=Preferred
[2026-07-28 15:34:10] [DEBUG   ] [chrome_api.mapper] mapper | HYUNDAI | I6ES4ZE4PRLR | ModelName from ADS: IONIQ 6
[2026-07-28 15:34:10] [DEBUG   ] [semantic.standardizer] standardizer | Hyundai | No trim alias found for: 'Preferred'
[2026-07-28 15:34:10] [DEBUG   ] [semantic.standardizer] standardizer | Hyundai | No description patterns matched: 'Preferred RWD Long Range'
[2026-07-28 15:34:10] [DEBUG   ] [chrome_api.mapper] mapper | HYUNDAI | I6ES4ZE4PRLR | Applied standardization rules
[2026-07-28 15:34:10] [INFO    ] [chrome_api.mapper] mapper | HYUNDAI | Loaded 6 ENGINE_TYPE keywords: ['hev', 'hybrid', 'phev', 'ev', 'plug-in', 'electric']
[2026-07-28 15:34:10] [DEBUG   ] [chrome_api.mapper] mapper | HYUNDAI | I6ES4ZE4PRLR | Searching text: 'ioniq 6 preferred rwd long range'
[2026-07-28 15:34:10] [DEBUG   ] [chrome_api.mapper] mapper | HYUNDAI | I6ES4ZE4PRLR | No ENGINE_TYPE keyword found
[2026-07-28 15:34:10] [INFO    ] [chrome_api.mapper] mapper | HYUNDAI | I6ES4ZE4PRLR | Row complete: model=IONIQ 6, trim=Preferred RWD Long Range, engine_type=None
[2026-07-28 15:34:10] [DEBUG   ] [chrome_api.mapper] mapper | HYUNDAI | I6ES4ZE2PRLR | Extracted fields: year=2024, desc=Preferred AWD Long Range, trim=Preferred
[2026-07-28 15:34:10] [DEBUG   ] [chrome_api.mapper] mapper | HYUNDAI | I6ES4ZE2PRLR | ModelName from ADS: IONIQ 6
[2026-07-28 15:34:10] [DEBUG   ] [semantic.standardizer] standardizer | Hyundai | No trim alias found for: 'Preferred'
[2026-07-28 15:34:10] [DEBUG   ] [semantic.standardizer] standardizer | Hyundai | No description patterns matched: 'Preferred AWD Long Range'
[2026-07-28 15:34:10] [DEBUG   ] [chrome_api.mapper] mapper | HYUNDAI | I6ES4ZE2PRLR | Applied standardization rules
[2026-07-28 15:34:10] [INFO    ] [chrome_api.mapper] mapper | HYUNDAI | Loaded 6 ENGINE_TYPE keywords: ['hev', 'hybrid', 'phev', 'ev', 'plug-in', 'electric']
[2026-07-28 15:34:10] [DEBUG   ] [chrome_api.mapper] mapper | HYUNDAI | I6ES4ZE2PRLR | Searching text: 'ioniq 6 preferred awd long range'
[2026-07-28 15:34:10] [DEBUG   ] [chrome_api.mapper] mapper | HYUNDAI | I6ES4ZE2PRLR | No ENGINE_TYPE keyword found
[2026-07-28 15:34:10] [INFO    ] [chrome_api.mapper] mapper | HYUNDAI | I6ES4ZE2PRLR | Row complete: model=IONIQ 6, trim=Preferred AWD Long Range, engine_type=None
[2026-07-28 15:34:10] [DEBUG   ] [chrome_api.mapper] mapper | HYUNDAI | I6ES4ZE2PRUP | Extracted fields: year=2024, desc=Preferred AWD Long Range w/Ultimate Pkg, trim=Preferred
[2026-07-28 15:34:10] [DEBUG   ] [chrome_api.mapper] mapper | HYUNDAI | I6ES4ZE2PRUP | ModelName from ADS: IONIQ 6
[2026-07-28 15:34:10] [DEBUG   ] [semantic.standardizer] standardizer | Hyundai | No trim alias found for: 'Preferred'
[2026-07-28 15:34:10] [DEBUG   ] [semantic.standardizer] standardizer | Hyundai | No description patterns matched: 'Preferred AWD Long Range w/Ultimate Pkg'
[2026-07-28 15:34:10] [DEBUG   ] [chrome_api.mapper] mapper | HYUNDAI | I6ES4ZE2PRUP | Applied standardization rules
[2026-07-28 15:34:10] [INFO    ] [chrome_api.mapper] mapper | HYUNDAI | Loaded 6 ENGINE_TYPE keywords: ['hev', 'hybrid', 'phev', 'ev', 'plug-in', 'electric']
[2026-07-28 15:34:10] [DEBUG   ] [chrome_api.mapper] mapper | HYUNDAI | I6ES4ZE2PRUP | Searching text: 'ioniq 6 preferred awd long range w/ultimate pkg'
[2026-07-28 15:34:10] [DEBUG   ] [chrome_api.mapper] mapper | HYUNDAI | I6ES4ZE2PRUP | No ENGINE_TYPE keyword found
[2026-07-28 15:34:10] [INFO    ] [chrome_api.mapper] mapper | HYUNDAI | I6ES4ZE2PRUP | Row complete: model=IONIQ 6, trim=Preferred AWD Long Range w/Ultimate Pkg, engine_type=None
[2026-07-28 15:34:10] [DEBUG   ] [chrome_api.mapper] mapper | HYUNDAI | I6ES4ZE4PRUP | Extracted fields: year=2024, desc=Preferred RWD Long Range w/Ultimate Pkg, trim=Preferred
[2026-07-28 15:34:10] [DEBUG   ] [chrome_api.mapper] mapper | HYUNDAI | I6ES4ZE4PRUP | ModelName from ADS: IONIQ 6
[2026-07-28 15:34:10] [DEBUG   ] [semantic.standardizer] standardizer | Hyundai | No trim alias found for: 'Preferred'
[2026-07-28 15:34:10] [DEBUG   ] [semantic.standardizer] standardizer | Hyundai | No description patterns matched: 'Preferred RWD Long Range w/Ultimate Pkg'
[2026-07-28 15:34:10] [DEBUG   ] [chrome_api.mapper] mapper | HYUNDAI | I6ES4ZE4PRUP | Applied standardization rules
[2026-07-28 15:34:10] [INFO    ] [chrome_api.mapper] mapper | HYUNDAI | Loaded 6 ENGINE_TYPE keywords: ['hev', 'hybrid', 'phev', 'ev', 'plug-in', 'electric']
[2026-07-28 15:34:10] [DEBUG   ] [chrome_api.mapper] mapper | HYUNDAI | I6ES4ZE4PRUP | Searching text: 'ioniq 6 preferred rwd long range w/ultimate pkg'
[2026-07-28 15:34:10] [DEBUG   ] [chrome_api.mapper] mapper | HYUNDAI | I6ES4ZE4PRUP | No ENGINE_TYPE keyword found
[2026-07-28 15:34:10] [INFO    ] [chrome_api.mapper] mapper | HYUNDAI | I6ES4ZE4PRUP | Row complete: model=IONIQ 6, trim=Preferred RWD Long Range w/Ultimate Pkg, engine_type=None
[2026-07-28 15:34:10] [INFO    ] [chrome_api.mapper] mapper | ads_response_to_rows | Hyundai | Converted 4/4 trims to rows
[2026-07-28 15:34:10] [DEBUG   ] [chrome_api.service] refresh_from_ads | Hyundai 2024 IONIQ 6 | Converted 4 trims to rows
[2026-07-28 15:34:11] [DEBUG   ] [urllib3.connectionpool] https://demos.autodatasolutions.com:443 "POST /ADSDemo/api/full/ymmt/year/2024/make/Hyundai/model/Kona/ HTTP/1.1" 200 None
[2026-07-28 15:34:11] [INFO    ] [chrome_api.mapper] mapper | ads_response_to_rows | Hyundai | Processing 9 trims from ADS response
[2026-07-28 15:34:11] [DEBUG   ] [chrome_api.mapper] mapper | HYUNDAI | KOCW5V2BES00 | Extracted fields: year=2024, desc=2.0L Essential FWD, trim=Essential
[2026-07-28 15:34:11] [DEBUG   ] [chrome_api.mapper] mapper | HYUNDAI | KOCW5V2BES00 | ModelName from ADS: Kona
[2026-07-28 15:34:11] [DEBUG   ] [semantic.standardizer] standardizer | Hyundai | No trim alias found for: 'Essential'
[2026-07-28 15:34:11] [DEBUG   ] [semantic.standardizer] standardizer | Hyundai | No description patterns matched: '2.0L Essential FWD'
[2026-07-28 15:34:11] [DEBUG   ] [chrome_api.mapper] mapper | HYUNDAI | KOCW5V2BES00 | Applied standardization rules
[2026-07-28 15:34:11] [INFO    ] [chrome_api.mapper] mapper | HYUNDAI | Loaded 6 ENGINE_TYPE keywords: ['hev', 'hybrid', 'phev', 'ev', 'plug-in', 'electric']
[2026-07-28 15:34:11] [DEBUG   ] [chrome_api.mapper] mapper | HYUNDAI | KOCW5V2BES00 | Searching text: 'kona 2.0l essential fwd'
[2026-07-28 15:34:11] [DEBUG   ] [chrome_api.mapper] mapper | HYUNDAI | KOCW5V2BES00 | No ENGINE_TYPE keyword found
[2026-07-28 15:34:11] [INFO    ] [chrome_api.mapper] mapper | HYUNDAI | KOCW5V2BES00 | Row complete: model=Kona, trim=2.0L Essential FWD, engine_type=None
[2026-07-28 15:34:11] [DEBUG   ] [chrome_api.mapper] mapper | HYUNDAI | KOCW5V2BPR00 | Extracted fields: year=2024, desc=2.0L Preferred FWD, trim=Preferred
[2026-07-28 15:34:11] [DEBUG   ] [chrome_api.mapper] mapper | HYUNDAI | KOCW5V2BPR00 | ModelName from ADS: Kona
[2026-07-28 15:34:11] [DEBUG   ] [semantic.standardizer] standardizer | Hyundai | No trim alias found for: 'Preferred'
[2026-07-28 15:34:11] [DEBUG   ] [semantic.standardizer] standardizer | Hyundai | No description patterns matched: '2.0L Preferred FWD'
[2026-07-28 15:34:11] [DEBUG   ] [chrome_api.mapper] mapper | HYUNDAI | KOCW5V2BPR00 | Applied standardization rules
[2026-07-28 15:34:11] [INFO    ] [chrome_api.mapper] mapper | HYUNDAI | Loaded 6 ENGINE_TYPE keywords: ['hev', 'hybrid', 'phev', 'ev', 'plug-in', 'electric']
[2026-07-28 15:34:11] [DEBUG   ] [chrome_api.mapper] mapper | HYUNDAI | KOCW5V2BPR00 | Searching text: 'kona 2.0l preferred fwd'
[2026-07-28 15:34:11] [DEBUG   ] [chrome_api.mapper] mapper | HYUNDAI | KOCW5V2BPR00 | No ENGINE_TYPE keyword found
[2026-07-28 15:34:11] [INFO    ] [chrome_api.mapper] mapper | HYUNDAI | KOCW5V2BPR00 | Row complete: model=Kona, trim=2.0L Preferred FWD, engine_type=None
[2026-07-28 15:34:11] [DEBUG   ] [chrome_api.mapper] mapper | HYUNDAI | KOCW5Q2BES00 | Extracted fields: year=2024, desc=2.0L Essential AWD, trim=Essential
[2026-07-28 15:34:11] [DEBUG   ] [chrome_api.mapper] mapper | HYUNDAI | KOCW5Q2BES00 | ModelName from ADS: Kona
[2026-07-28 15:34:11] [DEBUG   ] [semantic.standardizer] standardizer | Hyundai | No trim alias found for: 'Essential'
[2026-07-28 15:34:11] [DEBUG   ] [semantic.standardizer] standardizer | Hyundai | No description patterns matched: '2.0L Essential AWD'
[2026-07-28 15:34:11] [DEBUG   ] [chrome_api.mapper] mapper | HYUNDAI | KOCW5Q2BES00 | Applied standardization rules
[2026-07-28 15:34:11] [INFO    ] [chrome_api.mapper] mapper | HYUNDAI | Loaded 6 ENGINE_TYPE keywords: ['hev', 'hybrid', 'phev', 'ev', 'plug-in', 'electric']
[2026-07-28 15:34:11] [DEBUG   ] [chrome_api.mapper] mapper | HYUNDAI | KOCW5Q2BES00 | Searching text: 'kona 2.0l essential awd'
[2026-07-28 15:34:11] [DEBUG   ] [chrome_api.mapper] mapper | HYUNDAI | KOCW5Q2BES00 | No ENGINE_TYPE keyword found
[2026-07-28 15:34:11] [INFO    ] [chrome_api.mapper] mapper | HYUNDAI | KOCW5Q2BES00 | Row complete: model=Kona, trim=2.0L Essential AWD, engine_type=None
[2026-07-28 15:34:11] [DEBUG   ] [chrome_api.mapper] mapper | HYUNDAI | KOCW5Q2BPR00 | Extracted fields: year=2024, desc=2.0L Preferred AWD, trim=Preferred
[2026-07-28 15:34:11] [DEBUG   ] [chrome_api.mapper] mapper | HYUNDAI | KOCW5Q2BPR00 | ModelName from ADS: Kona
[2026-07-28 15:34:11] [DEBUG   ] [semantic.standardizer] standardizer | Hyundai | No trim alias found for: 'Preferred'
[2026-07-28 15:34:11] [DEBUG   ] [semantic.standardizer] standardizer | Hyundai | No description patterns matched: '2.0L Preferred AWD'
[2026-07-28 15:34:11] [DEBUG   ] [chrome_api.mapper] mapper | HYUNDAI | KOCW5Q2BPR00 | Applied standardization rules
[2026-07-28 15:34:11] [INFO    ] [chrome_api.mapper] mapper | HYUNDAI | Loaded 6 ENGINE_TYPE keywords: ['hev', 'hybrid', 'phev', 'ev', 'plug-in', 'electric']
[2026-07-28 15:34:11] [DEBUG   ] [chrome_api.mapper] mapper | HYUNDAI | KOCW5Q2BPR00 | Searching text: 'kona 2.0l preferred awd'
[2026-07-28 15:34:11] [DEBUG   ] [chrome_api.mapper] mapper | HYUNDAI | KOCW5Q2BPR00 | No ENGINE_TYPE keyword found
[2026-07-28 15:34:11] [INFO    ] [chrome_api.mapper] mapper | HYUNDAI | KOCW5Q2BPR00 | Row complete: model=Kona, trim=2.0L Preferred AWD, engine_type=None
[2026-07-28 15:34:11] [DEBUG   ] [chrome_api.mapper] mapper | HYUNDAI | KOCW5Q2BPRTR | Extracted fields: year=2024, desc=2.0L Preferred AWD w/Trend Package, trim=Preferred
[2026-07-28 15:34:11] [DEBUG   ] [chrome_api.mapper] mapper | HYUNDAI | KOCW5Q2BPRTR | ModelName from ADS: Kona
[2026-07-28 15:34:11] [DEBUG   ] [semantic.standardizer] standardizer | Hyundai | No trim alias found for: 'Preferred'
[2026-07-28 15:34:11] [DEBUG   ] [semantic.standardizer] standardizer | Hyundai | No description patterns matched: '2.0L Preferred AWD w/Trend Package'
[2026-07-28 15:34:11] [DEBUG   ] [chrome_api.mapper] mapper | HYUNDAI | KOCW5Q2BPRTR | Applied standardization rules
[2026-07-28 15:34:11] [INFO    ] [chrome_api.mapper] mapper | HYUNDAI | Loaded 6 ENGINE_TYPE keywords: ['hev', 'hybrid', 'phev', 'ev', 'plug-in', 'electric']
[2026-07-28 15:34:11] [DEBUG   ] [chrome_api.mapper] mapper | HYUNDAI | KOCW5Q2BPRTR | Searching text: 'kona 2.0l preferred awd w/trend package'
[2026-07-28 15:34:11] [DEBUG   ] [chrome_api.mapper] mapper | HYUNDAI | KOCW5Q2BPRTR | No ENGINE_TYPE keyword found
[2026-07-28 15:34:11] [INFO    ] [chrome_api.mapper] mapper | HYUNDAI | KOCW5Q2BPRTR | Row complete: model=Kona, trim=2.0L Preferred AWD w/Trend Package, engine_type=None
[2026-07-28 15:34:11] [DEBUG   ] [chrome_api.mapper] mapper | HYUNDAI | KOCW5K1ANL00 | Extracted fields: year=2024, desc=1.6T N Line AWD, trim=N Line
[2026-07-28 15:34:11] [DEBUG   ] [chrome_api.mapper] mapper | HYUNDAI | KOCW5K1ANL00 | ModelName from ADS: Kona
[2026-07-28 15:34:11] [DEBUG   ] [chrome_api.mapper] mapper | HYUNDAI | KOCW5K1ANL00 | Applied standardization rules
[2026-07-28 15:34:11] [INFO    ] [chrome_api.mapper] mapper | HYUNDAI | Loaded 6 ENGINE_TYPE keywords: ['hev', 'hybrid', 'phev', 'ev', 'plug-in', 'electric']
[2026-07-28 15:34:11] [DEBUG   ] [chrome_api.mapper] mapper | HYUNDAI | KOCW5K1ANL00 | Searching text: 'kona 1.6t n-line awd'
[2026-07-28 15:34:11] [DEBUG   ] [chrome_api.mapper] mapper | HYUNDAI | KOCW5K1ANL00 | No ENGINE_TYPE keyword found
[2026-07-28 15:34:11] [INFO    ] [chrome_api.mapper] mapper | HYUNDAI | KOCW5K1ANL00 | Row complete: model=Kona, trim=1.6T N-Line AWD, engine_type=None
[2026-07-28 15:34:11] [DEBUG   ] [chrome_api.mapper] mapper | HYUNDAI | KOCW5K1ANLTT | Extracted fields: year=2024, desc=1.6T N Line AWD w/Two-Tone Roof, trim=N Line
[2026-07-28 15:34:11] [DEBUG   ] [chrome_api.mapper] mapper | HYUNDAI | KOCW5K1ANLTT | ModelName from ADS: Kona
[2026-07-28 15:34:11] [DEBUG   ] [chrome_api.mapper] mapper | HYUNDAI | KOCW5K1ANLTT | Applied standardization rules
[2026-07-28 15:34:11] [INFO    ] [chrome_api.mapper] mapper | HYUNDAI | Loaded 6 ENGINE_TYPE keywords: ['hev', 'hybrid', 'phev', 'ev', 'plug-in', 'electric']
[2026-07-28 15:34:11] [DEBUG   ] [chrome_api.mapper] mapper | HYUNDAI | KOCW5K1ANLTT | Searching text: 'kona 1.6t n-line awd w/two-tone roof'
[2026-07-28 15:34:11] [DEBUG   ] [chrome_api.mapper] mapper | HYUNDAI | KOCW5K1ANLTT | No ENGINE_TYPE keyword found
[2026-07-28 15:34:11] [INFO    ] [chrome_api.mapper] mapper | HYUNDAI | KOCW5K1ANLTT | Row complete: model=Kona, trim=1.6T N-Line AWD w/Two-Tone Roof, engine_type=None
[2026-07-28 15:34:11] [DEBUG   ] [chrome_api.mapper] mapper | HYUNDAI | KOCW5K1ANLUL | Extracted fields: year=2024, desc=1.6T N Line Ultimate AWD, trim=N Line Ultimate
[2026-07-28 15:34:11] [DEBUG   ] [chrome_api.mapper] mapper | HYUNDAI | KOCW5K1ANLUL | ModelName from ADS: Kona
[2026-07-28 15:34:11] [DEBUG   ] [chrome_api.mapper] mapper | HYUNDAI | KOCW5K1ANLUL | Applied standardization rules
[2026-07-28 15:34:11] [INFO    ] [chrome_api.mapper] mapper | HYUNDAI | Loaded 6 ENGINE_TYPE keywords: ['hev', 'hybrid', 'phev', 'ev', 'plug-in', 'electric']
[2026-07-28 15:34:11] [DEBUG   ] [chrome_api.mapper] mapper | HYUNDAI | KOCW5K1ANLUL | Searching text: 'kona 1.6t n-line ultimate awd'
[2026-07-28 15:34:11] [DEBUG   ] [chrome_api.mapper] mapper | HYUNDAI | KOCW5K1ANLUL | No ENGINE_TYPE keyword found
[2026-07-28 15:34:11] [INFO    ] [chrome_api.mapper] mapper | HYUNDAI | KOCW5K1ANLUL | Row complete: model=Kona, trim=1.6T N-Line Ultimate AWD, engine_type=None
[2026-07-28 15:34:11] [DEBUG   ] [chrome_api.mapper] mapper | HYUNDAI | KOCW5K1ANLBA | Extracted fields: year=2024, desc=1.6T N Line Ultimate AWD w/Two-Tone Roof, trim=N Line Ultimate
[2026-07-28 15:34:11] [DEBUG   ] [chrome_api.mapper] mapper | HYUNDAI | KOCW5K1ANLBA | ModelName from ADS: Kona
[2026-07-28 15:34:11] [DEBUG   ] [chrome_api.mapper] mapper | HYUNDAI | KOCW5K1ANLBA | Applied standardization rules
[2026-07-28 15:34:11] [INFO    ] [chrome_api.mapper] mapper | HYUNDAI | Loaded 6 ENGINE_TYPE keywords: ['hev', 'hybrid', 'phev', 'ev', 'plug-in', 'electric']
[2026-07-28 15:34:11] [DEBUG   ] [chrome_api.mapper] mapper | HYUNDAI | KOCW5K1ANLBA | Searching text: 'kona 1.6t n-line ultimate awd w/two-tone roof'
[2026-07-28 15:34:11] [DEBUG   ] [chrome_api.mapper] mapper | HYUNDAI | KOCW5K1ANLBA | No ENGINE_TYPE keyword found
[2026-07-28 15:34:11] [INFO    ] [chrome_api.mapper] mapper | HYUNDAI | KOCW5K1ANLBA | Row complete: model=Kona, trim=1.6T N-Line Ultimate AWD w/Two-Tone Roof, engine_type=None
[2026-07-28 15:34:11] [INFO    ] [chrome_api.mapper] mapper | ads_response_to_rows | Hyundai | Converted 9/9 trims to rows
[2026-07-28 15:34:11] [DEBUG   ] [chrome_api.service] refresh_from_ads | Hyundai 2024 Kona | Converted 9 trims to rows
[2026-07-28 15:34:11] [DEBUG   ] [urllib3.connectionpool] https://demos.autodatasolutions.com:443 "POST /ADSDemo/api/full/ymmt/year/2024/make/Hyundai/model/Kona%20Electric/ HTTP/1.1" 200 None
[2026-07-28 15:34:12] [INFO    ] [chrome_api.mapper] mapper | ads_response_to_rows | Hyundai | Processing 4 trims from ADS response
[2026-07-28 15:34:12] [DEBUG   ] [chrome_api.mapper] mapper | HYUNDAI | KEEW5ZE4PR00 | Extracted fields: year=2024, desc=Preferred FWD, trim=Preferred
[2026-07-28 15:34:12] [DEBUG   ] [chrome_api.mapper] mapper | HYUNDAI | KEEW5ZE4PR00 | ModelName from ADS: Kona Electric
[2026-07-28 15:34:12] [DEBUG   ] [semantic.standardizer] standardizer | Hyundai | No trim alias found for: 'Preferred'
[2026-07-28 15:34:12] [DEBUG   ] [semantic.standardizer] standardizer | Hyundai | No description patterns matched: 'Preferred FWD'
[2026-07-28 15:34:12] [DEBUG   ] [chrome_api.mapper] mapper | HYUNDAI | KEEW5ZE4PR00 | Applied standardization rules
[2026-07-28 15:34:12] [INFO    ] [chrome_api.mapper] mapper | HYUNDAI | Loaded 6 ENGINE_TYPE keywords: ['hev', 'hybrid', 'phev', 'ev', 'plug-in', 'electric']
[2026-07-28 15:34:12] [DEBUG   ] [chrome_api.mapper] mapper | HYUNDAI | KEEW5ZE4PR00 | Searching text: 'kona electric preferred fwd'
[2026-07-28 15:34:12] [DEBUG   ] [chrome_api.mapper] mapper | HYUNDAI | KEEW5ZE4PR00 | Found keyword 'electric' in 'Kona Electric Preferred FWD'
[2026-07-28 15:34:12] [WARNING ] [chrome_api.mapper] mapper | HYUNDAI | KEEW5ZE4PR00 | Keyword 'electric' found but NOT in translator. Returning keyword as-is.
[2026-07-28 15:34:12] [INFO    ] [chrome_api.mapper] mapper | HYUNDAI | KEEW5ZE4PR00 | Row complete: model=Kona Electric, trim=Preferred FWD, engine_type=electric
[2026-07-28 15:34:12] [DEBUG   ] [chrome_api.mapper] mapper | HYUNDAI | KEEW5ZE4UL00 | Extracted fields: year=2024, desc=Ultimate FWD, trim=Ultimate
[2026-07-28 15:34:12] [DEBUG   ] [chrome_api.mapper] mapper | HYUNDAI | KEEW5ZE4UL00 | ModelName from ADS: Kona Electric
[2026-07-28 15:34:12] [DEBUG   ] [semantic.standardizer] standardizer | Hyundai | No trim alias found for: 'Ultimate'
[2026-07-28 15:34:12] [DEBUG   ] [semantic.standardizer] standardizer | Hyundai | No description patterns matched: 'Ultimate FWD'
[2026-07-28 15:34:12] [DEBUG   ] [chrome_api.mapper] mapper | HYUNDAI | KEEW5ZE4UL00 | Applied standardization rules
[2026-07-28 15:34:12] [INFO    ] [chrome_api.mapper] mapper | HYUNDAI | Loaded 6 ENGINE_TYPE keywords: ['hev', 'hybrid', 'phev', 'ev', 'plug-in', 'electric']
[2026-07-28 15:34:12] [DEBUG   ] [chrome_api.mapper] mapper | HYUNDAI | KEEW5ZE4UL00 | Searching text: 'kona electric ultimate fwd'
[2026-07-28 15:34:12] [DEBUG   ] [chrome_api.mapper] mapper | HYUNDAI | KEEW5ZE4UL00 | Found keyword 'electric' in 'Kona Electric Ultimate FWD'
[2026-07-28 15:34:12] [WARNING ] [chrome_api.mapper] mapper | HYUNDAI | KEEW5ZE4UL00 | Keyword 'electric' found but NOT in translator. Returning keyword as-is.
[2026-07-28 15:34:12] [INFO    ] [chrome_api.mapper] mapper | HYUNDAI | KEEW5ZE4UL00 | Row complete: model=Kona Electric, trim=Ultimate FWD, engine_type=electric
[2026-07-28 15:34:12] [DEBUG   ] [chrome_api.mapper] mapper | HYUNDAI | KEEW5ZE4ULTT | Extracted fields: year=2024, desc=Ultimate FWD w/Two-Tone Interior, trim=Ultimate
[2026-07-28 15:34:12] [DEBUG   ] [chrome_api.mapper] mapper | HYUNDAI | KEEW5ZE4ULTT | ModelName from ADS: Kona Electric
[2026-07-28 15:34:12] [DEBUG   ] [semantic.standardizer] standardizer | Hyundai | No trim alias found for: 'Ultimate'
[2026-07-28 15:34:12] [DEBUG   ] [semantic.standardizer] standardizer | Hyundai | No description patterns matched: 'Ultimate FWD w/Two-Tone Interior'
[2026-07-28 15:34:12] [DEBUG   ] [chrome_api.mapper] mapper | HYUNDAI | KEEW5ZE4ULTT | Applied standardization rules
[2026-07-28 15:34:12] [INFO    ] [chrome_api.mapper] mapper | HYUNDAI | Loaded 6 ENGINE_TYPE keywords: ['hev', 'hybrid', 'phev', 'ev', 'plug-in', 'electric']
[2026-07-28 15:34:12] [DEBUG   ] [chrome_api.mapper] mapper | HYUNDAI | KEEW5ZE4ULTT | Searching text: 'kona electric ultimate fwd w/two-tone interior'
[2026-07-28 15:34:12] [DEBUG   ] [chrome_api.mapper] mapper | HYUNDAI | KEEW5ZE4ULTT | Found keyword 'electric' in 'Kona Electric Ultimate FWD w/Two-Tone Interior'
[2026-07-28 15:34:12] [WARNING ] [chrome_api.mapper] mapper | HYUNDAI | KEEW5ZE4ULTT | Keyword 'electric' found but NOT in translator. Returning keyword as-is.
[2026-07-28 15:34:12] [INFO    ] [chrome_api.mapper] mapper | HYUNDAI | KEEW5ZE4ULTT | Row complete: model=Kona Electric, trim=Ultimate FWD w/Two-Tone Interior, engine_type=electric
[2026-07-28 15:34:12] [DEBUG   ] [chrome_api.mapper] mapper | HYUNDAI | KEEW5ZE4ULBF | Extracted fields: year=2024, desc=Ultimate FWD w/Sage-Green Interior, trim=Ultimate
[2026-07-28 15:34:12] [DEBUG   ] [chrome_api.mapper] mapper | HYUNDAI | KEEW5ZE4ULBF | ModelName from ADS: Kona Electric
[2026-07-28 15:34:12] [DEBUG   ] [semantic.standardizer] standardizer | Hyundai | No trim alias found for: 'Ultimate'
[2026-07-28 15:34:12] [DEBUG   ] [semantic.standardizer] standardizer | Hyundai | No description patterns matched: 'Ultimate FWD w/Sage-Green Interior'
[2026-07-28 15:34:12] [DEBUG   ] [chrome_api.mapper] mapper | HYUNDAI | KEEW5ZE4ULBF | Applied standardization rules
[2026-07-28 15:34:12] [INFO    ] [chrome_api.mapper] mapper | HYUNDAI | Loaded 6 ENGINE_TYPE keywords: ['hev', 'hybrid', 'phev', 'ev', 'plug-in', 'electric']
[2026-07-28 15:34:12] [DEBUG   ] [chrome_api.mapper] mapper | HYUNDAI | KEEW5ZE4ULBF | Searching text: 'kona electric ultimate fwd w/sage-green interior'
[2026-07-28 15:34:12] [DEBUG   ] [chrome_api.mapper] mapper | HYUNDAI | KEEW5ZE4ULBF | Found keyword 'electric' in 'Kona Electric Ultimate FWD w/Sage-Green Interior'
[2026-07-28 15:34:12] [WARNING ] [chrome_api.mapper] mapper | HYUNDAI | KEEW5ZE4ULBF | Keyword 'electric' found but NOT in translator. Returning keyword as-is.
[2026-07-28 15:34:12] [INFO    ] [chrome_api.mapper] mapper | HYUNDAI | KEEW5ZE4ULBF | Row complete: model=Kona Electric, trim=Ultimate FWD w/Sage-Green Interior, engine_type=electric
[2026-07-28 15:34:12] [INFO    ] [chrome_api.mapper] mapper | ads_response_to_rows | Hyundai | Converted 4/4 trims to rows
[2026-07-28 15:34:12] [DEBUG   ] [chrome_api.service] refresh_from_ads | Hyundai 2024 Kona Electric | Converted 4 trims to rows
[2026-07-28 15:34:12] [DEBUG   ] [urllib3.connectionpool] https://demos.autodatasolutions.com:443 "POST /ADSDemo/api/full/ymmt/year/2024/make/Hyundai/model/NEXO/ HTTP/1.1" 200 None
[2026-07-28 15:34:12] [INFO    ] [chrome_api.mapper] mapper | ads_response_to_rows | Hyundai | Processing 2 trims from ADS response
[2026-07-28 15:34:12] [DEBUG   ] [chrome_api.mapper] mapper | HYUNDAI | NXFW5ZH1PR00 | Extracted fields: year=2024, desc=Preferred FWD, trim=Preferred
[2026-07-28 15:34:12] [DEBUG   ] [chrome_api.mapper] mapper | HYUNDAI | NXFW5ZH1PR00 | ModelName from ADS: NEXO
[2026-07-28 15:34:12] [DEBUG   ] [semantic.standardizer] standardizer | Hyundai | No trim alias found for: 'Preferred'
[2026-07-28 15:34:12] [DEBUG   ] [semantic.standardizer] standardizer | Hyundai | No description patterns matched: 'Preferred FWD'
[2026-07-28 15:34:12] [DEBUG   ] [chrome_api.mapper] mapper | HYUNDAI | NXFW5ZH1PR00 | Applied standardization rules
[2026-07-28 15:34:12] [INFO    ] [chrome_api.mapper] mapper | HYUNDAI | Loaded 6 ENGINE_TYPE keywords: ['hev', 'hybrid', 'phev', 'ev', 'plug-in', 'electric']
[2026-07-28 15:34:12] [DEBUG   ] [chrome_api.mapper] mapper | HYUNDAI | NXFW5ZH1PR00 | Searching text: 'nexo preferred fwd'
[2026-07-28 15:34:12] [DEBUG   ] [chrome_api.mapper] mapper | HYUNDAI | NXFW5ZH1PR00 | No ENGINE_TYPE keyword found
[2026-07-28 15:34:12] [INFO    ] [chrome_api.mapper] mapper | HYUNDAI | NXFW5ZH1PR00 | Row complete: model=NEXO, trim=Preferred FWD, engine_type=None
[2026-07-28 15:34:12] [DEBUG   ] [chrome_api.mapper] mapper | HYUNDAI | NXFW5ZH1UL00 | Extracted fields: year=2024, desc=Ultimate FWD, trim=Ultimate
[2026-07-28 15:34:12] [DEBUG   ] [chrome_api.mapper] mapper | HYUNDAI | NXFW5ZH1UL00 | ModelName from ADS: NEXO
[2026-07-28 15:34:12] [DEBUG   ] [semantic.standardizer] standardizer | Hyundai | No trim alias found for: 'Ultimate'
[2026-07-28 15:34:12] [DEBUG   ] [semantic.standardizer] standardizer | Hyundai | No description patterns matched: 'Ultimate FWD'
[2026-07-28 15:34:12] [DEBUG   ] [chrome_api.mapper] mapper | HYUNDAI | NXFW5ZH1UL00 | Applied standardization rules
[2026-07-28 15:34:12] [INFO    ] [chrome_api.mapper] mapper | HYUNDAI | Loaded 6 ENGINE_TYPE keywords: ['hev', 'hybrid', 'phev', 'ev', 'plug-in', 'electric']
[2026-07-28 15:34:12] [DEBUG   ] [chrome_api.mapper] mapper | HYUNDAI | NXFW5ZH1UL00 | Searching text: 'nexo ultimate fwd'
[2026-07-28 15:34:12] [DEBUG   ] [chrome_api.mapper] mapper | HYUNDAI | NXFW5ZH1UL00 | No ENGINE_TYPE keyword found
[2026-07-28 15:34:12] [INFO    ] [chrome_api.mapper] mapper | HYUNDAI | NXFW5ZH1UL00 | Row complete: model=NEXO, trim=Ultimate FWD, engine_type=None
[2026-07-28 15:34:12] [INFO    ] [chrome_api.mapper] mapper | ads_response_to_rows | Hyundai | Converted 2/2 trims to rows
[2026-07-28 15:34:12] [DEBUG   ] [chrome_api.service] refresh_from_ads | Hyundai 2024 NEXO | Converted 2 trims to rows
[2026-07-28 15:34:12] [DEBUG   ] [urllib3.connectionpool] https://demos.autodatasolutions.com:443 "POST /ADSDemo/api/full/ymmt/year/2024/make/Hyundai/model/Palisade/ HTTP/1.1" 200 None
[2026-07-28 15:34:13] [INFO    ] [chrome_api.mapper] mapper | ads_response_to_rows | Hyundai | Processing 5 trims from ADS response
[2026-07-28 15:34:13] [DEBUG   ] [chrome_api.mapper] mapper | HYUNDAI | PACW8K3DPR00 | Extracted fields: year=2024, desc=Preferred 8-Passenger AWD, trim=Preferred
[2026-07-28 15:34:13] [DEBUG   ] [chrome_api.mapper] mapper | HYUNDAI | PACW8K3DPR00 | ModelName from ADS: Palisade
[2026-07-28 15:34:13] [DEBUG   ] [semantic.standardizer] standardizer | Hyundai | No trim alias found for: 'Preferred'
[2026-07-28 15:34:13] [DEBUG   ] [semantic.standardizer] standardizer | Hyundai | No description patterns matched: 'Preferred 8-Passenger AWD'
[2026-07-28 15:34:13] [DEBUG   ] [chrome_api.mapper] mapper | HYUNDAI | PACW8K3DPR00 | Applied standardization rules
[2026-07-28 15:34:13] [INFO    ] [chrome_api.mapper] mapper | HYUNDAI | Loaded 6 ENGINE_TYPE keywords: ['hev', 'hybrid', 'phev', 'ev', 'plug-in', 'electric']
[2026-07-28 15:34:13] [DEBUG   ] [chrome_api.mapper] mapper | HYUNDAI | PACW8K3DPR00 | Searching text: 'palisade preferred 8-passenger awd'
[2026-07-28 15:34:13] [DEBUG   ] [chrome_api.mapper] mapper | HYUNDAI | PACW8K3DPR00 | No ENGINE_TYPE keyword found
[2026-07-28 15:34:13] [INFO    ] [chrome_api.mapper] mapper | HYUNDAI | PACW8K3DPR00 | Row complete: model=Palisade, trim=Preferred 8-Passenger AWD, engine_type=None
[2026-07-28 15:34:13] [DEBUG   ] [chrome_api.mapper] mapper | HYUNDAI | PACW8K3DUR00 | Extracted fields: year=2024, desc=Urban 8-Passenger AWD, trim=Urban
[2026-07-28 15:34:13] [DEBUG   ] [chrome_api.mapper] mapper | HYUNDAI | PACW8K3DUR00 | ModelName from ADS: Palisade
[2026-07-28 15:34:13] [DEBUG   ] [semantic.standardizer] standardizer | Hyundai | No trim alias found for: 'Urban'
[2026-07-28 15:34:13] [DEBUG   ] [semantic.standardizer] standardizer | Hyundai | No description patterns matched: 'Urban 8-Passenger AWD'
[2026-07-28 15:34:13] [DEBUG   ] [chrome_api.mapper] mapper | HYUNDAI | PACW8K3DUR00 | Applied standardization rules
[2026-07-28 15:34:13] [INFO    ] [chrome_api.mapper] mapper | HYUNDAI | Loaded 6 ENGINE_TYPE keywords: ['hev', 'hybrid', 'phev', 'ev', 'plug-in', 'electric']
[2026-07-28 15:34:13] [DEBUG   ] [chrome_api.mapper] mapper | HYUNDAI | PACW8K3DUR00 | Searching text: 'palisade urban 8-passenger awd'
[2026-07-28 15:34:13] [DEBUG   ] [chrome_api.mapper] mapper | HYUNDAI | PACW8K3DUR00 | No ENGINE_TYPE keyword found
[2026-07-28 15:34:13] [INFO    ] [chrome_api.mapper] mapper | HYUNDAI | PACW8K3DUR00 | Row complete: model=Palisade, trim=Urban 8-Passenger AWD, engine_type=None
[2026-07-28 15:34:13] [DEBUG   ] [chrome_api.mapper] mapper | HYUNDAI | PACW7K3DUR91 | Extracted fields: year=2024, desc=Urban 7-Passenger AWD, trim=Urban
[2026-07-28 15:34:13] [DEBUG   ] [chrome_api.mapper] mapper | HYUNDAI | PACW7K3DUR91 | ModelName from ADS: Palisade
[2026-07-28 15:34:13] [DEBUG   ] [semantic.standardizer] standardizer | Hyundai | No trim alias found for: 'Urban'
[2026-07-28 15:34:13] [DEBUG   ] [semantic.standardizer] standardizer | Hyundai | No description patterns matched: 'Urban 7-Passenger AWD'
[2026-07-28 15:34:13] [DEBUG   ] [chrome_api.mapper] mapper | HYUNDAI | PACW7K3DUR91 | Applied standardization rules
[2026-07-28 15:34:13] [INFO    ] [chrome_api.mapper] mapper | HYUNDAI | Loaded 6 ENGINE_TYPE keywords: ['hev', 'hybrid', 'phev', 'ev', 'plug-in', 'electric']
[2026-07-28 15:34:13] [DEBUG   ] [chrome_api.mapper] mapper | HYUNDAI | PACW7K3DUR91 | Searching text: 'palisade urban 7-passenger awd'
[2026-07-28 15:34:13] [DEBUG   ] [chrome_api.mapper] mapper | HYUNDAI | PACW7K3DUR91 | No ENGINE_TYPE keyword found
[2026-07-28 15:34:13] [INFO    ] [chrome_api.mapper] mapper | HYUNDAI | PACW7K3DUR91 | Row complete: model=Palisade, trim=Urban 7-Passenger AWD, engine_type=None
[2026-07-28 15:34:13] [DEBUG   ] [chrome_api.mapper] mapper | HYUNDAI | PACW7K3DULC7 | Extracted fields: year=2024, desc=Ultimate Calligraphy 7-Passenger AWD, trim=Ultimate Calligraphy
[2026-07-28 15:34:13] [DEBUG   ] [chrome_api.mapper] mapper | HYUNDAI | PACW7K3DULC7 | ModelName from ADS: Palisade
[2026-07-28 15:34:13] [DEBUG   ] [semantic.standardizer] standardizer | Hyundai | No trim alias found for: 'Ultimate Calligraphy'
[2026-07-28 15:34:13] [DEBUG   ] [semantic.standardizer] standardizer | Hyundai | No description patterns matched: 'Ultimate Calligraphy 7-Passenger AWD'
[2026-07-28 15:34:13] [DEBUG   ] [chrome_api.mapper] mapper | HYUNDAI | PACW7K3DULC7 | Applied standardization rules
[2026-07-28 15:34:13] [INFO    ] [chrome_api.mapper] mapper | HYUNDAI | Loaded 6 ENGINE_TYPE keywords: ['hev', 'hybrid', 'phev', 'ev', 'plug-in', 'electric']
[2026-07-28 15:34:13] [DEBUG   ] [chrome_api.mapper] mapper | HYUNDAI | PACW7K3DULC7 | Searching text: 'palisade ultimate calligraphy 7-passenger awd'
[2026-07-28 15:34:13] [DEBUG   ] [chrome_api.mapper] mapper | HYUNDAI | PACW7K3DULC7 | No ENGINE_TYPE keyword found
[2026-07-28 15:34:13] [INFO    ] [chrome_api.mapper] mapper | HYUNDAI | PACW7K3DULC7 | Row complete: model=Palisade, trim=Ultimate Calligraphy 7-Passenger AWD, engine_type=None
[2026-07-28 15:34:13] [DEBUG   ] [chrome_api.mapper] mapper | HYUNDAI | PACW7K3DULCB | Extracted fields: year=2024, desc=Ultimate Calligraphy w/Beige 7-Passenger AWD, trim=Ultimate Calligraphy
[2026-07-28 15:34:13] [DEBUG   ] [chrome_api.mapper] mapper | HYUNDAI | PACW7K3DULCB | ModelName from ADS: Palisade
[2026-07-28 15:34:13] [DEBUG   ] [semantic.standardizer] standardizer | Hyundai | No trim alias found for: 'Ultimate Calligraphy'
[2026-07-28 15:34:13] [DEBUG   ] [semantic.standardizer] standardizer | Hyundai | No description patterns matched: 'Ultimate Calligraphy w/Beige 7-Passenger AWD'
[2026-07-28 15:34:13] [DEBUG   ] [chrome_api.mapper] mapper | HYUNDAI | PACW7K3DULCB | Applied standardization rules
[2026-07-28 15:34:13] [INFO    ] [chrome_api.mapper] mapper | HYUNDAI | Loaded 6 ENGINE_TYPE keywords: ['hev', 'hybrid', 'phev', 'ev', 'plug-in', 'electric']
[2026-07-28 15:34:13] [DEBUG   ] [chrome_api.mapper] mapper | HYUNDAI | PACW7K3DULCB | Searching text: 'palisade ultimate calligraphy w/beige 7-passenger awd'
[2026-07-28 15:34:13] [DEBUG   ] [chrome_api.mapper] mapper | HYUNDAI | PACW7K3DULCB | No ENGINE_TYPE keyword found
[2026-07-28 15:34:13] [INFO    ] [chrome_api.mapper] mapper | HYUNDAI | PACW7K3DULCB | Row complete: model=Palisade, trim=Ultimate Calligraphy w/Beige 7-Passenger AWD, engine_type=None
[2026-07-28 15:34:13] [INFO    ] [chrome_api.mapper] mapper | ads_response_to_rows | Hyundai | Converted 5/5 trims to rows
[2026-07-28 15:34:13] [DEBUG   ] [chrome_api.service] refresh_from_ads | Hyundai 2024 Palisade | Converted 5 trims to rows
[2026-07-28 15:34:13] [DEBUG   ] [urllib3.connectionpool] https://demos.autodatasolutions.com:443 "POST /ADSDemo/api/full/ymmt/year/2024/make/Hyundai/model/Santa%20Cruz/ HTTP/1.1" 200 None
[2026-07-28 15:34:14] [INFO    ] [chrome_api.mapper] mapper | ads_response_to_rows | Hyundai | Processing 8 trims from ADS response
[2026-07-28 15:34:14] [DEBUG   ] [chrome_api.mapper] mapper | HYUNDAI | SZCP5N2DPR00 | Extracted fields: year=2024, desc=Preferred AWD *Ltd Avail*, trim=Preferred
[2026-07-28 15:34:14] [DEBUG   ] [chrome_api.mapper] mapper | HYUNDAI | SZCP5N2DPR00 | ModelName from ADS: Santa Cruz
[2026-07-28 15:34:14] [DEBUG   ] [semantic.standardizer] standardizer | Hyundai | No trim alias found for: 'Preferred'
[2026-07-28 15:34:14] [DEBUG   ] [semantic.standardizer] standardizer | Hyundai | No description patterns matched: 'Preferred AWD *Ltd Avail*'
[2026-07-28 15:34:14] [DEBUG   ] [chrome_api.mapper] mapper | HYUNDAI | SZCP5N2DPR00 | Applied standardization rules
[2026-07-28 15:34:14] [INFO    ] [chrome_api.mapper] mapper | HYUNDAI | Loaded 6 ENGINE_TYPE keywords: ['hev', 'hybrid', 'phev', 'ev', 'plug-in', 'electric']
[2026-07-28 15:34:14] [DEBUG   ] [chrome_api.mapper] mapper | HYUNDAI | SZCP5N2DPR00 | Searching text: 'santa cruz preferred awd *ltd avail*'
[2026-07-28 15:34:14] [DEBUG   ] [chrome_api.mapper] mapper | HYUNDAI | SZCP5N2DPR00 | No ENGINE_TYPE keyword found
[2026-07-28 15:34:14] [INFO    ] [chrome_api.mapper] mapper | HYUNDAI | SZCP5N2DPR00 | Row complete: model=Santa Cruz, trim=Preferred AWD *Ltd Avail*, engine_type=None
[2026-07-28 15:34:14] [DEBUG   ] [chrome_api.mapper] mapper | HYUNDAI | SZCP5N2DPRTR | Extracted fields: year=2024, desc=Trend AWD *Ltd Avail*, trim=Trend
[2026-07-28 15:34:14] [DEBUG   ] [chrome_api.mapper] mapper | HYUNDAI | SZCP5N2DPRTR | ModelName from ADS: Santa Cruz
[2026-07-28 15:34:14] [DEBUG   ] [semantic.standardizer] standardizer | Hyundai | No trim alias found for: 'Trend'
[2026-07-28 15:34:14] [DEBUG   ] [semantic.standardizer] standardizer | Hyundai | No description patterns matched: 'Trend AWD *Ltd Avail*'
[2026-07-28 15:34:14] [DEBUG   ] [chrome_api.mapper] mapper | HYUNDAI | SZCP5N2DPRTR | Applied standardization rules
[2026-07-28 15:34:14] [INFO    ] [chrome_api.mapper] mapper | HYUNDAI | Loaded 6 ENGINE_TYPE keywords: ['hev', 'hybrid', 'phev', 'ev', 'plug-in', 'electric']
[2026-07-28 15:34:14] [DEBUG   ] [chrome_api.mapper] mapper | HYUNDAI | SZCP5N2DPRTR | Searching text: 'santa cruz trend awd *ltd avail*'
[2026-07-28 15:34:14] [DEBUG   ] [chrome_api.mapper] mapper | HYUNDAI | SZCP5N2DPRTR | No ENGINE_TYPE keyword found
[2026-07-28 15:34:14] [INFO    ] [chrome_api.mapper] mapper | HYUNDAI | SZCP5N2DPRTR | Row complete: model=Santa Cruz, trim=Trend AWD *Ltd Avail*, engine_type=None
[2026-07-28 15:34:14] [DEBUG   ] [chrome_api.mapper] mapper | HYUNDAI | SZCP5N2DUL00 | Extracted fields: year=2024, desc=Ultimate AWD *Ltd Avail*, trim=Ultimate
[2026-07-28 15:34:14] [DEBUG   ] [chrome_api.mapper] mapper | HYUNDAI | SZCP5N2DUL00 | ModelName from ADS: Santa Cruz
[2026-07-28 15:34:14] [DEBUG   ] [semantic.standardizer] standardizer | Hyundai | No trim alias found for: 'Ultimate'
[2026-07-28 15:34:14] [DEBUG   ] [semantic.standardizer] standardizer | Hyundai | No description patterns matched: 'Ultimate AWD *Ltd Avail*'
[2026-07-28 15:34:14] [DEBUG   ] [chrome_api.mapper] mapper | HYUNDAI | SZCP5N2DUL00 | Applied standardization rules
[2026-07-28 15:34:14] [INFO    ] [chrome_api.mapper] mapper | HYUNDAI | Loaded 6 ENGINE_TYPE keywords: ['hev', 'hybrid', 'phev', 'ev', 'plug-in', 'electric']
[2026-07-28 15:34:14] [DEBUG   ] [chrome_api.mapper] mapper | HYUNDAI | SZCP5N2DUL00 | Searching text: 'santa cruz ultimate awd *ltd avail*'
[2026-07-28 15:34:14] [DEBUG   ] [chrome_api.mapper] mapper | HYUNDAI | SZCP5N2DUL00 | No ENGINE_TYPE keyword found
[2026-07-28 15:34:14] [INFO    ] [chrome_api.mapper] mapper | HYUNDAI | SZCP5N2DUL00 | Row complete: model=Santa Cruz, trim=Ultimate AWD *Ltd Avail*, engine_type=None
[2026-07-28 15:34:14] [DEBUG   ] [chrome_api.mapper] mapper | HYUNDAI | SZCP5N2DUL95 | Extracted fields: year=2024, desc=Ultimate AWD w/Colour Pkg *Ltd Avail*, trim=Ultimate
[2026-07-28 15:34:14] [DEBUG   ] [chrome_api.mapper] mapper | HYUNDAI | SZCP5N2DUL95 | ModelName from ADS: Santa Cruz
[2026-07-28 15:34:14] [DEBUG   ] [semantic.standardizer] standardizer | Hyundai | No trim alias found for: 'Ultimate'
[2026-07-28 15:34:14] [DEBUG   ] [semantic.standardizer] standardizer | Hyundai | No description patterns matched: 'Ultimate AWD w/Colour Pkg *Ltd Avail*'
[2026-07-28 15:34:14] [DEBUG   ] [chrome_api.mapper] mapper | HYUNDAI | SZCP5N2DUL95 | Applied standardization rules
[2026-07-28 15:34:14] [INFO    ] [chrome_api.mapper] mapper | HYUNDAI | Loaded 6 ENGINE_TYPE keywords: ['hev', 'hybrid', 'phev', 'ev', 'plug-in', 'electric']
[2026-07-28 15:34:14] [DEBUG   ] [chrome_api.mapper] mapper | HYUNDAI | SZCP5N2DUL95 | Searching text: 'santa cruz ultimate awd w/colour pkg *ltd avail*'
[2026-07-28 15:34:14] [DEBUG   ] [chrome_api.mapper] mapper | HYUNDAI | SZCP5N2DUL95 | No ENGINE_TYPE keyword found
[2026-07-28 15:34:14] [INFO    ] [chrome_api.mapper] mapper | HYUNDAI | SZCP5N2DUL95 | Row complete: model=Santa Cruz, trim=Ultimate AWD w/Colour Pkg *Ltd Avail*, engine_type=None
[2026-07-28 15:34:14] [DEBUG   ] [chrome_api.mapper] mapper | HYUNDAI | SZCP5N2DPRBB | Extracted fields: year=2024, desc=Preferred AWD, trim=Preferred
[2026-07-28 15:34:14] [DEBUG   ] [chrome_api.mapper] mapper | HYUNDAI | SZCP5N2DPRBB | ModelName from ADS: Santa Cruz
[2026-07-28 15:34:14] [DEBUG   ] [semantic.standardizer] standardizer | Hyundai | No trim alias found for: 'Preferred'
[2026-07-28 15:34:14] [DEBUG   ] [semantic.standardizer] standardizer | Hyundai | No description patterns matched: 'Preferred AWD'
[2026-07-28 15:34:14] [DEBUG   ] [chrome_api.mapper] mapper | HYUNDAI | SZCP5N2DPRBB | Applied standardization rules
[2026-07-28 15:34:14] [INFO    ] [chrome_api.mapper] mapper | HYUNDAI | Loaded 6 ENGINE_TYPE keywords: ['hev', 'hybrid', 'phev', 'ev', 'plug-in', 'electric']
[2026-07-28 15:34:14] [DEBUG   ] [chrome_api.mapper] mapper | HYUNDAI | SZCP5N2DPRBB | Searching text: 'santa cruz preferred awd'
[2026-07-28 15:34:14] [DEBUG   ] [chrome_api.mapper] mapper | HYUNDAI | SZCP5N2DPRBB | No ENGINE_TYPE keyword found
[2026-07-28 15:34:14] [INFO    ] [chrome_api.mapper] mapper | HYUNDAI | SZCP5N2DPRBB | Row complete: model=Santa Cruz, trim=Preferred AWD, engine_type=None
[2026-07-28 15:34:14] [DEBUG   ] [chrome_api.mapper] mapper | HYUNDAI | SZCP5N2DPRBC | Extracted fields: year=2024, desc=Trend AWD, trim=Trend
[2026-07-28 15:34:14] [DEBUG   ] [chrome_api.mapper] mapper | HYUNDAI | SZCP5N2DPRBC | ModelName from ADS: Santa Cruz
[2026-07-28 15:34:14] [DEBUG   ] [semantic.standardizer] standardizer | Hyundai | No trim alias found for: 'Trend'
[2026-07-28 15:34:14] [DEBUG   ] [semantic.standardizer] standardizer | Hyundai | No description patterns matched: 'Trend AWD'
[2026-07-28 15:34:14] [DEBUG   ] [chrome_api.mapper] mapper | HYUNDAI | SZCP5N2DPRBC | Applied standardization rules
[2026-07-28 15:34:14] [INFO    ] [chrome_api.mapper] mapper | HYUNDAI | Loaded 6 ENGINE_TYPE keywords: ['hev', 'hybrid', 'phev', 'ev', 'plug-in', 'electric']
[2026-07-28 15:34:14] [DEBUG   ] [chrome_api.mapper] mapper | HYUNDAI | SZCP5N2DPRBC | Searching text: 'santa cruz trend awd'
[2026-07-28 15:34:14] [DEBUG   ] [chrome_api.mapper] mapper | HYUNDAI | SZCP5N2DPRBC | No ENGINE_TYPE keyword found
[2026-07-28 15:34:14] [INFO    ] [chrome_api.mapper] mapper | HYUNDAI | SZCP5N2DPRBC | Row complete: model=Santa Cruz, trim=Trend AWD, engine_type=None
[2026-07-28 15:34:14] [DEBUG   ] [chrome_api.mapper] mapper | HYUNDAI | SZCP5N2DULBB | Extracted fields: year=2024, desc=Ultimate AWD, trim=Ultimate
[2026-07-28 15:34:14] [DEBUG   ] [chrome_api.mapper] mapper | HYUNDAI | SZCP5N2DULBB | ModelName from ADS: Santa Cruz
[2026-07-28 15:34:14] [DEBUG   ] [semantic.standardizer] standardizer | Hyundai | No trim alias found for: 'Ultimate'
[2026-07-28 15:34:14] [DEBUG   ] [semantic.standardizer] standardizer | Hyundai | No description patterns matched: 'Ultimate AWD'
[2026-07-28 15:34:14] [DEBUG   ] [chrome_api.mapper] mapper | HYUNDAI | SZCP5N2DULBB | Applied standardization rules
[2026-07-28 15:34:14] [INFO    ] [chrome_api.mapper] mapper | HYUNDAI | Loaded 6 ENGINE_TYPE keywords: ['hev', 'hybrid', 'phev', 'ev', 'plug-in', 'electric']
[2026-07-28 15:34:14] [DEBUG   ] [chrome_api.mapper] mapper | HYUNDAI | SZCP5N2DULBB | Searching text: 'santa cruz ultimate awd'
[2026-07-28 15:34:14] [DEBUG   ] [chrome_api.mapper] mapper | HYUNDAI | SZCP5N2DULBB | No ENGINE_TYPE keyword found
[2026-07-28 15:34:14] [INFO    ] [chrome_api.mapper] mapper | HYUNDAI | SZCP5N2DULBB | Row complete: model=Santa Cruz, trim=Ultimate AWD, engine_type=None
[2026-07-28 15:34:14] [DEBUG   ] [chrome_api.mapper] mapper | HYUNDAI | SZCP5N2DULBD | Extracted fields: year=2024, desc=Ultimate AWD w/Colour Pkg, trim=Ultimate
[2026-07-28 15:34:14] [DEBUG   ] [chrome_api.mapper] mapper | HYUNDAI | SZCP5N2DULBD | ModelName from ADS: Santa Cruz
[2026-07-28 15:34:14] [DEBUG   ] [semantic.standardizer] standardizer | Hyundai | No trim alias found for: 'Ultimate'
[2026-07-28 15:34:14] [DEBUG   ] [semantic.standardizer] standardizer | Hyundai | No description patterns matched: 'Ultimate AWD w/Colour Pkg'
[2026-07-28 15:34:14] [DEBUG   ] [chrome_api.mapper] mapper | HYUNDAI | SZCP5N2DULBD | Applied standardization rules
[2026-07-28 15:34:14] [INFO    ] [chrome_api.mapper] mapper | HYUNDAI | Loaded 6 ENGINE_TYPE keywords: ['hev', 'hybrid', 'phev', 'ev', 'plug-in', 'electric']
[2026-07-28 15:34:14] [DEBUG   ] [chrome_api.mapper] mapper | HYUNDAI | SZCP5N2DULBD | Searching text: 'santa cruz ultimate awd w/colour pkg'
[2026-07-28 15:34:14] [DEBUG   ] [chrome_api.mapper] mapper | HYUNDAI | SZCP5N2DULBD | No ENGINE_TYPE keyword found
[2026-07-28 15:34:14] [INFO    ] [chrome_api.mapper] mapper | HYUNDAI | SZCP5N2DULBD | Row complete: model=Santa Cruz, trim=Ultimate AWD w/Colour Pkg, engine_type=None
[2026-07-28 15:34:14] [INFO    ] [chrome_api.mapper] mapper | ads_response_to_rows | Hyundai | Converted 8/8 trims to rows
[2026-07-28 15:34:14] [DEBUG   ] [chrome_api.service] refresh_from_ads | Hyundai 2024 Santa Cruz | Converted 8 trims to rows
[2026-07-28 15:34:14] [DEBUG   ] [urllib3.connectionpool] https://demos.autodatasolutions.com:443 "POST /ADSDemo/api/full/ymmt/year/2024/make/Hyundai/model/Santa%20Fe/ HTTP/1.1" 200 None
[2026-07-28 15:34:14] [INFO    ] [chrome_api.mapper] mapper | ads_response_to_rows | Hyundai | Processing 4 trims from ADS response
[2026-07-28 15:34:14] [DEBUG   ] [chrome_api.mapper] mapper | HYUNDAI | SACW6N2DULBG | Extracted fields: year=2024, desc=Ultimate Calligraphy AWD, trim=Ultimate Calligraphy
[2026-07-28 15:34:14] [DEBUG   ] [chrome_api.mapper] mapper | HYUNDAI | SACW6N2DULBG | ModelName from ADS: Santa Fe
[2026-07-28 15:34:14] [DEBUG   ] [semantic.standardizer] standardizer | Hyundai | No trim alias found for: 'Ultimate Calligraphy'
[2026-07-28 15:34:14] [DEBUG   ] [semantic.standardizer] standardizer | Hyundai | No description patterns matched: 'Ultimate Calligraphy AWD'
[2026-07-28 15:34:14] [DEBUG   ] [chrome_api.mapper] mapper | HYUNDAI | SACW6N2DULBG | Applied standardization rules
[2026-07-28 15:34:14] [INFO    ] [chrome_api.mapper] mapper | HYUNDAI | Loaded 6 ENGINE_TYPE keywords: ['hev', 'hybrid', 'phev', 'ev', 'plug-in', 'electric']
[2026-07-28 15:34:14] [DEBUG   ] [chrome_api.mapper] mapper | HYUNDAI | SACW6N2DULBG | Searching text: 'santa fe ultimate calligraphy awd'
[2026-07-28 15:34:14] [DEBUG   ] [chrome_api.mapper] mapper | HYUNDAI | SACW6N2DULBG | No ENGINE_TYPE keyword found
[2026-07-28 15:34:14] [INFO    ] [chrome_api.mapper] mapper | HYUNDAI | SACW6N2DULBG | Row complete: model=Santa Fe, trim=Ultimate Calligraphy AWD, engine_type=None
[2026-07-28 15:34:14] [DEBUG   ] [chrome_api.mapper] mapper | HYUNDAI | SACW7N2DXR00 | Extracted fields: year=2024, desc=XRT AWD, trim=XRT
[2026-07-28 15:34:14] [DEBUG   ] [chrome_api.mapper] mapper | HYUNDAI | SACW7N2DXR00 | ModelName from ADS: Santa Fe
[2026-07-28 15:34:14] [DEBUG   ] [semantic.standardizer] standardizer | Hyundai | No trim alias found for: 'XRT'
[2026-07-28 15:34:14] [DEBUG   ] [semantic.standardizer] standardizer | Hyundai | No description patterns matched: 'XRT AWD'
[2026-07-28 15:34:14] [DEBUG   ] [chrome_api.mapper] mapper | HYUNDAI | SACW7N2DXR00 | Applied standardization rules
[2026-07-28 15:34:14] [INFO    ] [chrome_api.mapper] mapper | HYUNDAI | Loaded 6 ENGINE_TYPE keywords: ['hev', 'hybrid', 'phev', 'ev', 'plug-in', 'electric']
[2026-07-28 15:34:14] [DEBUG   ] [chrome_api.mapper] mapper | HYUNDAI | SACW7N2DXR00 | Searching text: 'santa fe xrt awd'
[2026-07-28 15:34:14] [DEBUG   ] [chrome_api.mapper] mapper | HYUNDAI | SACW7N2DXR00 | No ENGINE_TYPE keyword found
[2026-07-28 15:34:14] [INFO    ] [chrome_api.mapper] mapper | HYUNDAI | SACW7N2DXR00 | Row complete: model=Santa Fe, trim=XRT AWD, engine_type=None
[2026-07-28 15:34:14] [DEBUG   ] [chrome_api.mapper] mapper | HYUNDAI | SACW7N2DLU00 | Extracted fields: year=2024, desc=Luxury AWD, trim=Luxury
[2026-07-28 15:34:14] [DEBUG   ] [chrome_api.mapper] mapper | HYUNDAI | SACW7N2DLU00 | ModelName from ADS: Santa Fe
[2026-07-28 15:34:14] [DEBUG   ] [semantic.standardizer] standardizer | Hyundai | No trim alias found for: 'Luxury'
[2026-07-28 15:34:14] [DEBUG   ] [semantic.standardizer] standardizer | Hyundai | No description patterns matched: 'Luxury AWD'
[2026-07-28 15:34:14] [DEBUG   ] [chrome_api.mapper] mapper | HYUNDAI | SACW7N2DLU00 | Applied standardization rules
[2026-07-28 15:34:14] [INFO    ] [chrome_api.mapper] mapper | HYUNDAI | Loaded 6 ENGINE_TYPE keywords: ['hev', 'hybrid', 'phev', 'ev', 'plug-in', 'electric']
[2026-07-28 15:34:14] [DEBUG   ] [chrome_api.mapper] mapper | HYUNDAI | SACW7N2DLU00 | Searching text: 'santa fe luxury awd'
[2026-07-28 15:34:14] [DEBUG   ] [chrome_api.mapper] mapper | HYUNDAI | SACW7N2DLU00 | No ENGINE_TYPE keyword found
[2026-07-28 15:34:14] [INFO    ] [chrome_api.mapper] mapper | HYUNDAI | SACW7N2DLU00 | Row complete: model=Santa Fe, trim=Luxury AWD, engine_type=None
[2026-07-28 15:34:14] [DEBUG   ] [chrome_api.mapper] mapper | HYUNDAI | SACW6N2DULBH | Extracted fields: year=2024, desc=Ultimate Calligraphy AWD w/Beige Interior, trim=Ultimate Calligraphy
[2026-07-28 15:34:14] [DEBUG   ] [chrome_api.mapper] mapper | HYUNDAI | SACW6N2DULBH | ModelName from ADS: Santa Fe
[2026-07-28 15:34:14] [DEBUG   ] [semantic.standardizer] standardizer | Hyundai | No trim alias found for: 'Ultimate Calligraphy'
[2026-07-28 15:34:14] [DEBUG   ] [semantic.standardizer] standardizer | Hyundai | No description patterns matched: 'Ultimate Calligraphy AWD w/Beige Interior'
[2026-07-28 15:34:14] [DEBUG   ] [chrome_api.mapper] mapper | HYUNDAI | SACW6N2DULBH | Applied standardization rules
[2026-07-28 15:34:14] [INFO    ] [chrome_api.mapper] mapper | HYUNDAI | Loaded 6 ENGINE_TYPE keywords: ['hev', 'hybrid', 'phev', 'ev', 'plug-in', 'electric']
[2026-07-28 15:34:14] [DEBUG   ] [chrome_api.mapper] mapper | HYUNDAI | SACW6N2DULBH | Searching text: 'santa fe ultimate calligraphy awd w/beige interior'
[2026-07-28 15:34:14] [DEBUG   ] [chrome_api.mapper] mapper | HYUNDAI | SACW6N2DULBH | No ENGINE_TYPE keyword found
[2026-07-28 15:34:14] [INFO    ] [chrome_api.mapper] mapper | HYUNDAI | SACW6N2DULBH | Row complete: model=Santa Fe, trim=Ultimate Calligraphy AWD w/Beige Interior, engine_type=None
[2026-07-28 15:34:14] [INFO    ] [chrome_api.mapper] mapper | ads_response_to_rows | Hyundai | Converted 4/4 trims to rows
[2026-07-28 15:34:14] [DEBUG   ] [chrome_api.service] refresh_from_ads | Hyundai 2024 Santa Fe | Converted 4 trims to rows
[2026-07-28 15:34:14] [DEBUG   ] [urllib3.connectionpool] https://demos.autodatasolutions.com:443 "POST /ADSDemo/api/full/ymmt/year/2024/make/Hyundai/model/Santa%20Fe%20Hybrid/ HTTP/1.1" 200 None
[2026-07-28 15:34:15] [INFO    ] [chrome_api.mapper] mapper | ads_response_to_rows | Hyundai | Processing 3 trims from ADS response
[2026-07-28 15:34:15] [DEBUG   ] [chrome_api.mapper] mapper | HYUNDAI | SAHW7G1APRHE | Extracted fields: year=2024, desc=Preferred AWD, trim=Preferred
[2026-07-28 15:34:15] [DEBUG   ] [chrome_api.mapper] mapper | HYUNDAI | SAHW7G1APRHE | ModelName from ADS: Santa Fe Hybrid
[2026-07-28 15:34:15] [DEBUG   ] [semantic.standardizer] standardizer | Hyundai | No trim alias found for: 'Preferred'
[2026-07-28 15:34:15] [DEBUG   ] [semantic.standardizer] standardizer | Hyundai | No description patterns matched: 'Preferred AWD'
[2026-07-28 15:34:15] [DEBUG   ] [chrome_api.mapper] mapper | HYUNDAI | SAHW7G1APRHE | Applied standardization rules
[2026-07-28 15:34:15] [INFO    ] [chrome_api.mapper] mapper | HYUNDAI | Loaded 6 ENGINE_TYPE keywords: ['hev', 'hybrid', 'phev', 'ev', 'plug-in', 'electric']
[2026-07-28 15:34:15] [DEBUG   ] [chrome_api.mapper] mapper | HYUNDAI | SAHW7G1APRHE | Searching text: 'santa fe hybrid preferred awd'
[2026-07-28 15:34:15] [DEBUG   ] [chrome_api.mapper] mapper | HYUNDAI | SAHW7G1APRHE | Found keyword 'hybrid' in 'Santa Fe Hybrid Preferred AWD'
[2026-07-28 15:34:15] [WARNING ] [chrome_api.mapper] mapper | HYUNDAI | SAHW7G1APRHE | Keyword 'hybrid' found but NOT in translator. Returning keyword as-is.
[2026-07-28 15:34:15] [INFO    ] [chrome_api.mapper] mapper | HYUNDAI | SAHW7G1APRHE | Row complete: model=Santa Fe Hybrid, trim=Preferred AWD, engine_type=hybrid
[2026-07-28 15:34:15] [DEBUG   ] [chrome_api.mapper] mapper | HYUNDAI | SAHW7G1APRTH | Extracted fields: year=2024, desc=Preferred AWD w/Trend Pkg, trim=Preferred
[2026-07-28 15:34:15] [DEBUG   ] [chrome_api.mapper] mapper | HYUNDAI | SAHW7G1APRTH | ModelName from ADS: Santa Fe Hybrid
[2026-07-28 15:34:15] [DEBUG   ] [semantic.standardizer] standardizer | Hyundai | No trim alias found for: 'Preferred'
[2026-07-28 15:34:15] [DEBUG   ] [semantic.standardizer] standardizer | Hyundai | No description patterns matched: 'Preferred AWD w/Trend Pkg'
[2026-07-28 15:34:15] [DEBUG   ] [chrome_api.mapper] mapper | HYUNDAI | SAHW7G1APRTH | Applied standardization rules
[2026-07-28 15:34:15] [INFO    ] [chrome_api.mapper] mapper | HYUNDAI | Loaded 6 ENGINE_TYPE keywords: ['hev', 'hybrid', 'phev', 'ev', 'plug-in', 'electric']
[2026-07-28 15:34:15] [DEBUG   ] [chrome_api.mapper] mapper | HYUNDAI | SAHW7G1APRTH | Searching text: 'santa fe hybrid preferred awd w/trend pkg'
[2026-07-28 15:34:15] [DEBUG   ] [chrome_api.mapper] mapper | HYUNDAI | SAHW7G1APRTH | Found keyword 'hybrid' in 'Santa Fe Hybrid Preferred AWD w/Trend Pkg'
[2026-07-28 15:34:15] [WARNING ] [chrome_api.mapper] mapper | HYUNDAI | SAHW7G1APRTH | Keyword 'hybrid' found but NOT in translator. Returning keyword as-is.
[2026-07-28 15:34:15] [INFO    ] [chrome_api.mapper] mapper | HYUNDAI | SAHW7G1APRTH | Row complete: model=Santa Fe Hybrid, trim=Preferred AWD w/Trend Pkg, engine_type=hybrid
[2026-07-28 15:34:15] [DEBUG   ] [chrome_api.mapper] mapper | HYUNDAI | SAHW6G1AULCS | Extracted fields: year=2024, desc=Ultimate Calligraphy NHL Special Edition AWD, trim=Ultimate Calligraphy NHL Special Edition
[2026-07-28 15:34:15] [DEBUG   ] [chrome_api.mapper] mapper | HYUNDAI | SAHW6G1AULCS | ModelName from ADS: Santa Fe Hybrid
[2026-07-28 15:34:15] [DEBUG   ] [semantic.standardizer] standardizer | Hyundai | No trim alias found for: 'Ultimate Calligraphy NHL Special Edition'
[2026-07-28 15:34:15] [DEBUG   ] [semantic.standardizer] standardizer | Hyundai | No description patterns matched: 'Ultimate Calligraphy NHL Special Edition AWD'
[2026-07-28 15:34:15] [DEBUG   ] [chrome_api.mapper] mapper | HYUNDAI | SAHW6G1AULCS | Applied standardization rules
[2026-07-28 15:34:15] [INFO    ] [chrome_api.mapper] mapper | HYUNDAI | Loaded 6 ENGINE_TYPE keywords: ['hev', 'hybrid', 'phev', 'ev', 'plug-in', 'electric']
[2026-07-28 15:34:15] [DEBUG   ] [chrome_api.mapper] mapper | HYUNDAI | SAHW6G1AULCS | Searching text: 'santa fe hybrid ultimate calligraphy nhl special edition awd'
[2026-07-28 15:34:15] [DEBUG   ] [chrome_api.mapper] mapper | HYUNDAI | SAHW6G1AULCS | Found keyword 'hybrid' in 'Santa Fe Hybrid Ultimate Calligraphy NHL Special Edition AWD'
[2026-07-28 15:34:15] [WARNING ] [chrome_api.mapper] mapper | HYUNDAI | SAHW6G1AULCS | Keyword 'hybrid' found but NOT in translator. Returning keyword as-is.
[2026-07-28 15:34:15] [INFO    ] [chrome_api.mapper] mapper | HYUNDAI | SAHW6G1AULCS | Row complete: model=Santa Fe Hybrid, trim=Ultimate Calligraphy NHL Special Edition AWD, engine_type=hybrid
[2026-07-28 15:34:15] [INFO    ] [chrome_api.mapper] mapper | ads_response_to_rows | Hyundai | Converted 3/3 trims to rows
[2026-07-28 15:34:15] [DEBUG   ] [chrome_api.service] refresh_from_ads | Hyundai 2024 Santa Fe Hybrid | Converted 3 trims to rows
[2026-07-28 15:34:15] [DEBUG   ] [urllib3.connectionpool] https://demos.autodatasolutions.com:443 "POST /ADSDemo/api/full/ymmt/year/2024/make/Hyundai/model/Sonata/ HTTP/1.1" 200 None
[2026-07-28 15:34:15] [INFO    ] [chrome_api.mapper] mapper | ads_response_to_rows | Hyundai | Processing 3 trims from ADS response
[2026-07-28 15:34:15] [DEBUG   ] [chrome_api.mapper] mapper | HYUNDAI | SOCS4J2EPRTR | Extracted fields: year=2024, desc=2.5L Preferred-Trend FWD, trim=Preferred-Trend
[2026-07-28 15:34:15] [DEBUG   ] [chrome_api.mapper] mapper | HYUNDAI | SOCS4J2EPRTR | ModelName from ADS: Sonata
[2026-07-28 15:34:15] [DEBUG   ] [semantic.standardizer] standardizer | Hyundai | No trim alias found for: 'Preferred-Trend'
[2026-07-28 15:34:15] [DEBUG   ] [semantic.standardizer] standardizer | Hyundai | No description patterns matched: '2.5L Preferred-Trend FWD'
[2026-07-28 15:34:15] [DEBUG   ] [chrome_api.mapper] mapper | HYUNDAI | SOCS4J2EPRTR | Applied standardization rules
[2026-07-28 15:34:15] [INFO    ] [chrome_api.mapper] mapper | HYUNDAI | Loaded 6 ENGINE_TYPE keywords: ['hev', 'hybrid', 'phev', 'ev', 'plug-in', 'electric']
[2026-07-28 15:34:15] [DEBUG   ] [chrome_api.mapper] mapper | HYUNDAI | SOCS4J2EPRTR | Searching text: 'sonata 2.5l preferred-trend fwd'
[2026-07-28 15:34:15] [DEBUG   ] [chrome_api.mapper] mapper | HYUNDAI | SOCS4J2EPRTR | No ENGINE_TYPE keyword found
[2026-07-28 15:34:15] [INFO    ] [chrome_api.mapper] mapper | HYUNDAI | SOCS4J2EPRTR | Row complete: model=Sonata, trim=2.5L Preferred-Trend FWD, engine_type=None
[2026-07-28 15:34:15] [DEBUG   ] [chrome_api.mapper] mapper | HYUNDAI | SOCS4M2DNL00 | Extracted fields: year=2024, desc=2.5T N Line Ultimate FWD, trim=N Line Ultimate
[2026-07-28 15:34:15] [DEBUG   ] [chrome_api.mapper] mapper | HYUNDAI | SOCS4M2DNL00 | ModelName from ADS: Sonata
[2026-07-28 15:34:15] [DEBUG   ] [chrome_api.mapper] mapper | HYUNDAI | SOCS4M2DNL00 | Applied standardization rules
[2026-07-28 15:34:15] [INFO    ] [chrome_api.mapper] mapper | HYUNDAI | Loaded 6 ENGINE_TYPE keywords: ['hev', 'hybrid', 'phev', 'ev', 'plug-in', 'electric']
[2026-07-28 15:34:15] [DEBUG   ] [chrome_api.mapper] mapper | HYUNDAI | SOCS4M2DNL00 | Searching text: 'sonata 2.5t n-line ultimate fwd'
[2026-07-28 15:34:15] [DEBUG   ] [chrome_api.mapper] mapper | HYUNDAI | SOCS4M2DNL00 | No ENGINE_TYPE keyword found
[2026-07-28 15:34:15] [INFO    ] [chrome_api.mapper] mapper | HYUNDAI | SOCS4M2DNL00 | Row complete: model=Sonata, trim=2.5T N-Line Ultimate FWD, engine_type=None
[2026-07-28 15:34:15] [DEBUG   ] [chrome_api.mapper] mapper | HYUNDAI | SOCS4K2EPRTR | Extracted fields: year=2024, desc=2.5L Preferred-Trend AWD, trim=Preferred-Trend
[2026-07-28 15:34:15] [DEBUG   ] [chrome_api.mapper] mapper | HYUNDAI | SOCS4K2EPRTR | ModelName from ADS: Sonata
[2026-07-28 15:34:15] [DEBUG   ] [semantic.standardizer] standardizer | Hyundai | No trim alias found for: 'Preferred-Trend'
[2026-07-28 15:34:15] [DEBUG   ] [semantic.standardizer] standardizer | Hyundai | No description patterns matched: '2.5L Preferred-Trend AWD'
[2026-07-28 15:34:15] [DEBUG   ] [chrome_api.mapper] mapper | HYUNDAI | SOCS4K2EPRTR | Applied standardization rules
[2026-07-28 15:34:15] [INFO    ] [chrome_api.mapper] mapper | HYUNDAI | Loaded 6 ENGINE_TYPE keywords: ['hev', 'hybrid', 'phev', 'ev', 'plug-in', 'electric']
[2026-07-28 15:34:15] [DEBUG   ] [chrome_api.mapper] mapper | HYUNDAI | SOCS4K2EPRTR | Searching text: 'sonata 2.5l preferred-trend awd'
[2026-07-28 15:34:15] [DEBUG   ] [chrome_api.mapper] mapper | HYUNDAI | SOCS4K2EPRTR | No ENGINE_TYPE keyword found
[2026-07-28 15:34:15] [INFO    ] [chrome_api.mapper] mapper | HYUNDAI | SOCS4K2EPRTR | Row complete: model=Sonata, trim=2.5L Preferred-Trend AWD, engine_type=None
[2026-07-28 15:34:15] [INFO    ] [chrome_api.mapper] mapper | ads_response_to_rows | Hyundai | Converted 3/3 trims to rows
[2026-07-28 15:34:15] [DEBUG   ] [chrome_api.service] refresh_from_ads | Hyundai 2024 Sonata | Converted 3 trims to rows
[2026-07-28 15:34:16] [DEBUG   ] [urllib3.connectionpool] https://demos.autodatasolutions.com:443 "POST /ADSDemo/api/full/ymmt/year/2024/make/Hyundai/model/Tucson/ HTTP/1.1" 200 None
[2026-07-28 15:34:16] [INFO    ] [chrome_api.mapper] mapper | ads_response_to_rows | Hyundai | Processing 2 trims from ADS response
[2026-07-28 15:34:16] [DEBUG   ] [chrome_api.mapper] mapper | HYUNDAI | TUCWDK2EPR00 | Extracted fields: year=2024, desc=Preferred AWD, trim=Preferred
[2026-07-28 15:34:16] [DEBUG   ] [chrome_api.mapper] mapper | HYUNDAI | TUCWDK2EPR00 | ModelName from ADS: Tucson
[2026-07-28 15:34:16] [DEBUG   ] [semantic.standardizer] standardizer | Hyundai | No trim alias found for: 'Preferred'
[2026-07-28 15:34:16] [DEBUG   ] [semantic.standardizer] standardizer | Hyundai | No description patterns matched: 'Preferred AWD'
[2026-07-28 15:34:16] [DEBUG   ] [chrome_api.mapper] mapper | HYUNDAI | TUCWDK2EPR00 | Applied standardization rules
[2026-07-28 15:34:16] [INFO    ] [chrome_api.mapper] mapper | HYUNDAI | Loaded 6 ENGINE_TYPE keywords: ['hev', 'hybrid', 'phev', 'ev', 'plug-in', 'electric']
[2026-07-28 15:34:16] [DEBUG   ] [chrome_api.mapper] mapper | HYUNDAI | TUCWDK2EPR00 | Searching text: 'tucson preferred awd'
[2026-07-28 15:34:16] [DEBUG   ] [chrome_api.mapper] mapper | HYUNDAI | TUCWDK2EPR00 | No ENGINE_TYPE keyword found
[2026-07-28 15:34:16] [INFO    ] [chrome_api.mapper] mapper | HYUNDAI | TUCWDK2EPR00 | Row complete: model=Tucson, trim=Preferred AWD, engine_type=None
[2026-07-28 15:34:16] [DEBUG   ] [chrome_api.mapper] mapper | HYUNDAI | TUCWDK2EPRTR | Extracted fields: year=2024, desc=Trend AWD, trim=Trend
[2026-07-28 15:34:16] [DEBUG   ] [chrome_api.mapper] mapper | HYUNDAI | TUCWDK2EPRTR | ModelName from ADS: Tucson
[2026-07-28 15:34:16] [DEBUG   ] [semantic.standardizer] standardizer | Hyundai | No trim alias found for: 'Trend'
[2026-07-28 15:34:16] [DEBUG   ] [semantic.standardizer] standardizer | Hyundai | No description patterns matched: 'Trend AWD'
[2026-07-28 15:34:16] [DEBUG   ] [chrome_api.mapper] mapper | HYUNDAI | TUCWDK2EPRTR | Applied standardization rules
[2026-07-28 15:34:16] [INFO    ] [chrome_api.mapper] mapper | HYUNDAI | Loaded 6 ENGINE_TYPE keywords: ['hev', 'hybrid', 'phev', 'ev', 'plug-in', 'electric']
[2026-07-28 15:34:16] [DEBUG   ] [chrome_api.mapper] mapper | HYUNDAI | TUCWDK2EPRTR | Searching text: 'tucson trend awd'
[2026-07-28 15:34:16] [DEBUG   ] [chrome_api.mapper] mapper | HYUNDAI | TUCWDK2EPRTR | No ENGINE_TYPE keyword found
[2026-07-28 15:34:16] [INFO    ] [chrome_api.mapper] mapper | HYUNDAI | TUCWDK2EPRTR | Row complete: model=Tucson, trim=Trend AWD, engine_type=None
[2026-07-28 15:34:16] [INFO    ] [chrome_api.mapper] mapper | ads_response_to_rows | Hyundai | Converted 2/2 trims to rows
[2026-07-28 15:34:16] [DEBUG   ] [chrome_api.service] refresh_from_ads | Hyundai 2024 Tucson | Converted 2 trims to rows
[2026-07-28 15:34:16] [DEBUG   ] [urllib3.connectionpool] https://demos.autodatasolutions.com:443 "POST /ADSDemo/api/full/ymmt/year/2024/make/Hyundai/model/Tucson%20Hybrid/ HTTP/1.1" 200 None
[2026-07-28 15:34:17] [INFO    ] [chrome_api.mapper] mapper | ads_response_to_rows | Hyundai | Processing 3 trims from ADS response
[2026-07-28 15:34:17] [DEBUG   ] [chrome_api.mapper] mapper | HYUNDAI | TUHWDG1ALUHE | Extracted fields: year=2024, desc=Luxury AWD, trim=Luxury
[2026-07-28 15:34:17] [DEBUG   ] [chrome_api.mapper] mapper | HYUNDAI | TUHWDG1ALUHE | ModelName from ADS: Tucson Hybrid
[2026-07-28 15:34:17] [DEBUG   ] [semantic.standardizer] standardizer | Hyundai | No trim alias found for: 'Luxury'
[2026-07-28 15:34:17] [DEBUG   ] [semantic.standardizer] standardizer | Hyundai | No description patterns matched: 'Luxury AWD'
[2026-07-28 15:34:17] [DEBUG   ] [chrome_api.mapper] mapper | HYUNDAI | TUHWDG1ALUHE | Applied standardization rules
[2026-07-28 15:34:17] [INFO    ] [chrome_api.mapper] mapper | HYUNDAI | Loaded 6 ENGINE_TYPE keywords: ['hev', 'hybrid', 'phev', 'ev', 'plug-in', 'electric']
[2026-07-28 15:34:17] [DEBUG   ] [chrome_api.mapper] mapper | HYUNDAI | TUHWDG1ALUHE | Searching text: 'tucson hybrid luxury awd'
[2026-07-28 15:34:17] [DEBUG   ] [chrome_api.mapper] mapper | HYUNDAI | TUHWDG1ALUHE | Found keyword 'hybrid' in 'Tucson Hybrid Luxury AWD'
[2026-07-28 15:34:17] [WARNING ] [chrome_api.mapper] mapper | HYUNDAI | TUHWDG1ALUHE | Keyword 'hybrid' found but NOT in translator. Returning keyword as-is.
[2026-07-28 15:34:17] [INFO    ] [chrome_api.mapper] mapper | HYUNDAI | TUHWDG1ALUHE | Row complete: model=Tucson Hybrid, trim=Luxury AWD, engine_type=hybrid
[2026-07-28 15:34:17] [DEBUG   ] [chrome_api.mapper] mapper | HYUNDAI | TUHWDG1AULHE | Extracted fields: year=2024, desc=Ultimate AWD, trim=Ultimate
[2026-07-28 15:34:17] [DEBUG   ] [chrome_api.mapper] mapper | HYUNDAI | TUHWDG1AULHE | ModelName from ADS: Tucson Hybrid
[2026-07-28 15:34:17] [DEBUG   ] [semantic.standardizer] standardizer | Hyundai | No trim alias found for: 'Ultimate'
[2026-07-28 15:34:17] [DEBUG   ] [semantic.standardizer] standardizer | Hyundai | No description patterns matched: 'Ultimate AWD'
[2026-07-28 15:34:17] [DEBUG   ] [chrome_api.mapper] mapper | HYUNDAI | TUHWDG1AULHE | Applied standardization rules
[2026-07-28 15:34:17] [INFO    ] [chrome_api.mapper] mapper | HYUNDAI | Loaded 6 ENGINE_TYPE keywords: ['hev', 'hybrid', 'phev', 'ev', 'plug-in', 'electric']
[2026-07-28 15:34:17] [DEBUG   ] [chrome_api.mapper] mapper | HYUNDAI | TUHWDG1AULHE | Searching text: 'tucson hybrid ultimate awd'
[2026-07-28 15:34:17] [DEBUG   ] [chrome_api.mapper] mapper | HYUNDAI | TUHWDG1AULHE | Found keyword 'hybrid' in 'Tucson Hybrid Ultimate AWD'
[2026-07-28 15:34:17] [WARNING ] [chrome_api.mapper] mapper | HYUNDAI | TUHWDG1AULHE | Keyword 'hybrid' found but NOT in translator. Returning keyword as-is.
[2026-07-28 15:34:17] [INFO    ] [chrome_api.mapper] mapper | HYUNDAI | TUHWDG1AULHE | Row complete: model=Tucson Hybrid, trim=Ultimate AWD, engine_type=hybrid
[2026-07-28 15:34:17] [DEBUG   ] [chrome_api.mapper] mapper | HYUNDAI | TUHWDG1ANLHE | Extracted fields: year=2024, desc=N-Line AWD, trim=N-Line
[2026-07-28 15:34:17] [DEBUG   ] [chrome_api.mapper] mapper | HYUNDAI | TUHWDG1ANLHE | ModelName from ADS: Tucson Hybrid
[2026-07-28 15:34:17] [DEBUG   ] [semantic.standardizer] standardizer | Hyundai | No description patterns matched: 'N-Line AWD'
[2026-07-28 15:34:17] [DEBUG   ] [chrome_api.mapper] mapper | HYUNDAI | TUHWDG1ANLHE | Applied standardization rules
[2026-07-28 15:34:17] [INFO    ] [chrome_api.mapper] mapper | HYUNDAI | Loaded 6 ENGINE_TYPE keywords: ['hev', 'hybrid', 'phev', 'ev', 'plug-in', 'electric']
[2026-07-28 15:34:17] [DEBUG   ] [chrome_api.mapper] mapper | HYUNDAI | TUHWDG1ANLHE | Searching text: 'tucson hybrid n-line awd'
[2026-07-28 15:34:17] [DEBUG   ] [chrome_api.mapper] mapper | HYUNDAI | TUHWDG1ANLHE | Found keyword 'hybrid' in 'Tucson Hybrid N-Line AWD'
[2026-07-28 15:34:17] [WARNING ] [chrome_api.mapper] mapper | HYUNDAI | TUHWDG1ANLHE | Keyword 'hybrid' found but NOT in translator. Returning keyword as-is.
[2026-07-28 15:34:17] [INFO    ] [chrome_api.mapper] mapper | HYUNDAI | TUHWDG1ANLHE | Row complete: model=Tucson Hybrid, trim=N-Line AWD, engine_type=hybrid
[2026-07-28 15:34:17] [INFO    ] [chrome_api.mapper] mapper | ads_response_to_rows | Hyundai | Converted 3/3 trims to rows
[2026-07-28 15:34:17] [DEBUG   ] [chrome_api.service] refresh_from_ads | Hyundai 2024 Tucson Hybrid | Converted 3 trims to rows
[2026-07-28 15:34:17] [DEBUG   ] [urllib3.connectionpool] https://demos.autodatasolutions.com:443 "POST /ADSDemo/api/full/ymmt/year/2024/make/Hyundai/model/Tucson%20Plug-In%20Hybrid/ HTTP/1.1" 200 None
[2026-07-28 15:34:17] [INFO    ] [chrome_api.mapper] mapper | ads_response_to_rows | Hyundai | Processing 1 trims from ADS response
[2026-07-28 15:34:17] [DEBUG   ] [chrome_api.mapper] mapper | HYUNDAI | TUPWDG1AULPH | Extracted fields: year=2024, desc=Ultimate AWD, trim=Ultimate
[2026-07-28 15:34:17] [DEBUG   ] [chrome_api.mapper] mapper | HYUNDAI | TUPWDG1AULPH | ModelName from ADS: Tucson Plug-In Hybrid
[2026-07-28 15:34:17] [DEBUG   ] [semantic.standardizer] standardizer | Hyundai | No trim alias found for: 'Ultimate'
[2026-07-28 15:34:17] [DEBUG   ] [semantic.standardizer] standardizer | Hyundai | No description patterns matched: 'Ultimate AWD'
[2026-07-28 15:34:17] [DEBUG   ] [chrome_api.mapper] mapper | HYUNDAI | TUPWDG1AULPH | Applied standardization rules
[2026-07-28 15:34:17] [INFO    ] [chrome_api.mapper] mapper | HYUNDAI | Loaded 6 ENGINE_TYPE keywords: ['hev', 'hybrid', 'phev', 'ev', 'plug-in', 'electric']
[2026-07-28 15:34:17] [DEBUG   ] [chrome_api.mapper] mapper | HYUNDAI | TUPWDG1AULPH | Searching text: 'tucson plug-in hybrid ultimate awd'
[2026-07-28 15:34:17] [DEBUG   ] [chrome_api.mapper] mapper | HYUNDAI | TUPWDG1AULPH | Found keyword 'hybrid' in 'Tucson Plug-In Hybrid Ultimate AWD'
[2026-07-28 15:34:17] [WARNING ] [chrome_api.mapper] mapper | HYUNDAI | TUPWDG1AULPH | Keyword 'hybrid' found but NOT in translator. Returning keyword as-is.
[2026-07-28 15:34:17] [INFO    ] [chrome_api.mapper] mapper | HYUNDAI | TUPWDG1AULPH | Row complete: model=Tucson Plug-In Hybrid, trim=Ultimate AWD, engine_type=hybrid
[2026-07-28 15:34:17] [INFO    ] [chrome_api.mapper] mapper | ads_response_to_rows | Hyundai | Converted 1/1 trims to rows
[2026-07-28 15:34:17] [DEBUG   ] [chrome_api.service] refresh_from_ads | Hyundai 2024 Tucson Plug-In Hybrid | Converted 1 trims to rows
[2026-07-28 15:34:17] [DEBUG   ] [urllib3.connectionpool] https://demos.autodatasolutions.com:443 "POST /ADSDemo/api/full/ymmt/year/2024/make/Hyundai/model/Venue/ HTTP/1.1" 200 None
[2026-07-28 15:34:18] [INFO    ] [chrome_api.mapper] mapper | ads_response_to_rows | Hyundai | Processing 6 trims from ADS response
[2026-07-28 15:34:18] [DEBUG   ] [chrome_api.mapper] mapper | HYUNDAI | VNCW5V1FES00 | Extracted fields: year=2024, desc=Essential IVT, trim=Essential
[2026-07-28 15:34:18] [DEBUG   ] [chrome_api.mapper] mapper | HYUNDAI | VNCW5V1FES00 | ModelName from ADS: Venue
[2026-07-28 15:34:18] [DEBUG   ] [semantic.standardizer] standardizer | Hyundai | No trim alias found for: 'Essential'
[2026-07-28 15:34:18] [DEBUG   ] [semantic.standardizer] standardizer | Hyundai | No description patterns matched: 'Essential IVT'
[2026-07-28 15:34:18] [DEBUG   ] [chrome_api.mapper] mapper | HYUNDAI | VNCW5V1FES00 | Applied standardization rules
[2026-07-28 15:34:18] [INFO    ] [chrome_api.mapper] mapper | HYUNDAI | Loaded 6 ENGINE_TYPE keywords: ['hev', 'hybrid', 'phev', 'ev', 'plug-in', 'electric']
[2026-07-28 15:34:18] [DEBUG   ] [chrome_api.mapper] mapper | HYUNDAI | VNCW5V1FES00 | Searching text: 'venue essential ivt'
[2026-07-28 15:34:18] [DEBUG   ] [chrome_api.mapper] mapper | HYUNDAI | VNCW5V1FES00 | No ENGINE_TYPE keyword found
[2026-07-28 15:34:18] [INFO    ] [chrome_api.mapper] mapper | HYUNDAI | VNCW5V1FES00 | Row complete: model=Venue, trim=Essential IVT, engine_type=None
[2026-07-28 15:34:18] [DEBUG   ] [chrome_api.mapper] mapper | HYUNDAI | VNCW5V1FESTT | Extracted fields: year=2024, desc=Essential IVT w/Two-Tone, trim=Essential
[2026-07-28 15:34:18] [DEBUG   ] [chrome_api.mapper] mapper | HYUNDAI | VNCW5V1FESTT | ModelName from ADS: Venue
[2026-07-28 15:34:18] [DEBUG   ] [semantic.standardizer] standardizer | Hyundai | No trim alias found for: 'Essential'
[2026-07-28 15:34:18] [DEBUG   ] [semantic.standardizer] standardizer | Hyundai | No description patterns matched: 'Essential IVT w/Two-Tone'
[2026-07-28 15:34:18] [DEBUG   ] [chrome_api.mapper] mapper | HYUNDAI | VNCW5V1FESTT | Applied standardization rules
[2026-07-28 15:34:18] [INFO    ] [chrome_api.mapper] mapper | HYUNDAI | Loaded 6 ENGINE_TYPE keywords: ['hev', 'hybrid', 'phev', 'ev', 'plug-in', 'electric']
[2026-07-28 15:34:18] [DEBUG   ] [chrome_api.mapper] mapper | HYUNDAI | VNCW5V1FESTT | Searching text: 'venue essential ivt w/two-tone'
[2026-07-28 15:34:18] [DEBUG   ] [chrome_api.mapper] mapper | HYUNDAI | VNCW5V1FESTT | No ENGINE_TYPE keyword found
[2026-07-28 15:34:18] [INFO    ] [chrome_api.mapper] mapper | HYUNDAI | VNCW5V1FESTT | Row complete: model=Venue, trim=Essential IVT w/Two-Tone, engine_type=None
[2026-07-28 15:34:18] [DEBUG   ] [chrome_api.mapper] mapper | HYUNDAI | VNCW5V1FPR00 | Extracted fields: year=2024, desc=Preferred IVT, trim=Preferred
[2026-07-28 15:34:18] [DEBUG   ] [chrome_api.mapper] mapper | HYUNDAI | VNCW5V1FPR00 | ModelName from ADS: Venue
[2026-07-28 15:34:18] [DEBUG   ] [semantic.standardizer] standardizer | Hyundai | No trim alias found for: 'Preferred'
[2026-07-28 15:34:18] [DEBUG   ] [semantic.standardizer] standardizer | Hyundai | No description patterns matched: 'Preferred IVT'
[2026-07-28 15:34:18] [DEBUG   ] [chrome_api.mapper] mapper | HYUNDAI | VNCW5V1FPR00 | Applied standardization rules
[2026-07-28 15:34:18] [INFO    ] [chrome_api.mapper] mapper | HYUNDAI | Loaded 6 ENGINE_TYPE keywords: ['hev', 'hybrid', 'phev', 'ev', 'plug-in', 'electric']
[2026-07-28 15:34:18] [DEBUG   ] [chrome_api.mapper] mapper | HYUNDAI | VNCW5V1FPR00 | Searching text: 'venue preferred ivt'
[2026-07-28 15:34:18] [DEBUG   ] [chrome_api.mapper] mapper | HYUNDAI | VNCW5V1FPR00 | No ENGINE_TYPE keyword found
[2026-07-28 15:34:18] [INFO    ] [chrome_api.mapper] mapper | HYUNDAI | VNCW5V1FPR00 | Row complete: model=Venue, trim=Preferred IVT, engine_type=None
[2026-07-28 15:34:18] [DEBUG   ] [chrome_api.mapper] mapper | HYUNDAI | VNCW5V1FPRTT | Extracted fields: year=2024, desc=Preferred IVT w/Two-Tone, trim=Preferred
[2026-07-28 15:34:18] [DEBUG   ] [chrome_api.mapper] mapper | HYUNDAI | VNCW5V1FPRTT | ModelName from ADS: Venue
[2026-07-28 15:34:18] [DEBUG   ] [semantic.standardizer] standardizer | Hyundai | No trim alias found for: 'Preferred'
[2026-07-28 15:34:18] [DEBUG   ] [semantic.standardizer] standardizer | Hyundai | No description patterns matched: 'Preferred IVT w/Two-Tone'
[2026-07-28 15:34:18] [DEBUG   ] [chrome_api.mapper] mapper | HYUNDAI | VNCW5V1FPRTT | Applied standardization rules
[2026-07-28 15:34:18] [INFO    ] [chrome_api.mapper] mapper | HYUNDAI | Loaded 6 ENGINE_TYPE keywords: ['hev', 'hybrid', 'phev', 'ev', 'plug-in', 'electric']
[2026-07-28 15:34:18] [DEBUG   ] [chrome_api.mapper] mapper | HYUNDAI | VNCW5V1FPRTT | Searching text: 'venue preferred ivt w/two-tone'
[2026-07-28 15:34:18] [DEBUG   ] [chrome_api.mapper] mapper | HYUNDAI | VNCW5V1FPRTT | No ENGINE_TYPE keyword found
[2026-07-28 15:34:18] [INFO    ] [chrome_api.mapper] mapper | HYUNDAI | VNCW5V1FPRTT | Row complete: model=Venue, trim=Preferred IVT w/Two-Tone, engine_type=None
[2026-07-28 15:34:18] [DEBUG   ] [chrome_api.mapper] mapper | HYUNDAI | VNCW5V1FUL00 | Extracted fields: year=2024, desc=Ultimate IVT w/Black Interior, trim=Ultimate
[2026-07-28 15:34:18] [DEBUG   ] [chrome_api.mapper] mapper | HYUNDAI | VNCW5V1FUL00 | ModelName from ADS: Venue
[2026-07-28 15:34:18] [DEBUG   ] [semantic.standardizer] standardizer | Hyundai | No trim alias found for: 'Ultimate'
[2026-07-28 15:34:18] [DEBUG   ] [semantic.standardizer] standardizer | Hyundai | No description patterns matched: 'Ultimate IVT w/Black Interior'
[2026-07-28 15:34:18] [DEBUG   ] [chrome_api.mapper] mapper | HYUNDAI | VNCW5V1FUL00 | Applied standardization rules
[2026-07-28 15:34:18] [INFO    ] [chrome_api.mapper] mapper | HYUNDAI | Loaded 6 ENGINE_TYPE keywords: ['hev', 'hybrid', 'phev', 'ev', 'plug-in', 'electric']
[2026-07-28 15:34:18] [DEBUG   ] [chrome_api.mapper] mapper | HYUNDAI | VNCW5V1FUL00 | Searching text: 'venue ultimate ivt w/black interior'
[2026-07-28 15:34:18] [DEBUG   ] [chrome_api.mapper] mapper | HYUNDAI | VNCW5V1FUL00 | No ENGINE_TYPE keyword found
[2026-07-28 15:34:18] [INFO    ] [chrome_api.mapper] mapper | HYUNDAI | VNCW5V1FUL00 | Row complete: model=Venue, trim=Ultimate IVT w/Black Interior, engine_type=None
[2026-07-28 15:34:18] [DEBUG   ] [chrome_api.mapper] mapper | HYUNDAI | VNCW5V1FULCP | Extracted fields: year=2024, desc=Ultimate IVT w/Denim Interior, trim=Ultimate
[2026-07-28 15:34:18] [DEBUG   ] [chrome_api.mapper] mapper | HYUNDAI | VNCW5V1FULCP | ModelName from ADS: Venue
[2026-07-28 15:34:18] [DEBUG   ] [semantic.standardizer] standardizer | Hyundai | No trim alias found for: 'Ultimate'
[2026-07-28 15:34:18] [DEBUG   ] [semantic.standardizer] standardizer | Hyundai | No description patterns matched: 'Ultimate IVT w/Denim Interior'
[2026-07-28 15:34:18] [DEBUG   ] [chrome_api.mapper] mapper | HYUNDAI | VNCW5V1FULCP | Applied standardization rules
[2026-07-28 15:34:18] [INFO    ] [chrome_api.mapper] mapper | HYUNDAI | Loaded 6 ENGINE_TYPE keywords: ['hev', 'hybrid', 'phev', 'ev', 'plug-in', 'electric']
[2026-07-28 15:34:18] [DEBUG   ] [chrome_api.mapper] mapper | HYUNDAI | VNCW5V1FULCP | Searching text: 'venue ultimate ivt w/denim interior'
[2026-07-28 15:34:18] [DEBUG   ] [chrome_api.mapper] mapper | HYUNDAI | VNCW5V1FULCP | No ENGINE_TYPE keyword found
[2026-07-28 15:34:18] [INFO    ] [chrome_api.mapper] mapper | HYUNDAI | VNCW5V1FULCP | Row complete: model=Venue, trim=Ultimate IVT w/Denim Interior, engine_type=None
[2026-07-28 15:34:18] [INFO    ] [chrome_api.mapper] mapper | ads_response_to_rows | Hyundai | Converted 6/6 trims to rows
[2026-07-28 15:34:18] [DEBUG   ] [chrome_api.service] refresh_from_ads | Hyundai 2024 Venue | Converted 6 trims to rows
[2026-07-28 15:34:18] [DEBUG   ] [urllib3.connectionpool] https://demos.autodatasolutions.com:443 "GET /ADSDemo/api/ymmt/models/make/Hyundai/year/2025/country/CA/language/en?sort=ASC HTTP/1.1" 200 None
[2026-07-28 15:34:19] [DEBUG   ] [urllib3.connectionpool] https://demos.autodatasolutions.com:443 "POST /ADSDemo/api/full/ymmt/year/2025/make/Hyundai/model/Elantra/ HTTP/1.1" 200 None
[2026-07-28 15:34:19] [INFO    ] [chrome_api.mapper] mapper | ads_response_to_rows | Hyundai | Processing 6 trims from ADS response
[2026-07-28 15:34:19] [DEBUG   ] [chrome_api.mapper] mapper | HYUNDAI | ELCS4V2BES00 | Extracted fields: year=2025, desc=Essential IVT, trim=Essential
[2026-07-28 15:34:19] [DEBUG   ] [chrome_api.mapper] mapper | HYUNDAI | ELCS4V2BES00 | ModelName from ADS: Elantra
[2026-07-28 15:34:19] [DEBUG   ] [semantic.standardizer] standardizer | Hyundai | No trim alias found for: 'Essential'
[2026-07-28 15:34:19] [DEBUG   ] [semantic.standardizer] standardizer | Hyundai | No description patterns matched: 'Essential IVT'
[2026-07-28 15:34:19] [DEBUG   ] [chrome_api.mapper] mapper | HYUNDAI | ELCS4V2BES00 | Applied standardization rules
[2026-07-28 15:34:19] [INFO    ] [chrome_api.mapper] mapper | HYUNDAI | Loaded 6 ENGINE_TYPE keywords: ['hev', 'hybrid', 'phev', 'ev', 'plug-in', 'electric']
[2026-07-28 15:34:19] [DEBUG   ] [chrome_api.mapper] mapper | HYUNDAI | ELCS4V2BES00 | Searching text: 'elantra essential ivt'
[2026-07-28 15:34:19] [DEBUG   ] [chrome_api.mapper] mapper | HYUNDAI | ELCS4V2BES00 | No ENGINE_TYPE keyword found
[2026-07-28 15:34:19] [INFO    ] [chrome_api.mapper] mapper | HYUNDAI | ELCS4V2BES00 | Row complete: model=Elantra, trim=Essential IVT, engine_type=None
[2026-07-28 15:34:19] [DEBUG   ] [chrome_api.mapper] mapper | HYUNDAI | ELCS4V2BPR00 | Extracted fields: year=2025, desc=Preferred IVT, trim=Preferred
[2026-07-28 15:34:19] [DEBUG   ] [chrome_api.mapper] mapper | HYUNDAI | ELCS4V2BPR00 | ModelName from ADS: Elantra
[2026-07-28 15:34:19] [DEBUG   ] [semantic.standardizer] standardizer | Hyundai | No trim alias found for: 'Preferred'
[2026-07-28 15:34:19] [DEBUG   ] [semantic.standardizer] standardizer | Hyundai | No description patterns matched: 'Preferred IVT'
[2026-07-28 15:34:19] [DEBUG   ] [chrome_api.mapper] mapper | HYUNDAI | ELCS4V2BPR00 | Applied standardization rules
[2026-07-28 15:34:19] [INFO    ] [chrome_api.mapper] mapper | HYUNDAI | Loaded 6 ENGINE_TYPE keywords: ['hev', 'hybrid', 'phev', 'ev', 'plug-in', 'electric']
[2026-07-28 15:34:19] [DEBUG   ] [chrome_api.mapper] mapper | HYUNDAI | ELCS4V2BPR00 | Searching text: 'elantra preferred ivt'
[2026-07-28 15:34:19] [DEBUG   ] [chrome_api.mapper] mapper | HYUNDAI | ELCS4V2BPR00 | No ENGINE_TYPE keyword found
[2026-07-28 15:34:19] [INFO    ] [chrome_api.mapper] mapper | HYUNDAI | ELCS4V2BPR00 | Row complete: model=Elantra, trim=Preferred IVT, engine_type=None
[2026-07-28 15:34:19] [DEBUG   ] [chrome_api.mapper] mapper | HYUNDAI | ELCS4V2BPRTE | Extracted fields: year=2025, desc=Preferred IVT w/Tech Pkg, trim=Preferred
[2026-07-28 15:34:19] [DEBUG   ] [chrome_api.mapper] mapper | HYUNDAI | ELCS4V2BPRTE | ModelName from ADS: Elantra
[2026-07-28 15:34:19] [DEBUG   ] [semantic.standardizer] standardizer | Hyundai | No trim alias found for: 'Preferred'
[2026-07-28 15:34:19] [DEBUG   ] [semantic.standardizer] standardizer | Hyundai | No description patterns matched: 'Preferred IVT w/Tech Pkg'
[2026-07-28 15:34:19] [DEBUG   ] [chrome_api.mapper] mapper | HYUNDAI | ELCS4V2BPRTE | Applied standardization rules
[2026-07-28 15:34:19] [INFO    ] [chrome_api.mapper] mapper | HYUNDAI | Loaded 6 ENGINE_TYPE keywords: ['hev', 'hybrid', 'phev', 'ev', 'plug-in', 'electric']
[2026-07-28 15:34:19] [DEBUG   ] [chrome_api.mapper] mapper | HYUNDAI | ELCS4V2BPRTE | Searching text: 'elantra preferred ivt w/tech pkg'
[2026-07-28 15:34:19] [DEBUG   ] [chrome_api.mapper] mapper | HYUNDAI | ELCS4V2BPRTE | No ENGINE_TYPE keyword found
[2026-07-28 15:34:19] [INFO    ] [chrome_api.mapper] mapper | HYUNDAI | ELCS4V2BPRTE | Row complete: model=Elantra, trim=Preferred IVT w/Tech Pkg, engine_type=None
[2026-07-28 15:34:19] [DEBUG   ] [chrome_api.mapper] mapper | HYUNDAI | ELCS4V2BLU00 | Extracted fields: year=2025, desc=Luxury IVT, trim=Luxury
[2026-07-28 15:34:19] [DEBUG   ] [chrome_api.mapper] mapper | HYUNDAI | ELCS4V2BLU00 | ModelName from ADS: Elantra
[2026-07-28 15:34:19] [DEBUG   ] [semantic.standardizer] standardizer | Hyundai | No trim alias found for: 'Luxury'
[2026-07-28 15:34:19] [DEBUG   ] [semantic.standardizer] standardizer | Hyundai | No description patterns matched: 'Luxury IVT'
[2026-07-28 15:34:19] [DEBUG   ] [chrome_api.mapper] mapper | HYUNDAI | ELCS4V2BLU00 | Applied standardization rules
[2026-07-28 15:34:19] [INFO    ] [chrome_api.mapper] mapper | HYUNDAI | Loaded 6 ENGINE_TYPE keywords: ['hev', 'hybrid', 'phev', 'ev', 'plug-in', 'electric']
[2026-07-28 15:34:19] [DEBUG   ] [chrome_api.mapper] mapper | HYUNDAI | ELCS4V2BLU00 | Searching text: 'elantra luxury ivt'
[2026-07-28 15:34:19] [DEBUG   ] [chrome_api.mapper] mapper | HYUNDAI | ELCS4V2BLU00 | No ENGINE_TYPE keyword found
[2026-07-28 15:34:19] [INFO    ] [chrome_api.mapper] mapper | HYUNDAI | ELCS4V2BLU00 | Row complete: model=Elantra, trim=Luxury IVT, engine_type=None
[2026-07-28 15:34:19] [DEBUG   ] [chrome_api.mapper] mapper | HYUNDAI | ELCS4V2BLUME | Extracted fields: year=2025, desc=Luxury IVT w/Two-Tone Interior, trim=Luxury
[2026-07-28 15:34:19] [DEBUG   ] [chrome_api.mapper] mapper | HYUNDAI | ELCS4V2BLUME | ModelName from ADS: Elantra
[2026-07-28 15:34:19] [DEBUG   ] [semantic.standardizer] standardizer | Hyundai | No trim alias found for: 'Luxury'
[2026-07-28 15:34:19] [DEBUG   ] [semantic.standardizer] standardizer | Hyundai | No description patterns matched: 'Luxury IVT w/Two-Tone Interior'
[2026-07-28 15:34:19] [DEBUG   ] [chrome_api.mapper] mapper | HYUNDAI | ELCS4V2BLUME | Applied standardization rules
[2026-07-28 15:34:19] [INFO    ] [chrome_api.mapper] mapper | HYUNDAI | Loaded 6 ENGINE_TYPE keywords: ['hev', 'hybrid', 'phev', 'ev', 'plug-in', 'electric']
[2026-07-28 15:34:19] [DEBUG   ] [chrome_api.mapper] mapper | HYUNDAI | ELCS4V2BLUME | Searching text: 'elantra luxury ivt w/two-tone interior'
[2026-07-28 15:34:19] [DEBUG   ] [chrome_api.mapper] mapper | HYUNDAI | ELCS4V2BLUME | No ENGINE_TYPE keyword found
[2026-07-28 15:34:19] [INFO    ] [chrome_api.mapper] mapper | HYUNDAI | ELCS4V2BLUME | Row complete: model=Elantra, trim=Luxury IVT w/Two-Tone Interior, engine_type=None
[2026-07-28 15:34:19] [DEBUG   ] [chrome_api.mapper] mapper | HYUNDAI | ELCS4U1ANLUL | Extracted fields: year=2025, desc=N Line Ultimate DCT, trim=N Line Ultimate
[2026-07-28 15:34:19] [DEBUG   ] [chrome_api.mapper] mapper | HYUNDAI | ELCS4U1ANLUL | ModelName from ADS: Elantra
[2026-07-28 15:34:19] [DEBUG   ] [chrome_api.mapper] mapper | HYUNDAI | ELCS4U1ANLUL | Applied standardization rules
[2026-07-28 15:34:19] [INFO    ] [chrome_api.mapper] mapper | HYUNDAI | Loaded 6 ENGINE_TYPE keywords: ['hev', 'hybrid', 'phev', 'ev', 'plug-in', 'electric']
[2026-07-28 15:34:19] [DEBUG   ] [chrome_api.mapper] mapper | HYUNDAI | ELCS4U1ANLUL | Searching text: 'elantra n-line ultimate dct'
[2026-07-28 15:34:19] [DEBUG   ] [chrome_api.mapper] mapper | HYUNDAI | ELCS4U1ANLUL | No ENGINE_TYPE keyword found
[2026-07-28 15:34:19] [INFO    ] [chrome_api.mapper] mapper | HYUNDAI | ELCS4U1ANLUL | Row complete: model=Elantra, trim=N-Line Ultimate DCT, engine_type=None
[2026-07-28 15:34:19] [INFO    ] [chrome_api.mapper] mapper | ads_response_to_rows | Hyundai | Converted 6/6 trims to rows
[2026-07-28 15:34:19] [DEBUG   ] [chrome_api.service] refresh_from_ads | Hyundai 2025 Elantra | Converted 6 trims to rows
[2026-07-28 15:34:19] [DEBUG   ] [urllib3.connectionpool] https://demos.autodatasolutions.com:443 "POST /ADSDemo/api/full/ymmt/year/2025/make/Hyundai/model/Elantra%20Hybrid/ HTTP/1.1" 200 None
[2026-07-28 15:34:20] [INFO    ] [chrome_api.mapper] mapper | ads_response_to_rows | Hyundai | Processing 2 trims from ADS response
[2026-07-28 15:34:20] [DEBUG   ] [chrome_api.mapper] mapper | HYUNDAI | ELHS4T1BLUHE | Extracted fields: year=2025, desc=Luxury DCT, trim=Luxury
[2026-07-28 15:34:20] [DEBUG   ] [chrome_api.mapper] mapper | HYUNDAI | ELHS4T1BLUHE | ModelName from ADS: Elantra Hybrid
[2026-07-28 15:34:20] [DEBUG   ] [semantic.standardizer] standardizer | Hyundai | No trim alias found for: 'Luxury'
[2026-07-28 15:34:20] [DEBUG   ] [semantic.standardizer] standardizer | Hyundai | No description patterns matched: 'Luxury DCT'
[2026-07-28 15:34:20] [DEBUG   ] [chrome_api.mapper] mapper | HYUNDAI | ELHS4T1BLUHE | Applied standardization rules
[2026-07-28 15:34:20] [INFO    ] [chrome_api.mapper] mapper | HYUNDAI | Loaded 6 ENGINE_TYPE keywords: ['hev', 'hybrid', 'phev', 'ev', 'plug-in', 'electric']
[2026-07-28 15:34:20] [DEBUG   ] [chrome_api.mapper] mapper | HYUNDAI | ELHS4T1BLUHE | Searching text: 'elantra hybrid luxury dct'
[2026-07-28 15:34:20] [DEBUG   ] [chrome_api.mapper] mapper | HYUNDAI | ELHS4T1BLUHE | Found keyword 'hybrid' in 'Elantra Hybrid Luxury DCT'
[2026-07-28 15:34:20] [WARNING ] [chrome_api.mapper] mapper | HYUNDAI | ELHS4T1BLUHE | Keyword 'hybrid' found but NOT in translator. Returning keyword as-is.
[2026-07-28 15:34:20] [INFO    ] [chrome_api.mapper] mapper | HYUNDAI | ELHS4T1BLUHE | Row complete: model=Elantra Hybrid, trim=Luxury DCT, engine_type=hybrid
[2026-07-28 15:34:20] [DEBUG   ] [chrome_api.mapper] mapper | HYUNDAI | ELHS4T1BLUHM | Extracted fields: year=2025, desc=Luxury DCT w/Two-Tone Interior, trim=Luxury
[2026-07-28 15:34:20] [DEBUG   ] [chrome_api.mapper] mapper | HYUNDAI | ELHS4T1BLUHM | ModelName from ADS: Elantra Hybrid
[2026-07-28 15:34:20] [DEBUG   ] [semantic.standardizer] standardizer | Hyundai | No trim alias found for: 'Luxury'
[2026-07-28 15:34:20] [DEBUG   ] [semantic.standardizer] standardizer | Hyundai | No description patterns matched: 'Luxury DCT w/Two-Tone Interior'
[2026-07-28 15:34:20] [DEBUG   ] [chrome_api.mapper] mapper | HYUNDAI | ELHS4T1BLUHM | Applied standardization rules
[2026-07-28 15:34:20] [INFO    ] [chrome_api.mapper] mapper | HYUNDAI | Loaded 6 ENGINE_TYPE keywords: ['hev', 'hybrid', 'phev', 'ev', 'plug-in', 'electric']
[2026-07-28 15:34:20] [DEBUG   ] [chrome_api.mapper] mapper | HYUNDAI | ELHS4T1BLUHM | Searching text: 'elantra hybrid luxury dct w/two-tone interior'
[2026-07-28 15:34:20] [DEBUG   ] [chrome_api.mapper] mapper | HYUNDAI | ELHS4T1BLUHM | Found keyword 'hybrid' in 'Elantra Hybrid Luxury DCT w/Two-Tone Interior'
[2026-07-28 15:34:20] [WARNING ] [chrome_api.mapper] mapper | HYUNDAI | ELHS4T1BLUHM | Keyword 'hybrid' found but NOT in translator. Returning keyword as-is.
[2026-07-28 15:34:20] [INFO    ] [chrome_api.mapper] mapper | HYUNDAI | ELHS4T1BLUHM | Row complete: model=Elantra Hybrid, trim=Luxury DCT w/Two-Tone Interior, engine_type=hybrid
[2026-07-28 15:34:20] [INFO    ] [chrome_api.mapper] mapper | ads_response_to_rows | Hyundai | Converted 2/2 trims to rows
[2026-07-28 15:34:20] [DEBUG   ] [chrome_api.service] refresh_from_ads | Hyundai 2025 Elantra Hybrid | Converted 2 trims to rows
[2026-07-28 15:34:20] [DEBUG   ] [urllib3.connectionpool] https://demos.autodatasolutions.com:443 "POST /ADSDemo/api/full/ymmt/year/2025/make/Hyundai/model/Elantra%20N/ HTTP/1.1" 200 None
[2026-07-28 15:34:20] [INFO    ] [chrome_api.mapper] mapper | ads_response_to_rows | Hyundai | Processing 2 trims from ADS response
[2026-07-28 15:34:20] [DEBUG   ] [chrome_api.mapper] mapper | HYUNDAI | ELCS472ANN00 | Extracted fields: year=2025, desc=Manual, trim=None
[2026-07-28 15:34:20] [DEBUG   ] [chrome_api.mapper] mapper | HYUNDAI | ELCS472ANN00 | ModelName from ADS: Elantra N
[2026-07-28 15:34:20] [DEBUG   ] [semantic.standardizer] standardizer | Hyundai | No description patterns matched: 'Manual'
[2026-07-28 15:34:20] [DEBUG   ] [chrome_api.mapper] mapper | HYUNDAI | ELCS472ANN00 | Applied standardization rules
[2026-07-28 15:34:20] [INFO    ] [chrome_api.mapper] mapper | HYUNDAI | Loaded 6 ENGINE_TYPE keywords: ['hev', 'hybrid', 'phev', 'ev', 'plug-in', 'electric']
[2026-07-28 15:34:20] [DEBUG   ] [chrome_api.mapper] mapper | HYUNDAI | ELCS472ANN00 | Searching text: 'elantra n manual'
[2026-07-28 15:34:20] [DEBUG   ] [chrome_api.mapper] mapper | HYUNDAI | ELCS472ANN00 | No ENGINE_TYPE keyword found
[2026-07-28 15:34:20] [INFO    ] [chrome_api.mapper] mapper | HYUNDAI | ELCS472ANN00 | Row complete: model=Elantra N, trim=Manual, engine_type=None
[2026-07-28 15:34:20] [DEBUG   ] [chrome_api.mapper] mapper | HYUNDAI | ELCS4M2ANN00 | Extracted fields: year=2025, desc=DCT, trim=None
[2026-07-28 15:34:20] [DEBUG   ] [chrome_api.mapper] mapper | HYUNDAI | ELCS4M2ANN00 | ModelName from ADS: Elantra N
[2026-07-28 15:34:20] [DEBUG   ] [semantic.standardizer] standardizer | Hyundai | No description patterns matched: 'DCT'
[2026-07-28 15:34:20] [DEBUG   ] [chrome_api.mapper] mapper | HYUNDAI | ELCS4M2ANN00 | Applied standardization rules
[2026-07-28 15:34:20] [INFO    ] [chrome_api.mapper] mapper | HYUNDAI | Loaded 6 ENGINE_TYPE keywords: ['hev', 'hybrid', 'phev', 'ev', 'plug-in', 'electric']
[2026-07-28 15:34:20] [DEBUG   ] [chrome_api.mapper] mapper | HYUNDAI | ELCS4M2ANN00 | Searching text: 'elantra n dct'
[2026-07-28 15:34:20] [DEBUG   ] [chrome_api.mapper] mapper | HYUNDAI | ELCS4M2ANN00 | No ENGINE_TYPE keyword found
[2026-07-28 15:34:20] [INFO    ] [chrome_api.mapper] mapper | HYUNDAI | ELCS4M2ANN00 | Row complete: model=Elantra N, trim=DCT, engine_type=None
[2026-07-28 15:34:20] [INFO    ] [chrome_api.mapper] mapper | ads_response_to_rows | Hyundai | Converted 2/2 trims to rows
[2026-07-28 15:34:20] [DEBUG   ] [chrome_api.service] refresh_from_ads | Hyundai 2025 Elantra N | Converted 2 trims to rows
[2026-07-28 15:34:21] [DEBUG   ] [urllib3.connectionpool] https://demos.autodatasolutions.com:443 "POST /ADSDemo/api/full/ymmt/year/2025/make/Hyundai/model/IONIQ%205/ HTTP/1.1" 200 None
[2026-07-28 15:34:21] [INFO    ] [chrome_api.mapper] mapper | ads_response_to_rows | Hyundai | Processing 4 trims from ADS response
[2026-07-28 15:34:21] [DEBUG   ] [chrome_api.mapper] mapper | HYUNDAI | I5EW5ZE4PRLR | Extracted fields: year=2025, desc=Preferred RWD Long Range, trim=Preferred
[2026-07-28 15:34:21] [DEBUG   ] [chrome_api.mapper] mapper | HYUNDAI | I5EW5ZE4PRLR | ModelName from ADS: IONIQ 5
[2026-07-28 15:34:21] [DEBUG   ] [semantic.standardizer] standardizer | Hyundai | No trim alias found for: 'Preferred'
[2026-07-28 15:34:21] [DEBUG   ] [semantic.standardizer] standardizer | Hyundai | No description patterns matched: 'Preferred RWD Long Range'
[2026-07-28 15:34:21] [DEBUG   ] [chrome_api.mapper] mapper | HYUNDAI | I5EW5ZE4PRLR | Applied standardization rules
[2026-07-28 15:34:21] [INFO    ] [chrome_api.mapper] mapper | HYUNDAI | Loaded 6 ENGINE_TYPE keywords: ['hev', 'hybrid', 'phev', 'ev', 'plug-in', 'electric']
[2026-07-28 15:34:21] [DEBUG   ] [chrome_api.mapper] mapper | HYUNDAI | I5EW5ZE4PRLR | Searching text: 'ioniq 5 preferred rwd long range'
[2026-07-28 15:34:21] [DEBUG   ] [chrome_api.mapper] mapper | HYUNDAI | I5EW5ZE4PRLR | No ENGINE_TYPE keyword found
[2026-07-28 15:34:21] [INFO    ] [chrome_api.mapper] mapper | HYUNDAI | I5EW5ZE4PRLR | Row complete: model=IONIQ 5, trim=Preferred RWD Long Range, engine_type=None
[2026-07-28 15:34:21] [DEBUG   ] [chrome_api.mapper] mapper | HYUNDAI | I5EW5ZE2PRLR | Extracted fields: year=2025, desc=Preferred AWD Long Range, trim=Preferred
[2026-07-28 15:34:21] [DEBUG   ] [chrome_api.mapper] mapper | HYUNDAI | I5EW5ZE2PRLR | ModelName from ADS: IONIQ 5
[2026-07-28 15:34:21] [DEBUG   ] [semantic.standardizer] standardizer | Hyundai | No trim alias found for: 'Preferred'
[2026-07-28 15:34:21] [DEBUG   ] [semantic.standardizer] standardizer | Hyundai | No description patterns matched: 'Preferred AWD Long Range'
[2026-07-28 15:34:21] [DEBUG   ] [chrome_api.mapper] mapper | HYUNDAI | I5EW5ZE2PRLR | Applied standardization rules
[2026-07-28 15:34:21] [INFO    ] [chrome_api.mapper] mapper | HYUNDAI | Loaded 6 ENGINE_TYPE keywords: ['hev', 'hybrid', 'phev', 'ev', 'plug-in', 'electric']
[2026-07-28 15:34:21] [DEBUG   ] [chrome_api.mapper] mapper | HYUNDAI | I5EW5ZE2PRLR | Searching text: 'ioniq 5 preferred awd long range'
[2026-07-28 15:34:21] [DEBUG   ] [chrome_api.mapper] mapper | HYUNDAI | I5EW5ZE2PRLR | No ENGINE_TYPE keyword found
[2026-07-28 15:34:21] [INFO    ] [chrome_api.mapper] mapper | HYUNDAI | I5EW5ZE2PRLR | Row complete: model=IONIQ 5, trim=Preferred AWD Long Range, engine_type=None
[2026-07-28 15:34:21] [DEBUG   ] [chrome_api.mapper] mapper | HYUNDAI | I5EW5ZE2PRUP | Extracted fields: year=2025, desc=Preferred AWD Long Range w/Ultimate Pkg, trim=Preferred
[2026-07-28 15:34:21] [DEBUG   ] [chrome_api.mapper] mapper | HYUNDAI | I5EW5ZE2PRUP | ModelName from ADS: IONIQ 5
[2026-07-28 15:34:21] [DEBUG   ] [semantic.standardizer] standardizer | Hyundai | No trim alias found for: 'Preferred'
[2026-07-28 15:34:21] [DEBUG   ] [semantic.standardizer] standardizer | Hyundai | No description patterns matched: 'Preferred AWD Long Range w/Ultimate Pkg'
[2026-07-28 15:34:21] [DEBUG   ] [chrome_api.mapper] mapper | HYUNDAI | I5EW5ZE2PRUP | Applied standardization rules
[2026-07-28 15:34:21] [INFO    ] [chrome_api.mapper] mapper | HYUNDAI | Loaded 6 ENGINE_TYPE keywords: ['hev', 'hybrid', 'phev', 'ev', 'plug-in', 'electric']
[2026-07-28 15:34:21] [DEBUG   ] [chrome_api.mapper] mapper | HYUNDAI | I5EW5ZE2PRUP | Searching text: 'ioniq 5 preferred awd long range w/ultimate pkg'
[2026-07-28 15:34:21] [DEBUG   ] [chrome_api.mapper] mapper | HYUNDAI | I5EW5ZE2PRUP | No ENGINE_TYPE keyword found
[2026-07-28 15:34:21] [INFO    ] [chrome_api.mapper] mapper | HYUNDAI | I5EW5ZE2PRUP | Row complete: model=IONIQ 5, trim=Preferred AWD Long Range w/Ultimate Pkg, engine_type=None
[2026-07-28 15:34:21] [DEBUG   ] [chrome_api.mapper] mapper | HYUNDAI | I5EW5ZE4PRPR | Extracted fields: year=2025, desc=Preferred RWD Standard Range, trim=Preferred
[2026-07-28 15:34:21] [DEBUG   ] [chrome_api.mapper] mapper | HYUNDAI | I5EW5ZE4PRPR | ModelName from ADS: IONIQ 5
[2026-07-28 15:34:21] [DEBUG   ] [semantic.standardizer] standardizer | Hyundai | No trim alias found for: 'Preferred'
[2026-07-28 15:34:21] [DEBUG   ] [semantic.standardizer] standardizer | Hyundai | No description patterns matched: 'Preferred RWD Standard Range'
[2026-07-28 15:34:21] [DEBUG   ] [chrome_api.mapper] mapper | HYUNDAI | I5EW5ZE4PRPR | Applied standardization rules
[2026-07-28 15:34:21] [INFO    ] [chrome_api.mapper] mapper | HYUNDAI | Loaded 6 ENGINE_TYPE keywords: ['hev', 'hybrid', 'phev', 'ev', 'plug-in', 'electric']
[2026-07-28 15:34:21] [DEBUG   ] [chrome_api.mapper] mapper | HYUNDAI | I5EW5ZE4PRPR | Searching text: 'ioniq 5 preferred rwd standard range'
[2026-07-28 15:34:21] [DEBUG   ] [chrome_api.mapper] mapper | HYUNDAI | I5EW5ZE4PRPR | No ENGINE_TYPE keyword found
[2026-07-28 15:34:21] [INFO    ] [chrome_api.mapper] mapper | HYUNDAI | I5EW5ZE4PRPR | Row complete: model=IONIQ 5, trim=Preferred RWD Standard Range, engine_type=None
[2026-07-28 15:34:21] [INFO    ] [chrome_api.mapper] mapper | ads_response_to_rows | Hyundai | Converted 4/4 trims to rows
[2026-07-28 15:34:21] [DEBUG   ] [chrome_api.service] refresh_from_ads | Hyundai 2025 IONIQ 5 | Converted 4 trims to rows
[2026-07-28 15:34:21] [DEBUG   ] [urllib3.connectionpool] https://demos.autodatasolutions.com:443 "POST /ADSDemo/api/full/ymmt/year/2025/make/Hyundai/model/IONIQ%205%20N/ HTTP/1.1" 200 None
[2026-07-28 15:34:22] [INFO    ] [chrome_api.mapper] mapper | ads_response_to_rows | Hyundai | Processing 1 trims from ADS response
[2026-07-28 15:34:22] [DEBUG   ] [chrome_api.mapper] mapper | HYUNDAI | I5EW5ZE3NN00 | Extracted fields: year=2025, desc=AWD, trim=None
[2026-07-28 15:34:22] [DEBUG   ] [chrome_api.mapper] mapper | HYUNDAI | I5EW5ZE3NN00 | ModelName from ADS: IONIQ 5 N
[2026-07-28 15:34:22] [DEBUG   ] [semantic.standardizer] standardizer | Hyundai | No description patterns matched: 'AWD'
[2026-07-28 15:34:22] [DEBUG   ] [chrome_api.mapper] mapper | HYUNDAI | I5EW5ZE3NN00 | Applied standardization rules
[2026-07-28 15:34:22] [INFO    ] [chrome_api.mapper] mapper | HYUNDAI | Loaded 6 ENGINE_TYPE keywords: ['hev', 'hybrid', 'phev', 'ev', 'plug-in', 'electric']
[2026-07-28 15:34:22] [DEBUG   ] [chrome_api.mapper] mapper | HYUNDAI | I5EW5ZE3NN00 | Searching text: 'ioniq 5 n awd'
[2026-07-28 15:34:22] [DEBUG   ] [chrome_api.mapper] mapper | HYUNDAI | I5EW5ZE3NN00 | No ENGINE_TYPE keyword found
[2026-07-28 15:34:22] [INFO    ] [chrome_api.mapper] mapper | HYUNDAI | I5EW5ZE3NN00 | Row complete: model=IONIQ 5 N, trim=AWD, engine_type=None
[2026-07-28 15:34:22] [INFO    ] [chrome_api.mapper] mapper | ads_response_to_rows | Hyundai | Converted 1/1 trims to rows
[2026-07-28 15:34:22] [DEBUG   ] [chrome_api.service] refresh_from_ads | Hyundai 2025 IONIQ 5 N | Converted 1 trims to rows
[2026-07-28 15:34:22] [DEBUG   ] [urllib3.connectionpool] https://demos.autodatasolutions.com:443 "POST /ADSDemo/api/full/ymmt/year/2025/make/Hyundai/model/IONIQ%206/ HTTP/1.1" 200 None
[2026-07-28 15:34:22] [INFO    ] [chrome_api.mapper] mapper | ads_response_to_rows | Hyundai | Processing 3 trims from ADS response
[2026-07-28 15:34:22] [DEBUG   ] [chrome_api.mapper] mapper | HYUNDAI | I6ES4ZE4PRLR | Extracted fields: year=2025, desc=Preferred RWD Long Range, trim=Preferred
[2026-07-28 15:34:22] [DEBUG   ] [chrome_api.mapper] mapper | HYUNDAI | I6ES4ZE4PRLR | ModelName from ADS: IONIQ 6
[2026-07-28 15:34:22] [DEBUG   ] [semantic.standardizer] standardizer | Hyundai | No trim alias found for: 'Preferred'
[2026-07-28 15:34:22] [DEBUG   ] [semantic.standardizer] standardizer | Hyundai | No description patterns matched: 'Preferred RWD Long Range'
[2026-07-28 15:34:22] [DEBUG   ] [chrome_api.mapper] mapper | HYUNDAI | I6ES4ZE4PRLR | Applied standardization rules
[2026-07-28 15:34:22] [INFO    ] [chrome_api.mapper] mapper | HYUNDAI | Loaded 6 ENGINE_TYPE keywords: ['hev', 'hybrid', 'phev', 'ev', 'plug-in', 'electric']
[2026-07-28 15:34:22] [DEBUG   ] [chrome_api.mapper] mapper | HYUNDAI | I6ES4ZE4PRLR | Searching text: 'ioniq 6 preferred rwd long range'
[2026-07-28 15:34:22] [DEBUG   ] [chrome_api.mapper] mapper | HYUNDAI | I6ES4ZE4PRLR | No ENGINE_TYPE keyword found
[2026-07-28 15:34:22] [INFO    ] [chrome_api.mapper] mapper | HYUNDAI | I6ES4ZE4PRLR | Row complete: model=IONIQ 6, trim=Preferred RWD Long Range, engine_type=None
[2026-07-28 15:34:22] [DEBUG   ] [chrome_api.mapper] mapper | HYUNDAI | I6ES4ZE2PRLR | Extracted fields: year=2025, desc=Preferred AWD Long Range, trim=Preferred
[2026-07-28 15:34:22] [DEBUG   ] [chrome_api.mapper] mapper | HYUNDAI | I6ES4ZE2PRLR | ModelName from ADS: IONIQ 6
[2026-07-28 15:34:22] [DEBUG   ] [semantic.standardizer] standardizer | Hyundai | No trim alias found for: 'Preferred'
[2026-07-28 15:34:22] [DEBUG   ] [semantic.standardizer] standardizer | Hyundai | No description patterns matched: 'Preferred AWD Long Range'
[2026-07-28 15:34:22] [DEBUG   ] [chrome_api.mapper] mapper | HYUNDAI | I6ES4ZE2PRLR | Applied standardization rules
[2026-07-28 15:34:22] [INFO    ] [chrome_api.mapper] mapper | HYUNDAI | Loaded 6 ENGINE_TYPE keywords: ['hev', 'hybrid', 'phev', 'ev', 'plug-in', 'electric']
[2026-07-28 15:34:22] [DEBUG   ] [chrome_api.mapper] mapper | HYUNDAI | I6ES4ZE2PRLR | Searching text: 'ioniq 6 preferred awd long range'
[2026-07-28 15:34:22] [DEBUG   ] [chrome_api.mapper] mapper | HYUNDAI | I6ES4ZE2PRLR | No ENGINE_TYPE keyword found
[2026-07-28 15:34:22] [INFO    ] [chrome_api.mapper] mapper | HYUNDAI | I6ES4ZE2PRLR | Row complete: model=IONIQ 6, trim=Preferred AWD Long Range, engine_type=None
[2026-07-28 15:34:22] [DEBUG   ] [chrome_api.mapper] mapper | HYUNDAI | I6ES4ZE2PRUP | Extracted fields: year=2025, desc=Preferred AWD Long Range w/Ultimate Pkg, trim=Preferred
[2026-07-28 15:34:22] [DEBUG   ] [chrome_api.mapper] mapper | HYUNDAI | I6ES4ZE2PRUP | ModelName from ADS: IONIQ 6
[2026-07-28 15:34:22] [DEBUG   ] [semantic.standardizer] standardizer | Hyundai | No trim alias found for: 'Preferred'
[2026-07-28 15:34:22] [DEBUG   ] [semantic.standardizer] standardizer | Hyundai | No description patterns matched: 'Preferred AWD Long Range w/Ultimate Pkg'
[2026-07-28 15:34:22] [DEBUG   ] [chrome_api.mapper] mapper | HYUNDAI | I6ES4ZE2PRUP | Applied standardization rules
[2026-07-28 15:34:22] [INFO    ] [chrome_api.mapper] mapper | HYUNDAI | Loaded 6 ENGINE_TYPE keywords: ['hev', 'hybrid', 'phev', 'ev', 'plug-in', 'electric']
[2026-07-28 15:34:22] [DEBUG   ] [chrome_api.mapper] mapper | HYUNDAI | I6ES4ZE2PRUP | Searching text: 'ioniq 6 preferred awd long range w/ultimate pkg'
[2026-07-28 15:34:22] [DEBUG   ] [chrome_api.mapper] mapper | HYUNDAI | I6ES4ZE2PRUP | No ENGINE_TYPE keyword found
[2026-07-28 15:34:22] [INFO    ] [chrome_api.mapper] mapper | HYUNDAI | I6ES4ZE2PRUP | Row complete: model=IONIQ 6, trim=Preferred AWD Long Range w/Ultimate Pkg, engine_type=None
[2026-07-28 15:34:22] [INFO    ] [chrome_api.mapper] mapper | ads_response_to_rows | Hyundai | Converted 3/3 trims to rows
[2026-07-28 15:34:22] [DEBUG   ] [chrome_api.service] refresh_from_ads | Hyundai 2025 IONIQ 6 | Converted 3 trims to rows
[2026-07-28 15:34:22] [DEBUG   ] [urllib3.connectionpool] https://demos.autodatasolutions.com:443 "POST /ADSDemo/api/full/ymmt/year/2025/make/Hyundai/model/Kona/ HTTP/1.1" 200 None
[2026-07-28 15:34:23] [INFO    ] [chrome_api.mapper] mapper | ads_response_to_rows | Hyundai | Processing 10 trims from ADS response
[2026-07-28 15:34:23] [DEBUG   ] [chrome_api.mapper] mapper | HYUNDAI | KOCW5V2BES00 | Extracted fields: year=2025, desc=2.0L Essential FWD, trim=Essential
[2026-07-28 15:34:23] [DEBUG   ] [chrome_api.mapper] mapper | HYUNDAI | KOCW5V2BES00 | ModelName from ADS: Kona
[2026-07-28 15:34:23] [DEBUG   ] [semantic.standardizer] standardizer | Hyundai | No trim alias found for: 'Essential'
[2026-07-28 15:34:23] [DEBUG   ] [semantic.standardizer] standardizer | Hyundai | No description patterns matched: '2.0L Essential FWD'
[2026-07-28 15:34:23] [DEBUG   ] [chrome_api.mapper] mapper | HYUNDAI | KOCW5V2BES00 | Applied standardization rules
[2026-07-28 15:34:23] [INFO    ] [chrome_api.mapper] mapper | HYUNDAI | Loaded 6 ENGINE_TYPE keywords: ['hev', 'hybrid', 'phev', 'ev', 'plug-in', 'electric']
[2026-07-28 15:34:23] [DEBUG   ] [chrome_api.mapper] mapper | HYUNDAI | KOCW5V2BES00 | Searching text: 'kona 2.0l essential fwd'
[2026-07-28 15:34:23] [DEBUG   ] [chrome_api.mapper] mapper | HYUNDAI | KOCW5V2BES00 | No ENGINE_TYPE keyword found
[2026-07-28 15:34:23] [INFO    ] [chrome_api.mapper] mapper | HYUNDAI | KOCW5V2BES00 | Row complete: model=Kona, trim=2.0L Essential FWD, engine_type=None
[2026-07-28 15:34:23] [DEBUG   ] [chrome_api.mapper] mapper | HYUNDAI | KOCW5V2BPR00 | Extracted fields: year=2025, desc=2.0L Preferred FWD, trim=Preferred
[2026-07-28 15:34:23] [DEBUG   ] [chrome_api.mapper] mapper | HYUNDAI | KOCW5V2BPR00 | ModelName from ADS: Kona
[2026-07-28 15:34:23] [DEBUG   ] [semantic.standardizer] standardizer | Hyundai | No trim alias found for: 'Preferred'
[2026-07-28 15:34:23] [DEBUG   ] [semantic.standardizer] standardizer | Hyundai | No description patterns matched: '2.0L Preferred FWD'
[2026-07-28 15:34:23] [DEBUG   ] [chrome_api.mapper] mapper | HYUNDAI | KOCW5V2BPR00 | Applied standardization rules
[2026-07-28 15:34:23] [INFO    ] [chrome_api.mapper] mapper | HYUNDAI | Loaded 6 ENGINE_TYPE keywords: ['hev', 'hybrid', 'phev', 'ev', 'plug-in', 'electric']
[2026-07-28 15:34:23] [DEBUG   ] [chrome_api.mapper] mapper | HYUNDAI | KOCW5V2BPR00 | Searching text: 'kona 2.0l preferred fwd'
[2026-07-28 15:34:23] [DEBUG   ] [chrome_api.mapper] mapper | HYUNDAI | KOCW5V2BPR00 | No ENGINE_TYPE keyword found
[2026-07-28 15:34:23] [INFO    ] [chrome_api.mapper] mapper | HYUNDAI | KOCW5V2BPR00 | Row complete: model=Kona, trim=2.0L Preferred FWD, engine_type=None
[2026-07-28 15:34:23] [DEBUG   ] [chrome_api.mapper] mapper | HYUNDAI | KOCW5Q2BES00 | Extracted fields: year=2025, desc=2.0L Essential AWD, trim=Essential
[2026-07-28 15:34:23] [DEBUG   ] [chrome_api.mapper] mapper | HYUNDAI | KOCW5Q2BES00 | ModelName from ADS: Kona
[2026-07-28 15:34:23] [DEBUG   ] [semantic.standardizer] standardizer | Hyundai | No trim alias found for: 'Essential'
[2026-07-28 15:34:23] [DEBUG   ] [semantic.standardizer] standardizer | Hyundai | No description patterns matched: '2.0L Essential AWD'
[2026-07-28 15:34:23] [DEBUG   ] [chrome_api.mapper] mapper | HYUNDAI | KOCW5Q2BES00 | Applied standardization rules
[2026-07-28 15:34:23] [INFO    ] [chrome_api.mapper] mapper | HYUNDAI | Loaded 6 ENGINE_TYPE keywords: ['hev', 'hybrid', 'phev', 'ev', 'plug-in', 'electric']
[2026-07-28 15:34:23] [DEBUG   ] [chrome_api.mapper] mapper | HYUNDAI | KOCW5Q2BES00 | Searching text: 'kona 2.0l essential awd'
[2026-07-28 15:34:23] [DEBUG   ] [chrome_api.mapper] mapper | HYUNDAI | KOCW5Q2BES00 | No ENGINE_TYPE keyword found
[2026-07-28 15:34:23] [INFO    ] [chrome_api.mapper] mapper | HYUNDAI | KOCW5Q2BES00 | Row complete: model=Kona, trim=2.0L Essential AWD, engine_type=None
[2026-07-28 15:34:23] [DEBUG   ] [chrome_api.mapper] mapper | HYUNDAI | KOCW5Q2BPR00 | Extracted fields: year=2025, desc=2.0L Preferred AWD, trim=Preferred
[2026-07-28 15:34:23] [DEBUG   ] [chrome_api.mapper] mapper | HYUNDAI | KOCW5Q2BPR00 | ModelName from ADS: Kona
[2026-07-28 15:34:23] [DEBUG   ] [semantic.standardizer] standardizer | Hyundai | No trim alias found for: 'Preferred'
[2026-07-28 15:34:23] [DEBUG   ] [semantic.standardizer] standardizer | Hyundai | No description patterns matched: '2.0L Preferred AWD'
[2026-07-28 15:34:23] [DEBUG   ] [chrome_api.mapper] mapper | HYUNDAI | KOCW5Q2BPR00 | Applied standardization rules
[2026-07-28 15:34:23] [INFO    ] [chrome_api.mapper] mapper | HYUNDAI | Loaded 6 ENGINE_TYPE keywords: ['hev', 'hybrid', 'phev', 'ev', 'plug-in', 'electric']
[2026-07-28 15:34:23] [DEBUG   ] [chrome_api.mapper] mapper | HYUNDAI | KOCW5Q2BPR00 | Searching text: 'kona 2.0l preferred awd'
[2026-07-28 15:34:23] [DEBUG   ] [chrome_api.mapper] mapper | HYUNDAI | KOCW5Q2BPR00 | No ENGINE_TYPE keyword found
[2026-07-28 15:34:23] [INFO    ] [chrome_api.mapper] mapper | HYUNDAI | KOCW5Q2BPR00 | Row complete: model=Kona, trim=2.0L Preferred AWD, engine_type=None
[2026-07-28 15:34:23] [DEBUG   ] [chrome_api.mapper] mapper | HYUNDAI | KOCW5Q2BPRTR | Extracted fields: year=2025, desc=2.0L Preferred AWD w/Trend Package, trim=Preferred
[2026-07-28 15:34:23] [DEBUG   ] [chrome_api.mapper] mapper | HYUNDAI | KOCW5Q2BPRTR | ModelName from ADS: Kona
[2026-07-28 15:34:23] [DEBUG   ] [semantic.standardizer] standardizer | Hyundai | No trim alias found for: 'Preferred'
[2026-07-28 15:34:23] [DEBUG   ] [semantic.standardizer] standardizer | Hyundai | No description patterns matched: '2.0L Preferred AWD w/Trend Package'
[2026-07-28 15:34:23] [DEBUG   ] [chrome_api.mapper] mapper | HYUNDAI | KOCW5Q2BPRTR | Applied standardization rules
[2026-07-28 15:34:23] [INFO    ] [chrome_api.mapper] mapper | HYUNDAI | Loaded 6 ENGINE_TYPE keywords: ['hev', 'hybrid', 'phev', 'ev', 'plug-in', 'electric']
[2026-07-28 15:34:23] [DEBUG   ] [chrome_api.mapper] mapper | HYUNDAI | KOCW5Q2BPRTR | Searching text: 'kona 2.0l preferred awd w/trend package'
[2026-07-28 15:34:23] [DEBUG   ] [chrome_api.mapper] mapper | HYUNDAI | KOCW5Q2BPRTR | No ENGINE_TYPE keyword found
[2026-07-28 15:34:23] [INFO    ] [chrome_api.mapper] mapper | HYUNDAI | KOCW5Q2BPRTR | Row complete: model=Kona, trim=2.0L Preferred AWD w/Trend Package, engine_type=None
[2026-07-28 15:34:23] [DEBUG   ] [chrome_api.mapper] mapper | HYUNDAI | KOCW5K1ANL00 | Extracted fields: year=2025, desc=1.6T N Line AWD, trim=N Line
[2026-07-28 15:34:23] [DEBUG   ] [chrome_api.mapper] mapper | HYUNDAI | KOCW5K1ANL00 | ModelName from ADS: Kona
[2026-07-28 15:34:23] [DEBUG   ] [chrome_api.mapper] mapper | HYUNDAI | KOCW5K1ANL00 | Applied standardization rules
[2026-07-28 15:34:23] [INFO    ] [chrome_api.mapper] mapper | HYUNDAI | Loaded 6 ENGINE_TYPE keywords: ['hev', 'hybrid', 'phev', 'ev', 'plug-in', 'electric']
[2026-07-28 15:34:23] [DEBUG   ] [chrome_api.mapper] mapper | HYUNDAI | KOCW5K1ANL00 | Searching text: 'kona 1.6t n-line awd'
[2026-07-28 15:34:23] [DEBUG   ] [chrome_api.mapper] mapper | HYUNDAI | KOCW5K1ANL00 | No ENGINE_TYPE keyword found
[2026-07-28 15:34:23] [INFO    ] [chrome_api.mapper] mapper | HYUNDAI | KOCW5K1ANL00 | Row complete: model=Kona, trim=1.6T N-Line AWD, engine_type=None
[2026-07-28 15:34:23] [DEBUG   ] [chrome_api.mapper] mapper | HYUNDAI | KOCW5K1ANLTT | Extracted fields: year=2025, desc=1.6T N Line AWD w/Two-Tone Roof, trim=N Line
[2026-07-28 15:34:23] [DEBUG   ] [chrome_api.mapper] mapper | HYUNDAI | KOCW5K1ANLTT | ModelName from ADS: Kona
[2026-07-28 15:34:23] [DEBUG   ] [chrome_api.mapper] mapper | HYUNDAI | KOCW5K1ANLTT | Applied standardization rules
[2026-07-28 15:34:23] [INFO    ] [chrome_api.mapper] mapper | HYUNDAI | Loaded 6 ENGINE_TYPE keywords: ['hev', 'hybrid', 'phev', 'ev', 'plug-in', 'electric']
[2026-07-28 15:34:23] [DEBUG   ] [chrome_api.mapper] mapper | HYUNDAI | KOCW5K1ANLTT | Searching text: 'kona 1.6t n-line awd w/two-tone roof'
[2026-07-28 15:34:23] [DEBUG   ] [chrome_api.mapper] mapper | HYUNDAI | KOCW5K1ANLTT | No ENGINE_TYPE keyword found
[2026-07-28 15:34:23] [INFO    ] [chrome_api.mapper] mapper | HYUNDAI | KOCW5K1ANLTT | Row complete: model=Kona, trim=1.6T N-Line AWD w/Two-Tone Roof, engine_type=None
[2026-07-28 15:34:23] [DEBUG   ] [chrome_api.mapper] mapper | HYUNDAI | KOCW5K1ANLUL | Extracted fields: year=2025, desc=1.6T N Line Ultimate AWD, trim=N Line Ultimate
[2026-07-28 15:34:23] [DEBUG   ] [chrome_api.mapper] mapper | HYUNDAI | KOCW5K1ANLUL | ModelName from ADS: Kona
[2026-07-28 15:34:23] [DEBUG   ] [chrome_api.mapper] mapper | HYUNDAI | KOCW5K1ANLUL | Applied standardization rules
[2026-07-28 15:34:23] [INFO    ] [chrome_api.mapper] mapper | HYUNDAI | Loaded 6 ENGINE_TYPE keywords: ['hev', 'hybrid', 'phev', 'ev', 'plug-in', 'electric']
[2026-07-28 15:34:23] [DEBUG   ] [chrome_api.mapper] mapper | HYUNDAI | KOCW5K1ANLUL | Searching text: 'kona 1.6t n-line ultimate awd'
[2026-07-28 15:34:23] [DEBUG   ] [chrome_api.mapper] mapper | HYUNDAI | KOCW5K1ANLUL | No ENGINE_TYPE keyword found
[2026-07-28 15:34:23] [INFO    ] [chrome_api.mapper] mapper | HYUNDAI | KOCW5K1ANLUL | Row complete: model=Kona, trim=1.6T N-Line Ultimate AWD, engine_type=None
[2026-07-28 15:34:23] [DEBUG   ] [chrome_api.mapper] mapper | HYUNDAI | KOCW5K1ANLBA | Extracted fields: year=2025, desc=1.6T N Line Ultimate AWD w/Two-Tone Roof, trim=N Line Ultimate
[2026-07-28 15:34:23] [DEBUG   ] [chrome_api.mapper] mapper | HYUNDAI | KOCW5K1ANLBA | ModelName from ADS: Kona
[2026-07-28 15:34:23] [DEBUG   ] [chrome_api.mapper] mapper | HYUNDAI | KOCW5K1ANLBA | Applied standardization rules
[2026-07-28 15:34:23] [INFO    ] [chrome_api.mapper] mapper | HYUNDAI | Loaded 6 ENGINE_TYPE keywords: ['hev', 'hybrid', 'phev', 'ev', 'plug-in', 'electric']
[2026-07-28 15:34:23] [DEBUG   ] [chrome_api.mapper] mapper | HYUNDAI | KOCW5K1ANLBA | Searching text: 'kona 1.6t n-line ultimate awd w/two-tone roof'
[2026-07-28 15:34:23] [DEBUG   ] [chrome_api.mapper] mapper | HYUNDAI | KOCW5K1ANLBA | No ENGINE_TYPE keyword found
[2026-07-28 15:34:23] [INFO    ] [chrome_api.mapper] mapper | HYUNDAI | KOCW5K1ANLBA | Row complete: model=Kona, trim=1.6T N-Line Ultimate AWD w/Two-Tone Roof, engine_type=None
[2026-07-28 15:34:23] [DEBUG   ] [chrome_api.mapper] mapper | HYUNDAI | KOCW5K1APRSP | Extracted fields: year=2025, desc=1.6T Preferred Sport AWD, trim=Preferred Sport
[2026-07-28 15:34:23] [DEBUG   ] [chrome_api.mapper] mapper | HYUNDAI | KOCW5K1APRSP | ModelName from ADS: Kona
[2026-07-28 15:34:23] [DEBUG   ] [semantic.standardizer] standardizer | Hyundai | No trim alias found for: 'Preferred Sport'
[2026-07-28 15:34:23] [DEBUG   ] [semantic.standardizer] standardizer | Hyundai | No description patterns matched: '1.6T Preferred Sport AWD'
[2026-07-28 15:34:23] [DEBUG   ] [chrome_api.mapper] mapper | HYUNDAI | KOCW5K1APRSP | Applied standardization rules
[2026-07-28 15:34:23] [INFO    ] [chrome_api.mapper] mapper | HYUNDAI | Loaded 6 ENGINE_TYPE keywords: ['hev', 'hybrid', 'phev', 'ev', 'plug-in', 'electric']
[2026-07-28 15:34:23] [DEBUG   ] [chrome_api.mapper] mapper | HYUNDAI | KOCW5K1APRSP | Searching text: 'kona 1.6t preferred sport awd'
[2026-07-28 15:34:23] [DEBUG   ] [chrome_api.mapper] mapper | HYUNDAI | KOCW5K1APRSP | No ENGINE_TYPE keyword found
[2026-07-28 15:34:23] [INFO    ] [chrome_api.mapper] mapper | HYUNDAI | KOCW5K1APRSP | Row complete: model=Kona, trim=1.6T Preferred Sport AWD, engine_type=None
[2026-07-28 15:34:23] [INFO    ] [chrome_api.mapper] mapper | ads_response_to_rows | Hyundai | Converted 10/10 trims to rows
[2026-07-28 15:34:23] [DEBUG   ] [chrome_api.service] refresh_from_ads | Hyundai 2025 Kona | Converted 10 trims to rows
[2026-07-28 15:34:23] [DEBUG   ] [urllib3.connectionpool] https://demos.autodatasolutions.com:443 "POST /ADSDemo/api/full/ymmt/year/2025/make/Hyundai/model/Kona%20Electric/ HTTP/1.1" 200 None
[2026-07-28 15:34:24] [INFO    ] [chrome_api.mapper] mapper | ads_response_to_rows | Hyundai | Processing 10 trims from ADS response
[2026-07-28 15:34:24] [DEBUG   ] [chrome_api.mapper] mapper | HYUNDAI | KEEW5ZE4PR00 | Extracted fields: year=2025, desc=Preferred FWD, trim=Preferred
[2026-07-28 15:34:24] [DEBUG   ] [chrome_api.mapper] mapper | HYUNDAI | KEEW5ZE4PR00 | ModelName from ADS: Kona Electric
[2026-07-28 15:34:24] [DEBUG   ] [semantic.standardizer] standardizer | Hyundai | No trim alias found for: 'Preferred'
[2026-07-28 15:34:24] [DEBUG   ] [semantic.standardizer] standardizer | Hyundai | No description patterns matched: 'Preferred FWD'
[2026-07-28 15:34:24] [DEBUG   ] [chrome_api.mapper] mapper | HYUNDAI | KEEW5ZE4PR00 | Applied standardization rules
[2026-07-28 15:34:24] [INFO    ] [chrome_api.mapper] mapper | HYUNDAI | Loaded 6 ENGINE_TYPE keywords: ['hev', 'hybrid', 'phev', 'ev', 'plug-in', 'electric']
[2026-07-28 15:34:24] [DEBUG   ] [chrome_api.mapper] mapper | HYUNDAI | KEEW5ZE4PR00 | Searching text: 'kona electric preferred fwd'
[2026-07-28 15:34:24] [DEBUG   ] [chrome_api.mapper] mapper | HYUNDAI | KEEW5ZE4PR00 | Found keyword 'electric' in 'Kona Electric Preferred FWD'
[2026-07-28 15:34:24] [WARNING ] [chrome_api.mapper] mapper | HYUNDAI | KEEW5ZE4PR00 | Keyword 'electric' found but NOT in translator. Returning keyword as-is.
[2026-07-28 15:34:24] [INFO    ] [chrome_api.mapper] mapper | HYUNDAI | KEEW5ZE4PR00 | Row complete: model=Kona Electric, trim=Preferred FWD, engine_type=electric
[2026-07-28 15:34:24] [DEBUG   ] [chrome_api.mapper] mapper | HYUNDAI | KE2SEFEME400 | Extracted fields: year=2025, desc=Ultimate FWD *Ltd Avail*, trim=Ultimate
[2026-07-28 15:34:24] [DEBUG   ] [chrome_api.mapper] mapper | HYUNDAI | KE2SEFEME400 | ModelName from ADS: Kona Electric
[2026-07-28 15:34:24] [DEBUG   ] [semantic.standardizer] standardizer | Hyundai | No trim alias found for: 'Ultimate'
[2026-07-28 15:34:24] [DEBUG   ] [semantic.standardizer] standardizer | Hyundai | No description patterns matched: 'Ultimate FWD *Ltd Avail*'
[2026-07-28 15:34:24] [DEBUG   ] [chrome_api.mapper] mapper | HYUNDAI | KE2SEFEME400 | Applied standardization rules
[2026-07-28 15:34:24] [INFO    ] [chrome_api.mapper] mapper | HYUNDAI | Loaded 6 ENGINE_TYPE keywords: ['hev', 'hybrid', 'phev', 'ev', 'plug-in', 'electric']
[2026-07-28 15:34:24] [DEBUG   ] [chrome_api.mapper] mapper | HYUNDAI | KE2SEFEME400 | Searching text: 'kona electric ultimate fwd *ltd avail*'
[2026-07-28 15:34:24] [DEBUG   ] [chrome_api.mapper] mapper | HYUNDAI | KE2SEFEME400 | Found keyword 'electric' in 'Kona Electric Ultimate FWD *Ltd Avail*'
[2026-07-28 15:34:24] [WARNING ] [chrome_api.mapper] mapper | HYUNDAI | KE2SEFEME400 | Keyword 'electric' found but NOT in translator. Returning keyword as-is.
[2026-07-28 15:34:24] [INFO    ] [chrome_api.mapper] mapper | HYUNDAI | KE2SEFEME400 | Row complete: model=Kona Electric, trim=Ultimate FWD *Ltd Avail*, engine_type=electric
[2026-07-28 15:34:24] [DEBUG   ] [chrome_api.mapper] mapper | HYUNDAI | KE2SEFEME466 | Extracted fields: year=2025, desc=Ultimate FWD w/Two-Tone Interior *Ltd Avail*, trim=Ultimate w/Two-Tone Interior
[2026-07-28 15:34:24] [DEBUG   ] [chrome_api.mapper] mapper | HYUNDAI | KE2SEFEME466 | ModelName from ADS: Kona Electric
[2026-07-28 15:34:24] [DEBUG   ] [semantic.standardizer] standardizer | Hyundai | No trim alias found for: 'Ultimate w/Two-Tone Interior'
[2026-07-28 15:34:24] [DEBUG   ] [semantic.standardizer] standardizer | Hyundai | No description patterns matched: 'Ultimate FWD w/Two-Tone Interior *Ltd Avail*'
[2026-07-28 15:34:24] [DEBUG   ] [chrome_api.mapper] mapper | HYUNDAI | KE2SEFEME466 | Applied standardization rules
[2026-07-28 15:34:24] [INFO    ] [chrome_api.mapper] mapper | HYUNDAI | Loaded 6 ENGINE_TYPE keywords: ['hev', 'hybrid', 'phev', 'ev', 'plug-in', 'electric']
[2026-07-28 15:34:24] [DEBUG   ] [chrome_api.mapper] mapper | HYUNDAI | KE2SEFEME466 | Searching text: 'kona electric ultimate fwd w/two-tone interior *ltd avail*'
[2026-07-28 15:34:24] [DEBUG   ] [chrome_api.mapper] mapper | HYUNDAI | KE2SEFEME466 | Found keyword 'electric' in 'Kona Electric Ultimate FWD w/Two-Tone Interior *Ltd Avail*'
[2026-07-28 15:34:24] [WARNING ] [chrome_api.mapper] mapper | HYUNDAI | KE2SEFEME466 | Keyword 'electric' found but NOT in translator. Returning keyword as-is.
[2026-07-28 15:34:24] [INFO    ] [chrome_api.mapper] mapper | HYUNDAI | KE2SEFEME466 | Row complete: model=Kona Electric, trim=Ultimate FWD w/Two-Tone Interior *Ltd Avail*, engine_type=electric
[2026-07-28 15:34:24] [DEBUG   ] [chrome_api.mapper] mapper | HYUNDAI | KE2SEFEME4BF | Extracted fields: year=2025, desc=Ultimate FWD w/Sage-Green Interior *Ltd Avail*, trim=Ultimate w/Sage-Green Interior
[2026-07-28 15:34:24] [DEBUG   ] [chrome_api.mapper] mapper | HYUNDAI | KE2SEFEME4BF | ModelName from ADS: Kona Electric
[2026-07-28 15:34:24] [DEBUG   ] [semantic.standardizer] standardizer | Hyundai | No trim alias found for: 'Ultimate w/Sage-Green Interior'
[2026-07-28 15:34:24] [DEBUG   ] [semantic.standardizer] standardizer | Hyundai | No description patterns matched: 'Ultimate FWD w/Sage-Green Interior *Ltd Avail*'
[2026-07-28 15:34:24] [DEBUG   ] [chrome_api.mapper] mapper | HYUNDAI | KE2SEFEME4BF | Applied standardization rules
[2026-07-28 15:34:24] [INFO    ] [chrome_api.mapper] mapper | HYUNDAI | Loaded 6 ENGINE_TYPE keywords: ['hev', 'hybrid', 'phev', 'ev', 'plug-in', 'electric']
[2026-07-28 15:34:24] [DEBUG   ] [chrome_api.mapper] mapper | HYUNDAI | KE2SEFEME4BF | Searching text: 'kona electric ultimate fwd w/sage-green interior *ltd avail*'
[2026-07-28 15:34:24] [DEBUG   ] [chrome_api.mapper] mapper | HYUNDAI | KE2SEFEME4BF | Found keyword 'electric' in 'Kona Electric Ultimate FWD w/Sage-Green Interior *Ltd Avail*'
[2026-07-28 15:34:24] [WARNING ] [chrome_api.mapper] mapper | HYUNDAI | KE2SEFEME4BF | Keyword 'electric' found but NOT in translator. Returning keyword as-is.
[2026-07-28 15:34:24] [INFO    ] [chrome_api.mapper] mapper | HYUNDAI | KE2SEFEME4BF | Row complete: model=Kona Electric, trim=Ultimate FWD w/Sage-Green Interior *Ltd Avail*, engine_type=electric
[2026-07-28 15:34:24] [DEBUG   ] [chrome_api.mapper] mapper | HYUNDAI | KEEW5ZE4PRTR | Extracted fields: year=2025, desc=Preferred FWD w/Trend Package, trim=Preferred w/Trend Package
[2026-07-28 15:34:24] [DEBUG   ] [chrome_api.mapper] mapper | HYUNDAI | KEEW5ZE4PRTR | ModelName from ADS: Kona Electric
[2026-07-28 15:34:24] [DEBUG   ] [semantic.standardizer] standardizer | Hyundai | No trim alias found for: 'Preferred w/Trend Package'
[2026-07-28 15:34:24] [DEBUG   ] [semantic.standardizer] standardizer | Hyundai | No description patterns matched: 'Preferred FWD w/Trend Package'
[2026-07-28 15:34:24] [DEBUG   ] [chrome_api.mapper] mapper | HYUNDAI | KEEW5ZE4PRTR | Applied standardization rules
[2026-07-28 15:34:24] [INFO    ] [chrome_api.mapper] mapper | HYUNDAI | Loaded 6 ENGINE_TYPE keywords: ['hev', 'hybrid', 'phev', 'ev', 'plug-in', 'electric']
[2026-07-28 15:34:24] [DEBUG   ] [chrome_api.mapper] mapper | HYUNDAI | KEEW5ZE4PRTR | Searching text: 'kona electric preferred fwd w/trend package'
[2026-07-28 15:34:24] [DEBUG   ] [chrome_api.mapper] mapper | HYUNDAI | KEEW5ZE4PRTR | Found keyword 'electric' in 'Kona Electric Preferred FWD w/Trend Package'
[2026-07-28 15:34:24] [WARNING ] [chrome_api.mapper] mapper | HYUNDAI | KEEW5ZE4PRTR | Keyword 'electric' found but NOT in translator. Returning keyword as-is.
[2026-07-28 15:34:24] [INFO    ] [chrome_api.mapper] mapper | HYUNDAI | KEEW5ZE4PRTR | Row complete: model=Kona Electric, trim=Preferred FWD w/Trend Package, engine_type=electric
[2026-07-28 15:34:24] [DEBUG   ] [chrome_api.mapper] mapper | HYUNDAI | KE2SEFEMEO20 | Extracted fields: year=2025, desc=N Line Ultimate FWD *Ltd Avail*, trim=N Line Ultimate
[2026-07-28 15:34:24] [DEBUG   ] [chrome_api.mapper] mapper | HYUNDAI | KE2SEFEMEO20 | ModelName from ADS: Kona Electric
[2026-07-28 15:34:24] [DEBUG   ] [chrome_api.mapper] mapper | HYUNDAI | KE2SEFEMEO20 | Applied standardization rules
[2026-07-28 15:34:24] [INFO    ] [chrome_api.mapper] mapper | HYUNDAI | Loaded 6 ENGINE_TYPE keywords: ['hev', 'hybrid', 'phev', 'ev', 'plug-in', 'electric']
[2026-07-28 15:34:24] [DEBUG   ] [chrome_api.mapper] mapper | HYUNDAI | KE2SEFEMEO20 | Searching text: 'kona electric n-line ultimate fwd *ltd avail*'
[2026-07-28 15:34:24] [DEBUG   ] [chrome_api.mapper] mapper | HYUNDAI | KE2SEFEMEO20 | Found keyword 'electric' in 'Kona Electric N-Line Ultimate FWD *Ltd Avail*'
[2026-07-28 15:34:24] [WARNING ] [chrome_api.mapper] mapper | HYUNDAI | KE2SEFEMEO20 | Keyword 'electric' found but NOT in translator. Returning keyword as-is.
[2026-07-28 15:34:24] [INFO    ] [chrome_api.mapper] mapper | HYUNDAI | KE2SEFEMEO20 | Row complete: model=Kona Electric, trim=N-Line Ultimate FWD *Ltd Avail*, engine_type=electric
[2026-07-28 15:34:24] [DEBUG   ] [chrome_api.mapper] mapper | HYUNDAI | KEEW5ZE4PRUP | Extracted fields: year=2025, desc=Preferred FWD w/Ultimate Package, trim=Preferred w/Ultimate Package
[2026-07-28 15:34:24] [DEBUG   ] [chrome_api.mapper] mapper | HYUNDAI | KEEW5ZE4PRUP | ModelName from ADS: Kona Electric
[2026-07-28 15:34:24] [DEBUG   ] [semantic.standardizer] standardizer | Hyundai | No trim alias found for: 'Preferred w/Ultimate Package'
[2026-07-28 15:34:24] [DEBUG   ] [semantic.standardizer] standardizer | Hyundai | No description patterns matched: 'Preferred FWD w/Ultimate Package'
[2026-07-28 15:34:24] [DEBUG   ] [chrome_api.mapper] mapper | HYUNDAI | KEEW5ZE4PRUP | Applied standardization rules
[2026-07-28 15:34:24] [INFO    ] [chrome_api.mapper] mapper | HYUNDAI | Loaded 6 ENGINE_TYPE keywords: ['hev', 'hybrid', 'phev', 'ev', 'plug-in', 'electric']
[2026-07-28 15:34:24] [DEBUG   ] [chrome_api.mapper] mapper | HYUNDAI | KEEW5ZE4PRUP | Searching text: 'kona electric preferred fwd w/ultimate package'
[2026-07-28 15:34:24] [DEBUG   ] [chrome_api.mapper] mapper | HYUNDAI | KEEW5ZE4PRUP | Found keyword 'electric' in 'Kona Electric Preferred FWD w/Ultimate Package'
[2026-07-28 15:34:24] [WARNING ] [chrome_api.mapper] mapper | HYUNDAI | KEEW5ZE4PRUP | Keyword 'electric' found but NOT in translator. Returning keyword as-is.
[2026-07-28 15:34:24] [INFO    ] [chrome_api.mapper] mapper | HYUNDAI | KEEW5ZE4PRUP | Row complete: model=Kona Electric, trim=Preferred FWD w/Ultimate Package, engine_type=electric
[2026-07-28 15:34:24] [DEBUG   ] [chrome_api.mapper] mapper | HYUNDAI | KEEW5ZE4PRUT | Extracted fields: year=2025, desc=Preferred FWD w/Ultimate Package Two-Tone, trim=Preferred w/Ultimate Package Two-Tone
[2026-07-28 15:34:24] [DEBUG   ] [chrome_api.mapper] mapper | HYUNDAI | KEEW5ZE4PRUT | ModelName from ADS: Kona Electric
[2026-07-28 15:34:24] [DEBUG   ] [semantic.standardizer] standardizer | Hyundai | No trim alias found for: 'Preferred w/Ultimate Package Two-Tone'
[2026-07-28 15:34:24] [DEBUG   ] [semantic.standardizer] standardizer | Hyundai | No description patterns matched: 'Preferred FWD w/Ultimate Package Two-Tone'
[2026-07-28 15:34:24] [DEBUG   ] [chrome_api.mapper] mapper | HYUNDAI | KEEW5ZE4PRUT | Applied standardization rules
[2026-07-28 15:34:24] [INFO    ] [chrome_api.mapper] mapper | HYUNDAI | Loaded 6 ENGINE_TYPE keywords: ['hev', 'hybrid', 'phev', 'ev', 'plug-in', 'electric']
[2026-07-28 15:34:24] [DEBUG   ] [chrome_api.mapper] mapper | HYUNDAI | KEEW5ZE4PRUT | Searching text: 'kona electric preferred fwd w/ultimate package two-tone'
[2026-07-28 15:34:24] [DEBUG   ] [chrome_api.mapper] mapper | HYUNDAI | KEEW5ZE4PRUT | Found keyword 'electric' in 'Kona Electric Preferred FWD w/Ultimate Package Two-Tone'
[2026-07-28 15:34:24] [WARNING ] [chrome_api.mapper] mapper | HYUNDAI | KEEW5ZE4PRUT | Keyword 'electric' found but NOT in translator. Returning keyword as-is.
[2026-07-28 15:34:24] [INFO    ] [chrome_api.mapper] mapper | HYUNDAI | KEEW5ZE4PRUT | Row complete: model=Kona Electric, trim=Preferred FWD w/Ultimate Package Two-Tone, engine_type=electric
[2026-07-28 15:34:24] [DEBUG   ] [chrome_api.mapper] mapper | HYUNDAI | KEEW5ZE4PRUG | Extracted fields: year=2025, desc=Preferred FWD w/Ultimate Package Green Interior, trim=Preferred w/Ultimate Package Green Interior
[2026-07-28 15:34:24] [DEBUG   ] [chrome_api.mapper] mapper | HYUNDAI | KEEW5ZE4PRUG | ModelName from ADS: Kona Electric
[2026-07-28 15:34:24] [DEBUG   ] [semantic.standardizer] standardizer | Hyundai | No trim alias found for: 'Preferred w/Ultimate Package Green Interior'
[2026-07-28 15:34:24] [DEBUG   ] [semantic.standardizer] standardizer | Hyundai | No description patterns matched: 'Preferred FWD w/Ultimate Package Green Interior'
[2026-07-28 15:34:24] [DEBUG   ] [chrome_api.mapper] mapper | HYUNDAI | KEEW5ZE4PRUG | Applied standardization rules
[2026-07-28 15:34:24] [INFO    ] [chrome_api.mapper] mapper | HYUNDAI | Loaded 6 ENGINE_TYPE keywords: ['hev', 'hybrid', 'phev', 'ev', 'plug-in', 'electric']
[2026-07-28 15:34:24] [DEBUG   ] [chrome_api.mapper] mapper | HYUNDAI | KEEW5ZE4PRUG | Searching text: 'kona electric preferred fwd w/ultimate package green interior'
[2026-07-28 15:34:24] [DEBUG   ] [chrome_api.mapper] mapper | HYUNDAI | KEEW5ZE4PRUG | Found keyword 'electric' in 'Kona Electric Preferred FWD w/Ultimate Package Green Interior'
[2026-07-28 15:34:24] [WARNING ] [chrome_api.mapper] mapper | HYUNDAI | KEEW5ZE4PRUG | Keyword 'electric' found but NOT in translator. Returning keyword as-is.
[2026-07-28 15:34:24] [INFO    ] [chrome_api.mapper] mapper | HYUNDAI | KEEW5ZE4PRUG | Row complete: model=Kona Electric, trim=Preferred FWD w/Ultimate Package Green Interior, engine_type=electric
[2026-07-28 15:34:24] [DEBUG   ] [chrome_api.mapper] mapper | HYUNDAI | KEEW5ZE4PRNU | Extracted fields: year=2025, desc=Preferred FWD w/N Line Ultimate Package, trim=Preferred w/N Line Ultimate Package
[2026-07-28 15:34:24] [DEBUG   ] [chrome_api.mapper] mapper | HYUNDAI | KEEW5ZE4PRNU | ModelName from ADS: Kona Electric
[2026-07-28 15:34:24] [DEBUG   ] [semantic.standardizer] standardizer | Hyundai | No trim alias found for: 'Preferred w/N Line Ultimate Package'
[2026-07-28 15:34:24] [DEBUG   ] [chrome_api.mapper] mapper | HYUNDAI | KEEW5ZE4PRNU | Applied standardization rules
[2026-07-28 15:34:24] [INFO    ] [chrome_api.mapper] mapper | HYUNDAI | Loaded 6 ENGINE_TYPE keywords: ['hev', 'hybrid', 'phev', 'ev', 'plug-in', 'electric']
[2026-07-28 15:34:24] [DEBUG   ] [chrome_api.mapper] mapper | HYUNDAI | KEEW5ZE4PRNU | Searching text: 'kona electric preferred fwd w/n-line ultimate package'
[2026-07-28 15:34:24] [DEBUG   ] [chrome_api.mapper] mapper | HYUNDAI | KEEW5ZE4PRNU | Found keyword 'electric' in 'Kona Electric Preferred FWD w/N-Line Ultimate Package'
[2026-07-28 15:34:24] [WARNING ] [chrome_api.mapper] mapper | HYUNDAI | KEEW5ZE4PRNU | Keyword 'electric' found but NOT in translator. Returning keyword as-is.
[2026-07-28 15:34:24] [INFO    ] [chrome_api.mapper] mapper | HYUNDAI | KEEW5ZE4PRNU | Row complete: model=Kona Electric, trim=Preferred FWD w/N-Line Ultimate Package, engine_type=electric
[2026-07-28 15:34:24] [INFO    ] [chrome_api.mapper] mapper | ads_response_to_rows | Hyundai | Converted 10/10 trims to rows
[2026-07-28 15:34:24] [DEBUG   ] [chrome_api.service] refresh_from_ads | Hyundai 2025 Kona Electric | Converted 10 trims to rows
[2026-07-28 15:34:24] [DEBUG   ] [urllib3.connectionpool] https://demos.autodatasolutions.com:443 "POST /ADSDemo/api/full/ymmt/year/2025/make/Hyundai/model/NEXO/ HTTP/1.1" 200 None
[2026-07-28 15:34:24] [INFO    ] [chrome_api.mapper] mapper | ads_response_to_rows | Hyundai | Processing 2 trims from ADS response
[2026-07-28 15:34:24] [DEBUG   ] [chrome_api.mapper] mapper | HYUNDAI | NXFW5ZH1PR00 | Extracted fields: year=2025, desc=Preferred FWD, trim=Preferred
[2026-07-28 15:34:24] [DEBUG   ] [chrome_api.mapper] mapper | HYUNDAI | NXFW5ZH1PR00 | ModelName from ADS: NEXO
[2026-07-28 15:34:24] [DEBUG   ] [semantic.standardizer] standardizer | Hyundai | No trim alias found for: 'Preferred'
[2026-07-28 15:34:24] [DEBUG   ] [semantic.standardizer] standardizer | Hyundai | No description patterns matched: 'Preferred FWD'
[2026-07-28 15:34:24] [DEBUG   ] [chrome_api.mapper] mapper | HYUNDAI | NXFW5ZH1PR00 | Applied standardization rules
[2026-07-28 15:34:24] [INFO    ] [chrome_api.mapper] mapper | HYUNDAI | Loaded 6 ENGINE_TYPE keywords: ['hev', 'hybrid', 'phev', 'ev', 'plug-in', 'electric']
[2026-07-28 15:34:24] [DEBUG   ] [chrome_api.mapper] mapper | HYUNDAI | NXFW5ZH1PR00 | Searching text: 'nexo preferred fwd'
[2026-07-28 15:34:24] [DEBUG   ] [chrome_api.mapper] mapper | HYUNDAI | NXFW5ZH1PR00 | No ENGINE_TYPE keyword found
[2026-07-28 15:34:24] [INFO    ] [chrome_api.mapper] mapper | HYUNDAI | NXFW5ZH1PR00 | Row complete: model=NEXO, trim=Preferred FWD, engine_type=None
[2026-07-28 15:34:24] [DEBUG   ] [chrome_api.mapper] mapper | HYUNDAI | NXFW5ZH1UL00 | Extracted fields: year=2025, desc=Ultimate FWD, trim=Ultimate
[2026-07-28 15:34:24] [DEBUG   ] [chrome_api.mapper] mapper | HYUNDAI | NXFW5ZH1UL00 | ModelName from ADS: NEXO
[2026-07-28 15:34:24] [DEBUG   ] [semantic.standardizer] standardizer | Hyundai | No trim alias found for: 'Ultimate'
[2026-07-28 15:34:24] [DEBUG   ] [semantic.standardizer] standardizer | Hyundai | No description patterns matched: 'Ultimate FWD'
[2026-07-28 15:34:24] [DEBUG   ] [chrome_api.mapper] mapper | HYUNDAI | NXFW5ZH1UL00 | Applied standardization rules
[2026-07-28 15:34:24] [INFO    ] [chrome_api.mapper] mapper | HYUNDAI | Loaded 6 ENGINE_TYPE keywords: ['hev', 'hybrid', 'phev', 'ev', 'plug-in', 'electric']
[2026-07-28 15:34:24] [DEBUG   ] [chrome_api.mapper] mapper | HYUNDAI | NXFW5ZH1UL00 | Searching text: 'nexo ultimate fwd'
[2026-07-28 15:34:24] [DEBUG   ] [chrome_api.mapper] mapper | HYUNDAI | NXFW5ZH1UL00 | No ENGINE_TYPE keyword found
[2026-07-28 15:34:24] [INFO    ] [chrome_api.mapper] mapper | HYUNDAI | NXFW5ZH1UL00 | Row complete: model=NEXO, trim=Ultimate FWD, engine_type=None
[2026-07-28 15:34:24] [INFO    ] [chrome_api.mapper] mapper | ads_response_to_rows | Hyundai | Converted 2/2 trims to rows
[2026-07-28 15:34:24] [DEBUG   ] [chrome_api.service] refresh_from_ads | Hyundai 2025 NEXO | Converted 2 trims to rows
[2026-07-28 15:34:24] [DEBUG   ] [urllib3.connectionpool] https://demos.autodatasolutions.com:443 "POST /ADSDemo/api/full/ymmt/year/2025/make/Hyundai/model/Palisade/ HTTP/1.1" 200 None
[2026-07-28 15:34:25] [INFO    ] [chrome_api.mapper] mapper | ads_response_to_rows | Hyundai | Processing 6 trims from ADS response
[2026-07-28 15:34:25] [DEBUG   ] [chrome_api.mapper] mapper | HYUNDAI | PACW8K3DUR00 | Extracted fields: year=2025, desc=Urban 8-Passenger AWD, trim=Urban
[2026-07-28 15:34:25] [DEBUG   ] [chrome_api.mapper] mapper | HYUNDAI | PACW8K3DUR00 | ModelName from ADS: Palisade
[2026-07-28 15:34:25] [DEBUG   ] [semantic.standardizer] standardizer | Hyundai | No trim alias found for: 'Urban'
[2026-07-28 15:34:25] [DEBUG   ] [semantic.standardizer] standardizer | Hyundai | No description patterns matched: 'Urban 8-Passenger AWD'
[2026-07-28 15:34:25] [DEBUG   ] [chrome_api.mapper] mapper | HYUNDAI | PACW8K3DUR00 | Applied standardization rules
[2026-07-28 15:34:25] [INFO    ] [chrome_api.mapper] mapper | HYUNDAI | Loaded 6 ENGINE_TYPE keywords: ['hev', 'hybrid', 'phev', 'ev', 'plug-in', 'electric']
[2026-07-28 15:34:25] [DEBUG   ] [chrome_api.mapper] mapper | HYUNDAI | PACW8K3DUR00 | Searching text: 'palisade urban 8-passenger awd'
[2026-07-28 15:34:25] [DEBUG   ] [chrome_api.mapper] mapper | HYUNDAI | PACW8K3DUR00 | No ENGINE_TYPE keyword found
[2026-07-28 15:34:25] [INFO    ] [chrome_api.mapper] mapper | HYUNDAI | PACW8K3DUR00 | Row complete: model=Palisade, trim=Urban 8-Passenger AWD, engine_type=None
[2026-07-28 15:34:25] [DEBUG   ] [chrome_api.mapper] mapper | HYUNDAI | PACW7K3DUR91 | Extracted fields: year=2025, desc=Urban 7-Passenger AWD, trim=Urban
[2026-07-28 15:34:25] [DEBUG   ] [chrome_api.mapper] mapper | HYUNDAI | PACW7K3DUR91 | ModelName from ADS: Palisade
[2026-07-28 15:34:25] [DEBUG   ] [semantic.standardizer] standardizer | Hyundai | No trim alias found for: 'Urban'
[2026-07-28 15:34:25] [DEBUG   ] [semantic.standardizer] standardizer | Hyundai | No description patterns matched: 'Urban 7-Passenger AWD'
[2026-07-28 15:34:25] [DEBUG   ] [chrome_api.mapper] mapper | HYUNDAI | PACW7K3DUR91 | Applied standardization rules
[2026-07-28 15:34:25] [INFO    ] [chrome_api.mapper] mapper | HYUNDAI | Loaded 6 ENGINE_TYPE keywords: ['hev', 'hybrid', 'phev', 'ev', 'plug-in', 'electric']
[2026-07-28 15:34:25] [DEBUG   ] [chrome_api.mapper] mapper | HYUNDAI | PACW7K3DUR91 | Searching text: 'palisade urban 7-passenger awd'
[2026-07-28 15:34:25] [DEBUG   ] [chrome_api.mapper] mapper | HYUNDAI | PACW7K3DUR91 | No ENGINE_TYPE keyword found
[2026-07-28 15:34:25] [INFO    ] [chrome_api.mapper] mapper | HYUNDAI | PACW7K3DUR91 | Row complete: model=Palisade, trim=Urban 7-Passenger AWD, engine_type=None
[2026-07-28 15:34:25] [DEBUG   ] [chrome_api.mapper] mapper | HYUNDAI | PACW7K3DULC7 | Extracted fields: year=2025, desc=Ultimate Calligraphy 7-Passenger AWD, trim=Ultimate Calligraphy
[2026-07-28 15:34:25] [DEBUG   ] [chrome_api.mapper] mapper | HYUNDAI | PACW7K3DULC7 | ModelName from ADS: Palisade
[2026-07-28 15:34:25] [DEBUG   ] [semantic.standardizer] standardizer | Hyundai | No trim alias found for: 'Ultimate Calligraphy'
[2026-07-28 15:34:25] [DEBUG   ] [semantic.standardizer] standardizer | Hyundai | No description patterns matched: 'Ultimate Calligraphy 7-Passenger AWD'
[2026-07-28 15:34:25] [DEBUG   ] [chrome_api.mapper] mapper | HYUNDAI | PACW7K3DULC7 | Applied standardization rules
[2026-07-28 15:34:25] [INFO    ] [chrome_api.mapper] mapper | HYUNDAI | Loaded 6 ENGINE_TYPE keywords: ['hev', 'hybrid', 'phev', 'ev', 'plug-in', 'electric']
[2026-07-28 15:34:25] [DEBUG   ] [chrome_api.mapper] mapper | HYUNDAI | PACW7K3DULC7 | Searching text: 'palisade ultimate calligraphy 7-passenger awd'
[2026-07-28 15:34:25] [DEBUG   ] [chrome_api.mapper] mapper | HYUNDAI | PACW7K3DULC7 | No ENGINE_TYPE keyword found
[2026-07-28 15:34:25] [INFO    ] [chrome_api.mapper] mapper | HYUNDAI | PACW7K3DULC7 | Row complete: model=Palisade, trim=Ultimate Calligraphy 7-Passenger AWD, engine_type=None
[2026-07-28 15:34:25] [DEBUG   ] [chrome_api.mapper] mapper | HYUNDAI | PACW7K3DULCB | Extracted fields: year=2025, desc=Ultimate Calligraphy w/Beige 7-Passenger AWD, trim=Ultimate Calligraphy
[2026-07-28 15:34:25] [DEBUG   ] [chrome_api.mapper] mapper | HYUNDAI | PACW7K3DULCB | ModelName from ADS: Palisade
[2026-07-28 15:34:25] [DEBUG   ] [semantic.standardizer] standardizer | Hyundai | No trim alias found for: 'Ultimate Calligraphy'
[2026-07-28 15:34:25] [DEBUG   ] [semantic.standardizer] standardizer | Hyundai | No description patterns matched: 'Ultimate Calligraphy w/Beige 7-Passenger AWD'
[2026-07-28 15:34:25] [DEBUG   ] [chrome_api.mapper] mapper | HYUNDAI | PACW7K3DULCB | Applied standardization rules
[2026-07-28 15:34:25] [INFO    ] [chrome_api.mapper] mapper | HYUNDAI | Loaded 6 ENGINE_TYPE keywords: ['hev', 'hybrid', 'phev', 'ev', 'plug-in', 'electric']
[2026-07-28 15:34:25] [DEBUG   ] [chrome_api.mapper] mapper | HYUNDAI | PACW7K3DULCB | Searching text: 'palisade ultimate calligraphy w/beige 7-passenger awd'
[2026-07-28 15:34:25] [DEBUG   ] [chrome_api.mapper] mapper | HYUNDAI | PACW7K3DULCB | No ENGINE_TYPE keyword found
[2026-07-28 15:34:25] [INFO    ] [chrome_api.mapper] mapper | HYUNDAI | PACW7K3DULCB | Row complete: model=Palisade, trim=Ultimate Calligraphy w/Beige 7-Passenger AWD, engine_type=None
[2026-07-28 15:34:25] [DEBUG   ] [chrome_api.mapper] mapper | HYUNDAI | PACW7K3DULCN | Extracted fields: year=2025, desc=Ultimate Calligraphy Night 7-Passenger AWD, trim=Ultimate Calligraphy Night
[2026-07-28 15:34:25] [DEBUG   ] [chrome_api.mapper] mapper | HYUNDAI | PACW7K3DULCN | ModelName from ADS: Palisade
[2026-07-28 15:34:25] [DEBUG   ] [semantic.standardizer] standardizer | Hyundai | No trim alias found for: 'Ultimate Calligraphy Night'
[2026-07-28 15:34:25] [DEBUG   ] [semantic.standardizer] standardizer | Hyundai | No description patterns matched: 'Ultimate Calligraphy Night 7-Passenger AWD'
[2026-07-28 15:34:25] [DEBUG   ] [chrome_api.mapper] mapper | HYUNDAI | PACW7K3DULCN | Applied standardization rules
[2026-07-28 15:34:25] [INFO    ] [chrome_api.mapper] mapper | HYUNDAI | Loaded 6 ENGINE_TYPE keywords: ['hev', 'hybrid', 'phev', 'ev', 'plug-in', 'electric']
[2026-07-28 15:34:25] [DEBUG   ] [chrome_api.mapper] mapper | HYUNDAI | PACW7K3DULCN | Searching text: 'palisade ultimate calligraphy night 7-passenger awd'
[2026-07-28 15:34:25] [DEBUG   ] [chrome_api.mapper] mapper | HYUNDAI | PACW7K3DULCN | No ENGINE_TYPE keyword found
[2026-07-28 15:34:25] [INFO    ] [chrome_api.mapper] mapper | HYUNDAI | PACW7K3DULCN | Row complete: model=Palisade, trim=Ultimate Calligraphy Night 7-Passenger AWD, engine_type=None
[2026-07-28 15:34:25] [DEBUG   ] [chrome_api.mapper] mapper | HYUNDAI | PACW8K3DPR00 | Extracted fields: year=2025, desc=Preferred 8-Passenger AWD, trim=Preferred
[2026-07-28 15:34:25] [DEBUG   ] [chrome_api.mapper] mapper | HYUNDAI | PACW8K3DPR00 | ModelName from ADS: Palisade
[2026-07-28 15:34:25] [DEBUG   ] [semantic.standardizer] standardizer | Hyundai | No trim alias found for: 'Preferred'
[2026-07-28 15:34:25] [DEBUG   ] [semantic.standardizer] standardizer | Hyundai | No description patterns matched: 'Preferred 8-Passenger AWD'
[2026-07-28 15:34:25] [DEBUG   ] [chrome_api.mapper] mapper | HYUNDAI | PACW8K3DPR00 | Applied standardization rules
[2026-07-28 15:34:25] [INFO    ] [chrome_api.mapper] mapper | HYUNDAI | Loaded 6 ENGINE_TYPE keywords: ['hev', 'hybrid', 'phev', 'ev', 'plug-in', 'electric']
[2026-07-28 15:34:25] [DEBUG   ] [chrome_api.mapper] mapper | HYUNDAI | PACW8K3DPR00 | Searching text: 'palisade preferred 8-passenger awd'
[2026-07-28 15:34:25] [DEBUG   ] [chrome_api.mapper] mapper | HYUNDAI | PACW8K3DPR00 | No ENGINE_TYPE keyword found
[2026-07-28 15:34:25] [INFO    ] [chrome_api.mapper] mapper | HYUNDAI | PACW8K3DPR00 | Row complete: model=Palisade, trim=Preferred 8-Passenger AWD, engine_type=None
[2026-07-28 15:34:25] [INFO    ] [chrome_api.mapper] mapper | ads_response_to_rows | Hyundai | Converted 6/6 trims to rows
[2026-07-28 15:34:25] [DEBUG   ] [chrome_api.service] refresh_from_ads | Hyundai 2025 Palisade | Converted 6 trims to rows
[2026-07-28 15:34:25] [DEBUG   ] [urllib3.connectionpool] https://demos.autodatasolutions.com:443 "POST /ADSDemo/api/full/ymmt/year/2025/make/Hyundai/model/Santa%20Cruz/ HTTP/1.1" 200 None
[2026-07-28 15:34:25] [INFO    ] [chrome_api.mapper] mapper | ads_response_to_rows | Hyundai | Processing 4 trims from ADS response
[2026-07-28 15:34:25] [DEBUG   ] [chrome_api.mapper] mapper | HYUNDAI | SZCP5N2DPR00 | Extracted fields: year=2025, desc=Preferred AWD, trim=Preferred
[2026-07-28 15:34:25] [DEBUG   ] [chrome_api.mapper] mapper | HYUNDAI | SZCP5N2DPR00 | ModelName from ADS: Santa Cruz
[2026-07-28 15:34:25] [DEBUG   ] [semantic.standardizer] standardizer | Hyundai | No trim alias found for: 'Preferred'
[2026-07-28 15:34:25] [DEBUG   ] [semantic.standardizer] standardizer | Hyundai | No description patterns matched: 'Preferred AWD'
[2026-07-28 15:34:25] [DEBUG   ] [chrome_api.mapper] mapper | HYUNDAI | SZCP5N2DPR00 | Applied standardization rules
[2026-07-28 15:34:25] [INFO    ] [chrome_api.mapper] mapper | HYUNDAI | Loaded 6 ENGINE_TYPE keywords: ['hev', 'hybrid', 'phev', 'ev', 'plug-in', 'electric']
[2026-07-28 15:34:25] [DEBUG   ] [chrome_api.mapper] mapper | HYUNDAI | SZCP5N2DPR00 | Searching text: 'santa cruz preferred awd'
[2026-07-28 15:34:25] [DEBUG   ] [chrome_api.mapper] mapper | HYUNDAI | SZCP5N2DPR00 | No ENGINE_TYPE keyword found
[2026-07-28 15:34:25] [INFO    ] [chrome_api.mapper] mapper | HYUNDAI | SZCP5N2DPR00 | Row complete: model=Santa Cruz, trim=Preferred AWD, engine_type=None
[2026-07-28 15:34:25] [DEBUG   ] [chrome_api.mapper] mapper | HYUNDAI | SZCP5N2DUL00 | Extracted fields: year=2025, desc=Ultimate AWD, trim=Ultimate
[2026-07-28 15:34:25] [DEBUG   ] [chrome_api.mapper] mapper | HYUNDAI | SZCP5N2DUL00 | ModelName from ADS: Santa Cruz
[2026-07-28 15:34:25] [DEBUG   ] [semantic.standardizer] standardizer | Hyundai | No trim alias found for: 'Ultimate'
[2026-07-28 15:34:25] [DEBUG   ] [semantic.standardizer] standardizer | Hyundai | No description patterns matched: 'Ultimate AWD'
[2026-07-28 15:34:25] [DEBUG   ] [chrome_api.mapper] mapper | HYUNDAI | SZCP5N2DUL00 | Applied standardization rules
[2026-07-28 15:34:25] [INFO    ] [chrome_api.mapper] mapper | HYUNDAI | Loaded 6 ENGINE_TYPE keywords: ['hev', 'hybrid', 'phev', 'ev', 'plug-in', 'electric']
[2026-07-28 15:34:25] [DEBUG   ] [chrome_api.mapper] mapper | HYUNDAI | SZCP5N2DUL00 | Searching text: 'santa cruz ultimate awd'
[2026-07-28 15:34:25] [DEBUG   ] [chrome_api.mapper] mapper | HYUNDAI | SZCP5N2DUL00 | No ENGINE_TYPE keyword found
[2026-07-28 15:34:25] [INFO    ] [chrome_api.mapper] mapper | HYUNDAI | SZCP5N2DUL00 | Row complete: model=Santa Cruz, trim=Ultimate AWD, engine_type=None
[2026-07-28 15:34:25] [DEBUG   ] [chrome_api.mapper] mapper | HYUNDAI | SZCP5N2DUL95 | Extracted fields: year=2025, desc=Ultimate AWD w/Colour Pkg, trim=Ultimate
[2026-07-28 15:34:25] [DEBUG   ] [chrome_api.mapper] mapper | HYUNDAI | SZCP5N2DUL95 | ModelName from ADS: Santa Cruz
[2026-07-28 15:34:25] [DEBUG   ] [semantic.standardizer] standardizer | Hyundai | No trim alias found for: 'Ultimate'
[2026-07-28 15:34:25] [DEBUG   ] [semantic.standardizer] standardizer | Hyundai | No description patterns matched: 'Ultimate AWD w/Colour Pkg'
[2026-07-28 15:34:25] [DEBUG   ] [chrome_api.mapper] mapper | HYUNDAI | SZCP5N2DUL95 | Applied standardization rules
[2026-07-28 15:34:25] [INFO    ] [chrome_api.mapper] mapper | HYUNDAI | Loaded 6 ENGINE_TYPE keywords: ['hev', 'hybrid', 'phev', 'ev', 'plug-in', 'electric']
[2026-07-28 15:34:25] [DEBUG   ] [chrome_api.mapper] mapper | HYUNDAI | SZCP5N2DUL95 | Searching text: 'santa cruz ultimate awd w/colour pkg'
[2026-07-28 15:34:25] [DEBUG   ] [chrome_api.mapper] mapper | HYUNDAI | SZCP5N2DUL95 | No ENGINE_TYPE keyword found
[2026-07-28 15:34:25] [INFO    ] [chrome_api.mapper] mapper | HYUNDAI | SZCP5N2DUL95 | Row complete: model=Santa Cruz, trim=Ultimate AWD w/Colour Pkg, engine_type=None
[2026-07-28 15:34:25] [DEBUG   ] [chrome_api.mapper] mapper | HYUNDAI | SZCP5N2DXR00 | Extracted fields: year=2025, desc=XRT AWD, trim=XRT
[2026-07-28 15:34:25] [DEBUG   ] [chrome_api.mapper] mapper | HYUNDAI | SZCP5N2DXR00 | ModelName from ADS: Santa Cruz
[2026-07-28 15:34:25] [DEBUG   ] [semantic.standardizer] standardizer | Hyundai | No trim alias found for: 'XRT'
[2026-07-28 15:34:25] [DEBUG   ] [semantic.standardizer] standardizer | Hyundai | No description patterns matched: 'XRT AWD'
[2026-07-28 15:34:25] [DEBUG   ] [chrome_api.mapper] mapper | HYUNDAI | SZCP5N2DXR00 | Applied standardization rules
[2026-07-28 15:34:25] [INFO    ] [chrome_api.mapper] mapper | HYUNDAI | Loaded 6 ENGINE_TYPE keywords: ['hev', 'hybrid', 'phev', 'ev', 'plug-in', 'electric']
[2026-07-28 15:34:25] [DEBUG   ] [chrome_api.mapper] mapper | HYUNDAI | SZCP5N2DXR00 | Searching text: 'santa cruz xrt awd'
[2026-07-28 15:34:25] [DEBUG   ] [chrome_api.mapper] mapper | HYUNDAI | SZCP5N2DXR00 | No ENGINE_TYPE keyword found
[2026-07-28 15:34:25] [INFO    ] [chrome_api.mapper] mapper | HYUNDAI | SZCP5N2DXR00 | Row complete: model=Santa Cruz, trim=XRT AWD, engine_type=None
[2026-07-28 15:34:25] [INFO    ] [chrome_api.mapper] mapper | ads_response_to_rows | Hyundai | Converted 4/4 trims to rows
[2026-07-28 15:34:25] [DEBUG   ] [chrome_api.service] refresh_from_ads | Hyundai 2025 Santa Cruz | Converted 4 trims to rows
[2026-07-28 15:34:26] [DEBUG   ] [urllib3.connectionpool] https://demos.autodatasolutions.com:443 "POST /ADSDemo/api/full/ymmt/year/2025/make/Hyundai/model/Santa%20Fe/ HTTP/1.1" 200 None
[2026-07-28 15:34:26] [INFO    ] [chrome_api.mapper] mapper | ads_response_to_rows | Hyundai | Processing 4 trims from ADS response
[2026-07-28 15:34:26] [DEBUG   ] [chrome_api.mapper] mapper | HYUNDAI | SACW7N2DXR00 | Extracted fields: year=2025, desc=XRT AWD, trim=XRT
[2026-07-28 15:34:26] [DEBUG   ] [chrome_api.mapper] mapper | HYUNDAI | SACW7N2DXR00 | ModelName from ADS: Santa Fe
[2026-07-28 15:34:26] [DEBUG   ] [semantic.standardizer] standardizer | Hyundai | No trim alias found for: 'XRT'
[2026-07-28 15:34:26] [DEBUG   ] [semantic.standardizer] standardizer | Hyundai | No description patterns matched: 'XRT AWD'
[2026-07-28 15:34:26] [DEBUG   ] [chrome_api.mapper] mapper | HYUNDAI | SACW7N2DXR00 | Applied standardization rules
[2026-07-28 15:34:26] [INFO    ] [chrome_api.mapper] mapper | HYUNDAI | Loaded 6 ENGINE_TYPE keywords: ['hev', 'hybrid', 'phev', 'ev', 'plug-in', 'electric']
[2026-07-28 15:34:26] [DEBUG   ] [chrome_api.mapper] mapper | HYUNDAI | SACW7N2DXR00 | Searching text: 'santa fe xrt awd'
[2026-07-28 15:34:26] [DEBUG   ] [chrome_api.mapper] mapper | HYUNDAI | SACW7N2DXR00 | No ENGINE_TYPE keyword found
[2026-07-28 15:34:26] [INFO    ] [chrome_api.mapper] mapper | HYUNDAI | SACW7N2DXR00 | Row complete: model=Santa Fe, trim=XRT AWD, engine_type=None
[2026-07-28 15:34:26] [DEBUG   ] [chrome_api.mapper] mapper | HYUNDAI | SACW7N2DLU00 | Extracted fields: year=2025, desc=Luxury AWD, trim=Luxury
[2026-07-28 15:34:26] [DEBUG   ] [chrome_api.mapper] mapper | HYUNDAI | SACW7N2DLU00 | ModelName from ADS: Santa Fe
[2026-07-28 15:34:26] [DEBUG   ] [semantic.standardizer] standardizer | Hyundai | No trim alias found for: 'Luxury'
[2026-07-28 15:34:26] [DEBUG   ] [semantic.standardizer] standardizer | Hyundai | No description patterns matched: 'Luxury AWD'
[2026-07-28 15:34:26] [DEBUG   ] [chrome_api.mapper] mapper | HYUNDAI | SACW7N2DLU00 | Applied standardization rules
[2026-07-28 15:34:26] [INFO    ] [chrome_api.mapper] mapper | HYUNDAI | Loaded 6 ENGINE_TYPE keywords: ['hev', 'hybrid', 'phev', 'ev', 'plug-in', 'electric']
[2026-07-28 15:34:26] [DEBUG   ] [chrome_api.mapper] mapper | HYUNDAI | SACW7N2DLU00 | Searching text: 'santa fe luxury awd'
[2026-07-28 15:34:26] [DEBUG   ] [chrome_api.mapper] mapper | HYUNDAI | SACW7N2DLU00 | No ENGINE_TYPE keyword found
[2026-07-28 15:34:26] [INFO    ] [chrome_api.mapper] mapper | HYUNDAI | SACW7N2DLU00 | Row complete: model=Santa Fe, trim=Luxury AWD, engine_type=None
[2026-07-28 15:34:26] [DEBUG   ] [chrome_api.mapper] mapper | HYUNDAI | SACW6N2DULBG | Extracted fields: year=2025, desc=Ultimate Calligraphy AWD, trim=Ultimate Calligraphy
[2026-07-28 15:34:26] [DEBUG   ] [chrome_api.mapper] mapper | HYUNDAI | SACW6N2DULBG | ModelName from ADS: Santa Fe
[2026-07-28 15:34:26] [DEBUG   ] [semantic.standardizer] standardizer | Hyundai | No trim alias found for: 'Ultimate Calligraphy'
[2026-07-28 15:34:26] [DEBUG   ] [semantic.standardizer] standardizer | Hyundai | No description patterns matched: 'Ultimate Calligraphy AWD'
[2026-07-28 15:34:26] [DEBUG   ] [chrome_api.mapper] mapper | HYUNDAI | SACW6N2DULBG | Applied standardization rules
[2026-07-28 15:34:26] [INFO    ] [chrome_api.mapper] mapper | HYUNDAI | Loaded 6 ENGINE_TYPE keywords: ['hev', 'hybrid', 'phev', 'ev', 'plug-in', 'electric']
[2026-07-28 15:34:26] [DEBUG   ] [chrome_api.mapper] mapper | HYUNDAI | SACW6N2DULBG | Searching text: 'santa fe ultimate calligraphy awd'
[2026-07-28 15:34:26] [DEBUG   ] [chrome_api.mapper] mapper | HYUNDAI | SACW6N2DULBG | No ENGINE_TYPE keyword found
[2026-07-28 15:34:26] [INFO    ] [chrome_api.mapper] mapper | HYUNDAI | SACW6N2DULBG | Row complete: model=Santa Fe, trim=Ultimate Calligraphy AWD, engine_type=None
[2026-07-28 15:34:26] [DEBUG   ] [chrome_api.mapper] mapper | HYUNDAI | SACW6N2DULBH | Extracted fields: year=2025, desc=Ultimate Calligraphy AWD w/Beige Interior, trim=Ultimate Calligraphy
[2026-07-28 15:34:26] [DEBUG   ] [chrome_api.mapper] mapper | HYUNDAI | SACW6N2DULBH | ModelName from ADS: Santa Fe
[2026-07-28 15:34:26] [DEBUG   ] [semantic.standardizer] standardizer | Hyundai | No trim alias found for: 'Ultimate Calligraphy'
[2026-07-28 15:34:26] [DEBUG   ] [semantic.standardizer] standardizer | Hyundai | No description patterns matched: 'Ultimate Calligraphy AWD w/Beige Interior'
[2026-07-28 15:34:26] [DEBUG   ] [chrome_api.mapper] mapper | HYUNDAI | SACW6N2DULBH | Applied standardization rules
[2026-07-28 15:34:26] [INFO    ] [chrome_api.mapper] mapper | HYUNDAI | Loaded 6 ENGINE_TYPE keywords: ['hev', 'hybrid', 'phev', 'ev', 'plug-in', 'electric']
[2026-07-28 15:34:26] [DEBUG   ] [chrome_api.mapper] mapper | HYUNDAI | SACW6N2DULBH | Searching text: 'santa fe ultimate calligraphy awd w/beige interior'
[2026-07-28 15:34:26] [DEBUG   ] [chrome_api.mapper] mapper | HYUNDAI | SACW6N2DULBH | No ENGINE_TYPE keyword found
[2026-07-28 15:34:26] [INFO    ] [chrome_api.mapper] mapper | HYUNDAI | SACW6N2DULBH | Row complete: model=Santa Fe, trim=Ultimate Calligraphy AWD w/Beige Interior, engine_type=None
[2026-07-28 15:34:26] [INFO    ] [chrome_api.mapper] mapper | ads_response_to_rows | Hyundai | Converted 4/4 trims to rows
[2026-07-28 15:34:26] [DEBUG   ] [chrome_api.service] refresh_from_ads | Hyundai 2025 Santa Fe | Converted 4 trims to rows
[2026-07-28 15:34:26] [DEBUG   ] [urllib3.connectionpool] https://demos.autodatasolutions.com:443 "POST /ADSDemo/api/full/ymmt/year/2025/make/Hyundai/model/Santa%20Fe%20Hybrid/ HTTP/1.1" 200 None
[2026-07-28 15:34:27] [INFO    ] [chrome_api.mapper] mapper | ads_response_to_rows | Hyundai | Processing 2 trims from ADS response
[2026-07-28 15:34:27] [DEBUG   ] [chrome_api.mapper] mapper | HYUNDAI | SAHW7G1APRHE | Extracted fields: year=2025, desc=Preferred AWD, trim=Preferred
[2026-07-28 15:34:27] [DEBUG   ] [chrome_api.mapper] mapper | HYUNDAI | SAHW7G1APRHE | ModelName from ADS: Santa Fe Hybrid
[2026-07-28 15:34:27] [DEBUG   ] [semantic.standardizer] standardizer | Hyundai | No trim alias found for: 'Preferred'
[2026-07-28 15:34:27] [DEBUG   ] [semantic.standardizer] standardizer | Hyundai | No description patterns matched: 'Preferred AWD'
[2026-07-28 15:34:27] [DEBUG   ] [chrome_api.mapper] mapper | HYUNDAI | SAHW7G1APRHE | Applied standardization rules
[2026-07-28 15:34:27] [INFO    ] [chrome_api.mapper] mapper | HYUNDAI | Loaded 6 ENGINE_TYPE keywords: ['hev', 'hybrid', 'phev', 'ev', 'plug-in', 'electric']
[2026-07-28 15:34:27] [DEBUG   ] [chrome_api.mapper] mapper | HYUNDAI | SAHW7G1APRHE | Searching text: 'santa fe hybrid preferred awd'
[2026-07-28 15:34:27] [DEBUG   ] [chrome_api.mapper] mapper | HYUNDAI | SAHW7G1APRHE | Found keyword 'hybrid' in 'Santa Fe Hybrid Preferred AWD'
[2026-07-28 15:34:27] [WARNING ] [chrome_api.mapper] mapper | HYUNDAI | SAHW7G1APRHE | Keyword 'hybrid' found but NOT in translator. Returning keyword as-is.
[2026-07-28 15:34:27] [INFO    ] [chrome_api.mapper] mapper | HYUNDAI | SAHW7G1APRHE | Row complete: model=Santa Fe Hybrid, trim=Preferred AWD, engine_type=hybrid
[2026-07-28 15:34:27] [DEBUG   ] [chrome_api.mapper] mapper | HYUNDAI | SAHW7G1APRTH | Extracted fields: year=2025, desc=Preferred AWD w/Trend Pkg, trim=Preferred
[2026-07-28 15:34:27] [DEBUG   ] [chrome_api.mapper] mapper | HYUNDAI | SAHW7G1APRTH | ModelName from ADS: Santa Fe Hybrid
[2026-07-28 15:34:27] [DEBUG   ] [semantic.standardizer] standardizer | Hyundai | No trim alias found for: 'Preferred'
[2026-07-28 15:34:27] [DEBUG   ] [semantic.standardizer] standardizer | Hyundai | No description patterns matched: 'Preferred AWD w/Trend Pkg'
[2026-07-28 15:34:27] [DEBUG   ] [chrome_api.mapper] mapper | HYUNDAI | SAHW7G1APRTH | Applied standardization rules
[2026-07-28 15:34:27] [INFO    ] [chrome_api.mapper] mapper | HYUNDAI | Loaded 6 ENGINE_TYPE keywords: ['hev', 'hybrid', 'phev', 'ev', 'plug-in', 'electric']
[2026-07-28 15:34:27] [DEBUG   ] [chrome_api.mapper] mapper | HYUNDAI | SAHW7G1APRTH | Searching text: 'santa fe hybrid preferred awd w/trend pkg'
[2026-07-28 15:34:27] [DEBUG   ] [chrome_api.mapper] mapper | HYUNDAI | SAHW7G1APRTH | Found keyword 'hybrid' in 'Santa Fe Hybrid Preferred AWD w/Trend Pkg'
[2026-07-28 15:34:27] [WARNING ] [chrome_api.mapper] mapper | HYUNDAI | SAHW7G1APRTH | Keyword 'hybrid' found but NOT in translator. Returning keyword as-is.
[2026-07-28 15:34:27] [INFO    ] [chrome_api.mapper] mapper | HYUNDAI | SAHW7G1APRTH | Row complete: model=Santa Fe Hybrid, trim=Preferred AWD w/Trend Pkg, engine_type=hybrid
[2026-07-28 15:34:27] [INFO    ] [chrome_api.mapper] mapper | ads_response_to_rows | Hyundai | Converted 2/2 trims to rows
[2026-07-28 15:34:27] [DEBUG   ] [chrome_api.service] refresh_from_ads | Hyundai 2025 Santa Fe Hybrid | Converted 2 trims to rows
[2026-07-28 15:34:27] [DEBUG   ] [urllib3.connectionpool] https://demos.autodatasolutions.com:443 "POST /ADSDemo/api/full/ymmt/year/2025/make/Hyundai/model/Sonata/ HTTP/1.1" 200 None
[2026-07-28 15:34:27] [INFO    ] [chrome_api.mapper] mapper | ads_response_to_rows | Hyundai | Processing 3 trims from ADS response
[2026-07-28 15:34:27] [DEBUG   ] [chrome_api.mapper] mapper | HYUNDAI | SOCS4J2EPRTR | Extracted fields: year=2025, desc=2.5L Preferred-Trend FWD, trim=Preferred-Trend
[2026-07-28 15:34:27] [DEBUG   ] [chrome_api.mapper] mapper | HYUNDAI | SOCS4J2EPRTR | ModelName from ADS: Sonata
[2026-07-28 15:34:27] [DEBUG   ] [semantic.standardizer] standardizer | Hyundai | No trim alias found for: 'Preferred-Trend'
[2026-07-28 15:34:27] [DEBUG   ] [semantic.standardizer] standardizer | Hyundai | No description patterns matched: '2.5L Preferred-Trend FWD'
[2026-07-28 15:34:27] [DEBUG   ] [chrome_api.mapper] mapper | HYUNDAI | SOCS4J2EPRTR | Applied standardization rules
[2026-07-28 15:34:27] [INFO    ] [chrome_api.mapper] mapper | HYUNDAI | Loaded 6 ENGINE_TYPE keywords: ['hev', 'hybrid', 'phev', 'ev', 'plug-in', 'electric']
[2026-07-28 15:34:27] [DEBUG   ] [chrome_api.mapper] mapper | HYUNDAI | SOCS4J2EPRTR | Searching text: 'sonata 2.5l preferred-trend fwd'
[2026-07-28 15:34:27] [DEBUG   ] [chrome_api.mapper] mapper | HYUNDAI | SOCS4J2EPRTR | No ENGINE_TYPE keyword found
[2026-07-28 15:34:27] [INFO    ] [chrome_api.mapper] mapper | HYUNDAI | SOCS4J2EPRTR | Row complete: model=Sonata, trim=2.5L Preferred-Trend FWD, engine_type=None
[2026-07-28 15:34:27] [DEBUG   ] [chrome_api.mapper] mapper | HYUNDAI | SOCS4M2DNL00 | Extracted fields: year=2025, desc=2.5T N Line Ultimate FWD, trim=N Line Ultimate
[2026-07-28 15:34:27] [DEBUG   ] [chrome_api.mapper] mapper | HYUNDAI | SOCS4M2DNL00 | ModelName from ADS: Sonata
[2026-07-28 15:34:27] [DEBUG   ] [chrome_api.mapper] mapper | HYUNDAI | SOCS4M2DNL00 | Applied standardization rules
[2026-07-28 15:34:27] [INFO    ] [chrome_api.mapper] mapper | HYUNDAI | Loaded 6 ENGINE_TYPE keywords: ['hev', 'hybrid', 'phev', 'ev', 'plug-in', 'electric']
[2026-07-28 15:34:27] [DEBUG   ] [chrome_api.mapper] mapper | HYUNDAI | SOCS4M2DNL00 | Searching text: 'sonata 2.5t n-line ultimate fwd'
[2026-07-28 15:34:27] [DEBUG   ] [chrome_api.mapper] mapper | HYUNDAI | SOCS4M2DNL00 | No ENGINE_TYPE keyword found
[2026-07-28 15:34:27] [INFO    ] [chrome_api.mapper] mapper | HYUNDAI | SOCS4M2DNL00 | Row complete: model=Sonata, trim=2.5T N-Line Ultimate FWD, engine_type=None
[2026-07-28 15:34:27] [DEBUG   ] [chrome_api.mapper] mapper | HYUNDAI | SOCS4K2EPRTR | Extracted fields: year=2025, desc=2.5L Preferred-Trend AWD, trim=Preferred-Trend
[2026-07-28 15:34:27] [DEBUG   ] [chrome_api.mapper] mapper | HYUNDAI | SOCS4K2EPRTR | ModelName from ADS: Sonata
[2026-07-28 15:34:27] [DEBUG   ] [semantic.standardizer] standardizer | Hyundai | No trim alias found for: 'Preferred-Trend'
[2026-07-28 15:34:27] [DEBUG   ] [semantic.standardizer] standardizer | Hyundai | No description patterns matched: '2.5L Preferred-Trend AWD'
[2026-07-28 15:34:27] [DEBUG   ] [chrome_api.mapper] mapper | HYUNDAI | SOCS4K2EPRTR | Applied standardization rules
[2026-07-28 15:34:27] [INFO    ] [chrome_api.mapper] mapper | HYUNDAI | Loaded 6 ENGINE_TYPE keywords: ['hev', 'hybrid', 'phev', 'ev', 'plug-in', 'electric']
[2026-07-28 15:34:27] [DEBUG   ] [chrome_api.mapper] mapper | HYUNDAI | SOCS4K2EPRTR | Searching text: 'sonata 2.5l preferred-trend awd'
[2026-07-28 15:34:27] [DEBUG   ] [chrome_api.mapper] mapper | HYUNDAI | SOCS4K2EPRTR | No ENGINE_TYPE keyword found
[2026-07-28 15:34:27] [INFO    ] [chrome_api.mapper] mapper | HYUNDAI | SOCS4K2EPRTR | Row complete: model=Sonata, trim=2.5L Preferred-Trend AWD, engine_type=None
[2026-07-28 15:34:27] [INFO    ] [chrome_api.mapper] mapper | ads_response_to_rows | Hyundai | Converted 3/3 trims to rows
[2026-07-28 15:34:27] [DEBUG   ] [chrome_api.service] refresh_from_ads | Hyundai 2025 Sonata | Converted 3 trims to rows
[2026-07-28 15:34:27] [DEBUG   ] [urllib3.connectionpool] https://demos.autodatasolutions.com:443 "POST /ADSDemo/api/full/ymmt/year/2025/make/Hyundai/model/Tucson/ HTTP/1.1" 200 None
[2026-07-28 15:34:28] [INFO    ] [chrome_api.mapper] mapper | ads_response_to_rows | Hyundai | Processing 5 trims from ADS response
[2026-07-28 15:34:28] [DEBUG   ] [chrome_api.mapper] mapper | HYUNDAI | TUCWDK2EPR00 | Extracted fields: year=2025, desc=Preferred AWD, trim=Preferred
[2026-07-28 15:34:28] [DEBUG   ] [chrome_api.mapper] mapper | HYUNDAI | TUCWDK2EPR00 | ModelName from ADS: Tucson
[2026-07-28 15:34:28] [DEBUG   ] [semantic.standardizer] standardizer | Hyundai | No trim alias found for: 'Preferred'
[2026-07-28 15:34:28] [DEBUG   ] [semantic.standardizer] standardizer | Hyundai | No description patterns matched: 'Preferred AWD'
[2026-07-28 15:34:28] [DEBUG   ] [chrome_api.mapper] mapper | HYUNDAI | TUCWDK2EPR00 | Applied standardization rules
[2026-07-28 15:34:28] [INFO    ] [chrome_api.mapper] mapper | HYUNDAI | Loaded 6 ENGINE_TYPE keywords: ['hev', 'hybrid', 'phev', 'ev', 'plug-in', 'electric']
[2026-07-28 15:34:28] [DEBUG   ] [chrome_api.mapper] mapper | HYUNDAI | TUCWDK2EPR00 | Searching text: 'tucson preferred awd'
[2026-07-28 15:34:28] [DEBUG   ] [chrome_api.mapper] mapper | HYUNDAI | TUCWDK2EPR00 | No ENGINE_TYPE keyword found
[2026-07-28 15:34:28] [INFO    ] [chrome_api.mapper] mapper | HYUNDAI | TUCWDK2EPR00 | Row complete: model=Tucson, trim=Preferred AWD, engine_type=None
[2026-07-28 15:34:28] [DEBUG   ] [chrome_api.mapper] mapper | HYUNDAI | TUCWDK2EPRTR | Extracted fields: year=2025, desc=Preferred AWD w/Trend Pkg, trim=Preferred
[2026-07-28 15:34:28] [DEBUG   ] [chrome_api.mapper] mapper | HYUNDAI | TUCWDK2EPRTR | ModelName from ADS: Tucson
[2026-07-28 15:34:28] [DEBUG   ] [semantic.standardizer] standardizer | Hyundai | No trim alias found for: 'Preferred'
[2026-07-28 15:34:28] [DEBUG   ] [semantic.standardizer] standardizer | Hyundai | No description patterns matched: 'Preferred AWD w/Trend Pkg'
[2026-07-28 15:34:28] [DEBUG   ] [chrome_api.mapper] mapper | HYUNDAI | TUCWDK2EPRTR | Applied standardization rules
[2026-07-28 15:34:28] [INFO    ] [chrome_api.mapper] mapper | HYUNDAI | Loaded 6 ENGINE_TYPE keywords: ['hev', 'hybrid', 'phev', 'ev', 'plug-in', 'electric']
[2026-07-28 15:34:28] [DEBUG   ] [chrome_api.mapper] mapper | HYUNDAI | TUCWDK2EPRTR | Searching text: 'tucson preferred awd w/trend pkg'
[2026-07-28 15:34:28] [DEBUG   ] [chrome_api.mapper] mapper | HYUNDAI | TUCWDK2EPRTR | No ENGINE_TYPE keyword found
[2026-07-28 15:34:28] [INFO    ] [chrome_api.mapper] mapper | HYUNDAI | TUCWDK2EPRTR | Row complete: model=Tucson, trim=Preferred AWD w/Trend Pkg, engine_type=None
[2026-07-28 15:34:28] [DEBUG   ] [chrome_api.mapper] mapper | HYUNDAI | TUCWDK2EXR00 | Extracted fields: year=2025, desc=XRT AWD, trim=XRT
[2026-07-28 15:34:28] [DEBUG   ] [chrome_api.mapper] mapper | HYUNDAI | TUCWDK2EXR00 | ModelName from ADS: Tucson
[2026-07-28 15:34:28] [DEBUG   ] [semantic.standardizer] standardizer | Hyundai | No trim alias found for: 'XRT'
[2026-07-28 15:34:28] [DEBUG   ] [semantic.standardizer] standardizer | Hyundai | No description patterns matched: 'XRT AWD'
[2026-07-28 15:34:28] [DEBUG   ] [chrome_api.mapper] mapper | HYUNDAI | TUCWDK2EXR00 | Applied standardization rules
[2026-07-28 15:34:28] [INFO    ] [chrome_api.mapper] mapper | HYUNDAI | Loaded 6 ENGINE_TYPE keywords: ['hev', 'hybrid', 'phev', 'ev', 'plug-in', 'electric']
[2026-07-28 15:34:28] [DEBUG   ] [chrome_api.mapper] mapper | HYUNDAI | TUCWDK2EXR00 | Searching text: 'tucson xrt awd'
[2026-07-28 15:34:28] [DEBUG   ] [chrome_api.mapper] mapper | HYUNDAI | TUCWDK2EXR00 | No ENGINE_TYPE keyword found
[2026-07-28 15:34:28] [INFO    ] [chrome_api.mapper] mapper | HYUNDAI | TUCWDK2EXR00 | Row complete: model=Tucson, trim=XRT AWD, engine_type=None
[2026-07-28 15:34:28] [DEBUG   ] [chrome_api.mapper] mapper | HYUNDAI | TUCWDK2EPM00 | Extracted fields: year=2025, desc=Preferred AWD, trim=Preferred
[2026-07-28 15:34:28] [DEBUG   ] [chrome_api.mapper] mapper | HYUNDAI | TUCWDK2EPM00 | ModelName from ADS: Tucson
[2026-07-28 15:34:28] [DEBUG   ] [semantic.standardizer] standardizer | Hyundai | No trim alias found for: 'Preferred'
[2026-07-28 15:34:28] [DEBUG   ] [semantic.standardizer] standardizer | Hyundai | No description patterns matched: 'Preferred AWD'
[2026-07-28 15:34:28] [DEBUG   ] [chrome_api.mapper] mapper | HYUNDAI | TUCWDK2EPM00 | Applied standardization rules
[2026-07-28 15:34:28] [INFO    ] [chrome_api.mapper] mapper | HYUNDAI | Loaded 6 ENGINE_TYPE keywords: ['hev', 'hybrid', 'phev', 'ev', 'plug-in', 'electric']
[2026-07-28 15:34:28] [DEBUG   ] [chrome_api.mapper] mapper | HYUNDAI | TUCWDK2EPM00 | Searching text: 'tucson preferred awd'
[2026-07-28 15:34:28] [DEBUG   ] [chrome_api.mapper] mapper | HYUNDAI | TUCWDK2EPM00 | No ENGINE_TYPE keyword found
[2026-07-28 15:34:28] [INFO    ] [chrome_api.mapper] mapper | HYUNDAI | TUCWDK2EPM00 | Row complete: model=Tucson, trim=Preferred AWD, engine_type=None
[2026-07-28 15:34:28] [DEBUG   ] [chrome_api.mapper] mapper | HYUNDAI | TUCWDK2EPMTM | Extracted fields: year=2025, desc=Preferred AWD w/Trend Pkg, trim=Preferred
[2026-07-28 15:34:28] [DEBUG   ] [chrome_api.mapper] mapper | HYUNDAI | TUCWDK2EPMTM | ModelName from ADS: Tucson
[2026-07-28 15:34:28] [DEBUG   ] [semantic.standardizer] standardizer | Hyundai | No trim alias found for: 'Preferred'
[2026-07-28 15:34:28] [DEBUG   ] [semantic.standardizer] standardizer | Hyundai | No description patterns matched: 'Preferred AWD w/Trend Pkg'
[2026-07-28 15:34:28] [DEBUG   ] [chrome_api.mapper] mapper | HYUNDAI | TUCWDK2EPMTM | Applied standardization rules
[2026-07-28 15:34:28] [INFO    ] [chrome_api.mapper] mapper | HYUNDAI | Loaded 6 ENGINE_TYPE keywords: ['hev', 'hybrid', 'phev', 'ev', 'plug-in', 'electric']
[2026-07-28 15:34:28] [DEBUG   ] [chrome_api.mapper] mapper | HYUNDAI | TUCWDK2EPMTM | Searching text: 'tucson preferred awd w/trend pkg'
[2026-07-28 15:34:28] [DEBUG   ] [chrome_api.mapper] mapper | HYUNDAI | TUCWDK2EPMTM | No ENGINE_TYPE keyword found
[2026-07-28 15:34:28] [INFO    ] [chrome_api.mapper] mapper | HYUNDAI | TUCWDK2EPMTM | Row complete: model=Tucson, trim=Preferred AWD w/Trend Pkg, engine_type=None
[2026-07-28 15:34:28] [INFO    ] [chrome_api.mapper] mapper | ads_response_to_rows | Hyundai | Converted 5/5 trims to rows
[2026-07-28 15:34:28] [DEBUG   ] [chrome_api.service] refresh_from_ads | Hyundai 2025 Tucson | Converted 5 trims to rows
[2026-07-28 15:34:28] [DEBUG   ] [urllib3.connectionpool] https://demos.autodatasolutions.com:443 "POST /ADSDemo/api/full/ymmt/year/2025/make/Hyundai/model/Tucson%20Hybrid/ HTTP/1.1" 200 None
[2026-07-28 15:34:29] [INFO    ] [chrome_api.mapper] mapper | ads_response_to_rows | Hyundai | Processing 2 trims from ADS response
[2026-07-28 15:34:29] [DEBUG   ] [chrome_api.mapper] mapper | HYUNDAI | TUHWDG1ANLHE | Extracted fields: year=2025, desc=N-Line AWD, trim=N-Line
[2026-07-28 15:34:29] [DEBUG   ] [chrome_api.mapper] mapper | HYUNDAI | TUHWDG1ANLHE | ModelName from ADS: Tucson Hybrid
[2026-07-28 15:34:29] [DEBUG   ] [semantic.standardizer] standardizer | Hyundai | No description patterns matched: 'N-Line AWD'
[2026-07-28 15:34:29] [DEBUG   ] [chrome_api.mapper] mapper | HYUNDAI | TUHWDG1ANLHE | Applied standardization rules
[2026-07-28 15:34:29] [INFO    ] [chrome_api.mapper] mapper | HYUNDAI | Loaded 6 ENGINE_TYPE keywords: ['hev', 'hybrid', 'phev', 'ev', 'plug-in', 'electric']
[2026-07-28 15:34:29] [DEBUG   ] [chrome_api.mapper] mapper | HYUNDAI | TUHWDG1ANLHE | Searching text: 'tucson hybrid n-line awd'
[2026-07-28 15:34:29] [DEBUG   ] [chrome_api.mapper] mapper | HYUNDAI | TUHWDG1ANLHE | Found keyword 'hybrid' in 'Tucson Hybrid N-Line AWD'
[2026-07-28 15:34:29] [WARNING ] [chrome_api.mapper] mapper | HYUNDAI | TUHWDG1ANLHE | Keyword 'hybrid' found but NOT in translator. Returning keyword as-is.
[2026-07-28 15:34:29] [INFO    ] [chrome_api.mapper] mapper | HYUNDAI | TUHWDG1ANLHE | Row complete: model=Tucson Hybrid, trim=N-Line AWD, engine_type=hybrid
[2026-07-28 15:34:29] [DEBUG   ] [chrome_api.mapper] mapper | HYUNDAI | TUHWDG1AULHE | Extracted fields: year=2025, desc=Ultimate AWD, trim=Ultimate
[2026-07-28 15:34:29] [DEBUG   ] [chrome_api.mapper] mapper | HYUNDAI | TUHWDG1AULHE | ModelName from ADS: Tucson Hybrid
[2026-07-28 15:34:29] [DEBUG   ] [semantic.standardizer] standardizer | Hyundai | No trim alias found for: 'Ultimate'
[2026-07-28 15:34:29] [DEBUG   ] [semantic.standardizer] standardizer | Hyundai | No description patterns matched: 'Ultimate AWD'
[2026-07-28 15:34:29] [DEBUG   ] [chrome_api.mapper] mapper | HYUNDAI | TUHWDG1AULHE | Applied standardization rules
[2026-07-28 15:34:29] [INFO    ] [chrome_api.mapper] mapper | HYUNDAI | Loaded 6 ENGINE_TYPE keywords: ['hev', 'hybrid', 'phev', 'ev', 'plug-in', 'electric']
[2026-07-28 15:34:29] [DEBUG   ] [chrome_api.mapper] mapper | HYUNDAI | TUHWDG1AULHE | Searching text: 'tucson hybrid ultimate awd'
[2026-07-28 15:34:29] [DEBUG   ] [chrome_api.mapper] mapper | HYUNDAI | TUHWDG1AULHE | Found keyword 'hybrid' in 'Tucson Hybrid Ultimate AWD'
[2026-07-28 15:34:29] [WARNING ] [chrome_api.mapper] mapper | HYUNDAI | TUHWDG1AULHE | Keyword 'hybrid' found but NOT in translator. Returning keyword as-is.
[2026-07-28 15:34:29] [INFO    ] [chrome_api.mapper] mapper | HYUNDAI | TUHWDG1AULHE | Row complete: model=Tucson Hybrid, trim=Ultimate AWD, engine_type=hybrid
[2026-07-28 15:34:29] [INFO    ] [chrome_api.mapper] mapper | ads_response_to_rows | Hyundai | Converted 2/2 trims to rows
[2026-07-28 15:34:29] [DEBUG   ] [chrome_api.service] refresh_from_ads | Hyundai 2025 Tucson Hybrid | Converted 2 trims to rows
[2026-07-28 15:34:29] [DEBUG   ] [urllib3.connectionpool] https://demos.autodatasolutions.com:443 "POST /ADSDemo/api/full/ymmt/year/2025/make/Hyundai/model/Tucson%20Plug-In%20Hybrid/ HTTP/1.1" 200 None
[2026-07-28 15:34:29] [INFO    ] [chrome_api.mapper] mapper | ads_response_to_rows | Hyundai | Processing 1 trims from ADS response
[2026-07-28 15:34:29] [DEBUG   ] [chrome_api.mapper] mapper | HYUNDAI | TUPWDG1AULPH | Extracted fields: year=2025, desc=Ultimate AWD, trim=Ultimate
[2026-07-28 15:34:29] [DEBUG   ] [chrome_api.mapper] mapper | HYUNDAI | TUPWDG1AULPH | ModelName from ADS: Tucson Plug-In Hybrid
[2026-07-28 15:34:29] [DEBUG   ] [semantic.standardizer] standardizer | Hyundai | No trim alias found for: 'Ultimate'
[2026-07-28 15:34:29] [DEBUG   ] [semantic.standardizer] standardizer | Hyundai | No description patterns matched: 'Ultimate AWD'
[2026-07-28 15:34:29] [DEBUG   ] [chrome_api.mapper] mapper | HYUNDAI | TUPWDG1AULPH | Applied standardization rules
[2026-07-28 15:34:29] [INFO    ] [chrome_api.mapper] mapper | HYUNDAI | Loaded 6 ENGINE_TYPE keywords: ['hev', 'hybrid', 'phev', 'ev', 'plug-in', 'electric']
[2026-07-28 15:34:29] [DEBUG   ] [chrome_api.mapper] mapper | HYUNDAI | TUPWDG1AULPH | Searching text: 'tucson plug-in hybrid ultimate awd'
[2026-07-28 15:34:29] [DEBUG   ] [chrome_api.mapper] mapper | HYUNDAI | TUPWDG1AULPH | Found keyword 'hybrid' in 'Tucson Plug-In Hybrid Ultimate AWD'
[2026-07-28 15:34:29] [WARNING ] [chrome_api.mapper] mapper | HYUNDAI | TUPWDG1AULPH | Keyword 'hybrid' found but NOT in translator. Returning keyword as-is.
[2026-07-28 15:34:29] [INFO    ] [chrome_api.mapper] mapper | HYUNDAI | TUPWDG1AULPH | Row complete: model=Tucson Plug-In Hybrid, trim=Ultimate AWD, engine_type=hybrid
[2026-07-28 15:34:29] [INFO    ] [chrome_api.mapper] mapper | ads_response_to_rows | Hyundai | Converted 1/1 trims to rows
[2026-07-28 15:34:29] [DEBUG   ] [chrome_api.service] refresh_from_ads | Hyundai 2025 Tucson Plug-In Hybrid | Converted 1 trims to rows
[2026-07-28 15:34:29] [DEBUG   ] [urllib3.connectionpool] https://demos.autodatasolutions.com:443 "POST /ADSDemo/api/full/ymmt/year/2025/make/Hyundai/model/Venue/ HTTP/1.1" 200 None
[2026-07-28 15:34:30] [INFO    ] [chrome_api.mapper] mapper | ads_response_to_rows | Hyundai | Processing 6 trims from ADS response
[2026-07-28 15:34:30] [DEBUG   ] [chrome_api.mapper] mapper | HYUNDAI | VNCW5V1FES00 | Extracted fields: year=2025, desc=Essential IVT, trim=Essential
[2026-07-28 15:34:30] [DEBUG   ] [chrome_api.mapper] mapper | HYUNDAI | VNCW5V1FES00 | ModelName from ADS: Venue
[2026-07-28 15:34:30] [DEBUG   ] [semantic.standardizer] standardizer | Hyundai | No trim alias found for: 'Essential'
[2026-07-28 15:34:30] [DEBUG   ] [semantic.standardizer] standardizer | Hyundai | No description patterns matched: 'Essential IVT'
[2026-07-28 15:34:30] [DEBUG   ] [chrome_api.mapper] mapper | HYUNDAI | VNCW5V1FES00 | Applied standardization rules
[2026-07-28 15:34:30] [INFO    ] [chrome_api.mapper] mapper | HYUNDAI | Loaded 6 ENGINE_TYPE keywords: ['hev', 'hybrid', 'phev', 'ev', 'plug-in', 'electric']
[2026-07-28 15:34:30] [DEBUG   ] [chrome_api.mapper] mapper | HYUNDAI | VNCW5V1FES00 | Searching text: 'venue essential ivt'
[2026-07-28 15:34:30] [DEBUG   ] [chrome_api.mapper] mapper | HYUNDAI | VNCW5V1FES00 | No ENGINE_TYPE keyword found
[2026-07-28 15:34:30] [INFO    ] [chrome_api.mapper] mapper | HYUNDAI | VNCW5V1FES00 | Row complete: model=Venue, trim=Essential IVT, engine_type=None
[2026-07-28 15:34:30] [DEBUG   ] [chrome_api.mapper] mapper | HYUNDAI | VNCW5V1FESTT | Extracted fields: year=2025, desc=Essential IVT w/Two-Tone, trim=Essential
[2026-07-28 15:34:30] [DEBUG   ] [chrome_api.mapper] mapper | HYUNDAI | VNCW5V1FESTT | ModelName from ADS: Venue
[2026-07-28 15:34:30] [DEBUG   ] [semantic.standardizer] standardizer | Hyundai | No trim alias found for: 'Essential'
[2026-07-28 15:34:30] [DEBUG   ] [semantic.standardizer] standardizer | Hyundai | No description patterns matched: 'Essential IVT w/Two-Tone'
[2026-07-28 15:34:30] [DEBUG   ] [chrome_api.mapper] mapper | HYUNDAI | VNCW5V1FESTT | Applied standardization rules
[2026-07-28 15:34:30] [INFO    ] [chrome_api.mapper] mapper | HYUNDAI | Loaded 6 ENGINE_TYPE keywords: ['hev', 'hybrid', 'phev', 'ev', 'plug-in', 'electric']
[2026-07-28 15:34:30] [DEBUG   ] [chrome_api.mapper] mapper | HYUNDAI | VNCW5V1FESTT | Searching text: 'venue essential ivt w/two-tone'
[2026-07-28 15:34:30] [DEBUG   ] [chrome_api.mapper] mapper | HYUNDAI | VNCW5V1FESTT | No ENGINE_TYPE keyword found
[2026-07-28 15:34:30] [INFO    ] [chrome_api.mapper] mapper | HYUNDAI | VNCW5V1FESTT | Row complete: model=Venue, trim=Essential IVT w/Two-Tone, engine_type=None
[2026-07-28 15:34:30] [DEBUG   ] [chrome_api.mapper] mapper | HYUNDAI | VNCW5V1FPR00 | Extracted fields: year=2025, desc=Preferred IVT, trim=Preferred
[2026-07-28 15:34:30] [DEBUG   ] [chrome_api.mapper] mapper | HYUNDAI | VNCW5V1FPR00 | ModelName from ADS: Venue
[2026-07-28 15:34:30] [DEBUG   ] [semantic.standardizer] standardizer | Hyundai | No trim alias found for: 'Preferred'
[2026-07-28 15:34:30] [DEBUG   ] [semantic.standardizer] standardizer | Hyundai | No description patterns matched: 'Preferred IVT'
[2026-07-28 15:34:30] [DEBUG   ] [chrome_api.mapper] mapper | HYUNDAI | VNCW5V1FPR00 | Applied standardization rules
[2026-07-28 15:34:30] [INFO    ] [chrome_api.mapper] mapper | HYUNDAI | Loaded 6 ENGINE_TYPE keywords: ['hev', 'hybrid', 'phev', 'ev', 'plug-in', 'electric']
[2026-07-28 15:34:30] [DEBUG   ] [chrome_api.mapper] mapper | HYUNDAI | VNCW5V1FPR00 | Searching text: 'venue preferred ivt'
[2026-07-28 15:34:30] [DEBUG   ] [chrome_api.mapper] mapper | HYUNDAI | VNCW5V1FPR00 | No ENGINE_TYPE keyword found
[2026-07-28 15:34:30] [INFO    ] [chrome_api.mapper] mapper | HYUNDAI | VNCW5V1FPR00 | Row complete: model=Venue, trim=Preferred IVT, engine_type=None
[2026-07-28 15:34:30] [DEBUG   ] [chrome_api.mapper] mapper | HYUNDAI | VNCW5V1FPRTT | Extracted fields: year=2025, desc=Preferred IVT w/Two-Tone, trim=Preferred
[2026-07-28 15:34:30] [DEBUG   ] [chrome_api.mapper] mapper | HYUNDAI | VNCW5V1FPRTT | ModelName from ADS: Venue
[2026-07-28 15:34:30] [DEBUG   ] [semantic.standardizer] standardizer | Hyundai | No trim alias found for: 'Preferred'
[2026-07-28 15:34:30] [DEBUG   ] [semantic.standardizer] standardizer | Hyundai | No description patterns matched: 'Preferred IVT w/Two-Tone'
[2026-07-28 15:34:30] [DEBUG   ] [chrome_api.mapper] mapper | HYUNDAI | VNCW5V1FPRTT | Applied standardization rules
[2026-07-28 15:34:30] [INFO    ] [chrome_api.mapper] mapper | HYUNDAI | Loaded 6 ENGINE_TYPE keywords: ['hev', 'hybrid', 'phev', 'ev', 'plug-in', 'electric']
[2026-07-28 15:34:30] [DEBUG   ] [chrome_api.mapper] mapper | HYUNDAI | VNCW5V1FPRTT | Searching text: 'venue preferred ivt w/two-tone'
[2026-07-28 15:34:30] [DEBUG   ] [chrome_api.mapper] mapper | HYUNDAI | VNCW5V1FPRTT | No ENGINE_TYPE keyword found
[2026-07-28 15:34:30] [INFO    ] [chrome_api.mapper] mapper | HYUNDAI | VNCW5V1FPRTT | Row complete: model=Venue, trim=Preferred IVT w/Two-Tone, engine_type=None
[2026-07-28 15:34:30] [DEBUG   ] [chrome_api.mapper] mapper | HYUNDAI | VNCW5V1FUL00 | Extracted fields: year=2025, desc=Ultimate IVT w/Black Interior, trim=Ultimate
[2026-07-28 15:34:30] [DEBUG   ] [chrome_api.mapper] mapper | HYUNDAI | VNCW5V1FUL00 | ModelName from ADS: Venue
[2026-07-28 15:34:30] [DEBUG   ] [semantic.standardizer] standardizer | Hyundai | No trim alias found for: 'Ultimate'
[2026-07-28 15:34:30] [DEBUG   ] [semantic.standardizer] standardizer | Hyundai | No description patterns matched: 'Ultimate IVT w/Black Interior'
[2026-07-28 15:34:30] [DEBUG   ] [chrome_api.mapper] mapper | HYUNDAI | VNCW5V1FUL00 | Applied standardization rules
[2026-07-28 15:34:30] [INFO    ] [chrome_api.mapper] mapper | HYUNDAI | Loaded 6 ENGINE_TYPE keywords: ['hev', 'hybrid', 'phev', 'ev', 'plug-in', 'electric']
[2026-07-28 15:34:30] [DEBUG   ] [chrome_api.mapper] mapper | HYUNDAI | VNCW5V1FUL00 | Searching text: 'venue ultimate ivt w/black interior'
[2026-07-28 15:34:30] [DEBUG   ] [chrome_api.mapper] mapper | HYUNDAI | VNCW5V1FUL00 | No ENGINE_TYPE keyword found
[2026-07-28 15:34:30] [INFO    ] [chrome_api.mapper] mapper | HYUNDAI | VNCW5V1FUL00 | Row complete: model=Venue, trim=Ultimate IVT w/Black Interior, engine_type=None
[2026-07-28 15:34:30] [DEBUG   ] [chrome_api.mapper] mapper | HYUNDAI | VNCW5V1FULCP | Extracted fields: year=2025, desc=Ultimate IVT w/Denim Interior, trim=Ultimate
[2026-07-28 15:34:30] [DEBUG   ] [chrome_api.mapper] mapper | HYUNDAI | VNCW5V1FULCP | ModelName from ADS: Venue
[2026-07-28 15:34:30] [DEBUG   ] [semantic.standardizer] standardizer | Hyundai | No trim alias found for: 'Ultimate'
[2026-07-28 15:34:30] [DEBUG   ] [semantic.standardizer] standardizer | Hyundai | No description patterns matched: 'Ultimate IVT w/Denim Interior'
[2026-07-28 15:34:30] [DEBUG   ] [chrome_api.mapper] mapper | HYUNDAI | VNCW5V1FULCP | Applied standardization rules
[2026-07-28 15:34:30] [INFO    ] [chrome_api.mapper] mapper | HYUNDAI | Loaded 6 ENGINE_TYPE keywords: ['hev', 'hybrid', 'phev', 'ev', 'plug-in', 'electric']
[2026-07-28 15:34:30] [DEBUG   ] [chrome_api.mapper] mapper | HYUNDAI | VNCW5V1FULCP | Searching text: 'venue ultimate ivt w/denim interior'
[2026-07-28 15:34:30] [DEBUG   ] [chrome_api.mapper] mapper | HYUNDAI | VNCW5V1FULCP | No ENGINE_TYPE keyword found
[2026-07-28 15:34:30] [INFO    ] [chrome_api.mapper] mapper | HYUNDAI | VNCW5V1FULCP | Row complete: model=Venue, trim=Ultimate IVT w/Denim Interior, engine_type=None
[2026-07-28 15:34:30] [INFO    ] [chrome_api.mapper] mapper | ads_response_to_rows | Hyundai | Converted 6/6 trims to rows
[2026-07-28 15:34:30] [DEBUG   ] [chrome_api.service] refresh_from_ads | Hyundai 2025 Venue | Converted 6 trims to rows
[2026-07-28 15:34:30] [DEBUG   ] [urllib3.connectionpool] https://demos.autodatasolutions.com:443 "GET /ADSDemo/api/ymmt/models/make/Hyundai/year/2026/country/CA/language/en?sort=ASC HTTP/1.1" 200 None
[2026-07-28 15:34:30] [DEBUG   ] [urllib3.connectionpool] https://demos.autodatasolutions.com:443 "POST /ADSDemo/api/full/ymmt/year/2026/make/Hyundai/model/Elantra/ HTTP/1.1" 200 None
[2026-07-28 15:34:31] [INFO    ] [chrome_api.mapper] mapper | ads_response_to_rows | Hyundai | Processing 6 trims from ADS response
[2026-07-28 15:34:31] [DEBUG   ] [chrome_api.mapper] mapper | HYUNDAI | ELCS4V2BES00 | Extracted fields: year=2026, desc=Essential IVT, trim=Essential
[2026-07-28 15:34:31] [DEBUG   ] [chrome_api.mapper] mapper | HYUNDAI | ELCS4V2BES00 | ModelName from ADS: Elantra
[2026-07-28 15:34:31] [DEBUG   ] [semantic.standardizer] standardizer | Hyundai | No trim alias found for: 'Essential'
[2026-07-28 15:34:31] [DEBUG   ] [semantic.standardizer] standardizer | Hyundai | No description patterns matched: 'Essential IVT'
[2026-07-28 15:34:31] [DEBUG   ] [chrome_api.mapper] mapper | HYUNDAI | ELCS4V2BES00 | Applied standardization rules
[2026-07-28 15:34:31] [INFO    ] [chrome_api.mapper] mapper | HYUNDAI | Loaded 6 ENGINE_TYPE keywords: ['hev', 'hybrid', 'phev', 'ev', 'plug-in', 'electric']
[2026-07-28 15:34:31] [DEBUG   ] [chrome_api.mapper] mapper | HYUNDAI | ELCS4V2BES00 | Searching text: 'elantra essential ivt'
[2026-07-28 15:34:31] [DEBUG   ] [chrome_api.mapper] mapper | HYUNDAI | ELCS4V2BES00 | No ENGINE_TYPE keyword found
[2026-07-28 15:34:31] [INFO    ] [chrome_api.mapper] mapper | HYUNDAI | ELCS4V2BES00 | Row complete: model=Elantra, trim=Essential IVT, engine_type=None
[2026-07-28 15:34:31] [DEBUG   ] [chrome_api.mapper] mapper | HYUNDAI | ELCS4V2BPR00 | Extracted fields: year=2026, desc=Preferred IVT, trim=Preferred
[2026-07-28 15:34:31] [DEBUG   ] [chrome_api.mapper] mapper | HYUNDAI | ELCS4V2BPR00 | ModelName from ADS: Elantra
[2026-07-28 15:34:31] [DEBUG   ] [semantic.standardizer] standardizer | Hyundai | No trim alias found for: 'Preferred'
[2026-07-28 15:34:31] [DEBUG   ] [semantic.standardizer] standardizer | Hyundai | No description patterns matched: 'Preferred IVT'
[2026-07-28 15:34:31] [DEBUG   ] [chrome_api.mapper] mapper | HYUNDAI | ELCS4V2BPR00 | Applied standardization rules
[2026-07-28 15:34:31] [INFO    ] [chrome_api.mapper] mapper | HYUNDAI | Loaded 6 ENGINE_TYPE keywords: ['hev', 'hybrid', 'phev', 'ev', 'plug-in', 'electric']
[2026-07-28 15:34:31] [DEBUG   ] [chrome_api.mapper] mapper | HYUNDAI | ELCS4V2BPR00 | Searching text: 'elantra preferred ivt'
[2026-07-28 15:34:31] [DEBUG   ] [chrome_api.mapper] mapper | HYUNDAI | ELCS4V2BPR00 | No ENGINE_TYPE keyword found
[2026-07-28 15:34:31] [INFO    ] [chrome_api.mapper] mapper | HYUNDAI | ELCS4V2BPR00 | Row complete: model=Elantra, trim=Preferred IVT, engine_type=None
[2026-07-28 15:34:31] [DEBUG   ] [chrome_api.mapper] mapper | HYUNDAI | ELCS4V2BPRTE | Extracted fields: year=2026, desc=Preferred IVT w/Tech Pkg, trim=Preferred
[2026-07-28 15:34:31] [DEBUG   ] [chrome_api.mapper] mapper | HYUNDAI | ELCS4V2BPRTE | ModelName from ADS: Elantra
[2026-07-28 15:34:31] [DEBUG   ] [semantic.standardizer] standardizer | Hyundai | No trim alias found for: 'Preferred'
[2026-07-28 15:34:31] [DEBUG   ] [semantic.standardizer] standardizer | Hyundai | No description patterns matched: 'Preferred IVT w/Tech Pkg'
[2026-07-28 15:34:31] [DEBUG   ] [chrome_api.mapper] mapper | HYUNDAI | ELCS4V2BPRTE | Applied standardization rules
[2026-07-28 15:34:31] [INFO    ] [chrome_api.mapper] mapper | HYUNDAI | Loaded 6 ENGINE_TYPE keywords: ['hev', 'hybrid', 'phev', 'ev', 'plug-in', 'electric']
[2026-07-28 15:34:31] [DEBUG   ] [chrome_api.mapper] mapper | HYUNDAI | ELCS4V2BPRTE | Searching text: 'elantra preferred ivt w/tech pkg'
[2026-07-28 15:34:31] [DEBUG   ] [chrome_api.mapper] mapper | HYUNDAI | ELCS4V2BPRTE | No ENGINE_TYPE keyword found
[2026-07-28 15:34:31] [INFO    ] [chrome_api.mapper] mapper | HYUNDAI | ELCS4V2BPRTE | Row complete: model=Elantra, trim=Preferred IVT w/Tech Pkg, engine_type=None
[2026-07-28 15:34:31] [DEBUG   ] [chrome_api.mapper] mapper | HYUNDAI | ELCS4V2BLU00 | Extracted fields: year=2026, desc=Luxury IVT, trim=Luxury
[2026-07-28 15:34:31] [DEBUG   ] [chrome_api.mapper] mapper | HYUNDAI | ELCS4V2BLU00 | ModelName from ADS: Elantra
[2026-07-28 15:34:31] [DEBUG   ] [semantic.standardizer] standardizer | Hyundai | No trim alias found for: 'Luxury'
[2026-07-28 15:34:31] [DEBUG   ] [semantic.standardizer] standardizer | Hyundai | No description patterns matched: 'Luxury IVT'
[2026-07-28 15:34:31] [DEBUG   ] [chrome_api.mapper] mapper | HYUNDAI | ELCS4V2BLU00 | Applied standardization rules
[2026-07-28 15:34:31] [INFO    ] [chrome_api.mapper] mapper | HYUNDAI | Loaded 6 ENGINE_TYPE keywords: ['hev', 'hybrid', 'phev', 'ev', 'plug-in', 'electric']
[2026-07-28 15:34:31] [DEBUG   ] [chrome_api.mapper] mapper | HYUNDAI | ELCS4V2BLU00 | Searching text: 'elantra luxury ivt'
[2026-07-28 15:34:31] [DEBUG   ] [chrome_api.mapper] mapper | HYUNDAI | ELCS4V2BLU00 | No ENGINE_TYPE keyword found
[2026-07-28 15:34:31] [INFO    ] [chrome_api.mapper] mapper | HYUNDAI | ELCS4V2BLU00 | Row complete: model=Elantra, trim=Luxury IVT, engine_type=None
[2026-07-28 15:34:31] [DEBUG   ] [chrome_api.mapper] mapper | HYUNDAI | ELCS4V2BLUME | Extracted fields: year=2026, desc=Luxury IVT w/Two-Tone Interior, trim=Luxury
[2026-07-28 15:34:31] [DEBUG   ] [chrome_api.mapper] mapper | HYUNDAI | ELCS4V2BLUME | ModelName from ADS: Elantra
[2026-07-28 15:34:31] [DEBUG   ] [semantic.standardizer] standardizer | Hyundai | No trim alias found for: 'Luxury'
[2026-07-28 15:34:31] [DEBUG   ] [semantic.standardizer] standardizer | Hyundai | No description patterns matched: 'Luxury IVT w/Two-Tone Interior'
[2026-07-28 15:34:31] [DEBUG   ] [chrome_api.mapper] mapper | HYUNDAI | ELCS4V2BLUME | Applied standardization rules
[2026-07-28 15:34:31] [INFO    ] [chrome_api.mapper] mapper | HYUNDAI | Loaded 6 ENGINE_TYPE keywords: ['hev', 'hybrid', 'phev', 'ev', 'plug-in', 'electric']
[2026-07-28 15:34:31] [DEBUG   ] [chrome_api.mapper] mapper | HYUNDAI | ELCS4V2BLUME | Searching text: 'elantra luxury ivt w/two-tone interior'
[2026-07-28 15:34:31] [DEBUG   ] [chrome_api.mapper] mapper | HYUNDAI | ELCS4V2BLUME | No ENGINE_TYPE keyword found
[2026-07-28 15:34:31] [INFO    ] [chrome_api.mapper] mapper | HYUNDAI | ELCS4V2BLUME | Row complete: model=Elantra, trim=Luxury IVT w/Two-Tone Interior, engine_type=None
[2026-07-28 15:34:31] [DEBUG   ] [chrome_api.mapper] mapper | HYUNDAI | ELCS4U1ANLUL | Extracted fields: year=2026, desc=N Line Ultimate DCT, trim=N Line Ultimate
[2026-07-28 15:34:31] [DEBUG   ] [chrome_api.mapper] mapper | HYUNDAI | ELCS4U1ANLUL | ModelName from ADS: Elantra
[2026-07-28 15:34:31] [DEBUG   ] [chrome_api.mapper] mapper | HYUNDAI | ELCS4U1ANLUL | Applied standardization rules
[2026-07-28 15:34:31] [INFO    ] [chrome_api.mapper] mapper | HYUNDAI | Loaded 6 ENGINE_TYPE keywords: ['hev', 'hybrid', 'phev', 'ev', 'plug-in', 'electric']
[2026-07-28 15:34:31] [DEBUG   ] [chrome_api.mapper] mapper | HYUNDAI | ELCS4U1ANLUL | Searching text: 'elantra n-line ultimate dct'
[2026-07-28 15:34:31] [DEBUG   ] [chrome_api.mapper] mapper | HYUNDAI | ELCS4U1ANLUL | No ENGINE_TYPE keyword found
[2026-07-28 15:34:31] [INFO    ] [chrome_api.mapper] mapper | HYUNDAI | ELCS4U1ANLUL | Row complete: model=Elantra, trim=N-Line Ultimate DCT, engine_type=None
[2026-07-28 15:34:31] [INFO    ] [chrome_api.mapper] mapper | ads_response_to_rows | Hyundai | Converted 6/6 trims to rows
[2026-07-28 15:34:31] [DEBUG   ] [chrome_api.service] refresh_from_ads | Hyundai 2026 Elantra | Converted 6 trims to rows
[2026-07-28 15:34:31] [DEBUG   ] [urllib3.connectionpool] https://demos.autodatasolutions.com:443 "POST /ADSDemo/api/full/ymmt/year/2026/make/Hyundai/model/Elantra%20Hybrid/ HTTP/1.1" 200 None
[2026-07-28 15:34:32] [INFO    ] [chrome_api.mapper] mapper | ads_response_to_rows | Hyundai | Processing 2 trims from ADS response
[2026-07-28 15:34:32] [DEBUG   ] [chrome_api.mapper] mapper | HYUNDAI | ELHS4T1BLUHE | Extracted fields: year=2026, desc=Luxury Sedan, trim=Luxury
[2026-07-28 15:34:32] [DEBUG   ] [chrome_api.mapper] mapper | HYUNDAI | ELHS4T1BLUHE | ModelName from ADS: Elantra Hybrid
[2026-07-28 15:34:32] [DEBUG   ] [semantic.standardizer] standardizer | Hyundai | No trim alias found for: 'Luxury'
[2026-07-28 15:34:32] [DEBUG   ] [semantic.standardizer] standardizer | Hyundai | No description patterns matched: 'Luxury Sedan'
[2026-07-28 15:34:32] [DEBUG   ] [chrome_api.mapper] mapper | HYUNDAI | ELHS4T1BLUHE | Applied standardization rules
[2026-07-28 15:34:32] [INFO    ] [chrome_api.mapper] mapper | HYUNDAI | Loaded 6 ENGINE_TYPE keywords: ['hev', 'hybrid', 'phev', 'ev', 'plug-in', 'electric']
[2026-07-28 15:34:32] [DEBUG   ] [chrome_api.mapper] mapper | HYUNDAI | ELHS4T1BLUHE | Searching text: 'elantra hybrid luxury sedan'
[2026-07-28 15:34:32] [DEBUG   ] [chrome_api.mapper] mapper | HYUNDAI | ELHS4T1BLUHE | Found keyword 'hybrid' in 'Elantra Hybrid Luxury Sedan'
[2026-07-28 15:34:32] [WARNING ] [chrome_api.mapper] mapper | HYUNDAI | ELHS4T1BLUHE | Keyword 'hybrid' found but NOT in translator. Returning keyword as-is.
[2026-07-28 15:34:32] [INFO    ] [chrome_api.mapper] mapper | HYUNDAI | ELHS4T1BLUHE | Row complete: model=Elantra Hybrid, trim=Luxury Sedan, engine_type=hybrid
[2026-07-28 15:34:32] [DEBUG   ] [chrome_api.mapper] mapper | HYUNDAI | ELHS4T1BLUHM | Extracted fields: year=2026, desc=Luxury Sedan w/Two-Tone Interior, trim=Luxury
[2026-07-28 15:34:32] [DEBUG   ] [chrome_api.mapper] mapper | HYUNDAI | ELHS4T1BLUHM | ModelName from ADS: Elantra Hybrid
[2026-07-28 15:34:32] [DEBUG   ] [semantic.standardizer] standardizer | Hyundai | No trim alias found for: 'Luxury'
[2026-07-28 15:34:32] [DEBUG   ] [semantic.standardizer] standardizer | Hyundai | No description patterns matched: 'Luxury Sedan w/Two-Tone Interior'
[2026-07-28 15:34:32] [DEBUG   ] [chrome_api.mapper] mapper | HYUNDAI | ELHS4T1BLUHM | Applied standardization rules
[2026-07-28 15:34:32] [INFO    ] [chrome_api.mapper] mapper | HYUNDAI | Loaded 6 ENGINE_TYPE keywords: ['hev', 'hybrid', 'phev', 'ev', 'plug-in', 'electric']
[2026-07-28 15:34:32] [DEBUG   ] [chrome_api.mapper] mapper | HYUNDAI | ELHS4T1BLUHM | Searching text: 'elantra hybrid luxury sedan w/two-tone interior'
[2026-07-28 15:34:32] [DEBUG   ] [chrome_api.mapper] mapper | HYUNDAI | ELHS4T1BLUHM | Found keyword 'hybrid' in 'Elantra Hybrid Luxury Sedan w/Two-Tone Interior'
[2026-07-28 15:34:32] [WARNING ] [chrome_api.mapper] mapper | HYUNDAI | ELHS4T1BLUHM | Keyword 'hybrid' found but NOT in translator. Returning keyword as-is.
[2026-07-28 15:34:32] [INFO    ] [chrome_api.mapper] mapper | HYUNDAI | ELHS4T1BLUHM | Row complete: model=Elantra Hybrid, trim=Luxury Sedan w/Two-Tone Interior, engine_type=hybrid
[2026-07-28 15:34:32] [INFO    ] [chrome_api.mapper] mapper | ads_response_to_rows | Hyundai | Converted 2/2 trims to rows
[2026-07-28 15:34:32] [DEBUG   ] [chrome_api.service] refresh_from_ads | Hyundai 2026 Elantra Hybrid | Converted 2 trims to rows
[2026-07-28 15:34:32] [DEBUG   ] [urllib3.connectionpool] https://demos.autodatasolutions.com:443 "POST /ADSDemo/api/full/ymmt/year/2026/make/Hyundai/model/Elantra%20N/ HTTP/1.1" 200 None
[2026-07-28 15:34:32] [INFO    ] [chrome_api.mapper] mapper | ads_response_to_rows | Hyundai | Processing 4 trims from ADS response
[2026-07-28 15:34:32] [DEBUG   ] [chrome_api.mapper] mapper | HYUNDAI | ELCS472ANN00 | Extracted fields: year=2026, desc=Manual, trim=None
[2026-07-28 15:34:32] [DEBUG   ] [chrome_api.mapper] mapper | HYUNDAI | ELCS472ANN00 | ModelName from ADS: Elantra N
[2026-07-28 15:34:32] [DEBUG   ] [semantic.standardizer] standardizer | Hyundai | No description patterns matched: 'Manual'
[2026-07-28 15:34:32] [DEBUG   ] [chrome_api.mapper] mapper | HYUNDAI | ELCS472ANN00 | Applied standardization rules
[2026-07-28 15:34:32] [INFO    ] [chrome_api.mapper] mapper | HYUNDAI | Loaded 6 ENGINE_TYPE keywords: ['hev', 'hybrid', 'phev', 'ev', 'plug-in', 'electric']
[2026-07-28 15:34:32] [DEBUG   ] [chrome_api.mapper] mapper | HYUNDAI | ELCS472ANN00 | Searching text: 'elantra n manual'
[2026-07-28 15:34:32] [DEBUG   ] [chrome_api.mapper] mapper | HYUNDAI | ELCS472ANN00 | No ENGINE_TYPE keyword found
[2026-07-28 15:34:32] [INFO    ] [chrome_api.mapper] mapper | HYUNDAI | ELCS472ANN00 | Row complete: model=Elantra N, trim=Manual, engine_type=None
[2026-07-28 15:34:32] [DEBUG   ] [chrome_api.mapper] mapper | HYUNDAI | ELCS4M2ANN00 | Extracted fields: year=2026, desc=DCT, trim=None
[2026-07-28 15:34:32] [DEBUG   ] [chrome_api.mapper] mapper | HYUNDAI | ELCS4M2ANN00 | ModelName from ADS: Elantra N
[2026-07-28 15:34:32] [DEBUG   ] [semantic.standardizer] standardizer | Hyundai | No description patterns matched: 'DCT'
[2026-07-28 15:34:32] [DEBUG   ] [chrome_api.mapper] mapper | HYUNDAI | ELCS4M2ANN00 | Applied standardization rules
[2026-07-28 15:34:32] [INFO    ] [chrome_api.mapper] mapper | HYUNDAI | Loaded 6 ENGINE_TYPE keywords: ['hev', 'hybrid', 'phev', 'ev', 'plug-in', 'electric']
[2026-07-28 15:34:32] [DEBUG   ] [chrome_api.mapper] mapper | HYUNDAI | ELCS4M2ANN00 | Searching text: 'elantra n dct'
[2026-07-28 15:34:32] [DEBUG   ] [chrome_api.mapper] mapper | HYUNDAI | ELCS4M2ANN00 | No ENGINE_TYPE keyword found
[2026-07-28 15:34:32] [INFO    ] [chrome_api.mapper] mapper | HYUNDAI | ELCS4M2ANN00 | Row complete: model=Elantra N, trim=DCT, engine_type=None
[2026-07-28 15:34:32] [DEBUG   ] [chrome_api.mapper] mapper | HYUNDAI | ELCS472ANNTC | Extracted fields: year=2026, desc=TCR Manual, trim=TCR
[2026-07-28 15:34:32] [DEBUG   ] [chrome_api.mapper] mapper | HYUNDAI | ELCS472ANNTC | ModelName from ADS: Elantra N
[2026-07-28 15:34:32] [DEBUG   ] [semantic.standardizer] standardizer | Hyundai | No trim alias found for: 'TCR'
[2026-07-28 15:34:32] [DEBUG   ] [semantic.standardizer] standardizer | Hyundai | No description patterns matched: 'TCR Manual'
[2026-07-28 15:34:32] [DEBUG   ] [chrome_api.mapper] mapper | HYUNDAI | ELCS472ANNTC | Applied standardization rules
[2026-07-28 15:34:32] [INFO    ] [chrome_api.mapper] mapper | HYUNDAI | Loaded 6 ENGINE_TYPE keywords: ['hev', 'hybrid', 'phev', 'ev', 'plug-in', 'electric']
[2026-07-28 15:34:32] [DEBUG   ] [chrome_api.mapper] mapper | HYUNDAI | ELCS472ANNTC | Searching text: 'elantra n tcr manual'
[2026-07-28 15:34:32] [DEBUG   ] [chrome_api.mapper] mapper | HYUNDAI | ELCS472ANNTC | No ENGINE_TYPE keyword found
[2026-07-28 15:34:32] [INFO    ] [chrome_api.mapper] mapper | HYUNDAI | ELCS472ANNTC | Row complete: model=Elantra N, trim=TCR Manual, engine_type=None
[2026-07-28 15:34:32] [DEBUG   ] [chrome_api.mapper] mapper | HYUNDAI | ELCS4M2ANNTC | Extracted fields: year=2026, desc=TCR DCT, trim=TCR
[2026-07-28 15:34:32] [DEBUG   ] [chrome_api.mapper] mapper | HYUNDAI | ELCS4M2ANNTC | ModelName from ADS: Elantra N
[2026-07-28 15:34:32] [DEBUG   ] [semantic.standardizer] standardizer | Hyundai | No trim alias found for: 'TCR'
[2026-07-28 15:34:32] [DEBUG   ] [semantic.standardizer] standardizer | Hyundai | No description patterns matched: 'TCR DCT'
[2026-07-28 15:34:32] [DEBUG   ] [chrome_api.mapper] mapper | HYUNDAI | ELCS4M2ANNTC | Applied standardization rules
[2026-07-28 15:34:32] [INFO    ] [chrome_api.mapper] mapper | HYUNDAI | Loaded 6 ENGINE_TYPE keywords: ['hev', 'hybrid', 'phev', 'ev', 'plug-in', 'electric']
[2026-07-28 15:34:32] [DEBUG   ] [chrome_api.mapper] mapper | HYUNDAI | ELCS4M2ANNTC | Searching text: 'elantra n tcr dct'
[2026-07-28 15:34:32] [DEBUG   ] [chrome_api.mapper] mapper | HYUNDAI | ELCS4M2ANNTC | No ENGINE_TYPE keyword found
[2026-07-28 15:34:32] [INFO    ] [chrome_api.mapper] mapper | HYUNDAI | ELCS4M2ANNTC | Row complete: model=Elantra N, trim=TCR DCT, engine_type=None
[2026-07-28 15:34:32] [INFO    ] [chrome_api.mapper] mapper | ads_response_to_rows | Hyundai | Converted 4/4 trims to rows
[2026-07-28 15:34:32] [DEBUG   ] [chrome_api.service] refresh_from_ads | Hyundai 2026 Elantra N | Converted 4 trims to rows
[2026-07-28 15:34:32] [DEBUG   ] [urllib3.connectionpool] https://demos.autodatasolutions.com:443 "POST /ADSDemo/api/full/ymmt/year/2026/make/Hyundai/model/IONIQ%205/ HTTP/1.1" 200 None
[2026-07-28 15:34:33] [INFO    ] [chrome_api.mapper] mapper | ads_response_to_rows | Hyundai | Processing 3 trims from ADS response
[2026-07-28 15:34:33] [DEBUG   ] [chrome_api.mapper] mapper | HYUNDAI | I5EW5ZE4PRLR | Extracted fields: year=2026, desc=Preferred RWD Long Range, trim=Preferred
[2026-07-28 15:34:33] [DEBUG   ] [chrome_api.mapper] mapper | HYUNDAI | I5EW5ZE4PRLR | ModelName from ADS: IONIQ 5
[2026-07-28 15:34:33] [DEBUG   ] [semantic.standardizer] standardizer | Hyundai | No trim alias found for: 'Preferred'
[2026-07-28 15:34:33] [DEBUG   ] [semantic.standardizer] standardizer | Hyundai | No description patterns matched: 'Preferred RWD Long Range'
[2026-07-28 15:34:33] [DEBUG   ] [chrome_api.mapper] mapper | HYUNDAI | I5EW5ZE4PRLR | Applied standardization rules
[2026-07-28 15:34:33] [INFO    ] [chrome_api.mapper] mapper | HYUNDAI | Loaded 6 ENGINE_TYPE keywords: ['hev', 'hybrid', 'phev', 'ev', 'plug-in', 'electric']
[2026-07-28 15:34:33] [DEBUG   ] [chrome_api.mapper] mapper | HYUNDAI | I5EW5ZE4PRLR | Searching text: 'ioniq 5 preferred rwd long range'
[2026-07-28 15:34:33] [DEBUG   ] [chrome_api.mapper] mapper | HYUNDAI | I5EW5ZE4PRLR | No ENGINE_TYPE keyword found
[2026-07-28 15:34:33] [INFO    ] [chrome_api.mapper] mapper | HYUNDAI | I5EW5ZE4PRLR | Row complete: model=IONIQ 5, trim=Preferred RWD Long Range, engine_type=None
[2026-07-28 15:34:33] [DEBUG   ] [chrome_api.mapper] mapper | HYUNDAI | I5EW5ZE2PRLR | Extracted fields: year=2026, desc=Preferred AWD Long Range, trim=Preferred
[2026-07-28 15:34:33] [DEBUG   ] [chrome_api.mapper] mapper | HYUNDAI | I5EW5ZE2PRLR | ModelName from ADS: IONIQ 5
[2026-07-28 15:34:33] [DEBUG   ] [semantic.standardizer] standardizer | Hyundai | No trim alias found for: 'Preferred'
[2026-07-28 15:34:33] [DEBUG   ] [semantic.standardizer] standardizer | Hyundai | No description patterns matched: 'Preferred AWD Long Range'
[2026-07-28 15:34:33] [DEBUG   ] [chrome_api.mapper] mapper | HYUNDAI | I5EW5ZE2PRLR | Applied standardization rules
[2026-07-28 15:34:33] [INFO    ] [chrome_api.mapper] mapper | HYUNDAI | Loaded 6 ENGINE_TYPE keywords: ['hev', 'hybrid', 'phev', 'ev', 'plug-in', 'electric']
[2026-07-28 15:34:33] [DEBUG   ] [chrome_api.mapper] mapper | HYUNDAI | I5EW5ZE2PRLR | Searching text: 'ioniq 5 preferred awd long range'
[2026-07-28 15:34:33] [DEBUG   ] [chrome_api.mapper] mapper | HYUNDAI | I5EW5ZE2PRLR | No ENGINE_TYPE keyword found
[2026-07-28 15:34:33] [INFO    ] [chrome_api.mapper] mapper | HYUNDAI | I5EW5ZE2PRLR | Row complete: model=IONIQ 5, trim=Preferred AWD Long Range, engine_type=None
[2026-07-28 15:34:33] [DEBUG   ] [chrome_api.mapper] mapper | HYUNDAI | I5EW5ZE2PRUP | Extracted fields: year=2026, desc=Preferred AWD Long Range w/Ultimate Pkg, trim=Preferred
[2026-07-28 15:34:33] [DEBUG   ] [chrome_api.mapper] mapper | HYUNDAI | I5EW5ZE2PRUP | ModelName from ADS: IONIQ 5
[2026-07-28 15:34:33] [DEBUG   ] [semantic.standardizer] standardizer | Hyundai | No trim alias found for: 'Preferred'
[2026-07-28 15:34:33] [DEBUG   ] [semantic.standardizer] standardizer | Hyundai | No description patterns matched: 'Preferred AWD Long Range w/Ultimate Pkg'
[2026-07-28 15:34:33] [DEBUG   ] [chrome_api.mapper] mapper | HYUNDAI | I5EW5ZE2PRUP | Applied standardization rules
[2026-07-28 15:34:33] [INFO    ] [chrome_api.mapper] mapper | HYUNDAI | Loaded 6 ENGINE_TYPE keywords: ['hev', 'hybrid', 'phev', 'ev', 'plug-in', 'electric']
[2026-07-28 15:34:33] [DEBUG   ] [chrome_api.mapper] mapper | HYUNDAI | I5EW5ZE2PRUP | Searching text: 'ioniq 5 preferred awd long range w/ultimate pkg'
[2026-07-28 15:34:33] [DEBUG   ] [chrome_api.mapper] mapper | HYUNDAI | I5EW5ZE2PRUP | No ENGINE_TYPE keyword found
[2026-07-28 15:34:33] [INFO    ] [chrome_api.mapper] mapper | HYUNDAI | I5EW5ZE2PRUP | Row complete: model=IONIQ 5, trim=Preferred AWD Long Range w/Ultimate Pkg, engine_type=None
[2026-07-28 15:34:33] [INFO    ] [chrome_api.mapper] mapper | ads_response_to_rows | Hyundai | Converted 3/3 trims to rows
[2026-07-28 15:34:33] [DEBUG   ] [chrome_api.service] refresh_from_ads | Hyundai 2026 IONIQ 5 | Converted 3 trims to rows
[2026-07-28 15:34:33] [DEBUG   ] [urllib3.connectionpool] https://demos.autodatasolutions.com:443 "POST /ADSDemo/api/full/ymmt/year/2026/make/Hyundai/model/IONIQ%209/ HTTP/1.1" 200 None
[2026-07-28 15:34:34] [INFO    ] [chrome_api.mapper] mapper | ads_response_to_rows | Hyundai | Processing 5 trims from ADS response
[2026-07-28 15:34:34] [DEBUG   ] [chrome_api.mapper] mapper | HYUNDAI | I9EW7ZE4ES00 | Extracted fields: year=2026, desc=Essential RWD, trim=Essential
[2026-07-28 15:34:34] [DEBUG   ] [chrome_api.mapper] mapper | HYUNDAI | I9EW7ZE4ES00 | ModelName from ADS: IONIQ 9
[2026-07-28 15:34:34] [DEBUG   ] [semantic.standardizer] standardizer | Hyundai | No trim alias found for: 'Essential'
[2026-07-28 15:34:34] [DEBUG   ] [semantic.standardizer] standardizer | Hyundai | No description patterns matched: 'Essential RWD'
[2026-07-28 15:34:34] [DEBUG   ] [chrome_api.mapper] mapper | HYUNDAI | I9EW7ZE4ES00 | Applied standardization rules
[2026-07-28 15:34:34] [INFO    ] [chrome_api.mapper] mapper | HYUNDAI | Loaded 6 ENGINE_TYPE keywords: ['hev', 'hybrid', 'phev', 'ev', 'plug-in', 'electric']
[2026-07-28 15:34:34] [DEBUG   ] [chrome_api.mapper] mapper | HYUNDAI | I9EW7ZE4ES00 | Searching text: 'ioniq 9 essential rwd'
[2026-07-28 15:34:34] [DEBUG   ] [chrome_api.mapper] mapper | HYUNDAI | I9EW7ZE4ES00 | No ENGINE_TYPE keyword found
[2026-07-28 15:34:34] [INFO    ] [chrome_api.mapper] mapper | HYUNDAI | I9EW7ZE4ES00 | Row complete: model=IONIQ 9, trim=Essential RWD, engine_type=None
[2026-07-28 15:34:34] [DEBUG   ] [chrome_api.mapper] mapper | HYUNDAI | I9EW7ZE2PR00 | Extracted fields: year=2026, desc=Preferred AWD, trim=Preferred
[2026-07-28 15:34:34] [DEBUG   ] [chrome_api.mapper] mapper | HYUNDAI | I9EW7ZE2PR00 | ModelName from ADS: IONIQ 9
[2026-07-28 15:34:34] [DEBUG   ] [semantic.standardizer] standardizer | Hyundai | No trim alias found for: 'Preferred'
[2026-07-28 15:34:34] [DEBUG   ] [semantic.standardizer] standardizer | Hyundai | No description patterns matched: 'Preferred AWD'
[2026-07-28 15:34:34] [DEBUG   ] [chrome_api.mapper] mapper | HYUNDAI | I9EW7ZE2PR00 | Applied standardization rules
[2026-07-28 15:34:34] [INFO    ] [chrome_api.mapper] mapper | HYUNDAI | Loaded 6 ENGINE_TYPE keywords: ['hev', 'hybrid', 'phev', 'ev', 'plug-in', 'electric']
[2026-07-28 15:34:34] [DEBUG   ] [chrome_api.mapper] mapper | HYUNDAI | I9EW7ZE2PR00 | Searching text: 'ioniq 9 preferred awd'
[2026-07-28 15:34:34] [DEBUG   ] [chrome_api.mapper] mapper | HYUNDAI | I9EW7ZE2PR00 | No ENGINE_TYPE keyword found
[2026-07-28 15:34:34] [INFO    ] [chrome_api.mapper] mapper | HYUNDAI | I9EW7ZE2PR00 | Row complete: model=IONIQ 9, trim=Preferred AWD, engine_type=None
[2026-07-28 15:34:34] [DEBUG   ] [chrome_api.mapper] mapper | HYUNDAI | I9EW7ZE2PRLP | Extracted fields: year=2026, desc=Preferred AWD w/Luxury Pkg, trim=Preferred
[2026-07-28 15:34:34] [DEBUG   ] [chrome_api.mapper] mapper | HYUNDAI | I9EW7ZE2PRLP | ModelName from ADS: IONIQ 9
[2026-07-28 15:34:34] [DEBUG   ] [semantic.standardizer] standardizer | Hyundai | No trim alias found for: 'Preferred'
[2026-07-28 15:34:34] [DEBUG   ] [semantic.standardizer] standardizer | Hyundai | No description patterns matched: 'Preferred AWD w/Luxury Pkg'
[2026-07-28 15:34:34] [DEBUG   ] [chrome_api.mapper] mapper | HYUNDAI | I9EW7ZE2PRLP | Applied standardization rules
[2026-07-28 15:34:34] [INFO    ] [chrome_api.mapper] mapper | HYUNDAI | Loaded 6 ENGINE_TYPE keywords: ['hev', 'hybrid', 'phev', 'ev', 'plug-in', 'electric']
[2026-07-28 15:34:34] [DEBUG   ] [chrome_api.mapper] mapper | HYUNDAI | I9EW7ZE2PRLP | Searching text: 'ioniq 9 preferred awd w/luxury pkg'
[2026-07-28 15:34:34] [DEBUG   ] [chrome_api.mapper] mapper | HYUNDAI | I9EW7ZE2PRLP | No ENGINE_TYPE keyword found
[2026-07-28 15:34:34] [INFO    ] [chrome_api.mapper] mapper | HYUNDAI | I9EW7ZE2PRLP | Row complete: model=IONIQ 9, trim=Preferred AWD w/Luxury Pkg, engine_type=None
[2026-07-28 15:34:34] [DEBUG   ] [chrome_api.mapper] mapper | HYUNDAI | I9EW6ZE1PRBG | Extracted fields: year=2026, desc=Preferred + AWD w/Ultimate Calligraphy Pkg, trim=Preferred +
[2026-07-28 15:34:34] [DEBUG   ] [chrome_api.mapper] mapper | HYUNDAI | I9EW6ZE1PRBG | ModelName from ADS: IONIQ 9
[2026-07-28 15:34:34] [DEBUG   ] [semantic.standardizer] standardizer | Hyundai | No trim alias found for: 'Preferred +'
[2026-07-28 15:34:34] [DEBUG   ] [semantic.standardizer] standardizer | Hyundai | No description patterns matched: 'Preferred + AWD w/Ultimate Calligraphy Pkg'
[2026-07-28 15:34:34] [DEBUG   ] [chrome_api.mapper] mapper | HYUNDAI | I9EW6ZE1PRBG | Applied standardization rules
[2026-07-28 15:34:34] [INFO    ] [chrome_api.mapper] mapper | HYUNDAI | Loaded 6 ENGINE_TYPE keywords: ['hev', 'hybrid', 'phev', 'ev', 'plug-in', 'electric']
[2026-07-28 15:34:34] [DEBUG   ] [chrome_api.mapper] mapper | HYUNDAI | I9EW6ZE1PRBG | Searching text: 'ioniq 9 preferred + awd w/ultimate calligraphy pkg'
[2026-07-28 15:34:34] [DEBUG   ] [chrome_api.mapper] mapper | HYUNDAI | I9EW6ZE1PRBG | No ENGINE_TYPE keyword found
[2026-07-28 15:34:34] [INFO    ] [chrome_api.mapper] mapper | HYUNDAI | I9EW6ZE1PRBG | Row complete: model=IONIQ 9, trim=Preferred + AWD w/Ultimate Calligraphy Pkg, engine_type=None
[2026-07-28 15:34:34] [DEBUG   ] [chrome_api.mapper] mapper | HYUNDAI | I9EW7ZE1PR00 | Extracted fields: year=2026, desc=Preferred + AWD, trim=Preferred +
[2026-07-28 15:34:34] [DEBUG   ] [chrome_api.mapper] mapper | HYUNDAI | I9EW7ZE1PR00 | ModelName from ADS: IONIQ 9
[2026-07-28 15:34:34] [DEBUG   ] [semantic.standardizer] standardizer | Hyundai | No trim alias found for: 'Preferred +'
[2026-07-28 15:34:34] [DEBUG   ] [semantic.standardizer] standardizer | Hyundai | No description patterns matched: 'Preferred + AWD'
[2026-07-28 15:34:34] [DEBUG   ] [chrome_api.mapper] mapper | HYUNDAI | I9EW7ZE1PR00 | Applied standardization rules
[2026-07-28 15:34:34] [INFO    ] [chrome_api.mapper] mapper | HYUNDAI | Loaded 6 ENGINE_TYPE keywords: ['hev', 'hybrid', 'phev', 'ev', 'plug-in', 'electric']
[2026-07-28 15:34:34] [DEBUG   ] [chrome_api.mapper] mapper | HYUNDAI | I9EW7ZE1PR00 | Searching text: 'ioniq 9 preferred + awd'
[2026-07-28 15:34:34] [DEBUG   ] [chrome_api.mapper] mapper | HYUNDAI | I9EW7ZE1PR00 | No ENGINE_TYPE keyword found
[2026-07-28 15:34:34] [INFO    ] [chrome_api.mapper] mapper | HYUNDAI | I9EW7ZE1PR00 | Row complete: model=IONIQ 9, trim=Preferred + AWD, engine_type=None
[2026-07-28 15:34:34] [INFO    ] [chrome_api.mapper] mapper | ads_response_to_rows | Hyundai | Converted 5/5 trims to rows
[2026-07-28 15:34:34] [DEBUG   ] [chrome_api.service] refresh_from_ads | Hyundai 2026 IONIQ 9 | Converted 5 trims to rows
[2026-07-28 15:34:34] [DEBUG   ] [urllib3.connectionpool] https://demos.autodatasolutions.com:443 "POST /ADSDemo/api/full/ymmt/year/2026/make/Hyundai/model/Kona/ HTTP/1.1" 200 None
[2026-07-28 15:34:34] [INFO    ] [chrome_api.mapper] mapper | ads_response_to_rows | Hyundai | Processing 9 trims from ADS response
[2026-07-28 15:34:34] [DEBUG   ] [chrome_api.mapper] mapper | HYUNDAI | KOCW5V2BES00 | Extracted fields: year=2026, desc=2.0L Essential FWD, trim=Essential
[2026-07-28 15:34:34] [DEBUG   ] [chrome_api.mapper] mapper | HYUNDAI | KOCW5V2BES00 | ModelName from ADS: Kona
[2026-07-28 15:34:34] [DEBUG   ] [semantic.standardizer] standardizer | Hyundai | No trim alias found for: 'Essential'
[2026-07-28 15:34:34] [DEBUG   ] [semantic.standardizer] standardizer | Hyundai | No description patterns matched: '2.0L Essential FWD'
[2026-07-28 15:34:34] [DEBUG   ] [chrome_api.mapper] mapper | HYUNDAI | KOCW5V2BES00 | Applied standardization rules
[2026-07-28 15:34:34] [INFO    ] [chrome_api.mapper] mapper | HYUNDAI | Loaded 6 ENGINE_TYPE keywords: ['hev', 'hybrid', 'phev', 'ev', 'plug-in', 'electric']
[2026-07-28 15:34:34] [DEBUG   ] [chrome_api.mapper] mapper | HYUNDAI | KOCW5V2BES00 | Searching text: 'kona 2.0l essential fwd'
[2026-07-28 15:34:34] [DEBUG   ] [chrome_api.mapper] mapper | HYUNDAI | KOCW5V2BES00 | No ENGINE_TYPE keyword found
[2026-07-28 15:34:34] [INFO    ] [chrome_api.mapper] mapper | HYUNDAI | KOCW5V2BES00 | Row complete: model=Kona, trim=2.0L Essential FWD, engine_type=None
[2026-07-28 15:34:34] [DEBUG   ] [chrome_api.mapper] mapper | HYUNDAI | KOCW5V2BPR00 | Extracted fields: year=2026, desc=2.0L Preferred FWD, trim=Preferred
[2026-07-28 15:34:34] [DEBUG   ] [chrome_api.mapper] mapper | HYUNDAI | KOCW5V2BPR00 | ModelName from ADS: Kona
[2026-07-28 15:34:34] [DEBUG   ] [semantic.standardizer] standardizer | Hyundai | No trim alias found for: 'Preferred'
[2026-07-28 15:34:34] [DEBUG   ] [semantic.standardizer] standardizer | Hyundai | No description patterns matched: '2.0L Preferred FWD'
[2026-07-28 15:34:34] [DEBUG   ] [chrome_api.mapper] mapper | HYUNDAI | KOCW5V2BPR00 | Applied standardization rules
[2026-07-28 15:34:34] [INFO    ] [chrome_api.mapper] mapper | HYUNDAI | Loaded 6 ENGINE_TYPE keywords: ['hev', 'hybrid', 'phev', 'ev', 'plug-in', 'electric']
[2026-07-28 15:34:34] [DEBUG   ] [chrome_api.mapper] mapper | HYUNDAI | KOCW5V2BPR00 | Searching text: 'kona 2.0l preferred fwd'
[2026-07-28 15:34:34] [DEBUG   ] [chrome_api.mapper] mapper | HYUNDAI | KOCW5V2BPR00 | No ENGINE_TYPE keyword found
[2026-07-28 15:34:34] [INFO    ] [chrome_api.mapper] mapper | HYUNDAI | KOCW5V2BPR00 | Row complete: model=Kona, trim=2.0L Preferred FWD, engine_type=None
[2026-07-28 15:34:34] [DEBUG   ] [chrome_api.mapper] mapper | HYUNDAI | KOCW5Q2BES00 | Extracted fields: year=2026, desc=2.0L Essential AWD, trim=Essential
[2026-07-28 15:34:34] [DEBUG   ] [chrome_api.mapper] mapper | HYUNDAI | KOCW5Q2BES00 | ModelName from ADS: Kona
[2026-07-28 15:34:34] [DEBUG   ] [semantic.standardizer] standardizer | Hyundai | No trim alias found for: 'Essential'
[2026-07-28 15:34:34] [DEBUG   ] [semantic.standardizer] standardizer | Hyundai | No description patterns matched: '2.0L Essential AWD'
[2026-07-28 15:34:34] [DEBUG   ] [chrome_api.mapper] mapper | HYUNDAI | KOCW5Q2BES00 | Applied standardization rules
[2026-07-28 15:34:34] [INFO    ] [chrome_api.mapper] mapper | HYUNDAI | Loaded 6 ENGINE_TYPE keywords: ['hev', 'hybrid', 'phev', 'ev', 'plug-in', 'electric']
[2026-07-28 15:34:34] [DEBUG   ] [chrome_api.mapper] mapper | HYUNDAI | KOCW5Q2BES00 | Searching text: 'kona 2.0l essential awd'
[2026-07-28 15:34:34] [DEBUG   ] [chrome_api.mapper] mapper | HYUNDAI | KOCW5Q2BES00 | No ENGINE_TYPE keyword found
[2026-07-28 15:34:34] [INFO    ] [chrome_api.mapper] mapper | HYUNDAI | KOCW5Q2BES00 | Row complete: model=Kona, trim=2.0L Essential AWD, engine_type=None
[2026-07-28 15:34:34] [DEBUG   ] [chrome_api.mapper] mapper | HYUNDAI | KOCW5Q2BPR00 | Extracted fields: year=2026, desc=2.0L Preferred AWD, trim=Preferred
[2026-07-28 15:34:34] [DEBUG   ] [chrome_api.mapper] mapper | HYUNDAI | KOCW5Q2BPR00 | ModelName from ADS: Kona
[2026-07-28 15:34:34] [DEBUG   ] [semantic.standardizer] standardizer | Hyundai | No trim alias found for: 'Preferred'
[2026-07-28 15:34:34] [DEBUG   ] [semantic.standardizer] standardizer | Hyundai | No description patterns matched: '2.0L Preferred AWD'
[2026-07-28 15:34:34] [DEBUG   ] [chrome_api.mapper] mapper | HYUNDAI | KOCW5Q2BPR00 | Applied standardization rules
[2026-07-28 15:34:34] [INFO    ] [chrome_api.mapper] mapper | HYUNDAI | Loaded 6 ENGINE_TYPE keywords: ['hev', 'hybrid', 'phev', 'ev', 'plug-in', 'electric']
[2026-07-28 15:34:34] [DEBUG   ] [chrome_api.mapper] mapper | HYUNDAI | KOCW5Q2BPR00 | Searching text: 'kona 2.0l preferred awd'
[2026-07-28 15:34:34] [DEBUG   ] [chrome_api.mapper] mapper | HYUNDAI | KOCW5Q2BPR00 | No ENGINE_TYPE keyword found
[2026-07-28 15:34:34] [INFO    ] [chrome_api.mapper] mapper | HYUNDAI | KOCW5Q2BPR00 | Row complete: model=Kona, trim=2.0L Preferred AWD, engine_type=None
[2026-07-28 15:34:34] [DEBUG   ] [chrome_api.mapper] mapper | HYUNDAI | KOCW5Q2BPRTR | Extracted fields: year=2026, desc=2.0L Preferred AWD w/Trend Package, trim=Preferred
[2026-07-28 15:34:34] [DEBUG   ] [chrome_api.mapper] mapper | HYUNDAI | KOCW5Q2BPRTR | ModelName from ADS: Kona
[2026-07-28 15:34:34] [DEBUG   ] [semantic.standardizer] standardizer | Hyundai | No trim alias found for: 'Preferred'
[2026-07-28 15:34:34] [DEBUG   ] [semantic.standardizer] standardizer | Hyundai | No description patterns matched: '2.0L Preferred AWD w/Trend Package'
[2026-07-28 15:34:34] [DEBUG   ] [chrome_api.mapper] mapper | HYUNDAI | KOCW5Q2BPRTR | Applied standardization rules
[2026-07-28 15:34:34] [INFO    ] [chrome_api.mapper] mapper | HYUNDAI | Loaded 6 ENGINE_TYPE keywords: ['hev', 'hybrid', 'phev', 'ev', 'plug-in', 'electric']
[2026-07-28 15:34:34] [DEBUG   ] [chrome_api.mapper] mapper | HYUNDAI | KOCW5Q2BPRTR | Searching text: 'kona 2.0l preferred awd w/trend package'
[2026-07-28 15:34:34] [DEBUG   ] [chrome_api.mapper] mapper | HYUNDAI | KOCW5Q2BPRTR | No ENGINE_TYPE keyword found
[2026-07-28 15:34:34] [INFO    ] [chrome_api.mapper] mapper | HYUNDAI | KOCW5Q2BPRTR | Row complete: model=Kona, trim=2.0L Preferred AWD w/Trend Package, engine_type=None
[2026-07-28 15:34:34] [DEBUG   ] [chrome_api.mapper] mapper | HYUNDAI | KOCW5K1ANL00 | Extracted fields: year=2026, desc=1.6T N Line AWD, trim=N Line
[2026-07-28 15:34:34] [DEBUG   ] [chrome_api.mapper] mapper | HYUNDAI | KOCW5K1ANL00 | ModelName from ADS: Kona
[2026-07-28 15:34:34] [DEBUG   ] [chrome_api.mapper] mapper | HYUNDAI | KOCW5K1ANL00 | Applied standardization rules
[2026-07-28 15:34:34] [INFO    ] [chrome_api.mapper] mapper | HYUNDAI | Loaded 6 ENGINE_TYPE keywords: ['hev', 'hybrid', 'phev', 'ev', 'plug-in', 'electric']
[2026-07-28 15:34:34] [DEBUG   ] [chrome_api.mapper] mapper | HYUNDAI | KOCW5K1ANL00 | Searching text: 'kona 1.6t n-line awd'
[2026-07-28 15:34:34] [DEBUG   ] [chrome_api.mapper] mapper | HYUNDAI | KOCW5K1ANL00 | No ENGINE_TYPE keyword found
[2026-07-28 15:34:34] [INFO    ] [chrome_api.mapper] mapper | HYUNDAI | KOCW5K1ANL00 | Row complete: model=Kona, trim=1.6T N-Line AWD, engine_type=None
[2026-07-28 15:34:34] [DEBUG   ] [chrome_api.mapper] mapper | HYUNDAI | KOCW5K1ANLTT | Extracted fields: year=2026, desc=1.6T N Line AWD w/Two-Tone Roof, trim=N Line
[2026-07-28 15:34:34] [DEBUG   ] [chrome_api.mapper] mapper | HYUNDAI | KOCW5K1ANLTT | ModelName from ADS: Kona
[2026-07-28 15:34:34] [DEBUG   ] [chrome_api.mapper] mapper | HYUNDAI | KOCW5K1ANLTT | Applied standardization rules
[2026-07-28 15:34:34] [INFO    ] [chrome_api.mapper] mapper | HYUNDAI | Loaded 6 ENGINE_TYPE keywords: ['hev', 'hybrid', 'phev', 'ev', 'plug-in', 'electric']
[2026-07-28 15:34:34] [DEBUG   ] [chrome_api.mapper] mapper | HYUNDAI | KOCW5K1ANLTT | Searching text: 'kona 1.6t n-line awd w/two-tone roof'
[2026-07-28 15:34:34] [DEBUG   ] [chrome_api.mapper] mapper | HYUNDAI | KOCW5K1ANLTT | No ENGINE_TYPE keyword found
[2026-07-28 15:34:34] [INFO    ] [chrome_api.mapper] mapper | HYUNDAI | KOCW5K1ANLTT | Row complete: model=Kona, trim=1.6T N-Line AWD w/Two-Tone Roof, engine_type=None
[2026-07-28 15:34:34] [DEBUG   ] [chrome_api.mapper] mapper | HYUNDAI | KOCW5K1ANLUL | Extracted fields: year=2026, desc=1.6T N Line Ultimate AWD, trim=N Line Ultimate
[2026-07-28 15:34:34] [DEBUG   ] [chrome_api.mapper] mapper | HYUNDAI | KOCW5K1ANLUL | ModelName from ADS: Kona
[2026-07-28 15:34:34] [DEBUG   ] [chrome_api.mapper] mapper | HYUNDAI | KOCW5K1ANLUL | Applied standardization rules
[2026-07-28 15:34:34] [INFO    ] [chrome_api.mapper] mapper | HYUNDAI | Loaded 6 ENGINE_TYPE keywords: ['hev', 'hybrid', 'phev', 'ev', 'plug-in', 'electric']
[2026-07-28 15:34:34] [DEBUG   ] [chrome_api.mapper] mapper | HYUNDAI | KOCW5K1ANLUL | Searching text: 'kona 1.6t n-line ultimate awd'
[2026-07-28 15:34:34] [DEBUG   ] [chrome_api.mapper] mapper | HYUNDAI | KOCW5K1ANLUL | No ENGINE_TYPE keyword found
[2026-07-28 15:34:34] [INFO    ] [chrome_api.mapper] mapper | HYUNDAI | KOCW5K1ANLUL | Row complete: model=Kona, trim=1.6T N-Line Ultimate AWD, engine_type=None
[2026-07-28 15:34:34] [DEBUG   ] [chrome_api.mapper] mapper | HYUNDAI | KOCW5K1ANLBA | Extracted fields: year=2026, desc=1.6T N Line Ultimate AWD w/Two-Tone Roof, trim=N Line Ultimate
[2026-07-28 15:34:34] [DEBUG   ] [chrome_api.mapper] mapper | HYUNDAI | KOCW5K1ANLBA | ModelName from ADS: Kona
[2026-07-28 15:34:34] [DEBUG   ] [chrome_api.mapper] mapper | HYUNDAI | KOCW5K1ANLBA | Applied standardization rules
[2026-07-28 15:34:34] [INFO    ] [chrome_api.mapper] mapper | HYUNDAI | Loaded 6 ENGINE_TYPE keywords: ['hev', 'hybrid', 'phev', 'ev', 'plug-in', 'electric']
[2026-07-28 15:34:34] [DEBUG   ] [chrome_api.mapper] mapper | HYUNDAI | KOCW5K1ANLBA | Searching text: 'kona 1.6t n-line ultimate awd w/two-tone roof'
[2026-07-28 15:34:34] [DEBUG   ] [chrome_api.mapper] mapper | HYUNDAI | KOCW5K1ANLBA | No ENGINE_TYPE keyword found
[2026-07-28 15:34:34] [INFO    ] [chrome_api.mapper] mapper | HYUNDAI | KOCW5K1ANLBA | Row complete: model=Kona, trim=1.6T N-Line Ultimate AWD w/Two-Tone Roof, engine_type=None
[2026-07-28 15:34:34] [INFO    ] [chrome_api.mapper] mapper | ads_response_to_rows | Hyundai | Converted 9/9 trims to rows
[2026-07-28 15:34:34] [DEBUG   ] [chrome_api.service] refresh_from_ads | Hyundai 2026 Kona | Converted 9 trims to rows
[2026-07-28 15:34:34] [DEBUG   ] [urllib3.connectionpool] https://demos.autodatasolutions.com:443 "POST /ADSDemo/api/full/ymmt/year/2026/make/Hyundai/model/Kona%20Electric/ HTTP/1.1" 200 None
[2026-07-28 15:34:35] [INFO    ] [chrome_api.mapper] mapper | ads_response_to_rows | Hyundai | Processing 4 trims from ADS response
[2026-07-28 15:34:35] [DEBUG   ] [chrome_api.mapper] mapper | HYUNDAI | KEEW5ZE4PR00 | Extracted fields: year=2026, desc=Preferred FWD, trim=Preferred
[2026-07-28 15:34:35] [DEBUG   ] [chrome_api.mapper] mapper | HYUNDAI | KEEW5ZE4PR00 | ModelName from ADS: Kona Electric
[2026-07-28 15:34:35] [DEBUG   ] [semantic.standardizer] standardizer | Hyundai | No trim alias found for: 'Preferred'
[2026-07-28 15:34:35] [DEBUG   ] [semantic.standardizer] standardizer | Hyundai | No description patterns matched: 'Preferred FWD'
[2026-07-28 15:34:35] [DEBUG   ] [chrome_api.mapper] mapper | HYUNDAI | KEEW5ZE4PR00 | Applied standardization rules
[2026-07-28 15:34:35] [INFO    ] [chrome_api.mapper] mapper | HYUNDAI | Loaded 6 ENGINE_TYPE keywords: ['hev', 'hybrid', 'phev', 'ev', 'plug-in', 'electric']
[2026-07-28 15:34:35] [DEBUG   ] [chrome_api.mapper] mapper | HYUNDAI | KEEW5ZE4PR00 | Searching text: 'kona electric preferred fwd'
[2026-07-28 15:34:35] [DEBUG   ] [chrome_api.mapper] mapper | HYUNDAI | KEEW5ZE4PR00 | Found keyword 'electric' in 'Kona Electric Preferred FWD'
[2026-07-28 15:34:35] [WARNING ] [chrome_api.mapper] mapper | HYUNDAI | KEEW5ZE4PR00 | Keyword 'electric' found but NOT in translator. Returning keyword as-is.
[2026-07-28 15:34:35] [INFO    ] [chrome_api.mapper] mapper | HYUNDAI | KEEW5ZE4PR00 | Row complete: model=Kona Electric, trim=Preferred FWD, engine_type=electric
[2026-07-28 15:34:35] [DEBUG   ] [chrome_api.mapper] mapper | HYUNDAI | KEEW5ZE4PRTR | Extracted fields: year=2026, desc=Preferred FWD w/Trend Package, trim=Preferred
[2026-07-28 15:34:35] [DEBUG   ] [chrome_api.mapper] mapper | HYUNDAI | KEEW5ZE4PRTR | ModelName from ADS: Kona Electric
[2026-07-28 15:34:35] [DEBUG   ] [semantic.standardizer] standardizer | Hyundai | No trim alias found for: 'Preferred'
[2026-07-28 15:34:35] [DEBUG   ] [semantic.standardizer] standardizer | Hyundai | No description patterns matched: 'Preferred FWD w/Trend Package'
[2026-07-28 15:34:35] [DEBUG   ] [chrome_api.mapper] mapper | HYUNDAI | KEEW5ZE4PRTR | Applied standardization rules
[2026-07-28 15:34:35] [INFO    ] [chrome_api.mapper] mapper | HYUNDAI | Loaded 6 ENGINE_TYPE keywords: ['hev', 'hybrid', 'phev', 'ev', 'plug-in', 'electric']
[2026-07-28 15:34:35] [DEBUG   ] [chrome_api.mapper] mapper | HYUNDAI | KEEW5ZE4PRTR | Searching text: 'kona electric preferred fwd w/trend package'
[2026-07-28 15:34:35] [DEBUG   ] [chrome_api.mapper] mapper | HYUNDAI | KEEW5ZE4PRTR | Found keyword 'electric' in 'Kona Electric Preferred FWD w/Trend Package'
[2026-07-28 15:34:35] [WARNING ] [chrome_api.mapper] mapper | HYUNDAI | KEEW5ZE4PRTR | Keyword 'electric' found but NOT in translator. Returning keyword as-is.
[2026-07-28 15:34:35] [INFO    ] [chrome_api.mapper] mapper | HYUNDAI | KEEW5ZE4PRTR | Row complete: model=Kona Electric, trim=Preferred FWD w/Trend Package, engine_type=electric
[2026-07-28 15:34:35] [DEBUG   ] [chrome_api.mapper] mapper | HYUNDAI | KEEW5ZE4PRUP | Extracted fields: year=2026, desc=Preferred FWD w/Ultimate Package, trim=Preferred
[2026-07-28 15:34:35] [DEBUG   ] [chrome_api.mapper] mapper | HYUNDAI | KEEW5ZE4PRUP | ModelName from ADS: Kona Electric
[2026-07-28 15:34:35] [DEBUG   ] [semantic.standardizer] standardizer | Hyundai | No trim alias found for: 'Preferred'
[2026-07-28 15:34:35] [DEBUG   ] [semantic.standardizer] standardizer | Hyundai | No description patterns matched: 'Preferred FWD w/Ultimate Package'
[2026-07-28 15:34:35] [DEBUG   ] [chrome_api.mapper] mapper | HYUNDAI | KEEW5ZE4PRUP | Applied standardization rules
[2026-07-28 15:34:35] [INFO    ] [chrome_api.mapper] mapper | HYUNDAI | Loaded 6 ENGINE_TYPE keywords: ['hev', 'hybrid', 'phev', 'ev', 'plug-in', 'electric']
[2026-07-28 15:34:35] [DEBUG   ] [chrome_api.mapper] mapper | HYUNDAI | KEEW5ZE4PRUP | Searching text: 'kona electric preferred fwd w/ultimate package'
[2026-07-28 15:34:35] [DEBUG   ] [chrome_api.mapper] mapper | HYUNDAI | KEEW5ZE4PRUP | Found keyword 'electric' in 'Kona Electric Preferred FWD w/Ultimate Package'
[2026-07-28 15:34:35] [WARNING ] [chrome_api.mapper] mapper | HYUNDAI | KEEW5ZE4PRUP | Keyword 'electric' found but NOT in translator. Returning keyword as-is.
[2026-07-28 15:34:35] [INFO    ] [chrome_api.mapper] mapper | HYUNDAI | KEEW5ZE4PRUP | Row complete: model=Kona Electric, trim=Preferred FWD w/Ultimate Package, engine_type=electric
[2026-07-28 15:34:35] [DEBUG   ] [chrome_api.mapper] mapper | HYUNDAI | KEEW5ZE4PRUT | Extracted fields: year=2026, desc=Preferred FWD w/Ultimate Package Two-Tone, trim=Preferred
[2026-07-28 15:34:35] [DEBUG   ] [chrome_api.mapper] mapper | HYUNDAI | KEEW5ZE4PRUT | ModelName from ADS: Kona Electric
[2026-07-28 15:34:35] [DEBUG   ] [semantic.standardizer] standardizer | Hyundai | No trim alias found for: 'Preferred'
[2026-07-28 15:34:35] [DEBUG   ] [semantic.standardizer] standardizer | Hyundai | No description patterns matched: 'Preferred FWD w/Ultimate Package Two-Tone'
[2026-07-28 15:34:35] [DEBUG   ] [chrome_api.mapper] mapper | HYUNDAI | KEEW5ZE4PRUT | Applied standardization rules
[2026-07-28 15:34:35] [INFO    ] [chrome_api.mapper] mapper | HYUNDAI | Loaded 6 ENGINE_TYPE keywords: ['hev', 'hybrid', 'phev', 'ev', 'plug-in', 'electric']
[2026-07-28 15:34:35] [DEBUG   ] [chrome_api.mapper] mapper | HYUNDAI | KEEW5ZE4PRUT | Searching text: 'kona electric preferred fwd w/ultimate package two-tone'
[2026-07-28 15:34:35] [DEBUG   ] [chrome_api.mapper] mapper | HYUNDAI | KEEW5ZE4PRUT | Found keyword 'electric' in 'Kona Electric Preferred FWD w/Ultimate Package Two-Tone'
[2026-07-28 15:34:35] [WARNING ] [chrome_api.mapper] mapper | HYUNDAI | KEEW5ZE4PRUT | Keyword 'electric' found but NOT in translator. Returning keyword as-is.
[2026-07-28 15:34:35] [INFO    ] [chrome_api.mapper] mapper | HYUNDAI | KEEW5ZE4PRUT | Row complete: model=Kona Electric, trim=Preferred FWD w/Ultimate Package Two-Tone, engine_type=electric
[2026-07-28 15:34:35] [INFO    ] [chrome_api.mapper] mapper | ads_response_to_rows | Hyundai | Converted 4/4 trims to rows
[2026-07-28 15:34:35] [DEBUG   ] [chrome_api.service] refresh_from_ads | Hyundai 2026 Kona Electric | Converted 4 trims to rows
[2026-07-28 15:34:35] [DEBUG   ] [urllib3.connectionpool] https://demos.autodatasolutions.com:443 "POST /ADSDemo/api/full/ymmt/year/2026/make/Hyundai/model/Palisade/ HTTP/1.1" 200 None
[2026-07-28 15:34:35] [INFO    ] [chrome_api.mapper] mapper | ads_response_to_rows | Hyundai | Processing 3 trims from ADS response
[2026-07-28 15:34:35] [DEBUG   ] [chrome_api.mapper] mapper | HYUNDAI | PACW8K3FPRTR | Extracted fields: year=2026, desc=Preferred Trend AWD, trim=Preferred Trend
[2026-07-28 15:34:35] [DEBUG   ] [chrome_api.mapper] mapper | HYUNDAI | PACW8K3FPRTR | ModelName from ADS: Palisade
[2026-07-28 15:34:35] [DEBUG   ] [semantic.standardizer] standardizer | Hyundai | No trim alias found for: 'Preferred Trend'
[2026-07-28 15:34:35] [DEBUG   ] [semantic.standardizer] standardizer | Hyundai | No description patterns matched: 'Preferred Trend AWD'
[2026-07-28 15:34:35] [DEBUG   ] [chrome_api.mapper] mapper | HYUNDAI | PACW8K3FPRTR | Applied standardization rules
[2026-07-28 15:34:35] [INFO    ] [chrome_api.mapper] mapper | HYUNDAI | Loaded 6 ENGINE_TYPE keywords: ['hev', 'hybrid', 'phev', 'ev', 'plug-in', 'electric']
[2026-07-28 15:34:35] [DEBUG   ] [chrome_api.mapper] mapper | HYUNDAI | PACW8K3FPRTR | Searching text: 'palisade preferred trend awd'
[2026-07-28 15:34:35] [DEBUG   ] [chrome_api.mapper] mapper | HYUNDAI | PACW8K3FPRTR | No ENGINE_TYPE keyword found
[2026-07-28 15:34:35] [INFO    ] [chrome_api.mapper] mapper | HYUNDAI | PACW8K3FPRTR | Row complete: model=Palisade, trim=Preferred Trend AWD, engine_type=None
[2026-07-28 15:34:35] [DEBUG   ] [chrome_api.mapper] mapper | HYUNDAI | PACW7K3FULCA | Extracted fields: year=2026, desc=Ultimate Calligraphy AWD, trim=Ultimate Calligraphy
[2026-07-28 15:34:35] [DEBUG   ] [chrome_api.mapper] mapper | HYUNDAI | PACW7K3FULCA | ModelName from ADS: Palisade
[2026-07-28 15:34:35] [DEBUG   ] [semantic.standardizer] standardizer | Hyundai | No trim alias found for: 'Ultimate Calligraphy'
[2026-07-28 15:34:35] [DEBUG   ] [semantic.standardizer] standardizer | Hyundai | No description patterns matched: 'Ultimate Calligraphy AWD'
[2026-07-28 15:34:35] [DEBUG   ] [chrome_api.mapper] mapper | HYUNDAI | PACW7K3FULCA | Applied standardization rules
[2026-07-28 15:34:35] [INFO    ] [chrome_api.mapper] mapper | HYUNDAI | Loaded 6 ENGINE_TYPE keywords: ['hev', 'hybrid', 'phev', 'ev', 'plug-in', 'electric']
[2026-07-28 15:34:35] [DEBUG   ] [chrome_api.mapper] mapper | HYUNDAI | PACW7K3FULCA | Searching text: 'palisade ultimate calligraphy awd'
[2026-07-28 15:34:35] [DEBUG   ] [chrome_api.mapper] mapper | HYUNDAI | PACW7K3FULCA | No ENGINE_TYPE keyword found
[2026-07-28 15:34:35] [INFO    ] [chrome_api.mapper] mapper | HYUNDAI | PACW7K3FULCA | Row complete: model=Palisade, trim=Ultimate Calligraphy AWD, engine_type=None
[2026-07-28 15:34:35] [DEBUG   ] [chrome_api.mapper] mapper | HYUNDAI | PACW7K3FXP00 | Extracted fields: year=2026, desc=XRT Pro AWD, trim=XRT Pro
[2026-07-28 15:34:35] [DEBUG   ] [chrome_api.mapper] mapper | HYUNDAI | PACW7K3FXP00 | ModelName from ADS: Palisade
[2026-07-28 15:34:35] [DEBUG   ] [semantic.standardizer] standardizer | Hyundai | No trim alias found for: 'XRT Pro'
[2026-07-28 15:34:35] [DEBUG   ] [semantic.standardizer] standardizer | Hyundai | No description patterns matched: 'XRT Pro AWD'
[2026-07-28 15:34:35] [DEBUG   ] [chrome_api.mapper] mapper | HYUNDAI | PACW7K3FXP00 | Applied standardization rules
[2026-07-28 15:34:35] [INFO    ] [chrome_api.mapper] mapper | HYUNDAI | Loaded 6 ENGINE_TYPE keywords: ['hev', 'hybrid', 'phev', 'ev', 'plug-in', 'electric']
[2026-07-28 15:34:35] [DEBUG   ] [chrome_api.mapper] mapper | HYUNDAI | PACW7K3FXP00 | Searching text: 'palisade xrt pro awd'
[2026-07-28 15:34:35] [DEBUG   ] [chrome_api.mapper] mapper | HYUNDAI | PACW7K3FXP00 | No ENGINE_TYPE keyword found
[2026-07-28 15:34:35] [INFO    ] [chrome_api.mapper] mapper | HYUNDAI | PACW7K3FXP00 | Row complete: model=Palisade, trim=XRT Pro AWD, engine_type=None
[2026-07-28 15:34:35] [INFO    ] [chrome_api.mapper] mapper | ads_response_to_rows | Hyundai | Converted 3/3 trims to rows
[2026-07-28 15:34:35] [DEBUG   ] [chrome_api.service] refresh_from_ads | Hyundai 2026 Palisade | Converted 3 trims to rows
[2026-07-28 15:34:36] [DEBUG   ] [urllib3.connectionpool] https://demos.autodatasolutions.com:443 "POST /ADSDemo/api/full/ymmt/year/2026/make/Hyundai/model/Palisade%20Hybrid/ HTTP/1.1" 200 None
[2026-07-28 15:34:36] [INFO    ] [chrome_api.mapper] mapper | ads_response_to_rows | Hyundai | Processing 4 trims from ADS response
[2026-07-28 15:34:36] [DEBUG   ] [chrome_api.mapper] mapper | HYUNDAI | PAHW8G2DLU8H | Extracted fields: year=2026, desc=Luxury 8-Passenger AWD, trim=Luxury
[2026-07-28 15:34:36] [DEBUG   ] [chrome_api.mapper] mapper | HYUNDAI | PAHW8G2DLU8H | ModelName from ADS: Palisade Hybrid
[2026-07-28 15:34:36] [DEBUG   ] [semantic.standardizer] standardizer | Hyundai | No trim alias found for: 'Luxury'
[2026-07-28 15:34:36] [DEBUG   ] [semantic.standardizer] standardizer | Hyundai | No description patterns matched: 'Luxury 8-Passenger AWD'
[2026-07-28 15:34:36] [DEBUG   ] [chrome_api.mapper] mapper | HYUNDAI | PAHW8G2DLU8H | Applied standardization rules
[2026-07-28 15:34:36] [INFO    ] [chrome_api.mapper] mapper | HYUNDAI | Loaded 6 ENGINE_TYPE keywords: ['hev', 'hybrid', 'phev', 'ev', 'plug-in', 'electric']
[2026-07-28 15:34:36] [DEBUG   ] [chrome_api.mapper] mapper | HYUNDAI | PAHW8G2DLU8H | Searching text: 'palisade hybrid luxury 8-passenger awd'
[2026-07-28 15:34:36] [DEBUG   ] [chrome_api.mapper] mapper | HYUNDAI | PAHW8G2DLU8H | Found keyword 'hybrid' in 'Palisade Hybrid Luxury 8-Passenger AWD'
[2026-07-28 15:34:36] [WARNING ] [chrome_api.mapper] mapper | HYUNDAI | PAHW8G2DLU8H | Keyword 'hybrid' found but NOT in translator. Returning keyword as-is.
[2026-07-28 15:34:36] [INFO    ] [chrome_api.mapper] mapper | HYUNDAI | PAHW8G2DLU8H | Row complete: model=Palisade Hybrid, trim=Luxury 8-Passenger AWD, engine_type=hybrid
[2026-07-28 15:34:36] [DEBUG   ] [chrome_api.mapper] mapper | HYUNDAI | PAHW7G2DLU7H | Extracted fields: year=2026, desc=Luxury 7-Passenger AWD, trim=Luxury
[2026-07-28 15:34:36] [DEBUG   ] [chrome_api.mapper] mapper | HYUNDAI | PAHW7G2DLU7H | ModelName from ADS: Palisade Hybrid
[2026-07-28 15:34:36] [DEBUG   ] [semantic.standardizer] standardizer | Hyundai | No trim alias found for: 'Luxury'
[2026-07-28 15:34:36] [DEBUG   ] [semantic.standardizer] standardizer | Hyundai | No description patterns matched: 'Luxury 7-Passenger AWD'
[2026-07-28 15:34:36] [DEBUG   ] [chrome_api.mapper] mapper | HYUNDAI | PAHW7G2DLU7H | Applied standardization rules
[2026-07-28 15:34:36] [INFO    ] [chrome_api.mapper] mapper | HYUNDAI | Loaded 6 ENGINE_TYPE keywords: ['hev', 'hybrid', 'phev', 'ev', 'plug-in', 'electric']
[2026-07-28 15:34:36] [DEBUG   ] [chrome_api.mapper] mapper | HYUNDAI | PAHW7G2DLU7H | Searching text: 'palisade hybrid luxury 7-passenger awd'
[2026-07-28 15:34:36] [DEBUG   ] [chrome_api.mapper] mapper | HYUNDAI | PAHW7G2DLU7H | Found keyword 'hybrid' in 'Palisade Hybrid Luxury 7-Passenger AWD'
[2026-07-28 15:34:36] [WARNING ] [chrome_api.mapper] mapper | HYUNDAI | PAHW7G2DLU7H | Keyword 'hybrid' found but NOT in translator. Returning keyword as-is.
[2026-07-28 15:34:36] [INFO    ] [chrome_api.mapper] mapper | HYUNDAI | PAHW7G2DLU7H | Row complete: model=Palisade Hybrid, trim=Luxury 7-Passenger AWD, engine_type=hybrid
[2026-07-28 15:34:36] [DEBUG   ] [chrome_api.mapper] mapper | HYUNDAI | PAHW7G2DULCH | Extracted fields: year=2026, desc=Ultimate Calligraphy AWD, trim=Ultimate Calligraphy
[2026-07-28 15:34:36] [DEBUG   ] [chrome_api.mapper] mapper | HYUNDAI | PAHW7G2DULCH | ModelName from ADS: Palisade Hybrid
[2026-07-28 15:34:36] [DEBUG   ] [semantic.standardizer] standardizer | Hyundai | No trim alias found for: 'Ultimate Calligraphy'
[2026-07-28 15:34:36] [DEBUG   ] [semantic.standardizer] standardizer | Hyundai | No description patterns matched: 'Ultimate Calligraphy AWD'
[2026-07-28 15:34:36] [DEBUG   ] [chrome_api.mapper] mapper | HYUNDAI | PAHW7G2DULCH | Applied standardization rules
[2026-07-28 15:34:36] [INFO    ] [chrome_api.mapper] mapper | HYUNDAI | Loaded 6 ENGINE_TYPE keywords: ['hev', 'hybrid', 'phev', 'ev', 'plug-in', 'electric']
[2026-07-28 15:34:36] [DEBUG   ] [chrome_api.mapper] mapper | HYUNDAI | PAHW7G2DULCH | Searching text: 'palisade hybrid ultimate calligraphy awd'
[2026-07-28 15:34:36] [DEBUG   ] [chrome_api.mapper] mapper | HYUNDAI | PAHW7G2DULCH | Found keyword 'hybrid' in 'Palisade Hybrid Ultimate Calligraphy AWD'
[2026-07-28 15:34:36] [WARNING ] [chrome_api.mapper] mapper | HYUNDAI | PAHW7G2DULCH | Keyword 'hybrid' found but NOT in translator. Returning keyword as-is.
[2026-07-28 15:34:36] [INFO    ] [chrome_api.mapper] mapper | HYUNDAI | PAHW7G2DULCH | Row complete: model=Palisade Hybrid, trim=Ultimate Calligraphy AWD, engine_type=hybrid
[2026-07-28 15:34:36] [DEBUG   ] [chrome_api.mapper] mapper | HYUNDAI | PAHW7G2DULCH | Extracted fields: year=2026, desc=Ultimate Calligraphy NHL Special Edition AWD, trim=Ultimate Calligraphy NHL Special Edition
[2026-07-28 15:34:36] [DEBUG   ] [chrome_api.mapper] mapper | HYUNDAI | PAHW7G2DULCH | ModelName from ADS: Palisade Hybrid
[2026-07-28 15:34:36] [DEBUG   ] [semantic.standardizer] standardizer | Hyundai | No trim alias found for: 'Ultimate Calligraphy NHL Special Edition'
[2026-07-28 15:34:36] [DEBUG   ] [semantic.standardizer] standardizer | Hyundai | No description patterns matched: 'Ultimate Calligraphy NHL Special Edition AWD'
[2026-07-28 15:34:36] [DEBUG   ] [chrome_api.mapper] mapper | HYUNDAI | PAHW7G2DULCH | Applied standardization rules
[2026-07-28 15:34:36] [INFO    ] [chrome_api.mapper] mapper | HYUNDAI | Loaded 6 ENGINE_TYPE keywords: ['hev', 'hybrid', 'phev', 'ev', 'plug-in', 'electric']
[2026-07-28 15:34:36] [DEBUG   ] [chrome_api.mapper] mapper | HYUNDAI | PAHW7G2DULCH | Searching text: 'palisade hybrid ultimate calligraphy nhl special edition awd'
[2026-07-28 15:34:36] [DEBUG   ] [chrome_api.mapper] mapper | HYUNDAI | PAHW7G2DULCH | Found keyword 'hybrid' in 'Palisade Hybrid Ultimate Calligraphy NHL Special Edition AWD'
[2026-07-28 15:34:36] [WARNING ] [chrome_api.mapper] mapper | HYUNDAI | PAHW7G2DULCH | Keyword 'hybrid' found but NOT in translator. Returning keyword as-is.
[2026-07-28 15:34:36] [INFO    ] [chrome_api.mapper] mapper | HYUNDAI | PAHW7G2DULCH | Row complete: model=Palisade Hybrid, trim=Ultimate Calligraphy NHL Special Edition AWD, engine_type=hybrid
[2026-07-28 15:34:36] [INFO    ] [chrome_api.mapper] mapper | ads_response_to_rows | Hyundai | Converted 4/4 trims to rows
[2026-07-28 15:34:36] [DEBUG   ] [chrome_api.service] refresh_from_ads | Hyundai 2026 Palisade Hybrid | Converted 4 trims to rows
[2026-07-28 15:34:36] [DEBUG   ] [urllib3.connectionpool] https://demos.autodatasolutions.com:443 "POST /ADSDemo/api/full/ymmt/year/2026/make/Hyundai/model/Santa%20Fe/ HTTP/1.1" 200 None
[2026-07-28 15:34:37] [INFO    ] [chrome_api.mapper] mapper | ads_response_to_rows | Hyundai | Processing 0 trims from ADS response
[2026-07-28 15:34:37] [INFO    ] [chrome_api.mapper] mapper | ads_response_to_rows | Hyundai | Converted 0/0 trims to rows
[2026-07-28 15:34:37] [DEBUG   ] [chrome_api.service] refresh_from_ads | Hyundai 2026 Santa Fe | Converted 0 trims to rows
[2026-07-28 15:34:37] [DEBUG   ] [urllib3.connectionpool] https://demos.autodatasolutions.com:443 "POST /ADSDemo/api/full/ymmt/year/2026/make/Hyundai/model/Santa%20Fe%20Hybrid/ HTTP/1.1" 200 None
[2026-07-28 15:34:37] [INFO    ] [chrome_api.mapper] mapper | ads_response_to_rows | Hyundai | Processing 5 trims from ADS response
[2026-07-28 15:34:37] [DEBUG   ] [chrome_api.mapper] mapper | HYUNDAI | SAHW7G1APRHE | Extracted fields: year=2026, desc=Preferred AWD, trim=Preferred
[2026-07-28 15:34:37] [DEBUG   ] [chrome_api.mapper] mapper | HYUNDAI | SAHW7G1APRHE | ModelName from ADS: Santa Fe Hybrid
[2026-07-28 15:34:37] [DEBUG   ] [semantic.standardizer] standardizer | Hyundai | No trim alias found for: 'Preferred'
[2026-07-28 15:34:37] [DEBUG   ] [semantic.standardizer] standardizer | Hyundai | No description patterns matched: 'Preferred AWD'
[2026-07-28 15:34:37] [DEBUG   ] [chrome_api.mapper] mapper | HYUNDAI | SAHW7G1APRHE | Applied standardization rules
[2026-07-28 15:34:37] [INFO    ] [chrome_api.mapper] mapper | HYUNDAI | Loaded 6 ENGINE_TYPE keywords: ['hev', 'hybrid', 'phev', 'ev', 'plug-in', 'electric']
[2026-07-28 15:34:37] [DEBUG   ] [chrome_api.mapper] mapper | HYUNDAI | SAHW7G1APRHE | Searching text: 'santa fe hybrid preferred awd'
[2026-07-28 15:34:37] [DEBUG   ] [chrome_api.mapper] mapper | HYUNDAI | SAHW7G1APRHE | Found keyword 'hybrid' in 'Santa Fe Hybrid Preferred AWD'
[2026-07-28 15:34:37] [WARNING ] [chrome_api.mapper] mapper | HYUNDAI | SAHW7G1APRHE | Keyword 'hybrid' found but NOT in translator. Returning keyword as-is.
[2026-07-28 15:34:37] [INFO    ] [chrome_api.mapper] mapper | HYUNDAI | SAHW7G1APRHE | Row complete: model=Santa Fe Hybrid, trim=Preferred AWD, engine_type=hybrid
[2026-07-28 15:34:37] [DEBUG   ] [chrome_api.mapper] mapper | HYUNDAI | SAHW7G1APRTH | Extracted fields: year=2026, desc=Preferred AWD w/Trend Pkg, trim=Preferred
[2026-07-28 15:34:37] [DEBUG   ] [chrome_api.mapper] mapper | HYUNDAI | SAHW7G1APRTH | ModelName from ADS: Santa Fe Hybrid
[2026-07-28 15:34:37] [DEBUG   ] [semantic.standardizer] standardizer | Hyundai | No trim alias found for: 'Preferred'
[2026-07-28 15:34:37] [DEBUG   ] [semantic.standardizer] standardizer | Hyundai | No description patterns matched: 'Preferred AWD w/Trend Pkg'
[2026-07-28 15:34:37] [DEBUG   ] [chrome_api.mapper] mapper | HYUNDAI | SAHW7G1APRTH | Applied standardization rules
[2026-07-28 15:34:37] [INFO    ] [chrome_api.mapper] mapper | HYUNDAI | Loaded 6 ENGINE_TYPE keywords: ['hev', 'hybrid', 'phev', 'ev', 'plug-in', 'electric']
[2026-07-28 15:34:37] [DEBUG   ] [chrome_api.mapper] mapper | HYUNDAI | SAHW7G1APRTH | Searching text: 'santa fe hybrid preferred awd w/trend pkg'
[2026-07-28 15:34:37] [DEBUG   ] [chrome_api.mapper] mapper | HYUNDAI | SAHW7G1APRTH | Found keyword 'hybrid' in 'Santa Fe Hybrid Preferred AWD w/Trend Pkg'
[2026-07-28 15:34:37] [WARNING ] [chrome_api.mapper] mapper | HYUNDAI | SAHW7G1APRTH | Keyword 'hybrid' found but NOT in translator. Returning keyword as-is.
[2026-07-28 15:34:37] [INFO    ] [chrome_api.mapper] mapper | HYUNDAI | SAHW7G1APRTH | Row complete: model=Santa Fe Hybrid, trim=Preferred AWD w/Trend Pkg, engine_type=hybrid
[2026-07-28 15:34:37] [DEBUG   ] [chrome_api.mapper] mapper | HYUNDAI | SAHW7G1ALUHE | Extracted fields: year=2026, desc=Luxury AWD, trim=Luxury
[2026-07-28 15:34:37] [DEBUG   ] [chrome_api.mapper] mapper | HYUNDAI | SAHW7G1ALUHE | ModelName from ADS: Santa Fe Hybrid
[2026-07-28 15:34:37] [DEBUG   ] [semantic.standardizer] standardizer | Hyundai | No trim alias found for: 'Luxury'
[2026-07-28 15:34:37] [DEBUG   ] [semantic.standardizer] standardizer | Hyundai | No description patterns matched: 'Luxury AWD'
[2026-07-28 15:34:37] [DEBUG   ] [chrome_api.mapper] mapper | HYUNDAI | SAHW7G1ALUHE | Applied standardization rules
[2026-07-28 15:34:37] [INFO    ] [chrome_api.mapper] mapper | HYUNDAI | Loaded 6 ENGINE_TYPE keywords: ['hev', 'hybrid', 'phev', 'ev', 'plug-in', 'electric']
[2026-07-28 15:34:37] [DEBUG   ] [chrome_api.mapper] mapper | HYUNDAI | SAHW7G1ALUHE | Searching text: 'santa fe hybrid luxury awd'
[2026-07-28 15:34:37] [DEBUG   ] [chrome_api.mapper] mapper | HYUNDAI | SAHW7G1ALUHE | Found keyword 'hybrid' in 'Santa Fe Hybrid Luxury AWD'
[2026-07-28 15:34:37] [WARNING ] [chrome_api.mapper] mapper | HYUNDAI | SAHW7G1ALUHE | Keyword 'hybrid' found but NOT in translator. Returning keyword as-is.
[2026-07-28 15:34:37] [INFO    ] [chrome_api.mapper] mapper | HYUNDAI | SAHW7G1ALUHE | Row complete: model=Santa Fe Hybrid, trim=Luxury AWD, engine_type=hybrid
[2026-07-28 15:34:37] [DEBUG   ] [chrome_api.mapper] mapper | HYUNDAI | SAHW6G1AULBG | Extracted fields: year=2026, desc=Ultimate Calligraphy AWD, trim=Ultimate Calligraphy
[2026-07-28 15:34:37] [DEBUG   ] [chrome_api.mapper] mapper | HYUNDAI | SAHW6G1AULBG | ModelName from ADS: Santa Fe Hybrid
[2026-07-28 15:34:37] [DEBUG   ] [semantic.standardizer] standardizer | Hyundai | No trim alias found for: 'Ultimate Calligraphy'
[2026-07-28 15:34:37] [DEBUG   ] [semantic.standardizer] standardizer | Hyundai | No description patterns matched: 'Ultimate Calligraphy AWD'
[2026-07-28 15:34:37] [DEBUG   ] [chrome_api.mapper] mapper | HYUNDAI | SAHW6G1AULBG | Applied standardization rules
[2026-07-28 15:34:37] [INFO    ] [chrome_api.mapper] mapper | HYUNDAI | Loaded 6 ENGINE_TYPE keywords: ['hev', 'hybrid', 'phev', 'ev', 'plug-in', 'electric']
[2026-07-28 15:34:37] [DEBUG   ] [chrome_api.mapper] mapper | HYUNDAI | SAHW6G1AULBG | Searching text: 'santa fe hybrid ultimate calligraphy awd'
[2026-07-28 15:34:37] [DEBUG   ] [chrome_api.mapper] mapper | HYUNDAI | SAHW6G1AULBG | Found keyword 'hybrid' in 'Santa Fe Hybrid Ultimate Calligraphy AWD'
[2026-07-28 15:34:37] [WARNING ] [chrome_api.mapper] mapper | HYUNDAI | SAHW6G1AULBG | Keyword 'hybrid' found but NOT in translator. Returning keyword as-is.
[2026-07-28 15:34:37] [INFO    ] [chrome_api.mapper] mapper | HYUNDAI | SAHW6G1AULBG | Row complete: model=Santa Fe Hybrid, trim=Ultimate Calligraphy AWD, engine_type=hybrid
[2026-07-28 15:34:37] [DEBUG   ] [chrome_api.mapper] mapper | HYUNDAI | SAHW6G1AULBH | Extracted fields: year=2026, desc=Ultimate Calligraphy AWD w/Beige, trim=Ultimate Calligraphy
[2026-07-28 15:34:37] [DEBUG   ] [chrome_api.mapper] mapper | HYUNDAI | SAHW6G1AULBH | ModelName from ADS: Santa Fe Hybrid
[2026-07-28 15:34:37] [DEBUG   ] [semantic.standardizer] standardizer | Hyundai | No trim alias found for: 'Ultimate Calligraphy'
[2026-07-28 15:34:37] [DEBUG   ] [semantic.standardizer] standardizer | Hyundai | No description patterns matched: 'Ultimate Calligraphy AWD w/Beige'
[2026-07-28 15:34:37] [DEBUG   ] [chrome_api.mapper] mapper | HYUNDAI | SAHW6G1AULBH | Applied standardization rules
[2026-07-28 15:34:37] [INFO    ] [chrome_api.mapper] mapper | HYUNDAI | Loaded 6 ENGINE_TYPE keywords: ['hev', 'hybrid', 'phev', 'ev', 'plug-in', 'electric']
[2026-07-28 15:34:37] [DEBUG   ] [chrome_api.mapper] mapper | HYUNDAI | SAHW6G1AULBH | Searching text: 'santa fe hybrid ultimate calligraphy awd w/beige'
[2026-07-28 15:34:37] [DEBUG   ] [chrome_api.mapper] mapper | HYUNDAI | SAHW6G1AULBH | Found keyword 'hybrid' in 'Santa Fe Hybrid Ultimate Calligraphy AWD w/Beige'
[2026-07-28 15:34:37] [WARNING ] [chrome_api.mapper] mapper | HYUNDAI | SAHW6G1AULBH | Keyword 'hybrid' found but NOT in translator. Returning keyword as-is.
[2026-07-28 15:34:37] [INFO    ] [chrome_api.mapper] mapper | HYUNDAI | SAHW6G1AULBH | Row complete: model=Santa Fe Hybrid, trim=Ultimate Calligraphy AWD w/Beige, engine_type=hybrid
[2026-07-28 15:34:37] [INFO    ] [chrome_api.mapper] mapper | ads_response_to_rows | Hyundai | Converted 5/5 trims to rows
[2026-07-28 15:34:37] [DEBUG   ] [chrome_api.service] refresh_from_ads | Hyundai 2026 Santa Fe Hybrid | Converted 5 trims to rows
[2026-07-28 15:34:37] [DEBUG   ] [urllib3.connectionpool] https://demos.autodatasolutions.com:443 "POST /ADSDemo/api/full/ymmt/year/2026/make/Hyundai/model/Sonata/ HTTP/1.1" 200 None
[2026-07-28 15:34:38] [INFO    ] [chrome_api.mapper] mapper | ads_response_to_rows | Hyundai | Processing 2 trims from ADS response
[2026-07-28 15:34:38] [DEBUG   ] [chrome_api.mapper] mapper | HYUNDAI | SOCS4M2DNL00 | Extracted fields: year=2026, desc=N Line FWD, trim=N Line
[2026-07-28 15:34:38] [DEBUG   ] [chrome_api.mapper] mapper | HYUNDAI | SOCS4M2DNL00 | ModelName from ADS: Sonata
[2026-07-28 15:34:38] [DEBUG   ] [chrome_api.mapper] mapper | HYUNDAI | SOCS4M2DNL00 | Applied standardization rules
[2026-07-28 15:34:38] [INFO    ] [chrome_api.mapper] mapper | HYUNDAI | Loaded 6 ENGINE_TYPE keywords: ['hev', 'hybrid', 'phev', 'ev', 'plug-in', 'electric']
[2026-07-28 15:34:38] [DEBUG   ] [chrome_api.mapper] mapper | HYUNDAI | SOCS4M2DNL00 | Searching text: 'sonata n-line fwd'
[2026-07-28 15:34:38] [DEBUG   ] [chrome_api.mapper] mapper | HYUNDAI | SOCS4M2DNL00 | No ENGINE_TYPE keyword found
[2026-07-28 15:34:38] [INFO    ] [chrome_api.mapper] mapper | HYUNDAI | SOCS4M2DNL00 | Row complete: model=Sonata, trim=N-Line FWD, engine_type=None
[2026-07-28 15:34:38] [DEBUG   ] [chrome_api.mapper] mapper | HYUNDAI | SOCS4K2EPRTR | Extracted fields: year=2026, desc=Preferred-Trend AWD, trim=Preferred-Trend
[2026-07-28 15:34:38] [DEBUG   ] [chrome_api.mapper] mapper | HYUNDAI | SOCS4K2EPRTR | ModelName from ADS: Sonata
[2026-07-28 15:34:38] [DEBUG   ] [semantic.standardizer] standardizer | Hyundai | No trim alias found for: 'Preferred-Trend'
[2026-07-28 15:34:38] [DEBUG   ] [semantic.standardizer] standardizer | Hyundai | No description patterns matched: 'Preferred-Trend AWD'
[2026-07-28 15:34:38] [DEBUG   ] [chrome_api.mapper] mapper | HYUNDAI | SOCS4K2EPRTR | Applied standardization rules
[2026-07-28 15:34:38] [INFO    ] [chrome_api.mapper] mapper | HYUNDAI | Loaded 6 ENGINE_TYPE keywords: ['hev', 'hybrid', 'phev', 'ev', 'plug-in', 'electric']
[2026-07-28 15:34:38] [DEBUG   ] [chrome_api.mapper] mapper | HYUNDAI | SOCS4K2EPRTR | Searching text: 'sonata preferred-trend awd'
[2026-07-28 15:34:38] [DEBUG   ] [chrome_api.mapper] mapper | HYUNDAI | SOCS4K2EPRTR | No ENGINE_TYPE keyword found
[2026-07-28 15:34:38] [INFO    ] [chrome_api.mapper] mapper | HYUNDAI | SOCS4K2EPRTR | Row complete: model=Sonata, trim=Preferred-Trend AWD, engine_type=None
[2026-07-28 15:34:38] [INFO    ] [chrome_api.mapper] mapper | ads_response_to_rows | Hyundai | Converted 2/2 trims to rows
[2026-07-28 15:34:38] [DEBUG   ] [chrome_api.service] refresh_from_ads | Hyundai 2026 Sonata | Converted 2 trims to rows
[2026-07-28 15:34:38] [DEBUG   ] [urllib3.connectionpool] https://demos.autodatasolutions.com:443 "POST /ADSDemo/api/full/ymmt/year/2026/make/Hyundai/model/Sonata%20Hybrid/ HTTP/1.1" 200 None
[2026-07-28 15:34:39] [INFO    ] [chrome_api.mapper] mapper | ads_response_to_rows | Hyundai | Processing 1 trims from ADS response
[2026-07-28 15:34:39] [DEBUG   ] [chrome_api.mapper] mapper | HYUNDAI | SHHS4F2FPRTH | Extracted fields: year=2026, desc=Preferred-Trend FWD, trim=Preferred-Trend
[2026-07-28 15:34:39] [DEBUG   ] [chrome_api.mapper] mapper | HYUNDAI | SHHS4F2FPRTH | ModelName from ADS: Sonata Hybrid
[2026-07-28 15:34:39] [DEBUG   ] [semantic.standardizer] standardizer | Hyundai | No trim alias found for: 'Preferred-Trend'
[2026-07-28 15:34:39] [DEBUG   ] [semantic.standardizer] standardizer | Hyundai | No description patterns matched: 'Preferred-Trend FWD'
[2026-07-28 15:34:39] [DEBUG   ] [chrome_api.mapper] mapper | HYUNDAI | SHHS4F2FPRTH | Applied standardization rules
[2026-07-28 15:34:39] [INFO    ] [chrome_api.mapper] mapper | HYUNDAI | Loaded 6 ENGINE_TYPE keywords: ['hev', 'hybrid', 'phev', 'ev', 'plug-in', 'electric']
[2026-07-28 15:34:39] [DEBUG   ] [chrome_api.mapper] mapper | HYUNDAI | SHHS4F2FPRTH | Searching text: 'sonata hybrid preferred-trend fwd'
[2026-07-28 15:34:39] [DEBUG   ] [chrome_api.mapper] mapper | HYUNDAI | SHHS4F2FPRTH | Found keyword 'hybrid' in 'Sonata Hybrid Preferred-Trend FWD'
[2026-07-28 15:34:39] [WARNING ] [chrome_api.mapper] mapper | HYUNDAI | SHHS4F2FPRTH | Keyword 'hybrid' found but NOT in translator. Returning keyword as-is.
[2026-07-28 15:34:39] [INFO    ] [chrome_api.mapper] mapper | HYUNDAI | SHHS4F2FPRTH | Row complete: model=Sonata Hybrid, trim=Preferred-Trend FWD, engine_type=hybrid
[2026-07-28 15:34:39] [INFO    ] [chrome_api.mapper] mapper | ads_response_to_rows | Hyundai | Converted 1/1 trims to rows
[2026-07-28 15:34:39] [DEBUG   ] [chrome_api.service] refresh_from_ads | Hyundai 2026 Sonata Hybrid | Converted 1 trims to rows
[2026-07-28 15:34:39] [DEBUG   ] [urllib3.connectionpool] https://demos.autodatasolutions.com:443 "POST /ADSDemo/api/full/ymmt/year/2026/make/Hyundai/model/Tucson/ HTTP/1.1" 200 None
[2026-07-28 15:34:39] [INFO    ] [chrome_api.mapper] mapper | ads_response_to_rows | Hyundai | Processing 4 trims from ADS response
[2026-07-28 15:34:39] [DEBUG   ] [chrome_api.mapper] mapper | HYUNDAI | TUCWDK2EPR00 | Extracted fields: year=2026, desc=Preferred AWD, trim=Preferred
[2026-07-28 15:34:39] [DEBUG   ] [chrome_api.mapper] mapper | HYUNDAI | TUCWDK2EPR00 | ModelName from ADS: Tucson
[2026-07-28 15:34:39] [DEBUG   ] [semantic.standardizer] standardizer | Hyundai | No trim alias found for: 'Preferred'
[2026-07-28 15:34:39] [DEBUG   ] [semantic.standardizer] standardizer | Hyundai | No description patterns matched: 'Preferred AWD'
[2026-07-28 15:34:39] [DEBUG   ] [chrome_api.mapper] mapper | HYUNDAI | TUCWDK2EPR00 | Applied standardization rules
[2026-07-28 15:34:39] [INFO    ] [chrome_api.mapper] mapper | HYUNDAI | Loaded 6 ENGINE_TYPE keywords: ['hev', 'hybrid', 'phev', 'ev', 'plug-in', 'electric']
[2026-07-28 15:34:39] [DEBUG   ] [chrome_api.mapper] mapper | HYUNDAI | TUCWDK2EPR00 | Searching text: 'tucson preferred awd'
[2026-07-28 15:34:39] [DEBUG   ] [chrome_api.mapper] mapper | HYUNDAI | TUCWDK2EPR00 | No ENGINE_TYPE keyword found
[2026-07-28 15:34:39] [INFO    ] [chrome_api.mapper] mapper | HYUNDAI | TUCWDK2EPR00 | Row complete: model=Tucson, trim=Preferred AWD, engine_type=None
[2026-07-28 15:34:39] [DEBUG   ] [chrome_api.mapper] mapper | HYUNDAI | TUCWDK2EPRTR | Extracted fields: year=2026, desc=Preferred AWD w/Trend Pkg, trim=Preferred
[2026-07-28 15:34:39] [DEBUG   ] [chrome_api.mapper] mapper | HYUNDAI | TUCWDK2EPRTR | ModelName from ADS: Tucson
[2026-07-28 15:34:39] [DEBUG   ] [semantic.standardizer] standardizer | Hyundai | No trim alias found for: 'Preferred'
[2026-07-28 15:34:39] [DEBUG   ] [semantic.standardizer] standardizer | Hyundai | No description patterns matched: 'Preferred AWD w/Trend Pkg'
[2026-07-28 15:34:39] [DEBUG   ] [chrome_api.mapper] mapper | HYUNDAI | TUCWDK2EPRTR | Applied standardization rules
[2026-07-28 15:34:39] [INFO    ] [chrome_api.mapper] mapper | HYUNDAI | Loaded 6 ENGINE_TYPE keywords: ['hev', 'hybrid', 'phev', 'ev', 'plug-in', 'electric']
[2026-07-28 15:34:39] [DEBUG   ] [chrome_api.mapper] mapper | HYUNDAI | TUCWDK2EPRTR | Searching text: 'tucson preferred awd w/trend pkg'
[2026-07-28 15:34:39] [DEBUG   ] [chrome_api.mapper] mapper | HYUNDAI | TUCWDK2EPRTR | No ENGINE_TYPE keyword found
[2026-07-28 15:34:39] [INFO    ] [chrome_api.mapper] mapper | HYUNDAI | TUCWDK2EPRTR | Row complete: model=Tucson, trim=Preferred AWD w/Trend Pkg, engine_type=None
[2026-07-28 15:34:39] [DEBUG   ] [chrome_api.mapper] mapper | HYUNDAI | TUCWDK2EPM00 | Extracted fields: year=2026, desc=Preferred AWD, trim=Preferred
[2026-07-28 15:34:39] [DEBUG   ] [chrome_api.mapper] mapper | HYUNDAI | TUCWDK2EPM00 | ModelName from ADS: Tucson
[2026-07-28 15:34:39] [DEBUG   ] [semantic.standardizer] standardizer | Hyundai | No trim alias found for: 'Preferred'
[2026-07-28 15:34:39] [DEBUG   ] [semantic.standardizer] standardizer | Hyundai | No description patterns matched: 'Preferred AWD'
[2026-07-28 15:34:39] [DEBUG   ] [chrome_api.mapper] mapper | HYUNDAI | TUCWDK2EPM00 | Applied standardization rules
[2026-07-28 15:34:39] [INFO    ] [chrome_api.mapper] mapper | HYUNDAI | Loaded 6 ENGINE_TYPE keywords: ['hev', 'hybrid', 'phev', 'ev', 'plug-in', 'electric']
[2026-07-28 15:34:39] [DEBUG   ] [chrome_api.mapper] mapper | HYUNDAI | TUCWDK2EPM00 | Searching text: 'tucson preferred awd'
[2026-07-28 15:34:39] [DEBUG   ] [chrome_api.mapper] mapper | HYUNDAI | TUCWDK2EPM00 | No ENGINE_TYPE keyword found
[2026-07-28 15:34:39] [INFO    ] [chrome_api.mapper] mapper | HYUNDAI | TUCWDK2EPM00 | Row complete: model=Tucson, trim=Preferred AWD, engine_type=None
[2026-07-28 15:34:39] [DEBUG   ] [chrome_api.mapper] mapper | HYUNDAI | TUCWDK2EPMTM | Extracted fields: year=2026, desc=Preferred AWD w/Trend Pkg, trim=Preferred
[2026-07-28 15:34:39] [DEBUG   ] [chrome_api.mapper] mapper | HYUNDAI | TUCWDK2EPMTM | ModelName from ADS: Tucson
[2026-07-28 15:34:39] [DEBUG   ] [semantic.standardizer] standardizer | Hyundai | No trim alias found for: 'Preferred'
[2026-07-28 15:34:39] [DEBUG   ] [semantic.standardizer] standardizer | Hyundai | No description patterns matched: 'Preferred AWD w/Trend Pkg'
[2026-07-28 15:34:39] [DEBUG   ] [chrome_api.mapper] mapper | HYUNDAI | TUCWDK2EPMTM | Applied standardization rules
[2026-07-28 15:34:39] [INFO    ] [chrome_api.mapper] mapper | HYUNDAI | Loaded 6 ENGINE_TYPE keywords: ['hev', 'hybrid', 'phev', 'ev', 'plug-in', 'electric']
[2026-07-28 15:34:39] [DEBUG   ] [chrome_api.mapper] mapper | HYUNDAI | TUCWDK2EPMTM | Searching text: 'tucson preferred awd w/trend pkg'
[2026-07-28 15:34:39] [DEBUG   ] [chrome_api.mapper] mapper | HYUNDAI | TUCWDK2EPMTM | No ENGINE_TYPE keyword found
[2026-07-28 15:34:39] [INFO    ] [chrome_api.mapper] mapper | HYUNDAI | TUCWDK2EPMTM | Row complete: model=Tucson, trim=Preferred AWD w/Trend Pkg, engine_type=None
[2026-07-28 15:34:39] [INFO    ] [chrome_api.mapper] mapper | ads_response_to_rows | Hyundai | Converted 4/4 trims to rows
[2026-07-28 15:34:39] [DEBUG   ] [chrome_api.service] refresh_from_ads | Hyundai 2026 Tucson | Converted 4 trims to rows
[2026-07-28 15:34:39] [DEBUG   ] [urllib3.connectionpool] https://demos.autodatasolutions.com:443 "POST /ADSDemo/api/full/ymmt/year/2026/make/Hyundai/model/Tucson%20Hybrid/ HTTP/1.1" 200 None
[2026-07-28 15:34:40] [INFO    ] [chrome_api.mapper] mapper | ads_response_to_rows | Hyundai | Processing 3 trims from ADS response
[2026-07-28 15:34:40] [DEBUG   ] [chrome_api.mapper] mapper | HYUNDAI | TUHWDG1ANLHE | Extracted fields: year=2026, desc=N-Line AWD, trim=N-Line
[2026-07-28 15:34:40] [DEBUG   ] [chrome_api.mapper] mapper | HYUNDAI | TUHWDG1ANLHE | ModelName from ADS: Tucson Hybrid
[2026-07-28 15:34:40] [DEBUG   ] [semantic.standardizer] standardizer | Hyundai | No description patterns matched: 'N-Line AWD'
[2026-07-28 15:34:40] [DEBUG   ] [chrome_api.mapper] mapper | HYUNDAI | TUHWDG1ANLHE | Applied standardization rules
[2026-07-28 15:34:40] [INFO    ] [chrome_api.mapper] mapper | HYUNDAI | Loaded 6 ENGINE_TYPE keywords: ['hev', 'hybrid', 'phev', 'ev', 'plug-in', 'electric']
[2026-07-28 15:34:40] [DEBUG   ] [chrome_api.mapper] mapper | HYUNDAI | TUHWDG1ANLHE | Searching text: 'tucson hybrid n-line awd'
[2026-07-28 15:34:40] [DEBUG   ] [chrome_api.mapper] mapper | HYUNDAI | TUHWDG1ANLHE | Found keyword 'hybrid' in 'Tucson Hybrid N-Line AWD'
[2026-07-28 15:34:40] [WARNING ] [chrome_api.mapper] mapper | HYUNDAI | TUHWDG1ANLHE | Keyword 'hybrid' found but NOT in translator. Returning keyword as-is.
[2026-07-28 15:34:40] [INFO    ] [chrome_api.mapper] mapper | HYUNDAI | TUHWDG1ANLHE | Row complete: model=Tucson Hybrid, trim=N-Line AWD, engine_type=hybrid
[2026-07-28 15:34:40] [DEBUG   ] [chrome_api.mapper] mapper | HYUNDAI | TUHWDG1AULHE | Extracted fields: year=2026, desc=Ultimate AWD, trim=Ultimate
[2026-07-28 15:34:40] [DEBUG   ] [chrome_api.mapper] mapper | HYUNDAI | TUHWDG1AULHE | ModelName from ADS: Tucson Hybrid
[2026-07-28 15:34:40] [DEBUG   ] [semantic.standardizer] standardizer | Hyundai | No trim alias found for: 'Ultimate'
[2026-07-28 15:34:40] [DEBUG   ] [semantic.standardizer] standardizer | Hyundai | No description patterns matched: 'Ultimate AWD'
[2026-07-28 15:34:40] [DEBUG   ] [chrome_api.mapper] mapper | HYUNDAI | TUHWDG1AULHE | Applied standardization rules
[2026-07-28 15:34:40] [INFO    ] [chrome_api.mapper] mapper | HYUNDAI | Loaded 6 ENGINE_TYPE keywords: ['hev', 'hybrid', 'phev', 'ev', 'plug-in', 'electric']
[2026-07-28 15:34:40] [DEBUG   ] [chrome_api.mapper] mapper | HYUNDAI | TUHWDG1AULHE | Searching text: 'tucson hybrid ultimate awd'
[2026-07-28 15:34:40] [DEBUG   ] [chrome_api.mapper] mapper | HYUNDAI | TUHWDG1AULHE | Found keyword 'hybrid' in 'Tucson Hybrid Ultimate AWD'
[2026-07-28 15:34:40] [WARNING ] [chrome_api.mapper] mapper | HYUNDAI | TUHWDG1AULHE | Keyword 'hybrid' found but NOT in translator. Returning keyword as-is.
[2026-07-28 15:34:40] [INFO    ] [chrome_api.mapper] mapper | HYUNDAI | TUHWDG1AULHE | Row complete: model=Tucson Hybrid, trim=Ultimate AWD, engine_type=hybrid
[2026-07-28 15:34:40] [DEBUG   ] [chrome_api.mapper] mapper | HYUNDAI | TUHWDG1ANE00 | Extracted fields: year=2026, desc=Night Edition AWD, trim=Night Edition
[2026-07-28 15:34:40] [DEBUG   ] [chrome_api.mapper] mapper | HYUNDAI | TUHWDG1ANE00 | ModelName from ADS: Tucson Hybrid
[2026-07-28 15:34:40] [DEBUG   ] [semantic.standardizer] standardizer | Hyundai | No trim alias found for: 'Night Edition'
[2026-07-28 15:34:40] [DEBUG   ] [semantic.standardizer] standardizer | Hyundai | No description patterns matched: 'Night Edition AWD'
[2026-07-28 15:34:40] [DEBUG   ] [chrome_api.mapper] mapper | HYUNDAI | TUHWDG1ANE00 | Applied standardization rules
[2026-07-28 15:34:40] [INFO    ] [chrome_api.mapper] mapper | HYUNDAI | Loaded 6 ENGINE_TYPE keywords: ['hev', 'hybrid', 'phev', 'ev', 'plug-in', 'electric']
[2026-07-28 15:34:40] [DEBUG   ] [chrome_api.mapper] mapper | HYUNDAI | TUHWDG1ANE00 | Searching text: 'tucson hybrid night edition awd'
[2026-07-28 15:34:40] [DEBUG   ] [chrome_api.mapper] mapper | HYUNDAI | TUHWDG1ANE00 | Found keyword 'hybrid' in 'Tucson Hybrid Night Edition AWD'
[2026-07-28 15:34:40] [WARNING ] [chrome_api.mapper] mapper | HYUNDAI | TUHWDG1ANE00 | Keyword 'hybrid' found but NOT in translator. Returning keyword as-is.
[2026-07-28 15:34:40] [INFO    ] [chrome_api.mapper] mapper | HYUNDAI | TUHWDG1ANE00 | Row complete: model=Tucson Hybrid, trim=Night Edition AWD, engine_type=hybrid
[2026-07-28 15:34:40] [INFO    ] [chrome_api.mapper] mapper | ads_response_to_rows | Hyundai | Converted 3/3 trims to rows
[2026-07-28 15:34:40] [DEBUG   ] [chrome_api.service] refresh_from_ads | Hyundai 2026 Tucson Hybrid | Converted 3 trims to rows
[2026-07-28 15:34:40] [DEBUG   ] [urllib3.connectionpool] https://demos.autodatasolutions.com:443 "POST /ADSDemo/api/full/ymmt/year/2026/make/Hyundai/model/Tucson%20Plug-In%20Hybrid/ HTTP/1.1" 200 None
[2026-07-28 15:34:40] [INFO    ] [chrome_api.mapper] mapper | ads_response_to_rows | Hyundai | Processing 1 trims from ADS response
[2026-07-28 15:34:40] [DEBUG   ] [chrome_api.mapper] mapper | HYUNDAI | TUPWDG1AULPH | Extracted fields: year=2026, desc=Ultimate AWD, trim=Ultimate
[2026-07-28 15:34:40] [DEBUG   ] [chrome_api.mapper] mapper | HYUNDAI | TUPWDG1AULPH | ModelName from ADS: Tucson Plug-In Hybrid
[2026-07-28 15:34:40] [DEBUG   ] [semantic.standardizer] standardizer | Hyundai | No trim alias found for: 'Ultimate'
[2026-07-28 15:34:40] [DEBUG   ] [semantic.standardizer] standardizer | Hyundai | No description patterns matched: 'Ultimate AWD'
[2026-07-28 15:34:40] [DEBUG   ] [chrome_api.mapper] mapper | HYUNDAI | TUPWDG1AULPH | Applied standardization rules
[2026-07-28 15:34:40] [INFO    ] [chrome_api.mapper] mapper | HYUNDAI | Loaded 6 ENGINE_TYPE keywords: ['hev', 'hybrid', 'phev', 'ev', 'plug-in', 'electric']
[2026-07-28 15:34:40] [DEBUG   ] [chrome_api.mapper] mapper | HYUNDAI | TUPWDG1AULPH | Searching text: 'tucson plug-in hybrid ultimate awd'
[2026-07-28 15:34:40] [DEBUG   ] [chrome_api.mapper] mapper | HYUNDAI | TUPWDG1AULPH | Found keyword 'hybrid' in 'Tucson Plug-In Hybrid Ultimate AWD'
[2026-07-28 15:34:40] [WARNING ] [chrome_api.mapper] mapper | HYUNDAI | TUPWDG1AULPH | Keyword 'hybrid' found but NOT in translator. Returning keyword as-is.
[2026-07-28 15:34:40] [INFO    ] [chrome_api.mapper] mapper | HYUNDAI | TUPWDG1AULPH | Row complete: model=Tucson Plug-In Hybrid, trim=Ultimate AWD, engine_type=hybrid
[2026-07-28 15:34:40] [INFO    ] [chrome_api.mapper] mapper | ads_response_to_rows | Hyundai | Converted 1/1 trims to rows
[2026-07-28 15:34:40] [DEBUG   ] [chrome_api.service] refresh_from_ads | Hyundai 2026 Tucson Plug-In Hybrid | Converted 1 trims to rows
[2026-07-28 15:34:41] [DEBUG   ] [urllib3.connectionpool] https://demos.autodatasolutions.com:443 "POST /ADSDemo/api/full/ymmt/year/2026/make/Hyundai/model/Venue/ HTTP/1.1" 200 None
[2026-07-28 15:34:41] [INFO    ] [chrome_api.mapper] mapper | ads_response_to_rows | Hyundai | Processing 6 trims from ADS response
[2026-07-28 15:34:41] [DEBUG   ] [chrome_api.mapper] mapper | HYUNDAI | VNCW5V1FES00 | Extracted fields: year=2026, desc=Essential IVT, trim=Essential
[2026-07-28 15:34:41] [DEBUG   ] [chrome_api.mapper] mapper | HYUNDAI | VNCW5V1FES00 | ModelName from ADS: Venue
[2026-07-28 15:34:41] [DEBUG   ] [semantic.standardizer] standardizer | Hyundai | No trim alias found for: 'Essential'
[2026-07-28 15:34:41] [DEBUG   ] [semantic.standardizer] standardizer | Hyundai | No description patterns matched: 'Essential IVT'
[2026-07-28 15:34:41] [DEBUG   ] [chrome_api.mapper] mapper | HYUNDAI | VNCW5V1FES00 | Applied standardization rules
[2026-07-28 15:34:41] [INFO    ] [chrome_api.mapper] mapper | HYUNDAI | Loaded 6 ENGINE_TYPE keywords: ['hev', 'hybrid', 'phev', 'ev', 'plug-in', 'electric']
[2026-07-28 15:34:41] [DEBUG   ] [chrome_api.mapper] mapper | HYUNDAI | VNCW5V1FES00 | Searching text: 'venue essential ivt'
[2026-07-28 15:34:41] [DEBUG   ] [chrome_api.mapper] mapper | HYUNDAI | VNCW5V1FES00 | No ENGINE_TYPE keyword found
[2026-07-28 15:34:41] [INFO    ] [chrome_api.mapper] mapper | HYUNDAI | VNCW5V1FES00 | Row complete: model=Venue, trim=Essential IVT, engine_type=None
[2026-07-28 15:34:41] [DEBUG   ] [chrome_api.mapper] mapper | HYUNDAI | VNCW5V1FESTT | Extracted fields: year=2026, desc=Essential IVT w/Two-Tone, trim=Essential
[2026-07-28 15:34:41] [DEBUG   ] [chrome_api.mapper] mapper | HYUNDAI | VNCW5V1FESTT | ModelName from ADS: Venue
[2026-07-28 15:34:41] [DEBUG   ] [semantic.standardizer] standardizer | Hyundai | No trim alias found for: 'Essential'
[2026-07-28 15:34:41] [DEBUG   ] [semantic.standardizer] standardizer | Hyundai | No description patterns matched: 'Essential IVT w/Two-Tone'
[2026-07-28 15:34:41] [DEBUG   ] [chrome_api.mapper] mapper | HYUNDAI | VNCW5V1FESTT | Applied standardization rules
[2026-07-28 15:34:41] [INFO    ] [chrome_api.mapper] mapper | HYUNDAI | Loaded 6 ENGINE_TYPE keywords: ['hev', 'hybrid', 'phev', 'ev', 'plug-in', 'electric']
[2026-07-28 15:34:41] [DEBUG   ] [chrome_api.mapper] mapper | HYUNDAI | VNCW5V1FESTT | Searching text: 'venue essential ivt w/two-tone'
[2026-07-28 15:34:41] [DEBUG   ] [chrome_api.mapper] mapper | HYUNDAI | VNCW5V1FESTT | No ENGINE_TYPE keyword found
[2026-07-28 15:34:41] [INFO    ] [chrome_api.mapper] mapper | HYUNDAI | VNCW5V1FESTT | Row complete: model=Venue, trim=Essential IVT w/Two-Tone, engine_type=None
[2026-07-28 15:34:41] [DEBUG   ] [chrome_api.mapper] mapper | HYUNDAI | VNCW5V1FPR00 | Extracted fields: year=2026, desc=Preferred IVT, trim=Preferred
[2026-07-28 15:34:41] [DEBUG   ] [chrome_api.mapper] mapper | HYUNDAI | VNCW5V1FPR00 | ModelName from ADS: Venue
[2026-07-28 15:34:41] [DEBUG   ] [semantic.standardizer] standardizer | Hyundai | No trim alias found for: 'Preferred'
[2026-07-28 15:34:41] [DEBUG   ] [semantic.standardizer] standardizer | Hyundai | No description patterns matched: 'Preferred IVT'
[2026-07-28 15:34:41] [DEBUG   ] [chrome_api.mapper] mapper | HYUNDAI | VNCW5V1FPR00 | Applied standardization rules
[2026-07-28 15:34:41] [INFO    ] [chrome_api.mapper] mapper | HYUNDAI | Loaded 6 ENGINE_TYPE keywords: ['hev', 'hybrid', 'phev', 'ev', 'plug-in', 'electric']
[2026-07-28 15:34:41] [DEBUG   ] [chrome_api.mapper] mapper | HYUNDAI | VNCW5V1FPR00 | Searching text: 'venue preferred ivt'
[2026-07-28 15:34:41] [DEBUG   ] [chrome_api.mapper] mapper | HYUNDAI | VNCW5V1FPR00 | No ENGINE_TYPE keyword found
[2026-07-28 15:34:41] [INFO    ] [chrome_api.mapper] mapper | HYUNDAI | VNCW5V1FPR00 | Row complete: model=Venue, trim=Preferred IVT, engine_type=None
[2026-07-28 15:34:41] [DEBUG   ] [chrome_api.mapper] mapper | HYUNDAI | VNCW5V1FPRTT | Extracted fields: year=2026, desc=Preferred IVT w/Two-Tone, trim=Preferred
[2026-07-28 15:34:41] [DEBUG   ] [chrome_api.mapper] mapper | HYUNDAI | VNCW5V1FPRTT | ModelName from ADS: Venue
[2026-07-28 15:34:41] [DEBUG   ] [semantic.standardizer] standardizer | Hyundai | No trim alias found for: 'Preferred'
[2026-07-28 15:34:41] [DEBUG   ] [semantic.standardizer] standardizer | Hyundai | No description patterns matched: 'Preferred IVT w/Two-Tone'
[2026-07-28 15:34:41] [DEBUG   ] [chrome_api.mapper] mapper | HYUNDAI | VNCW5V1FPRTT | Applied standardization rules
[2026-07-28 15:34:41] [INFO    ] [chrome_api.mapper] mapper | HYUNDAI | Loaded 6 ENGINE_TYPE keywords: ['hev', 'hybrid', 'phev', 'ev', 'plug-in', 'electric']
[2026-07-28 15:34:41] [DEBUG   ] [chrome_api.mapper] mapper | HYUNDAI | VNCW5V1FPRTT | Searching text: 'venue preferred ivt w/two-tone'
[2026-07-28 15:34:41] [DEBUG   ] [chrome_api.mapper] mapper | HYUNDAI | VNCW5V1FPRTT | No ENGINE_TYPE keyword found
[2026-07-28 15:34:41] [INFO    ] [chrome_api.mapper] mapper | HYUNDAI | VNCW5V1FPRTT | Row complete: model=Venue, trim=Preferred IVT w/Two-Tone, engine_type=None
[2026-07-28 15:34:41] [DEBUG   ] [chrome_api.mapper] mapper | HYUNDAI | VNCW5V1FUL00 | Extracted fields: year=2026, desc=Ultimate IVT w/Black Interior, trim=Ultimate
[2026-07-28 15:34:41] [DEBUG   ] [chrome_api.mapper] mapper | HYUNDAI | VNCW5V1FUL00 | ModelName from ADS: Venue
[2026-07-28 15:34:41] [DEBUG   ] [semantic.standardizer] standardizer | Hyundai | No trim alias found for: 'Ultimate'
[2026-07-28 15:34:41] [DEBUG   ] [semantic.standardizer] standardizer | Hyundai | No description patterns matched: 'Ultimate IVT w/Black Interior'
[2026-07-28 15:34:41] [DEBUG   ] [chrome_api.mapper] mapper | HYUNDAI | VNCW5V1FUL00 | Applied standardization rules
[2026-07-28 15:34:41] [INFO    ] [chrome_api.mapper] mapper | HYUNDAI | Loaded 6 ENGINE_TYPE keywords: ['hev', 'hybrid', 'phev', 'ev', 'plug-in', 'electric']
[2026-07-28 15:34:41] [DEBUG   ] [chrome_api.mapper] mapper | HYUNDAI | VNCW5V1FUL00 | Searching text: 'venue ultimate ivt w/black interior'
[2026-07-28 15:34:41] [DEBUG   ] [chrome_api.mapper] mapper | HYUNDAI | VNCW5V1FUL00 | No ENGINE_TYPE keyword found
[2026-07-28 15:34:41] [INFO    ] [chrome_api.mapper] mapper | HYUNDAI | VNCW5V1FUL00 | Row complete: model=Venue, trim=Ultimate IVT w/Black Interior, engine_type=None
[2026-07-28 15:34:41] [DEBUG   ] [chrome_api.mapper] mapper | HYUNDAI | VNCW5V1FULCP | Extracted fields: year=2026, desc=Ultimate IVT w/Denim Interior, trim=Ultimate
[2026-07-28 15:34:41] [DEBUG   ] [chrome_api.mapper] mapper | HYUNDAI | VNCW5V1FULCP | ModelName from ADS: Venue
[2026-07-28 15:34:41] [DEBUG   ] [semantic.standardizer] standardizer | Hyundai | No trim alias found for: 'Ultimate'
[2026-07-28 15:34:41] [DEBUG   ] [semantic.standardizer] standardizer | Hyundai | No description patterns matched: 'Ultimate IVT w/Denim Interior'
[2026-07-28 15:34:41] [DEBUG   ] [chrome_api.mapper] mapper | HYUNDAI | VNCW5V1FULCP | Applied standardization rules
[2026-07-28 15:34:41] [INFO    ] [chrome_api.mapper] mapper | HYUNDAI | Loaded 6 ENGINE_TYPE keywords: ['hev', 'hybrid', 'phev', 'ev', 'plug-in', 'electric']
[2026-07-28 15:34:41] [DEBUG   ] [chrome_api.mapper] mapper | HYUNDAI | VNCW5V1FULCP | Searching text: 'venue ultimate ivt w/denim interior'
[2026-07-28 15:34:41] [DEBUG   ] [chrome_api.mapper] mapper | HYUNDAI | VNCW5V1FULCP | No ENGINE_TYPE keyword found
[2026-07-28 15:34:41] [INFO    ] [chrome_api.mapper] mapper | HYUNDAI | VNCW5V1FULCP | Row complete: model=Venue, trim=Ultimate IVT w/Denim Interior, engine_type=None
[2026-07-28 15:34:41] [INFO    ] [chrome_api.mapper] mapper | ads_response_to_rows | Hyundai | Converted 6/6 trims to rows
[2026-07-28 15:34:41] [DEBUG   ] [chrome_api.service] refresh_from_ads | Hyundai 2026 Venue | Converted 6 trims to rows
[2026-07-28 15:34:41] [INFO    ] [refresh_db_ads] ADS fetch complete | Total records: 279 | Columns: 10
[2026-07-28 15:34:41] [DEBUG   ] [refresh_db_ads] DataFrame columns: ['Manufacturer', 'ModelYear', 'ModelNumber', 'Description', 'TrimName', 'Package', 'Drivetrain', 'PassDoors', 'ModelName', 'engine_type']
[2026-07-28 15:34:41] [INFO    ] [refresh_db_ads] 
[Step 4/4] Saving to database with validation and standardization...
[2026-07-28 15:34:41] [DEBUG   ] [refresh_db_ads] Saving to: C:\Users\paxm\OneDrive - PBS SYSTEMS\Desktop\Office\Projects\OEM Accessory project\OEM_Accessories_v1\accy_v2\model_lookup\db\db_vehicle_models.csv | Key columns: Manufacturer, ModelYear, ModelNumber, Package
[2026-07-28 15:34:41] [INFO    ] [refresh_db_ads] CSV save SUCCESS | Records saved: 279
[2026-07-28 15:34:41] [DEBUG   ] [refresh_db_ads] Writing DQ report to: C:\Users\paxm\OneDrive - PBS SYSTEMS\Desktop\Office\Projects\OEM Accessory project\OEM_Accessories_v1\accy_v2\output\dq_reports\ads_refresh
[2026-07-28 15:34:41] [INFO    ] [refresh_db_ads] DQ report written | Path: C:\Users\paxm\OneDrive - PBS SYSTEMS\Desktop\Office\Projects\OEM Accessory project\OEM_Accessories_v1\accy_v2\output\dq_reports\ads_refresh
[2026-07-28 15:34:41] [INFO    ] [refresh_db_ads] 
================================================================================
[2026-07-28 15:34:41] [INFO    ] [refresh_db_ads] DATABASE REFRESH COMPLETE - SUCCESS
[2026-07-28 15:34:41] [INFO    ] [refresh_db_ads] ================================================================================
[2026-07-28 15:34:41] [INFO    ] [refresh_db_ads] Database location: C:\Users\paxm\OneDrive - PBS SYSTEMS\Desktop\Office\Projects\OEM Accessory project\OEM_Accessories_v1\accy_v2\model_lookup\db\db_vehicle_models.csv
[2026-07-28 15:34:41] [INFO    ] [refresh_db_ads] Records saved: 279
[2026-07-28 15:34:41] [INFO    ] [refresh_db_ads] Total configurations fetched: 279
[2026-07-28 15:34:41] [INFO    ] [refresh_db_ads] Pipeline log path: C:\Users\paxm\OneDrive - PBS SYSTEMS\Desktop\Office\Projects\OEM Accessory project\OEM_Accessories_v1\accy_v2\output\pipeline_logs\ads_refresh
[2026-07-28 15:34:41] [INFO    ] [refresh_db_ads] DQ report path: C:\Users\paxm\OneDrive - PBS SYSTEMS\Desktop\Office\Projects\OEM Accessory project\OEM_Accessories_v1\accy_v2\output\dq_reports\ads_refresh
[2026-07-28 15:34:41] [INFO    ] [refresh_db_ads] Structured log file: accy_v2\model_lookup\logs\refresh_db_ads_20260728_153349.log
[2026-07-28 15:34:41] [INFO    ] [refresh_db_ads] ================================================================================
