Manufacturer,ModelYear,ModelNumber,Description,Description2,Package,Style_ID
Volkswagen,2019,BU33MS,Jetta Highline Auto,,,
Volkswagen,2019,BU32M2,Jetta Comfortline Manual,,,
Volkswagen,2019,BU32MS,Jetta Comfortline Auto,,,
Volkswagen,2019,BU33M2,Jetta Highline Manual,,,
Volkswagen,2019,BU34M2,Jetta Execline Manual,,,
Volkswagen,2019,BU34MS,Jetta Execline Auto,,,
Volkswagen,2019,BU39V2,Jetta GLI Manual,,,
Volkswagen,2019,BU39VZ,Jetta GLI DSG,,,
Volkswagen,2019,BU35V2,Jetta GLI 35th Edition Manual,,,
Volkswagen,2019,BU35VZ,Jetta GLI 35th Edition DSG,,,
Volkswagen,2019,BW22VS,Tiguan Trendline FWD,,,
Volkswagen,2019,BW22VJ,Tiguan Trendline 4MOTION,,,
Volkswagen,2019,BW24VJ,Tiguan Highline 4MOTION,,,
Volkswagen,2019,BW23VJ,Tiguan Comfortline 4MOTION,,,
Volkswagen,2019,3H72Q8,Arteon Auto,,,
Volkswagen,2019,CA12NZ,Atlas Trendline 2.0 TSI,,,
Volkswagen,2019,CA13NZ,Atlas Comfortline 2.0 TSI,,,
Volkswagen,2019,CA12UR,Atlas Trendline 3.6 FSI 4MOTION,,,
Volkswagen,2019,CA13UR,Atlas Comfortline 3.6 FSI 4MOTION,,,
Volkswagen,2019,CA14UR,Atlas Highline 3.6 FSI 4MOTION,,,
Volkswagen,2019,CA15UR,Atlas Execline 3.6 FSI 4MOTION,,,
Volkswagen,2019,5C8CP6,Beetle Convertible Dune Auto,,,
Volkswagen,2019,5C8WP6,Beetle Convertible Wolfsburg Edition,,,
Volkswagen,2019,5C2CP6,Beetle Coupe Dune Auto,,,
Volkswagen,2019,5C2WP6,Beetle Coupe Wolfsburg Edition,,,
Volkswagen,2019,BE23D1,e-Golf 5dr HB Comfortline,,,
Volkswagen,2019,AU22M2,Golf Comfortline 5-door Manual,,,
Volkswagen,2019,AU22MS,Golf Comfortline 5-door Auto,,,
Volkswagen,2019,AU23M2,Golf Highline 5-door Manual,,,
Volkswagen,2019,AU23MS,Golf Highline 5-door Auto,,,
Volkswagen,2019,AU24M2,Golf Execline 5-door Manual,,,
Volkswagen,2019,AU24MS,Golf Execline 5-door Auto,,,
Volkswagen,2019,BX6CN6,Golf Alltrack Highline Manual,,,
Volkswagen,2019,BX6CN7,Golf Alltrack Highline DSG,,,
Volkswagen,2019,BX6DN6,Golf Alltrack Execline Manual,,,
Volkswagen,2019,BX6DN7,Golf Alltrack Execline DSG,,,
Volkswagen,2019,AU29V2,Golf GTI Manual,,,
Volkswagen,2019,AU29VZ,Golf GTI Auto,,,
Volkswagen,2019,AU2AV2,Golf GTI Autobahn Manual,,,
Volkswagen,2019,AU2AVZ,Golf GTI Autobahn Auto,,,
Volkswagen,2019,AU2RV2,Golf GTI Rabbit Manual,,,
Volkswagen,2019,AU2RVZ,Golf GTI Rabbit Auto,,,
Volkswagen,2019,BQ1RS6,Golf R Manual,,,
Volkswagen,2019,BQ1RST,Golf R DSG,,,
Volkswagen,2019,BX62M2,Golf SportWagen Comfortline Manual,,,
Volkswagen,2019,BX62MS,Golf SportWagen Comfortline Auto,,,
Volkswagen,2019,BX62N6,Golf SportWagen Comfortline Manual 4MOTION,,,
Volkswagen,2019,BX62N7,Golf SportWagen Comfortline DSG 4MOTION,,,
Volkswagen,2019,BX63N6,Golf SportWagen Highline Manual 4MOTION,,,
Volkswagen,2019,BX63N7,Golf SportWagen Highline DSG 4MOTION,,,
Volkswagen,2019,BX63M2,Golf SportWagen Highline Manual,,,
Volkswagen,2019,BX63MS,Golf SportWagen Highline Auto,,,
Volkswagen,2019,BX64N7,Golf SportWagen Execline DSG 4MOTION,,,
Volkswagen,2019,A333P6,Passat Wolfsburg Edition,,,
Volkswagen,2020,BU39V2,Jetta GLI Manual,,,
Volkswagen,2020,BU39VZ,Jetta GLI DSG,,,
Volkswagen,2020,BU32M2,Jetta Comfortline Manual,,,
Volkswagen,2020,BU32MS,Jetta Comfortline Auto,,,
Volkswagen,2020,BU33M2,Jetta Highline Manual,,,
Volkswagen,2020,BU33MS,Jetta Highline Auto,,,
Volkswagen,2020,BU34MS,Jetta Execline Auto,,,
Volkswagen,2020,BW22VS,Tiguan Trendline FWD,,,
Volkswagen,2020,BW22VJ,Tiguan Trendline 4MOTION,,,
Volkswagen,2020,BW24VJ,Tiguan Highline 4MOTION,,,
Volkswagen,2020,BW23VJ,Tiguan Comfortline 4MOTION,,,
Volkswagen,2020,BW2IVJ,Tiguan IQ Drive 4MOTION,,,
Volkswagen,2020,3H72Q8,Arteon Execline Auto,,,
Volkswagen,2020,CMC2NR,Atlas Sport Cross Trendline 2.0 TSI 4MOTION,,,
Volkswagen,2020,CMC2UR,Atlas Sport Cross Trendline 3.6 FSI 4MOTION *Ltd Avail*,,,
Volkswagen,2020,CMC4NR,Atlas Sport Cross Comfortline 2.0 TSI 4MOTION,,,
Volkswagen,2020,CMC4UR,Atlas Sport Cross Comfortline 3.6 FSI 4MOTION,,,
Volkswagen,2020,CMC5UR,Atlas Sport Cross Execline 3.6 FSI 4MOTION,,,
Volkswagen,2020,CMC5NR,Atlas Sport Cross Execline 2.0 TSI 4MOTION,,,
Volkswagen,2020,BE23D1,e-Golf 5dr HB Comfortline,,,
Volkswagen,2020,AU22M2,Golf Comfortline 5-door Manual,,,
Volkswagen,2020,AU22MS,Golf Comfortline 5-door Auto,,,
Volkswagen,2020,AU23M2,Golf Highline 5-door Manual,,,
Volkswagen,2020,AU23MS,Golf Highline 5-door Auto,,,
Volkswagen,2020,AU29V2,Golf GTI Manual,,,
Volkswagen,2020,AU29VZ,Golf GTI Auto,,,
Volkswagen,2020,AU2AV2,Golf GTI Autobahn Manual,,,
Volkswagen,2020,AU2AVZ,Golf GTI Autobahn Auto,,,
Volkswagen,2020,A342P6,Passat Comfortline Auto,,,
Volkswagen,2020,A343P6,Passat Highline Auto,,,
Volkswagen,2020,A344P6,Passat Execline Auto,,,
Volkswagen,2021,BU32M2,Jetta Comfortline Manual,,,
Volkswagen,2021,BU32MS,Jetta Comfortline Auto,,,
Volkswagen,2021,BU33M2,Jetta Highline Manual,,,
Volkswagen,2021,BU33MS,Jetta Highline Auto,,,
Volkswagen,2021,BU34MS,Jetta Execline Auto,,,
Volkswagen,2021,BU39V2,Jetta GLI Manual,,,
Volkswagen,2021,BU39VZ,Jetta GLI DSG,,,
Volkswagen,2021,BW22VS,Tiguan Trendline FWD,,,
Volkswagen,2021,BW22VJ,Tiguan Trendline 4MOTION,,,
Volkswagen,2021,BW24VJ,Tiguan Highline 4MOTION,,,
Volkswagen,2021,BW23VJ,Tiguan Comfortline 4MOTION,,,
Volkswagen,2021,BW2UVJ,Tiguan United 4MOTION,,,
Volkswagen,2021,3H82Q8,Arteon Execline Auto,,,
Volkswagen,2021,CA22NR,Atlas Trendline 2.0 TSI 4MOTION *Ltd Avail*,,,
Volkswagen,2021,CA23NR,Atlas Comfortline 2.0 TSI 4MOTION *Ltd Avail*,,,
Volkswagen,2021,CA22UR,Atlas Trendline 3.6 FSI 4MOTION *Ltd Avail*,,,
Volkswagen,2021,CA23UR,Atlas Comfortline 3.6 FSI 4MOTION *Ltd Avail*,,,
Volkswagen,2021,CA24UR,Atlas Highline 3.6 FSI 4MOTION *Ltd Avail*,,,
Volkswagen,2021,CA25UR,Atlas Execline 3.6 FSI 4MOTION *Ltd Avail*,,,
Volkswagen,2021,CA24NR,Atlas Highline 2.0 TSI 4MOTION *Ltd Avail*,,,
Volkswagen,2021,CA2BNR,Atlas Trendline 2.0 TSI 4MOTION,,,
Volkswagen,2021,CA2CNR,Atlas Comfortline 2.0 TSI 4MOTION,,,
Volkswagen,2021,CA2CUR,Atlas Comfortline 3.6 FSI 4MOTION,,,
Volkswagen,2021,CA2DNR,Atlas Highline 2.0 TSI 4MOTION,,,
Volkswagen,2021,CA2DUR,Atlas Highline 3.6 FSI 4MOTION,,,
Volkswagen,2021,CA2EUR,Atlas Execline 3.6 FSI 4MOTION,,,
Volkswagen,2021,CMC2NR,Atlas Sport Cross Trendline 2.0 TSI 4MOTION,,,
Volkswagen,2021,CMC3NR,Atlas Sport Cross Comfortline 2.0 TSI 4MOTION,,,
Volkswagen,2021,CMC3UR,Atlas Sport Cross Comfortline 3.6 FSI 4MOTION,,,
Volkswagen,2021,CMC5UR,Atlas Sport Cross Execline 3.6 FSI 4MOTION,,,
Volkswagen,2021,CMC5NR,Atlas Sport Cross Execline 2.0 TSI 4MOTION,,,
Volkswagen,2021,CMC4NR,Atlas Sport Cross Highline 2.0 TSI 4MOTION,,,
Volkswagen,2021,CMC4UR,Atlas Sport Cross Highline 3.6 FSI 4MOTION,,,
Volkswagen,2021,AU22M2,Golf Comfortline 5-door Manual,,,
Volkswagen,2021,AU22MS,Golf Comfortline 5-door Auto,,,
Volkswagen,2021,AU23M2,Golf Highline 5-door Manual,,,
Volkswagen,2021,AU23MS,Golf Highline 5-door Auto,,,
Volkswagen,2021,AU2AV2,Golf GTI Autobahn Manual,,,
Volkswagen,2021,AU2AVZ,Golf GTI Autobahn Auto,,,
Volkswagen,2021,A343P6,Passat Highline Auto,,,
Volkswagen,2021,A344P6,Passat Execline Auto,,,
Volkswagen,2021,E213MN,ID.4 Pro RWD,,,
Volkswagen,2021,E213TN,ID.4 Pro AWD,,,
Volkswagen,2022,BU43R2,Jetta Comfortline Manual,,,
Volkswagen,2022,BU43RS,Jetta Comfortline Auto,,,
Volkswagen,2022,BU44RS,Jetta Highline Auto,,,
Volkswagen,2022,BU42R2,Jetta Trendline Manual,,,
Volkswagen,2022,BU42RS,Jetta Trendline Auto,,,
Volkswagen,2022,BU49V2,Jetta GLI Manual,,,
Volkswagen,2022,BU49VZ,Jetta GLI DSG,,,
Volkswagen,2022,BJ22VJ,Tiguan Trendline 4MOTION,,,
Volkswagen,2022,BJ23VJ,Tiguan Comfortline 4MOTION,,,
Volkswagen,2022,BJ26VJ,Tiguan Comfortline R-Line Black Edition 4MOTION,,,
Volkswagen,2022,BJ24VJ,Tiguan Highline R-Line 4MOTION,,,
Volkswagen,2022,CA22NR,Atlas Trendline 2.0 TSI 4MOTION,,,
Volkswagen,2022,CA23NR,Atlas Comfortline 2.0 TSI 4MOTION,,,
Volkswagen,2022,CA23UR,Atlas Comfortline 3.6 FSI 4MOTION,,,
Volkswagen,2022,CA24NR,Atlas Highline 2.0 TSI 4MOTION,,,
Volkswagen,2022,CA24UR,Atlas Highline 3.6 FSI 4MOTION,,,
Volkswagen,2022,CA25UR,Atlas Execline 3.6 FSI 4MOTION,,,
Volkswagen,2022,CMC2NR,Atlas Sport Cross Trendline 2.0 TSI 4MOTION,,,
Volkswagen,2022,CMC3NR,Atlas Sport Cross Comfortline 2.0 TSI 4MOTION,,,
Volkswagen,2022,CMC3UR,Atlas Sport Cross Comfortline 3.6 FSI 4MOTION,,,
Volkswagen,2022,CMC5UR,Atlas Sport Cross Execline 3.6 FSI 4MOTION,,,
Volkswagen,2022,CMC5NR,Atlas Sport Cross Execline 2.0 TSI 4MOTION,,,
Volkswagen,2022,CMC4NR,Atlas Sport Cross Highline 2.0 TSI 4MOTION,,,
Volkswagen,2022,CMC4UR,Atlas Sport Cross Highline 3.6 FSI 4MOTION,,,
Volkswagen,2022,CD1AU2,Golf GTI Autobahn Manual,,,
Volkswagen,2022,CD1AUZ,Golf GTI Autobahn Auto,,,
Volkswagen,2022,CD19U2,Golf GTI Manual,,,
Volkswagen,2022,CD19UZ,Golf GTI Auto,,,
Volkswagen,2022,CD1PU2,Golf GTI Performance Manual,,,
Volkswagen,2022,CD1PUZ,Golf GTI Performance Auto,,,
Volkswagen,2022,CD1RM4,Golf R Manual,,,
Volkswagen,2022,CD1RMT,Golf R DSG,,,
Volkswagen,2022,E213MN,ID.4 Pro RWD,,,
Volkswagen,2022,E213TN,ID.4 Pro AWD,,,
Volkswagen,2022,CL12RZ,Taos Trendline FWD,,,
Volkswagen,2022,CL13RZ,Taos Comfortline FWD,,,
Volkswagen,2022,CL12RT,Taos Trendline 4MOTION,,,
Volkswagen,2022,CL13RT,Taos Comfortline 4MOTION,,,
Volkswagen,2022,CL14RT,Taos Highline 4MOTION,,,
Volkswagen,2023,BU43R2,Jetta Comfortline Manual,,,
Volkswagen,2023,BU43RS,Jetta Comfortline Auto,,,
Volkswagen,2023,BU44RS,Jetta Highline Auto,,,
Volkswagen,2023,BU42R2,Jetta Trendline Manual,,,
Volkswagen,2023,BU42RS,Jetta Trendline Auto,,,
Volkswagen,2023,BU49V2,Jetta GLI Manual,,,
Volkswagen,2023,BU49VZ,Jetta GLI DSG,,,
Volkswagen,2023,BJ22VJ,Tiguan Trendline 4MOTION,,,
Volkswagen,2023,BJ23VJ,Tiguan Comfortline 4MOTION,,,
Volkswagen,2023,BJ2VVJ,Tiguan Comfortline R-Line Black Edition 4MOTION,,,
Volkswagen,2023,BJ24VJ,Tiguan Highline R-Line 4MOTION,,,
Volkswagen,2023,CA22NR,Atlas Trendline 2.0 TSI 4MOTION,,,
Volkswagen,2023,CA23NR,Atlas Comfortline 2.0 TSI 4MOTION,,,
Volkswagen,2023,CA23UR,Atlas Comfortline 3.6 FSI 4MOTION,,,
Volkswagen,2023,CA24UR,Atlas Highline 3.6 FSI 4MOTION,,,
Volkswagen,2023,CA25UR,Atlas Execline 3.6 FSI 4MOTION,,,
Volkswagen,2023,CMC2NR,Atlas Sport Cross Trendline 2.0 TSI 4MOTION,,,
Volkswagen,2023,CMC3NR,Atlas Sport Cross Comfortline 2.0 TSI 4MOTION,,,
Volkswagen,2023,CMC3UR,Atlas Sport Cross Comfortline 3.6 FSI 4MOTION,,,
Volkswagen,2023,CMC5UR,Atlas Sport Cross Execline 3.6 FSI 4MOTION,,,
Volkswagen,2023,CMC4UR,Atlas Sport Cross Highline 3.6 FSI 4MOTION,,,
Volkswagen,2023,CD19U2,Golf GTI Manual,,,
Volkswagen,2023,CD19UZ,Golf GTI Auto,,,
Volkswagen,2023,CD1AU2,Golf GTI Autobahn Manual,,,
Volkswagen,2023,CD1AUZ,Golf GTI Autobahn Auto,,,
Volkswagen,2023,CD1PU2,Golf GTI Performance Manual,,,
Volkswagen,2023,CD1PUZ,Golf GTI Performance Auto,,,
Volkswagen,2023,CD14U2,Golf GTI 40th Anniversary Manual,,,
Volkswagen,2023,CD14UZ,Golf GTI 40th Anniversary Auto,,,
Volkswagen,2023,CD1RM4,Golf R Manual,,,
Volkswagen,2023,CD1RMT,Golf R DSG,,,
Volkswagen,2023,CD12M4,Golf R 20th Anniversary Manual,,,
Volkswagen,2023,CD12MT,Golf R 20th Anniversary DSG,,,
Volkswagen,2023,E813MN,ID.4 Pro RWD w/SK On Battery,,,
Volkswagen,2023,E813SN,ID.4 Pro AWD w/SK On Battery,,,
Volkswagen,2023,E812MJ,ID.4 RWD,,,
Volkswagen,2023,E813LG,ID.4 Pro RWD w/LG Battery,,,
Volkswagen,2023,CL12RZ,Taos Trendline FWD,,,
Volkswagen,2023,CL12RT,Taos Trendline 4MOTION *Ltd Avail*,,,
Volkswagen,2023,CL13RT,Taos Comfortline 4MOTION *Ltd Avail*,,,
Volkswagen,2023,CL14RT,Taos Highline 4MOTION *Ltd Avail*,,,
Volkswagen,2023,CL12RV,Taos Trendline 4MOTION,,,
Volkswagen,2023,CL13RV,Taos Comfortline 4MOTION,,,
Volkswagen,2023,CL14RV,Taos Highline 4MOTION,,,
Volkswagen,2023,CL13RZ,Taos Comfortline FWD,,,
Volkswagen,2024,BJ22VJ,Tiguan Trendline,,,
Volkswagen,2024,BJ23VJ,Tiguan Comfortline,,,
Volkswagen,2024,BJ2VVJ,Tiguan Comfortline R-Line Black,,,
Volkswagen,2024,BJ24VJ,Tiguan Highline,,,
Volkswagen,2024,E812MJ,ID.4 ID.4,,,
Volkswagen,2024,E812MS,ID.4 ID.4 S,,,
Volkswagen,2024,E813RN,ID.4 ID.4 PRO,,,
Volkswagen,2024,E813RS,ID.4 ID.4 PRO S,,,
Volkswagen,2024,E813VN,ID.4 ID.4 PRO AWD,,,
Volkswagen,2024,E813VS,ID.4 ID.4 PRO S AWD,,,
Volkswagen,2024,CA33PR,Atlas Comfortline,,,
Volkswagen,2024,CA37PR,Atlas Peak Edition,,,
Volkswagen,2024,CA34PR,Atlas Highline,,,
Volkswagen,2024,CA35PR,Atlas Execline,,,
Volkswagen,2024,CMD3PR,Atlas Cross Sport Comfortline,,,
Volkswagen,2024,CMD4PR,Atlas Cross Sport Highline,,,
Volkswagen,2024,CMD5PR,Atlas Cross Sport Execline,,,
Volkswagen,2024,CL12RZ,Taos Trendline,,,
Volkswagen,2024,CL12RV,Taos Trendline,,,
Volkswagen,2024,CL13RZ,Taos Comfortline,,,
Volkswagen,2024,CL13RV,Taos Comfortline,,,
Volkswagen,2024,CL13BE,Taos Comfortline Black Edition,,,
Volkswagen,2024,CL14RV,Taos Highline,,,
Volkswagen,2024,CD1RM4,Golf R Golf R,,,
Volkswagen,2024,CD1RMT,Golf R Golf R,,,
Volkswagen,2024,CD19UZ,Golf GTI GTI,,,
Volkswagen,2024,CD1AU2,Golf GTI Autobahn,,,
Volkswagen,2024,CD1AUZ,Golf GTI Autobahn,,,
Volkswagen,2024,CD1PU2,Golf GTI Performance,,,
Volkswagen,2024,CD1PUZ,Golf GTI Performance,,,
Volkswagen,2024,BU42R2,Jetta Trendline,,,
Volkswagen,2024,BU42RS,Jetta Trendline,,,
Volkswagen,2024,BU43R2,Jetta Comfortline,,,
Volkswagen,2024,BU43RS,Jetta Comfortline,,,
Volkswagen,2024,BU44RS,Jetta Highline,,,
Volkswagen,2024,BU40V2,Jetta GLI 40th,,,
Volkswagen,2024,BU40VZ,Jetta GLI 40th,,,
Volkswagen,2024,BU49V2,Jetta GLI GLI,,,
Volkswagen,2024,BU49VZ,Jetta GLI GLI,,,
Volkswagen,2026,BU52RS,Jetta Trendline,,,
Volkswagen,2026,BU53RS,Jetta Comfortline,,,
Volkswagen,2026,BU54RS,Jetta Highline,,,
Volkswagen,2026,BU59V2,Jetta GLI GLI,,,
Volkswagen,2026,BU59VZ,Jetta GLI GLI,,,
Volkswagen,2026,CA34PR,Atlas Highline,,,
Volkswagen,2026,CA35PR,Atlas Execline,,,
Volkswagen,2026,CMD4PR,Atlas Cross Sport Highline,,,
Volkswagen,2026,CMD5PR,Atlas Cross Sport Execline,,,
Volkswagen,2026,CL22SZ,Taos Trendline,,,
Volkswagen,2026,CL22SR,Taos Trendline,,,
Volkswagen,2026,CL23SR,Taos Comfortline,,,
Volkswagen,2026,CL26SR,Taos Comfortline Black,,,
Volkswagen,2026,CL24SR,Taos Highline,,,
Volkswagen,2026,DA19UZ,Golf GTI GTI,,,
Volkswagen,2026,DA1AUZ,Golf GTI GTI Autobahn,,,
Volkswagen,2026,DA1RPT,Golf R Golf R,,,
Volkswagen,2026,DA1BPT,Golf R Golf R Black,,,
Volkswagen,2026,RM12PJ,Tiguan Trendline,,,
Volkswagen,2026,RM13PJ,Tiguan Comfortline,,,
Volkswagen,2026,RM1VPJ,Tiguan Comfortline R-Line Black,,,
Volkswagen,2026,RM14QJ,Tiguan Highline R-Line,,,
Volkswagen,2026,CA37PR,Atlas Peak,,,
Volkswagen,2025,BU52RS,Jetta Trendline,,,
Volkswagen,2025,BU53RS,Jetta Comfortline,,,
Volkswagen,2025,BU54RS,Jetta Highline,,,
Volkswagen,2025,EBJR7S,ID. Buzz ID. Buzz 1st Edition,,,
Volkswagen,2025,EBJR5S,ID. Buzz ID. Buzz 1st Edition 4MOTION,,,
Volkswagen,2025,BU59V2,Jetta GLI GLI,,,
Volkswagen,2025,BU59VZ,Jetta GLI GLI,,,
Volkswagen,2025,CA33PR,Atlas Comfortline,,,
Volkswagen,2025,CA37PR,Atlas Peak Edition,,,
Volkswagen,2025,CA34PR,Atlas Highline,,,
Volkswagen,2025,CA35PR,Atlas Execline,,,
Volkswagen,2025,CL22SZ,Taos Trendline,,,
Volkswagen,2025,CL22SR,Taos Trendline,,,
Volkswagen,2025,CL23SR,Taos Comfortline,,,
Volkswagen,2025,CL26SR,Taos Comfortline Black,,,
Volkswagen,2025,CL24SR,Taos Highline,,,
Volkswagen,2025,RM12PJ,Tiguan Trendline,,,
Volkswagen,2025,RM13PJ,Tiguan Comfortline,,,
Volkswagen,2025,RM1VPJ,Tiguan Comfortline R-Line Black,,,
Volkswagen,2025,RM14PJ,Tiguan Highline R-Line,,,
Volkswagen,2025,E812MJ,ID.4 ID.4,,,
Volkswagen,2025,E813RN,ID.4 ID.4 PRO,,,
Volkswagen,2025,E813RS,ID.4 ID.4 PRO S,,,
Volkswagen,2025,E813VN,ID.4 ID.4 PRO AWD,,,
Volkswagen,2025,E813VS,ID.4 ID.4 PRO S AWD,,,
Volkswagen,2025,CMD3PR,Atlas Cross Sport Comfortline,,,
Volkswagen,2025,CMD7PR,Atlas Cross Sport Comfortline R-Line Black,,,
Volkswagen,2025,CMD4PR,Atlas Cross Sport Highline,,,
Volkswagen,2025,CMD5PR,Atlas Cross Sport Execline,,,
Volkswagen,2025,DA19UZ,Golf GTI GTI,,,
Volkswagen,2025,DA1AUZ,Golf GTI GTI Autobahn,,,
Volkswagen,2025,DA1RPT,Golf R Golf R,,,
Volkswagen,2025,DA1BPT,Golf R Golf R Black,,,
Volkswagen,2026,CA33PR,Atlas Comfortline,,,
Volkswagen,2026,CMD3PR,Atlas Cross Sport Comfortline,,,
Hyundai,2025,ELCS4V2BES00,Elantra Essential,,,
Hyundai,2025,ELCS4V2BPR00,Elantra Preferred,,,
Hyundai,2025,ELCS4V2BPRTE,Elantra with Tech Pkg,,,
Hyundai,2025,ELCS4V2BLU00,Elantra Luxury,,,
Hyundai,2025,ELCS4V2BLUME,Elantra Luxury (Two-Tone Interior),,,
Hyundai,2025,ELCS4U1ANLUL,Elantra N-Line Ultimate,,,
Hyundai,2025,ELHS4T1BLUHE,Elantra HEV HEV Luxury,,,
Hyundai,2025,ELHS4T1BLUHM,Elantra HEV HEV Luxury (Two-Tone Interior),,,
Hyundai,2025,ELCS472ANN00,Elantra N N M/T,,,
Hyundai,2025,ELCS4M2ANN00,Elantra N N DCT,,,
Hyundai,2025,SOCS4J2EPRTR,Sonata Preferred-Trend FWD,,,
Hyundai,2025,SOCS4K2EPRTR,Sonata Preferred-Trend AWD,,,
Hyundai,2025,SOCS4M2DNL00,Sonata N-Line,,,
Hyundai,2025,VNCW5V1FES00,Venue Essential,,,
Hyundai,2025,VNCW5V1FESTT,Venue Essential (Two-tone),,,
Hyundai,2025,VNCW5V1FPR00,Venue Preferred,,,
Hyundai,2025,VNCW5V1FPRTT,Venue Preferred (Two-tone),,,
Hyundai,2025,VNCW5V1FULCP,Venue Ultimate - Denim interior,,,
Hyundai,2025,VNCW5V1FUL00,Venue Ultimate - Black interior,,,
Hyundai,2025,KOCW5V2BES00,Kona 2.0L Essential FWD,,,
Hyundai,2025,KOCW5Q2BES00,Kona 2.0L Essential AWD,,,
Hyundai,2025,KOCW5V2BPR00,Kona 2.0L Preferred FWD,,,
Hyundai,2025,KOCW5Q2BPR00,Kona 2.0L Preferred AWD,,,
Hyundai,2025,KOCW5Q2BPRTR,Kona 2.0L Preferred AWD with Trend Pkg,,,
Hyundai,2025,KOCW5K1APRSP,Kona 1.6T Preferred Sport AWD,,,
Hyundai,2025,KOCW5K1ANL00,Kona 1.6T N Line AWD,,,
Hyundai,2025,KOCW5K1ANLTT,Kona 1.6T N Line AWD w/ Two-tone,,,
Hyundai,2025,KOCW5K1ANLUL,Kona 1.6T N Line Ultimate AWD,,,
Hyundai,2025,KOCW5K1ANLBA,Kona 1.6T N Line Ultimate AWD w/ Two-tone,,,
Hyundai,2025,KEEW5ZE4PR00,Kona EV Preferred,,,
Hyundai,2025,KEEW5ZE4PRTR,Kona EV Preferred with Trend Pkg,,,
Hyundai,2025,KEEW5ZE4PRUP,Kona EV Preferred with Ultimate Pkg,,,
Hyundai,2025,KEEW5ZE4PRUT,Kona EV Preferred with Ultimate Pkg with two tone,,,
Hyundai,2025,KEEW5ZE4PRUG,Kona EV Preferred with Ultimate Pkg Green Interior,,,
Hyundai,2025,KEEW5ZE4PRNU,Kona EV Preferred N-Line with Ultimate Pk,,,
Hyundai,2025,KE2SEFEME400,Kona EV Ultimate,,,
Hyundai,2025,KE2SEFEME466,Kona EV Ultimate w/Two-Tone Interior,,,
Hyundai,2025,KE2SEFEME4BF,Kona EV Ultimate w/Sage-Green Interior,,,
Hyundai,2025,KE2SEFEMEO20,Kona EV N Line Ultimate,,,
Hyundai,2025,TUCWDK2EPR00,Tucson Preferred,,,
Hyundai,2025,TUCWDK2EPRTR,Tucson Trend,,,
Hyundai,2025,TUCWDK2EXR00,Tucson XRT,,,
Hyundai,2025,TUHWDG1ANLHE,Tucson HEV N Line HEV,,,
Hyundai,2025,TUHWDG1AULHE,Tucson HEV Ultimate HEV,,,
Hyundai,2025,TUPWDG1AULPH,Tucson PHEV Ultimate PHEV,,,
Hyundai,2025,SAHW7G1APRHE,Santa Fe 1.6T Preferred Hybrid AWD 7-Pass,,,
Hyundai,2025,SAHW7G1APRTH,Santa Fe 1.6T Preferred Hybrid w/Trend Pkg AWD 7-Pass,,,
Hyundai,2025,SACW7N2DXR00,Santa Fe 2.5T XRT AWD 7-Pass,,,
Hyundai,2025,SACW7N2DLU00,Santa Fe 2.5T Luxury AWD 7-pass,,,
Hyundai,2025,SACW6N2DULBG,Santa Fe 2.5T Ultimate Calligraphy AWD 6-Pass,,,
Hyundai,2025,SACW6N2DULBH,Santa Fe 2.5T Ultimate Calligraphy AWD 6-Pass Beige,,,
Hyundai,2025,SZCP5N2DPR00,Santa Cruz 2.5T Preferred AWD,,,
Hyundai,2025,SZCP5N2DXR00,Santa Cruz 2.5T XRT,,,
Hyundai,2025,SZCP5N2DUL00,Santa Cruz Ultimate AWD,,,
Hyundai,2025,SZCP5N2DUL95,Santa Cruz 2.5T Ultimate AWD w/ Colour Pack,,,
Hyundai,2025,PACW8K3DPR00,Palisade Preferred,,,
Hyundai,2025,PACW8K3DUR00,Palisade Urban 8 Passenger,,,
Hyundai,2025,PACW7K3DUR91,Palisade Urban 7 Passenger,,,
Hyundai,2025,PACW7K3DULC7,Palisade Ultimate Calligraphy,,,
Hyundai,2025,PACW7K3DULCB,Palisade Ultimate Calligraphy (Beige Interior),,,
Hyundai,2025,PACW7K3DULCN,Palisade Calligraphy Night,,,
Hyundai,2025,I5EW5ZE4PRLR,Ioniq 5 Preferred RWD Long Range,,,
Hyundai,2025,I5EW5ZE2PRLR,Ioniq 5 Preferred AWD Long Range,,,
Hyundai,2025,I5EW5ZE2PRUP,Ioniq 5 Preferred AWD Long Range w/Ultimate Pkg,,,
Hyundai,2025,I5EW5ZE4PRPR,Ioniq 5 Preferred RWD Standard Range,,,
Hyundai,2025,I6ES4ZE4PRLR,Ioniq 6 Preferred RWD Long Range,,,
Hyundai,2025,I6ES4ZE2PRLR,Ioniq 6 Preferred AWD Long Range,,,
Hyundai,2025,I6ES4ZE2PRUP,Ioniq 6 Preferred AWD Long Range with Ultimate Package,,,
Hyundai,2025,I5EW5ZE3NN00,Ioniq 5 N Ioniq 5 N,,,
Hyundai,2025,NXFW5ZH1PR00,NEXO Preferred FWD,,,
Hyundai,2025,NXFW5ZH1UL00,NEXO Ultimate FWD,,,
Hyundai,2024,ELCS4V2BES00,Elantra Essential IVT,,,
Hyundai,2024,ELCS4V2BPR00,Elantra Preferred IVT,,,
Hyundai,2024,ELCS4V2BPRTE,Elantra Preferred with Sun & Tech Pkg IVT,,,
Hyundai,2024,ELCS4V2BLU00,Elantra Luxury IVT,,,
Hyundai,2024,ELCS4V2BLUME,Elantra Luxury IVT (Two Tone Interior),,,
Hyundai,2024,ELCS4U1ANLUL,Elantra N-Line DCT,,,
Hyundai,2024,ELHS4T1BLUHE,Elantra HEV Hybrid Luxury,,,
Hyundai,2024,ELHS4T1BLUHM,Elantra HEV Hybrid Luxury (Two-Tone Interior),,,
Hyundai,2024,ELCS472ANN00,Elantra N Elantra N MT,,,
Hyundai,2024,ELCS4M2ANN00,Elantra N Elantra N DCT,,,
Hyundai,2024,SOCS4J2EPRTR,Sonata Preferred-Trend FWD,,,
Hyundai,2024,SOCS4K2EPRTR,Sonata Preferred-Trend AWD,,,
Hyundai,2024,SOCS4M2DNL00,Sonata N-Line,,,
Hyundai,2024,VNCW5V1FES00,Venue Essential,,,
Hyundai,2024,VNCW5V1FESTT,Venue Essential (Two-tone),,,
Hyundai,2024,VNCW5V1FPR00,Venue Preferred,,,
Hyundai,2024,VNCW5V1FPRTT,Venue Preferred (Two-tone),,,
Hyundai,2024,VNCW5V1FULCP,Venue Ultimate - Denim interior,,,
Hyundai,2024,VNCW5V1FUL00,Venue Ultimate - Black interior,,,
Hyundai,2024,KOCW5V2BES00,Kona 2.0L Essential FWD,,,
Hyundai,2024,KOCW5Q2BES00,Kona 2.0L Essential AWD,,,
Hyundai,2024,KOCW5V2BPR00,Kona 2.0L Preferred FWD,,,
Hyundai,2024,KOCW5Q2BPR00,Kona 2.0L Preferred AWD,,,
Hyundai,2024,KOCW5Q2BPRTR,Kona 2.0L Preferred AWD with Trend Pkg,,,
Hyundai,2024,KOCW5K1ANL00,Kona 1.6T N Line AWD,,,
Hyundai,2024,KOCW5K1ANLTT,Kona 1.6T N Line AWD w/ Two-tone,,,
Hyundai,2024,KOCW5K1ANLUL,Kona 1.6T N Line Ultimate AWD,,,
Hyundai,2024,KOCW5K1ANLBA,Kona 1.6T N Line Ultimate AWD w/ Two-tone,,,
Hyundai,2024,KEEW5ZE4PR00,Kona EV Preferred,,,
Hyundai,2024,KEEW5ZE4UL00,Kona EV Ultimate,,,
Hyundai,2024,KEEW5ZE4ULTT,Kona EV Ultimate w/ Two-tone Ext.,,,
Hyundai,2024,KEEW5ZE4ULBF,Kona EV Ultimate w/ Sage-Green Int.,,,
Hyundai,2024,TUCWDK2EPR00,Tucson Preferred,,,
Hyundai,2024,TUCWDK2EPRTR,Tucson Trend,,,
Hyundai,2024,TUHWDG1ALUHE,Tucson HEV Luxury HEV,,,
Hyundai,2024,TUHWDG1ANLHE,Tucson HEV N-Line HEV,,,
Hyundai,2024,TUHWDG1AULHE,Tucson HEV Ultimate HEV,,,
Hyundai,2024,TUPWDG1AULPH,Tucson PHEV Ultimate PHEV,,,
Hyundai,2024,SAHW7G1APRHE,Santa Fe Hybrid 1.6T Preferred Hybrid AWD 7-Pass,,,
Hyundai,2024,SAHW7G1APRTH,Santa Fe Hybrid 1.6T Preferred Hybrid w/Trend Pkg AWD 7-Pass,,,
Hyundai,2024,SAHW6G1AULCS,Santa Fe Hybrid 1.6T Ultimate Calligraphy HEV 6P Special Edition (NHL),,,
Hyundai,2024,SACW7N2DXR00,Santa Fe 2.5T XRT AWD 7-Pass,,,
Hyundai,2024,SACW7N2DLU00,Santa Fe 2.5T Luxury AWD 7-pass,,,
Hyundai,2024,SACW6N2DULBG,Santa Fe 2.5T Ultimate Calligraphy AWD 6-Pass,,,
Hyundai,2024,SACW6N2DULBH,Santa Fe 2.5T Ultimate Calligraphy AWD 6-Pass Beige,,,
Hyundai,2024,SZCP5N2DPR00,Santa Cruz Preferred RSAB,,,
Hyundai,2024,SZCP5N2DPRTR,Santa Cruz Trend RSAB,,,
Hyundai,2024,SZCP5N2DUL00,Santa Cruz Ultimate RSAB,,,
Hyundai,2024,SZCP5N2DUL95,Santa Cruz Ultimate w/ Colour pkg RSAB,,,
Hyundai,2024,SZCP5N2DPRBB,Santa Cruz Preferred AWD,,,
Hyundai,2024,SZCP5N2DPRBC,Santa Cruz Preferred AWD w/Trend,,,
Hyundai,2024,SZCP5N2DULBB,Santa Cruz Ultimate AWD,,,
Hyundai,2024,SZCP5N2DULBD,Santa Cruz Ultimate AWD w/ Colour Pack,,,
Hyundai,2024,PACW8K3DPR00,Palisade Preferred AWD,,,
Hyundai,2024,PACW8K3DUR00,Palisade Urban AWD 8-Pass,,,
Hyundai,2024,PACW7K3DUR91,Palisade Urban AWD 7-Pass,,,
Hyundai,2024,PACW7K3DULC7,Palisade Ultimate Caligraphy AWD,,,
Hyundai,2024,PACW7K3DULCB,Palisade Ultimate Caligraphy AWD (Beige Int.),,,
Hyundai,2024,I5EW5ZE4PRLR,Ioniq 5 Preferred Long Range,,,
Hyundai,2024,I5EW5ZE2PRLR,Ioniq 5 Preferred AWD Long Range,,,
Hyundai,2024,I5EW5ZE2PRLP,Ioniq 5 Preferred AWD Long Range with Luxury package,,,
Hyundai,2024,I5EW5ZE2PRUP,Ioniq 5 Preferred AWD Long Range with Ultimate package,,,
Hyundai,2024,I6ES4ZE4PRLR,Ioniq 6 Preferred RWD Long Range,,,
Hyundai,2024,I6ES4ZE2PRLR,Ioniq 6 Preferred AWD Long Range,,,
Hyundai,2024,I6ES4ZE4PRUP,Ioniq 6 Preferred RWD Long Range with Ultimate Package,,,
Hyundai,2024,I6ES4ZE2PRUP,Ioniq 6 Preferred AWD Long Range with Ultimate Package,,,
Hyundai,2024,NXFW5ZH1PR00,NEXO Preferred FWD,,,
Hyundai,2024,NXFW5ZH1UL00,NEXO Ultimate FWD,,,
Hyundai,2025,EL74IF20A100,Elantra Essential,,,
Hyundai,2025,EL74IF20A200,Elantra Preferred,,,
Hyundai,2025,EL74IF20A283,Elantra with Tech Pkg,,,
Hyundai,2025,EL74IF20A300,Elantra Luxury,,,
Hyundai,2025,EL74IF20A354,Elantra Luxury (Two-Tone Interior),,,
Hyundai,2025,EL74DF16DO20,Elantra N-Line Ultimate,,,
Hyundai,2025,EL74DF16I3AA,Elantra HEV HEV Luxury,,,
Hyundai,2025,EL74DF16I3AC,Elantra HEV HEV Luxury (Two-Tone Interior),,,
Hyundai,2025,EL74MF20DX39,Elantra N N M/T,,,
Hyundai,2025,EL74DF20DX39,Elantra N N DCT,,,
Hyundai,2025,SO84AF25B241,Sonata Preferred-Trend FWD,,,
Hyundai,2025,SO84DF25DO00,Sonata Preferred-Trend AWD,,,
Hyundai,2025,SO84AA25B241,Sonata N-Line,,,
Hyundai,2025,VN1SIF16A100,Venue Essential,,,
Hyundai,2025,VN1SIF16A166,Venue Essential (Two-tone),,,
Hyundai,2025,VN1SIF16A200,Venue Preferred,,,
Hyundai,2025,VN1SIF16A266,Venue Preferred (Two-tone),,,
Hyundai,2025,VN1SIF16A489,Venue Ultimate - Denim interior,,,
Hyundai,2025,VN1SIF16A400,Venue Ultimate - Black interior,,,
Hyundai,2025,KO2SAF20A100,Kona 2.0L Essential FWD,,,
Hyundai,2025,KO2SAA20A100,Kona 2.0L Essential AWD,,,
Hyundai,2025,KO2SAF20A200,Kona 2.0L Preferred FWD,,,
Hyundai,2025,KO2SAA20A200,Kona 2.0L Preferred AWD,,,
Hyundai,2025,KO2SAA20A241,Kona 2.0L Preferred AWD with Trend Pkg,,,
Hyundai,2025,KO2SAA16D260,Kona 1.6T Preferred Sport AWD,,,
Hyundai,2025,KO2SAA16DO00,Kona 1.6T N Line AWD,,,
Hyundai,2025,KO2SAA16DO66,Kona 1.6T N Line AWD w/ Two-tone,,,
Hyundai,2025,KO2SAA16DO20,Kona 1.6T N Line Ultimate AWD,,,
Hyundai,2025,KO2SAA16DOBA,Kona 1.6T N Line Ultimate AWD w/ Two-tone,,,
Hyundai,2025,KE2SEFEME200,Kona EV Preferred,,,
Hyundai,2025,KE2SEFEME241,Kona EV Preferred with Trend Pkg,,,
Hyundai,2025,KE2SEFEME2AV,Kona EV Preferred with Ultimate Pkg,,,
Hyundai,2025,KE2SEFEME2BM,Kona EV Preferred with Ultimate Pkg with two tone,,,
Hyundai,2025,KE2SEFEME2BN,Kona EV Preferred with Ultimate Pkg Green Interior,,,
Hyundai,2025,KE2SEFEME2BO,Kona EV Preferred N-Line with Ultimate Pk,,,
Hyundai,2025,TU4SAA25B200,Tucson Preferred,,,
Hyundai,2025,TU4SAA25B241,Tucson Trend,,,
Hyundai,2025,TU4SAA25BN00,Tucson XRT,,,
Hyundai,2025,TU4SAA16GOAA,Tucson HEV N Line HEV,,,
Hyundai,2025,TU4SAA16G4AA,Tucson HEV Ultimate HEV,,,
Hyundai,2025,TU4SAA16J4AB,Tucson PHEV Ultimate PHEV,,,
Hyundai,2025,SA5SAA16G2AA,Santa Fe 1.6T Preferred Hybrid AWD 7-Pass,,,
Hyundai,2025,SA5SAA16G2AD,Santa Fe 1.6T Preferred Hybrid w/Trend Pkg AWD 7-Pass,,,
Hyundai,2025,SA5SDA25DN00,Santa Fe 2.5T XRT AWD 7-Pass,,,
Hyundai,2025,SA5SDA25D300,Santa Fe 2.5T Luxury AWD 7-pass,,,
Hyundai,2025,SA5SDA25D4BG,Santa Fe 2.5T Ultimate Calligraphy AWD 6-Pass,,,
Hyundai,2025,SA5SDA25D4BH,Santa Fe 2.5T Ultimate Calligraphy AWD 6-Pass Beige,,,
Hyundai,2025,SZ1SDA25D200,Santa Cruz 2.5T Preferred AWD,,,
Hyundai,2025,SZ1SDA25DN00,Santa Cruz 2.5T XRT,,,
Hyundai,2025,SZ1SDA25D400,Santa Cruz Ultimate AWD,,,
Hyundai,2025,SZ1SDA25D495,Santa Cruz 2.5T Ultimate AWD w/ Colour Pack,,,
Hyundai,2025,PA1LAA38B200,Palisade Preferred,,,
Hyundai,2025,PA1LAA38BY00,Palisade Urban 8 Passenger,,,
Hyundai,2025,PA1LAA38BY91,Palisade Urban 7 Passenger,,,
Hyundai,2025,PA1LAA38B477,Palisade Ultimate Calligraphy,,,
Hyundai,2025,PA1LAA38B478,Palisade Ultimate Calligraphy (Beige Interior),,,
Hyundai,2025,PA1LAA38B4BJ,Palisade Calligraphy Night,,,
Hyundai,2025,I51SEREME2AK,Ioniq 5 Preferred RWD Long Range,,,
Hyundai,2025,I51SEAEME2AK,Ioniq 5 Preferred AWD Long Range,,,
Hyundai,2025,I51SEAEME2AV,Ioniq 5 Preferred AWD Long Range w/Ultimate Pkg,,,
Hyundai,2025,I51SEREME242,Ioniq 5 Preferred RWD Standard Range,,,
Hyundai,2025,I614EREME2AK,Ioniq 6 Preferred RWD Long Range,,,
Hyundai,2025,I614EAEME2AK,Ioniq 6 Preferred AWD Long Range,,,
Hyundai,2025,I614EAEME2AV,Ioniq 6 Preferred AWD Long Range with Ultimate Package,,,
Hyundai,2025,I51SEAEMEX39,Ioniq 5 N Ioniq 5 N,,,
Hyundai,2025,NX1SEFEMF200,NEXO Preferred FWD,,,
Hyundai,2025,NX1SEFEMF400,NEXO Ultimate FWD,,,
Hyundai,2024,EL74IF20A100,Elantra Essential IVT,,,
Hyundai,2024,EL74IF20A200,Elantra Preferred IVT,,,
Hyundai,2024,EL74IF20A283,Elantra Preferred with Sun & Tech Pkg IVT,,,
Hyundai,2024,EL74IF20A300,Elantra Luxury IVT,,,
Hyundai,2024,EL74IF20A354,Elantra Luxury IVT (Two Tone Interior),,,
Hyundai,2024,EL74DF16DO20,Elantra N-Line DCT,,,
Hyundai,2024,EL74DF16I3AA,Elantra HEV Hybrid Luxury,,,
Hyundai,2024,EL74DF16I3AC,Elantra HEV Hybrid Luxury (Two-Tone Interior),,,
Hyundai,2024,EL74MF20DX39,Elantra N Elantra N MT,,,
Hyundai,2024,EL74DF20DX39,Elantra N Elantra N DCT,,,
Hyundai,2024,SO84AF25B241,Sonata Preferred-Trend FWD,,,
Hyundai,2024,SO84AA25B241,Sonata Preferred-Trend AWD,,,
Hyundai,2024,SO84DF25DO00,Sonata N-Line,,,
Hyundai,2024,VN1SIF16A100,Venue Essential,,,
Hyundai,2024,VN1SIF16A166,Venue Essential (Two-tone),,,
Hyundai,2024,VN1SIF16A200,Venue Preferred,,,
Hyundai,2024,VN1SIF16A266,Venue Preferred (Two-tone),,,
Hyundai,2024,VN1SIF16A489,Venue Ultimate - Denim interior,,,
Hyundai,2024,VN1SIF16A400,Venue Ultimate - Black interior,,,
Hyundai,2024,KO2SAF20A100,Kona 2.0L Essential FWD,,,
Hyundai,2024,KO2SAA20A100,Kona 2.0L Essential AWD,,,
Hyundai,2024,KO2SAF20A200,Kona 2.0L Preferred FWD,,,
Hyundai,2024,KO2SAA20A200,Kona 2.0L Preferred AWD,,,
Hyundai,2024,KO2SAA20A241,Kona 2.0L Preferred AWD with Trend Pkg,,,
Hyundai,2024,KO2SDA16DO00,Kona 1.6T N Line AWD,,,
Hyundai,2024,KO2SDA16DO66,Kona 1.6T N Line AWD w/ Two-tone,,,
Hyundai,2024,KO2SDA16DO20,Kona 1.6T N Line Ultimate AWD,,,
Hyundai,2024,KO2SAA16DOBA,Kona 1.6T N Line Ultimate AWD w/ Two-tone,,,
Hyundai,2024,KE1SEFEME200,Kona EV Preferred,,,
Hyundai,2024,KE1SEFEME400,Kona EV Ultimate,,,
Hyundai,2024,KE2SEFEME466,Kona EV Ultimate w/ Two-tone Ext.,,,
Hyundai,2024,KE2SEFEME4BF,Kona EV Ultimate w/ Sage-Green Int.,,,
Hyundai,2024,TU4SAA25B200,Tucson Preferred,,,
Hyundai,2024,TU4SAA25B241,Tucson Trend,,,
Hyundai,2024,TU4SAA16G3AA,Tucson HEV Luxury HEV,,,
Hyundai,2024,TU4SAA16GOAA,Tucson HEV N-Line HEV,,,
Hyundai,2024,TU4SAA16G4AA,Tucson HEV Ultimate HEV,,,
Hyundai,2024,TU4SAA16J4AB,Tucson PHEV Ultimate PHEV,,,
Hyundai,2024,SA5SAA16G2AA,Santa Fe Hybrid 1.6T Preferred Hybrid AWD 7-Pass,,,
Hyundai,2024,SA5SAA16G2AD,Santa Fe Hybrid 1.6T Preferred Hybrid w/Trend Pkg AWD 7-Pass,,,
Hyundai,2024,SA5SAA16G4BI,Santa Fe Hybrid 1.6T Ultimate Calligraphy HEV 6P Special Edition (NHL),,,
Hyundai,2024,SA5SDA25DN00,Santa Fe 2.5T XRT AWD 7-Pass,,,
Hyundai,2024,SA5SDA25D300,Santa Fe 2.5T Luxury AWD 7-pass,,,
Hyundai,2024,SA5SDA25D4BG,Santa Fe 2.5T Ultimate Calligraphy AWD 6-Pass,,,
Hyundai,2024,SA5SDA25D4BH,Santa Fe 2.5T Ultimate Calligraphy AWD 6-Pass Beige,,,
Hyundai,2024,SZ1SDA25D200,Santa Cruz Preferred RSAB,,,
Hyundai,2024,SZ1SDA25D241,Santa Cruz Trend RSAB,,,
Hyundai,2024,SZ1SDA25D400,Santa Cruz Ultimate RSAB,,,
Hyundai,2024,SZ1SDA25D495,Santa Cruz Ultimate w/ Colour pkg RSAB,,,
Hyundai,2024,SZ1SDA25D2BB,Santa Cruz Preferred AWD,,,
Hyundai,2024,SZ1SDA25D2BC,Santa Cruz Preferred AWD w/Trend,,,
Hyundai,2024,SZ1SDA25D4BB,Santa Cruz Ultimate AWD,,,
Hyundai,2024,SZ1SDA25D4BD,Santa Cruz Ultimate AWD w/ Colour Pack,,,
Hyundai,2024,PA1LAA38B200,Palisade Preferred AWD,,,
Hyundai,2024,PA1LAA38BY00,Palisade Urban AWD 8-Pass,,,
Hyundai,2024,PA1LAA38BY91,Palisade Urban AWD 7-Pass,,,
Hyundai,2024,PA1LAA38B477,Palisade Ultimate Caligraphy AWD,,,
Hyundai,2024,PA1LAA38B478,Palisade Ultimate Caligraphy AWD (Beige Int.),,,
Hyundai,2024,I51SEREME2AK,Ioniq 5 Preferred Long Range,,,
Hyundai,2024,I51SEAEME2AK,Ioniq 5 Preferred AWD Long Range,,,
Hyundai,2024,I51SEAEME2AZ,Ioniq 5 Preferred AWD Long Range with Luxury package,,,
Hyundai,2024,I51SEAEME2AV,Ioniq 5 Preferred AWD Long Range with Ultimate package,,,
Hyundai,2024,I614EREME2AK,Ioniq 6 Preferred RWD Long Range,,,
Hyundai,2024,I614EAEME2AK,Ioniq 6 Preferred AWD Long Range,,,
Hyundai,2024,I614EREME2AV,Ioniq 6 Preferred RWD Long Range with Ultimate Package,,,
Hyundai,2024,I614EAEME2AV,Ioniq 6 Preferred AWD Long Range with Ultimate Package,,,
Hyundai,2024,NX1SEFEMF200,NEXO Preferred FWD,,,
Hyundai,2024,NX1SEFEMF400,NEXO Ultimate FWD,,,
Hyundai,2020,AC55MF16A100,Accent 5 Door Essential Manual,,,
Hyundai,2020,AC55IF16A193,Accent 5 Door Essential w/Comfort Package IVT,,,
Hyundai,2020,AC55MF16A200,Accent 5 Door Preferred Manual,,,
Hyundai,2020,AC55IF16A200,Accent 5 Door Preferred IVT,,,
Hyundai,2020,AC55IF16A400,Accent 5 Door Ultimate IVT,,,
Hyundai,2020,EL64MF20A100,Elantra Essential Manual,,,
Hyundai,2020,EL64IF20A100,Elantra Essential IVT,,,
Hyundai,2020,EL64IF20A200,Elantra Preferred IVT,,,
Hyundai,2020,EL64IF20A265,Elantra Preferred w/Sun & Safety Package IVT,,,
Hyundai,2020,EL64IF20A300,Elantra Luxury IVT,,,
Hyundai,2020,EL64IF20A400,Elantra Ultimate IVT,,,
Hyundai,2020,EL64MF16DS00,Elantra Sport Manual,,,
Hyundai,2020,EL64DF16DS00,Elantra Sport DCT,,,
Hyundai,2020,EG35MF20B200,Elantra GT Preferred Manual,,,
Hyundai,2020,EG35AF20B200,Elantra GT Preferred Auto,,,
Hyundai,2020,EG35AF20B300,Elantra GT Luxury Auto,,,
Hyundai,2020,EG35MF16DO00,Elantra GT N Line Manual,,,
Hyundai,2020,EG35DF16DO20,Elantra GT N Line Ultimate DCT,,,
Hyundai,2020,EG35DF16DO00,Elantra GT N Line DCT,,,
Hyundai,2020,IO15EFEME800,Ioniq Electric Preferred Hatchback,,,
Hyundai,2020,IO15EFEME900,Ioniq Electric Ultimate Hatchback,,,
Hyundai,2020,IO15DF16I100,Ioniq Hybrid Essential Hatchback,,,
Hyundai,2020,IO15DF16I200,Ioniq Hybrid Preferred Hatchback,,,
Hyundai,2020,IO15DF16I400,Ioniq Hybrid Ultimate Hatchback,,,
Hyundai,2020,KO1SAF20B100,Kona 2.0L Essential FWD,,,
Hyundai,2020,KO1SAF20B200,Kona 2.0L Preferred FWD,,,
Hyundai,2020,KO1SAA20B100,Kona 2.0L Essential AWD,,,
Hyundai,2020,KO1SAA20B200,Kona 2.0L Preferred AWD,,,
Hyundai,2020,KO1SAA20B300,Kona 2.0L Luxury AWD,,,
Hyundai,2020,KO1SDA16D241,Kona 1.6T Trend AWD,,,
Hyundai,2020,KO1SDA16D287,Kona 1.6T Trend AWD w/Two-Tone Roof,,,
Hyundai,2020,KO1SDA16D400,Kona 1.6T Ultimate AWD,,,
Hyundai,2020,KO1SDA16D495,Kona 1.6T Ultimate AWD w/Lime Colour Pack,,,
Hyundai,2020,KO1SDA16D489,Kona 1.6T Ultimate AWD w/Red Colour Pack,,,
Hyundai,2020,KO1SDA16D474,Kona 1.6T Ultimate AWD w/Orange Colour Pack,,,
Hyundai,2020,KE1SEFEME200,Kona Electric Preferred FWD,,,
Hyundai,2020,KE1SEFEME266,Kona Electric Preferred w/Two-Tone Roof FWD,,,
Hyundai,2020,KE1SEFEME400,Kona Electric Ultimate FWD,,,
Hyundai,2020,KE1SEFEMEX51,Kona Electric Essential FWD,,,
Hyundai,2020,NX1SEFEMF400,NEXO Ultimate FWD,,,
Hyundai,2020,PA1LAF38B100,Palisade Essential 8-Passenger FWD,,,
Hyundai,2020,PA1LAA38B100,Palisade Essential 8-Passenger AWD,,,
Hyundai,2020,PA1LAA38B200,Palisade Preferred 8-Passenger AWD,,,
Hyundai,2020,PA1LAA38B300,Palisade Luxury 7-Passenger AWD,,,
Hyundai,2020,PA1LAA38B391,Palisade Ultimate 7-Passenger AWD,,,
Hyundai,2020,PA1LAA38B449,Palisade Ultimate 7-Passenger CP AWD,,,
Hyundai,2020,SA4SAF24B100,Santa Fe 2.4L Essential FWD,,,
Hyundai,2020,SA4SAF24B500,Santa Fe 2.4L Essential FWD w/Safety Package,,,
Hyundai,2020,SA4SAA24B500,Santa Fe 2.4L Essential AWD w/Safety Package,,,
Hyundai,2020,SA4SAA24B200,Santa Fe 2.4L Preferred AWD,,,
Hyundai,2020,SA4SAA24B268,Santa Fe 2.4L Preferred AWD w/Sun/Leather Package,,,
Hyundai,2020,SA4SAA20DV68,Santa Fe 2.0T Preferred AWD w/Sun/Leather Package,,,
Hyundai,2020,SA4SAA20D300,Santa Fe 2.0T Luxury AWD,,,
Hyundai,2020,SA4SAA20D400,Santa Fe 2.0T Ultimate AWD,,,
Hyundai,2020,SO84AF25B200,Sonata 2.5L Preferred,,,
Hyundai,2020,SO84AF16D300,Sonata 1.6T Luxury,,,
Hyundai,2020,SO84AF16D400,Sonata 1.6T Ultimate,,,
Hyundai,2020,SO84AF16DS00,Sonata 1.6T Sport,,,
Hyundai,2020,SH84AF20I400,Sonata Hybrid Ultimate Sedan,,,
Hyundai,2020,TU3SAF20B100,Tucson Essential FWD,,,
Hyundai,2020,TU3SAF20B200,Tucson Preferred FWD,,,
Hyundai,2020,TU3SAA20B100,Tucson Essential AWD,,,
Hyundai,2020,TU3SAA20B200,Tucson Preferred AWD,,,
Hyundai,2020,TU3SAA24B241,Tucson Preferred AWD w/Trend Package,,,
Hyundai,2020,TU3SAA24B300,Tucson Luxury AWD,,,
Hyundai,2020,TU3SAA24B400,Tucson Ultimate AWD,,,
Hyundai,2020,TU3SAA20B268,Tucson Preferred AWD w/Sun & Leather Package,,,
Hyundai,2020,TU3SAA24BX43,Tucson Urban Edition AWD,,,
Hyundai,2020,VE23MF16DG00,Veloster Turbo Manual,,,
Hyundai,2020,VE23AF20A200,Veloster Preferred Auto,,,
Hyundai,2020,VE23AF20A300,Veloster Luxury Auto,,,
Hyundai,2020,VE23MF16DG66,Veloster Turbo Manual w/Two-Tone Paint,,,
Hyundai,2020,VE23MF16DG56,Veloster Turbo Manual w/Sandstorm Leather,,,
Hyundai,2020,VE23DF16DG00,Veloster Turbo DCT,,,
Hyundai,2020,VE23DF16DG66,Veloster Turbo DCT w/Two-Tone Paint,,,
Hyundai,2020,VE23DF16DG56,Veloster Turbo DCT w/Sandstorm Leather,,,
Hyundai,2020,VE23MF20DX39,Veloster N Manual,,,
Hyundai,2020,VN1SMF16AX40,Venue Essential Manual,,,
Hyundai,2020,VN1SIF16AX40,Venue Essential IVT,,,
Hyundai,2020,VN1SIF16AX42,Venue Preferred IVT,,,
Hyundai,2020,VN1SIF16AX41,Venue Trend IVT,,,
Hyundai,2020,VN1SIF16AD85,Venue Trend w/Urban Pkg/Black Interior IVT,,,
Hyundai,2020,VN1SIF16AD89,Venue Trend w/Urban Pkg/Denim Interior IVT,,,
Hyundai,2020,VN1SIF16AD74,Venue Trend w/Urban Pkg/Grey-Lime Interior IVT,,,
Hyundai,2020,VN1SIF16A485,Venue Ultimate w/Black Interior IVT,,,
Hyundai,2020,VN1SIF16A489,Venue Ultimate w/Denim Interior IVT,,,
Hyundai,2020,VN1SIF16A474,Venue Ultimate w/Grey-Lime Interior IVT,,,
Hyundai,2021,EL74MF20A100,Elantra Essential Manual,,,
Hyundai,2021,EL74IF20A100,Elantra Essential IVT,,,
Hyundai,2021,EL74IF20A200,Elantra Preferred IVT,,,
Hyundai,2021,EL74IF20A283,Elantra Preferred w/Sun & Safety Package IVT,,,
Hyundai,2021,EL74IF20A400,Elantra Ultimate IVT,,,
Hyundai,2021,EL74IF20A454,Elantra Ultimate IVT w/Two-Tone Interior,,,
Hyundai,2021,EL74IF20A483,Elantra Ultimate Tech IVT,,,
Hyundai,2021,EL74IF20A479,Elantra Ultimate Tech IVT w/Two-Tone Interior,,,
Hyundai,2021,EL74DF16DO00,Elantra N Line DCT,,,
Hyundai,2021,EL74DF16I200,Elantra Hybrid Preferred DCT *Ltd Avail*,,,
Hyundai,2021,EL74DF16I400,Elantra Hybrid Ultimate DCT *Ltd Avail*,,,
Hyundai,2021,EL74DF16I2AA,Elantra Hybrid Preferred DCT,,,
Hyundai,2021,EL74DF16I4AA,Elantra Hybrid Ultimate DCT,,,
Hyundai,2021,EL74DF16I4AC,Elantra Hybrid Ultimate DCT w/Two-Tone Interior,,,
Hyundai,2021,IO15EFEME800,Ioniq Electric Preferred Hatchback,,,
Hyundai,2021,IO15EFEME900,Ioniq Electric Ultimate Hatchback,,,
Hyundai,2021,IO15DF16I100,Ioniq Hybrid Essential Hatchback,,,
Hyundai,2021,IO15DF16I200,Ioniq Hybrid Preferred Hatchback,,,
Hyundai,2021,IO15DF16I400,Ioniq Hybrid Ultimate Hatchback,,,
Hyundai,2021,IO15DF16P600,Ioniq Plug-In Hybrid Preferred Hatchback,,,
Hyundai,2021,IO15DF16P700,Ioniq Plug-In Hybrid Ultimate Hatchback,,,
Hyundai,2021,IO15DF16PX52,Ioniq Plug-In Hybrid Essential Hatchback,,,
Hyundai,2021,KO1SAF20B100,Kona 2.0L Essential FWD,,,
Hyundai,2021,KO1SAF20B200,Kona 2.0L Preferred FWD,,,
Hyundai,2021,KO1SAA20B100,Kona 2.0L Essential AWD,,,
Hyundai,2021,KO1SAA20B200,Kona 2.0L Preferred AWD,,,
Hyundai,2021,KO1SAA20B300,Kona 2.0L Luxury AWD,,,
Hyundai,2021,KO1SDA16D241,Kona 1.6T Trend AWD,,,
Hyundai,2021,KO1SDA16D287,Kona 1.6T Trend AWD w/Two-Tone Roof,,,
Hyundai,2021,KO1SDA16D400,Kona 1.6T Ultimate AWD,,,
Hyundai,2021,KO1SDA16D489,Kona 1.6T Ultimate AWD w/Red Colour Pack,,,
Hyundai,2021,KO1SDA16DX76,Kona 1.6T Urban Edition,,,
Hyundai,2021,KO1SDA16DX43,Kona 1.6T Limited Edition AWD,,,
Hyundai,2021,KE1SEFEMEX51,Kona Electric Essential FWD,,,
Hyundai,2021,KE1SEFEME200,Kona Electric Preferred FWD,,,
Hyundai,2021,KE1SEFEME266,Kona Electric Preferred w/Two-Tone Roof FWD,,,
Hyundai,2021,KE1SEFEME400,Kona Electric Ultimate FWD,,,
Hyundai,2021,NX1SEFEMF400,NEXO Ultimate FWD,,,
Hyundai,2021,NX1SEFEMF200,NEXO Preferred FWD,,,
Hyundai,2021,PA1LAF38B100,Palisade Essential 8-Passenger FWD,,,
Hyundai,2021,PA1LAA38B100,Palisade Essential 8-Passenger AWD,,,
Hyundai,2021,PA1LAA38B200,Palisade Preferred 8-Passenger AWD,,,
Hyundai,2021,PA1LAA38B300,Palisade Luxury 8-Passenger AWD,,,
Hyundai,2021,PA1LAA38B391,Palisade Luxury 7-Passenger AWD,,,
Hyundai,2021,PA1LAA38B477,Palisade Ultimate Calligraphy 7-Passenger AWD,,,
Hyundai,2021,PA1LAA38B478,Palisade Ultimate Calligraphy w/Beige 7-Passenger AWD,,,
Hyundai,2021,SA4SAF25B100,Santa Fe Essential FWD,,,
Hyundai,2021,SA4SAA25B100,Santa Fe Essential AWD,,,
Hyundai,2021,SA4SAA25B200,Santa Fe Preferred AWD,,,
Hyundai,2021,SA4SAA25B241,Santa Fe Preferred AWD w/Trend Package,,,
Hyundai,2021,SA4SAA25D469,Santa Fe Ultimate Calligraphy AWD,,,
Hyundai,2021,SA4SAA16G2AD,Santa Fe Hybrid Preferred AWD w/Trend Package,,,
Hyundai,2021,SA4SAA16G3AA,Santa Fe Hybrid Luxury AWD,,,
Hyundai,2021,SO84AF25B200,Sonata 2.5L Preferred,,,
Hyundai,2021,SO84AF16D300,Sonata 1.6T Luxury,,,
Hyundai,2021,SO84AF16D400,Sonata 1.6T Ultimate,,,
Hyundai,2021,SO84AF16DS00,Sonata 1.6T Sport,,,
Hyundai,2021,SO84DF25DO00,Sonata 2.5T N Line,,,
Hyundai,2021,SH84AF20I400,Sonata Hybrid Ultimate Sedan,,,
Hyundai,2021,TU3SAF20B100,Tucson Essential FWD,,,
Hyundai,2021,TU3SAF20B200,Tucson Preferred FWD,,,
Hyundai,2021,TU3SAA20B100,Tucson Essential AWD,,,
Hyundai,2021,TU3SAA20B200,Tucson Preferred AWD,,,
Hyundai,2021,TU3SAA24B241,Tucson Preferred AWD w/Trend Package,,,
Hyundai,2021,TU3SAA24B300,Tucson Luxury AWD,,,
Hyundai,2021,TU3SAA24B400,Tucson Ultimate AWD,,,
Hyundai,2021,TU3SAA20B268,Tucson Preferred AWD w/Sun & Leather Package,,,
Hyundai,2021,TU3SAA24BX76,Tucson Urban Edition AWD,,,
Hyundai,2021,VE23MF20DX39,Veloster N Manual,,,
Hyundai,2021,VE23DF20DX39,Veloster N DCT,,,
Hyundai,2021,VN1SMF16AX40,Venue Essential Manual,,,
Hyundai,2021,VN1SIF16AX40,Venue Essential IVT,,,
Hyundai,2021,VN1SIF16AX42,Venue Preferred IVT,,,
Hyundai,2021,VN1SIF16AX41,Venue Trend IVT,,,
Hyundai,2021,VN1SIF16AY85,Venue Trend IVT w/Urban Pkg/Black Interior,,,
Hyundai,2021,VN1SIF16AY89,Venue Trend IVT w/Urban Pkg/Denim Interior,,,
Hyundai,2021,VN1SIF16AY74,Venue Trend IVT w/Urban Pkg/Grey-Lime Interior,,,
Hyundai,2021,VN1SIF16A485,Venue Ultimate IVT w/Black Interior,,,
Hyundai,2021,VN1SIF16A489,Venue Ultimate IVT w/Denim Interior,,,
Hyundai,2021,VN1SIF16A474,Venue Ultimate IVT w/Grey-Lime Interior,,,
Hyundai,2021,VN1SIF16A166,Venue Essential IVT w/Two-Tone,,,
Hyundai,2021,VN1SIF16A266,Venue Preferred IVT w/Two-Tone,,,
Hyundai,2022,EL74MF20A100,Elantra Essential Manual,,,
Hyundai,2022,EL74IF20A100,Elantra Essential IVT,,,
Hyundai,2022,EL74IF20A200,Elantra Preferred IVT,,,
Hyundai,2022,EL74IF20A283,Elantra Preferred w/Sun & Safety Package IVT,,,
Hyundai,2022,EL74IF20A400,Elantra Ultimate IVT,,,
Hyundai,2022,EL74IF20A454,Elantra Ultimate IVT w/Two-Tone Interior,,,
Hyundai,2022,EL74IF20A483,Elantra Ultimate Tech IVT,,,
Hyundai,2022,EL74IF20A479,Elantra Ultimate Tech IVT w/Two-Tone Interior,,,
Hyundai,2022,EL74DF16DO00,Elantra N Line DCT,,,
Hyundai,2022,EL74DF16I2AA,Elantra Hybrid Preferred DCT,,,
Hyundai,2022,EL74DF16I4AA,Elantra Hybrid Ultimate DCT,,,
Hyundai,2022,EL74DF16I4AC,Elantra Hybrid Ultimate DCT w/Two-Tone Interior,,,
Hyundai,2022,EL74MF20DX39,Elantra N Manual,,,
Hyundai,2022,EL74DF20DX39,Elantra N DCT,,,
Hyundai,2022,I51SEREME100,IONIQ 5 Essential RWD,,,
Hyundai,2022,I51SEREME200,IONIQ 5 Preferred RWD,,,
Hyundai,2022,I51SEREME2AK,IONIQ 5 Preferred RWD Long Range,,,
Hyundai,2022,I51SEAEME2AK,IONIQ 5 Preferred AWD Long Range,,,
Hyundai,2022,I51SEAEME400,IONIQ 5 Preferred AWD Long Range Ultimate Pkg *Ltd Avail*,,,
Hyundai,2022,I51SEAEME2AV,IONIQ 5 Preferred AWD Long Range Ultimate Pkg,,,
Hyundai,2022,IO15DF16I100,Ioniq Hybrid Essential Hatchback,,,
Hyundai,2022,IO15DF16I200,Ioniq Hybrid Preferred Hatchback,,,
Hyundai,2022,IO15DF16I400,Ioniq Hybrid Ultimate Hatchback,,,
Hyundai,2022,IO15DF16PX52,Ioniq Plug-In Hybrid Essential Hatchback,,,
Hyundai,2022,IO15DF16P600,Ioniq Plug-In Hybrid Preferred Hatchback,,,
Hyundai,2022,IO15DF16P700,Ioniq Plug-In Hybrid Ultimate Hatchback,,,
Hyundai,2022,KO1SAF20A100,Kona 2.0L Essential FWD,,,
Hyundai,2022,KO1SAF20A200,Kona 2.0L Preferred FWD,,,
Hyundai,2022,KO1SAA20A100,Kona 2.0L Essential AWD,,,
Hyundai,2022,KO1SAA20A200,Kona 2.0L Preferred AWD,,,
Hyundai,2022,KO1SAA20A268,Kona 2.0L Preferred AWD w/Sun & Leather Package,,,
Hyundai,2022,KO1SDA16DO00,Kona 1.6T N Line AWD,,,
Hyundai,2022,KO1SDA16DO66,Kona 1.6T N Line AWD w/Two-Tone Roof,,,
Hyundai,2022,KO1SDA16DO20,Kona 1.6T N Line AWD w/Ultimate Package,,,
Hyundai,2022,KO1SAF20A1AL,Kona 2.0L Essential Value Edition FWD,,,
Hyundai,2022,KO1SAF20A235,Kona 2.0L Preferred Special Edition FWD,,,
Hyundai,2022,KO1SAA20A1AL,Kona 2.0L Essential Value Edition AWD,,,
Hyundai,2022,KO1SAA20A235,Kona 2.0L Preferred Special Edition AWD,,,
Hyundai,2022,KO1SAF20AW00,Kona 2.0L LE FWD,,,
Hyundai,2022,KO1SAF20AWAU,Kona 2.0L LE Plus FWD,,,
Hyundai,2022,KO1SDF16DWAT,Kona 1.6T LE N Line FWD,,,
Hyundai,2022,KO1SAA20AW00,Kona 2.0L LE AWD,,,
Hyundai,2022,KO1SAA20AWAU,Kona 2.0L LE Plus AWD,,,
Hyundai,2022,KO1SDA16DWAT,Kona 1.6T LE N Line AWD,,,
Hyundai,2022,KE1SEFEME200,Kona Electric Preferred FWD,,,
Hyundai,2022,KE1SEFEME266,Kona Electric Preferred FWD w/Two-Tone Roof,,,
Hyundai,2022,KE1SEFEME400,Kona Electric Ultimate FWD,,,
Hyundai,2022,KO1SDF20DX39,Kona N 2.0T FWD,,,
Hyundai,2022,PA1LAA38B100,Palisade Essential 8-Passenger AWD,,,
Hyundai,2022,PA1LAA38B200,Palisade Preferred 8-Passenger AWD,,,
Hyundai,2022,PA1LAA38B300,Palisade Luxury 8-Passenger AWD,,,
Hyundai,2022,PA1LAA38B391,Palisade Luxury 7-Passenger AWD,,,
Hyundai,2022,PA1LAA38B477,Palisade Ultimate Calligraphy 7-Passenger AWD,,,
Hyundai,2022,PA1LAA38B478,Palisade Ultimate Calligraphy w/Beige 7-Passenger AWD,,,
Hyundai,2022,SZ1SDA25D200,Santa Cruz Preferred AWD,,,
Hyundai,2022,SZ1SDA25D241,Santa Cruz Preferred AWD w/Trend Pkg,,,
Hyundai,2022,SZ1SDA25D400,Santa Cruz Ultimate AWD,,,
Hyundai,2022,SZ1SDA25D495,Santa Cruz Ultimate AWD w/Colour Pkg,,,
Hyundai,2022,SA4SAA25B100,Santa Fe Essential AWD,,,
Hyundai,2022,SA4SAA25B200,Santa Fe Preferred AWD,,,
Hyundai,2022,SA4SAA25B241,Santa Fe Preferred AWD w/Trend Package,,,
Hyundai,2022,SA4SAA25D469,Santa Fe Ultimate Calligraphy AWD,,,
Hyundai,2022,SA4SAA25DX43,Santa Fe Urban AWD,,,
Hyundai,2022,SA4SAA16G2AD,Santa Fe Hybrid Preferred AWD w/Trend Package,,,
Hyundai,2022,SA4SAA16G3AA,Santa Fe Hybrid Luxury AWD,,,
Hyundai,2022,SA4SAA16J2AB,Santa Fe Plug-In Hybrid Preferred AWD,,,
Hyundai,2022,SA4SAA16J3AB,Santa Fe Plug-In Hybrid Luxury AWD,,,
Hyundai,2022,SO84AF25B200,Sonata 2.5L Preferred,,,
Hyundai,2022,SO84AF16DS00,Sonata 1.6T Sport,,,
Hyundai,2022,SO84AF16D300,Sonata 1.6T Luxury,,,
Hyundai,2022,SO84DF25DO00,Sonata 2.5T N Line,,,
Hyundai,2022,SH84AF20I4AI,Sonata Hybrid Ultimate Sedan,,,
Hyundai,2022,SH84AF20I4AJ,Sonata Hybrid Ultimate Sedan w/Solar Roof,,,
Hyundai,2022,TU4SAF25B100,Tucson Essential FWD,,,
Hyundai,2022,TU4SAF25B200,Tucson Preferred FWD,,,
Hyundai,2022,TU4SAA25B100,Tucson Essential AWD,,,
Hyundai,2022,TU4SAA25B200,Tucson Preferred AWD,,,
Hyundai,2022,TU4SAA25B241,Tucson Preferred AWD w/Trend Package,,,
Hyundai,2022,TU4SAA25BO00,Tucson N Line AWD,,,
Hyundai,2022,TU4SAA25BY76,Tucson Urban Edition AWD,,,
Hyundai,2022,VE23MF20DX39,Veloster N Manual,,,
Hyundai,2022,VE23DF20DX39,Veloster N DCT,,,
Hyundai,2022,VN1SMF16AX40,Venue Essential Manual,,,
Hyundai,2022,VN1SIF16AX40,Venue Essential IVT,,,
Hyundai,2022,VN1SIF16A166,Venue Essential IVT w/Two-Tone,,,
Hyundai,2022,VN1SIF16AX42,Venue Preferred IVT,,,
Hyundai,2022,VN1SIF16A266,Venue Preferred IVT w/Two-Tone,,,
Hyundai,2022,VN1SIF16AX41,Venue Trend IVT,,,
Hyundai,2022,VN1SIF16A485,Venue Ultimate IVT w/Black Interior,,,
Hyundai,2022,VN1SIF16A489,Venue Ultimate IVT w/Denim Interior,,,
Hyundai,2022,VN1SIF16AY85,Venue Urban IVT w/Black Interior,,,
Hyundai,2022,VN1SIF16AY89,Venue Urban IVT w/Denim Interior,,,
Hyundai,2023,EL74IF20A100,Elantra Essential IVT,,,
Hyundai,2023,EL74IF20A200,Elantra Preferred IVT,,,
Hyundai,2023,EL74IF20A283,Elantra Preferred with Sun & Tech Pkg IVT,,,
Hyundai,2023,EL74IF20A300,Elantra Luxury IVT,,,
Hyundai,2023,EL74IF20A354,Elantra Luxury IVT (Two Tone Int.),,,
Hyundai,2023,EL74DF16DO20,Elantra N-Line DCT,,,
Hyundai,2023,EL74DF16I3AA,Elantra HEV Hybrid Luxury,,,
Hyundai,2023,EL74DF16I3AC,Elantra HEV Hybrid Luxury (Two Tone Int.),,,
Hyundai,2023,EL74MF20DX39,Elantra N N M/T,,,
Hyundai,2023,EL74DF20DX39,Elantra N N DCT,,,
Hyundai,2023,SO84AF25B200,Sonata Preferred,,,
Hyundai,2023,SO84AF16DS00,Sonata Preferred Sport,,,
Hyundai,2023,SO84DF25DO00,Sonata N Line,,,
Hyundai,2023,SH84AF20I4AA,Sonata HEV Ultimate HEV,,,
Hyundai,2023,I614EREME2AK,Ioniq 6 Preferred RWD Long Range,,,
Hyundai,2023,I614EAEME2AK,Ioniq 6 Preferred AWD Long Range,,,
Hyundai,2023,I614EAEME2AV,Ioniq 6 Ultimate AWD Long Range,,,
Hyundai,2023,VN1SIF16A100,Venue Essential IVT,,,
Hyundai,2023,VN1SIF16A166,Venue Essential IVT (Two-Tone),,,
Hyundai,2023,VN1SIF16A200,Venue Preferred IVT,,,
Hyundai,2023,VN1SIF16A266,Venue Preferred IVT (Two-Tone),,,
Hyundai,2023,VN1SIF16A400,Venue Ultimate IVT Black,,,
Hyundai,2023,VN1SIF16A489,Venue Ultimate IVT Denim,,,
Hyundai,2023,KO1SAF20A100,Kona Essential FWD,,,
Hyundai,2023,KO1SAA20A100,Kona Essential AWD,,,
Hyundai,2023,KO1SAF20A200,Kona Preferred FWD,,,
Hyundai,2023,KO1SAA20A200,Kona Preferred AWD,,,
Hyundai,2023,KO1SAA20A268,Kona Preferred w/ Sun and Leather Package,,,
Hyundai,2023,KO1SDA16DO00,Kona N-Line,,,
Hyundai,2023,KO1SDA16DO66,Kona N-Line w/Two Tone,,,
Hyundai,2023,KO1SDA16DO20,Kona N-Line Ultimate Package,,,
Hyundai,2023,KE1SEFEME200,Kona EV EV Preferred,,,
Hyundai,2023,KE1SEFEME266,Kona EV EV Preferred (Two-Tone),,,
Hyundai,2023,KE1SEFEME400,Kona EV EV Ultimate,,,
Hyundai,2023,KO1SDF20DX39,Kona N DCT,,,
Hyundai,2023,I51SEREME200,Ioniq 5 Preferred,,,
Hyundai,2023,I51SEREME2AK,Ioniq 5 Preferred Long Range,,,
Hyundai,2023,I51SEAEME2AK,Ioniq 5 Preferred AWD Long Range,,,
Hyundai,2023,I51SEAEME2AZ,Ioniq 5 Preferred AWD Long Range with Luxury package,,,
Hyundai,2023,I51SEAEME2AV,Ioniq 5 Preferred AWD Long Range with Ultimate package,,,
Hyundai,2023,TU4SAF25B100,Tucson Essential FWD,,,
Hyundai,2023,TU4SAA25B100,Tucson Essential AWD,,,
Hyundai,2023,TU4SAF25B200,Tucson Preferred FWD,,,
Hyundai,2023,TU4SAA25B200,Tucson Preferred AWD,,,
Hyundai,2023,TU4SAA25B241,Tucson Preferred AWD w/ Trend Package,,,
Hyundai,2023,TU4SAA25BY00,Tucson Urban AWD,,,
Hyundai,2023,TU4SAA25BO00,Tucson N Line AWD,,,
Hyundai,2023,TU4SAA16G3AA,Tucson HEV 1.6T Luxury HEV AWD,,,
Hyundai,2023,TU4SAA16G4AA,Tucson HEV 1.6T Ultimate HEV AWD,,,
Hyundai,2023,TU4SAA16J3AB,Tucson PHEV Luxury PHEV AWD,,,
Hyundai,2023,TU4SAA16J4AB,Tucson PHEV Ultimate PHEV AWD,,,
Hyundai,2023,SZ1SDA25D200,Santa Cruz Preferred AWD,,,
Hyundai,2023,SZ1SDA25D241,Santa Cruz Preferred AWD w/Trend,,,
Hyundai,2023,SZ1SDA25D400,Santa Cruz Ultimate AWD,,,
Hyundai,2023,SZ1SDA25D495,Santa Cruz Ultimate AWD w/ Colour Pack,,,
Hyundai,2023,SA4SAA25B200,Santa Fe 2.5L Preferred AWD,,,
Hyundai,2023,SA4SAA25B241,Santa Fe 2.5L Preferred AWD w/ Trend,,,
Hyundai,2023,SA4SAA25DY00,Santa Fe 2.5T Preferred AWD Urban Package,,,
Hyundai,2023,SA4SAA25D469,Santa Fe 2.5T Ultimate Calligraphy AWD,,,
Hyundai,2023,SA4SAA16G3AA,Santa Fe HEV 1.6T Luxury AWD HEV,,,
Hyundai,2023,SA4SAA16J3AB,Santa Fe PHEV Luxury PHEV AWD,,,
Hyundai,2023,PA1LAA38B200,Palisade Preferred AWD,,,
Hyundai,2023,PA1LAA38BY00,Palisade Urban AWD 8-Pass,,,
Hyundai,2023,PA1LAA38BY91,Palisade Urban AWD 7-Pass,,,
Hyundai,2023,PA1LAA38B477,Palisade Ultimate Caligraphy AWD,,,
Hyundai,2023,PA1LAA38B478,Palisade Ultimate Caligraphy AWD (Beige Int.),,,
Hyundai,2025,TUCWDK2EPM00,Tucson Preferred,,,
Hyundai,2025,TUCWDK2EPMTM,Tucson Preferred,,,
Hyundai,2026,ELCS4V2BES00,Elantra Essential,,,
Hyundai,2026,ELCS4V2BPR00,Elantra Preferred,,,
Hyundai,2026,ELCS4V2BPRTE,Elantra with Tech Pkg,,,
Hyundai,2026,ELCS4V2BLU00,Elantra Luxury,,,
Hyundai,2026,ELCS4V2BLUME,Elantra Luxury (Two-Tone Interior),,,
Hyundai,2026,ELCS4U1ANLUL,Elantra N-Line Ultimate,,,
Hyundai,2026,ELHS4T1BLUHE,Elantra HEV HEV Luxury,,,
Hyundai,2026,ELHS4T1BLUHM,Elantra HEV HEV Luxury (Two-Tone Interior),,,
Hyundai,2026,ELCS472ANN00,Elantra N Manual,,,
Hyundai,2026,ELCS4M2ANN00,Elantra N DCT,,,
Hyundai,2026,ELCS472ANNTC,Elantra N TCR Manual,,,
Hyundai,2026,ELCS4M2ANNTC,Elantra N TCR DCT,,,
Hyundai,2026,SOCS4M2DNL00,Sonata N Line Ultimate FWD,,,
Hyundai,2026,SOCS4K2EPRTR,Sonata Preferred-Trend AWD,,,
Hyundai,2026,SHHS4F2FPRTH,Sonata Hybrid Preferred-Trend FWD,,,
Hyundai,2026,VNCW5V1FES00,Venue Essential IVT,,,
Hyundai,2026,VNCW5V1FESTT,Venue Essential IVT w/Two-Tone,,,
Hyundai,2026,VNCW5V1FPR00,Venue Preferred IVT,,,
Hyundai,2026,VNCW5V1FPRTT,Venue Preferred IVT w/Two-Tone,,,
Hyundai,2026,VNCW5V1FUL00,Venue Ultimate IVT w/Black Interior,,,
Hyundai,2026,VNCW5V1FULCP,Venue Ultimate IVT w/Denim Interior,,,
Hyundai,2026,KOCW5V2BES00,Kona 2.0L Essential FWD,,,
Hyundai,2026,KOCW5Q2BES00,Kona 2.0L Essential AWD,,,
Hyundai,2026,KOCW5V2BPR00,Kona 2.0L Preferred FWD,,,
Hyundai,2026,KOCW5Q2BPR00,Kona 2.0L Preferred AWD,,,
Hyundai,2026,KOCW5Q2BPRTR,Kona 2.0L Preferred AWD w/Trend Package,,,
Hyundai,2026,KOCW5K1ANL00,Kona 1.6T N Line AWD,,,
Hyundai,2026,KOCW5K1ANLTT,Kona 1.6T N Line AWD w/Two-Tone Roof,,,
Hyundai,2026,KOCW5K1ANLUL,Kona 1.6T N Line Ultimate AWD,,,
Hyundai,2026,KOCW5K1ANLBA,Kona 1.6T N Line Ultimate AWD w/Two-Tone Roof,,,
Hyundai,2026,KEEW5ZE4PR00,Kona Electric Preferred,,,
Hyundai,2026,KEEW5ZE4PRTR,Kona Electric Preferred w/ Trend Pkg,,,
Hyundai,2026,KEEW5ZE4PRUP,Kona Electric Pref w/Ult Pkg,,,
Hyundai,2026,KEEW5ZE4PRUT,Kona Electric Pref w/Ult Pkg Two Tone,,,
Hyundai,2026,TUCWDK2EPR00,Tucson Preferred AWD,,,
Hyundai,2026,TUCWDK2EPRTR,Tucson Preferred AWD w/Trend Pkg,,,
Hyundai,2026,TUCWDK2EPM00,Tucson Preferred AWD,,,
Hyundai,2026,TUCWDK2EPMTM,Tucson Preferred AWD w/Trend Pkg,,,
Hyundai,2026,TUHWDG1ANLHE,Tucson Hybrid N-Line AWD,,,
Hyundai,2026,TUHWDG1AULHE,Tucson Hybrid Ultimate AWD,,,
Hyundai,2026,TUPWDG1AULPH,Tucson Plug-In Hybrid Ultimate AWD,,,
Hyundai,2026,SAHW7G1APRHE,Santa Fe 1.6T Preferred Hybrid AWD 7-Pass,,,
Hyundai,2026,SAHW7G1APRTH,Santa Fe 1.6T Preferred Hybrid w/Trend Pkg AWD 7-Pass,,,
Hyundai,2026,SAHW7G1ALUHE,Santa Fe 1.6T Luxury Hybrid AWD 7-Pass,,,
Hyundai,2026,SAHW6G1AULBG,Santa Fe 1.6T Ultimate Calligraphy Hybrid AWD 6-Pass,,,
Hyundai,2026,SAHW6G1AULBH,Santa Fe 1.6T Ultimate Calligraphy Hybrid AWD 6-Pass Beige,,,
Hyundai,2026,PACW8K3FPRTR,Palisade 3.5L Preferred Trend 8-Pass,,,
Hyundai,2026,PACW7K3FXP00,Palisade 3.5L XRT PRO 7-Pass,,,
Hyundai,2026,PACW7K3FULCA,Palisade 3.5L Ultimate Calligraphy 7-Pass,,,
Hyundai,2026,PAHW8G2DLU8H,Palisade 2.5T Luxury HEV 8-Pass,,,
Hyundai,2026,PAHW7G2DLU7H,Palisade 2.5T Luxury HEV 7-Pass,,,
Hyundai,2026,PAHW7G2DULCH,Palisade 2.5T Ultimate Calligraphy HEV 7-Pass,,,
Hyundai,2026,I5EW5ZE4PRLR,IONIQ 5 Preferred RWD Long Range,,,
Hyundai,2026,I5EW5ZE2PRLR,IONIQ 5 Preferred AWD Long Range,,,
Hyundai,2026,I5EW5ZE2PRUP,IONIQ 5 Preferred AWD Long Range w/Ultimate Pkg,,,
Hyundai,2026,I9EW7ZE4ES00,IONIQ 9 Essential RWD,,,
Hyundai,2026,I9EW7ZE2PR00,IONIQ 9 Preferred AWD,,,
Hyundai,2026,I9EW7ZE1PR00,IONIQ 9 Preferred + AWD,,,
Hyundai,2026,I9EW7ZE2PRLP,IONIQ 9 Preferred AWD w/Luxury Pkg,,,
Hyundai,2026,I9EW6ZE1PRBG,IONIQ 9 Preferred + AWD w/Ultimate Calligraphy Pkg,,,
Hyundai,2026,TUHWDG1ANE00,Tucson 1.6T Night Edition HEV AWD,,,
Hyundai,2027,I5EW5ZE3NN00,IONIQ 5 N AWD,,,
Honda,2025,FE2F2SE,"CIVIC, 4D LX CVT",,,
Honda,2025,FE2F5SJ,"CIVIC, 4D SPORT CVT",,,
Honda,2025,FE4F8SJ,"CIVIC, 4D SPORT HYBRID",,,
Honda,2025,FE4F8SKN,"CIVIC, 4D SPORT TOURING HYBRID",,,
Honda,2025,FE1E5SK,"CIVIC, 4D Si MT",,,
Honda,2025,FL2H8SE,"CIVIC, 5D SPORT CVT",,,
Honda,2025,FL4H8SJ,"CIVIC, 5D SPORT HYBRID",,,
Honda,2025,FL4H9SKN,"CIVIC, 5D SPORT TOURING HYBRID",,,
Honda,2025,FL5G4SG,"CIVIC, TYPE R MT",,,
Honda,2025,CY1F4SJ,"ACCORD, SE CVT",,,
Honda,2025,CY2F7SJN,"ACCORD, SPORT-L HYBRID",,,
Honda,2025,CY2F8SKN,"ACCORD, TOURING HYBRID",,,
Honda,2025,RZ1H3SE,HR-V LX CVT 2WD,,,
Honda,2025,RZ2H3SE,HR-V LX CVT 4WD,,,
Honda,2025,RZ2H5SJ,HR-V SPORT CVT 4WD,,,
Honda,2025,RZ2H7SK,HR-V EX-L NAVI CVT 4WD,,,
Honda,2025,RS3H2SES,"CR-V, LX 2WD",,,
Honda,2025,RS4H2SES,"CR-V, LX 4WD",,,
Honda,2025,RS4H5SJS,"CR-V, SPORT 4WD",,,
Honda,2025,RS6H7SJSX,"CR-V, EXL HYBRID 4WD",,,
Honda,2025,RS6H9SKSX,"CR-V, TOURING HYBRID 4WD",,,
Honda,2025,RL6H4SJ,"ODYSSEY, SPORT",,,
Honda,2025,RL6H7SJN,"ODYSSEY, SPORT-L",,,
Honda,2025,RL6H8SKN,"ODYSSEY, TOURING",,,
Honda,2025,RL6H0SKN,"ODYSSEY, BLACK EDITION",,,
Honda,2025,YF8H2SJ,"PASSPORT, SPORT",,,
Honda,2025,YF8H6SJN,"PASSPORT, TRAILSPORT",,,
Honda,2025,YF8H8SKN,"PASSPORT, BLACK EDITION",,,
Honda,2025,YG1H3SE,"PILOT, SPORT",,,
Honda,2025,YG1H4SEN,"PILOT, EX-L",,,
Honda,2025,YG1H6SJ,"PILOT, TRAILSPORT",,,
Honda,2025,YG1H7SKN,"PILOT, TOURING",,,
Honda,2025,YG1H9SKN,"PILOT, BLACK EDITION",,,
Honda,2025,YK3F1SJ,"RIDGELINE, SPORT",,,
Honda,2025,YK3F6SJN,"RIDGELINE, TRAILSPORT",,,
Honda,2025,YK3F8SKN,"RIDGELINE, BLACK EDITION",,,
Honda,2024,FE1E5RK,"CIVIC, 4D Si MT",,,
Honda,2024,FL5G4RG,"CIVIC, TYPE R MT",,,
Honda,2024,CY1F3RJ,"ACCORD, EX CVT",,,
Honda,2024,CY2F5RJ,"ACCORD, SPORT HYBRID",,,
Honda,2024,CY2F8RKN,"ACCORD, TOURING HYBRID",,,
Honda,2024,3B4H2RE,"PROLOGUE, EX",,,
Honda,2024,3B4H4RJ,"PROLOGUE, EX-L",,,
Honda,2024,3B4H6RJ,"PROLOGUE,TOURING",,,
Honda,2024,FL1H8RJ,"CIVIC, 5D SPORT CVT",,,
Honda,2024,FE2F3RJ,"CIVIC, EX CVT",,,
Honda,2024,FE2F5RJ,"CIVIC, Sport CVT",,,
Honda,2024,FE1F9RKN,"CIVIC, Touring CVT",,,
Honda,2024,FE2F2RET,"CIVIC, LX-B CVT",,,
Honda,2024,RS4H5RJS,"CR-V, Sport AWD",,,
Honda,2024,RS4H7RJS,"CR-V, EX-L AWD",,,
Honda,2024,RS4H2RESX,"CR-V, LX-B AWD",,,
Honda,2024,RS3H2RESX,"CR-V, LX-B 2WD",,,
Honda,2024,RS6H9RKSX,"CR-V Hybrid, Touring AWD",,,
Honda,2024,RS6H7RJSX,"CR-V Hybrid, EX-L AWD",,,
Honda,2024,RZ2H7RK,"HR-V, EX-L Navi AWD CVT",,,
Honda,2024,RZ2H3REX,"HR-V, LX-B AWD CVT",,,
Honda,2024,RZ2H5RJX,"HR-V, Sport-B AWD CVT",,,
Honda,2024,RZ1H3REX,"HR-V, LX-B 2WD CVT",,,
Honda,2024,YG1H3RE,"Pilot, Sport AWD",,,
Honda,2024,YG1H4REN,"Pilot, EX-L AWD",,,
Honda,2024,YG1H6RJ,"Pilot, TrailSport AWD",,,
Honda,2024,YG1H7RKN,"Pilot, Touring AWD",,,
Honda,2024,YG1H8RKN,"Pilot, Black Edition AWD",,,
Honda,2024,FL1G8RKN,"CIVIC, 5D SPORT TOURING MT",,,
Honda,2024,FL1H8RKN,"CIVIC, 5D SPORT TOURING CVT",,,
Honda,2024,RL6H6RJN,"ODYSSEY, EX-L",,,
Honda,2024,RL6H8RKN,"ODYSSEY, TOURING",,,
Honda,2024,RL6H0RKN,"ODYSSEY, BLACK EDITION",,,
Honda,2024,YF8H2RJ,"PASSPORT, SPORT",,,
Honda,2024,YF8H6RJN,"PASSPORT, TRAILSPORT",,,
Honda,2024,YF8H8RKN,"PASSPORT, BLACK EDITION",,,
Honda,2024,YK3F1RJ,"RIDGELINE, SPORT",,,
Honda,2024,YK3F6RJN,"RIDGELINE, TRAILSPORT",,,
Honda,2024,YK3F8RKN,"RIDGELINE, BLACK EDITION",,,
Honda,2025,FL4H8SJY,"CIVIC, 5D SPORT HYBRID",,,
Honda,2025,FL4H9SKNY,"CIVIC, 5D SPORT TOURING HYBRID",,,
Honda,2025,3B4H2SE,"PROLOGUE, EX",,,
Honda,2025,3B4H4SJ,"PROLOGUE, EX-L",,,
Honda,2025,3B4H6SJ,"PROLOGUE, TOURING",,,
Honda,2026,RZ1H3TE,HR-V LX CVT 2WD,,,
Honda,2026,RZ2H3TE,HR-V LX CVT 4WD,,,
Honda,2026,RZ2H5TJ,HR-V SPORT CVT 4WD,,,
Honda,2026,RZ2H7TKY,"HR-V EX-L, CVT 4WD",,,
Honda,2026,RS3H2TES,"CR-V, LX 2WD",,,
Honda,2026,RS4H2TES,"CR-V, LX 4WD",,,
Honda,2026,RS4H5TJS,"CR-V, SPORT 4WD",,,
Honda,2026,RS6H5TJGX,"CR-V, SPORT HYBRID 4WD",,,
Honda,2026,RS6H6TJG,"CR-V, TRAILSPORT HYBRID 4WD",,,
Honda,2026,RS6H7TJGX,"CR-V, EX-L HYBRID 4WD",,,
Honda,2026,RS6H9TKGX,"CR-V, TOURING HYBRID 4WD",,,
Honda,2026,YF9H5TK,"PASSPORT, TRAILSPORT",,,
Honda,2026,YF9H5TKX,"PASSPORT, TRAILSPORT BLACKOUT",,,
Honda,2026,YF9H8TKN,"PASSPORT, TRAILSPORT TOURING",,,
Honda,2026,YF9H8TKNX,"PASSPORT, TRAILSPORT TOURING BLACKOUT",,,
Honda,2026,FE2F2TE,"CIVIC SEDAN, 4D LX CVT",,,
Honda,2026,FE2F5TJ,"CIVIC SEDAN, 4D SPORT CVT",,,
Honda,2026,FE4F8TJ,"CIVIC SEDAN HYBRID, 4D SPORT",,,
Honda,2026,FE4F8TKN,"CIVIC SEDAN HYBRID, 4D SPORT TOURING",,,
Honda,2026,FE1E5TK,"CIVIC Si SEDAN, 4D Si MT",,,
Honda,2026,FL2H8TE,CIVIC HATCHBACK 5D SPORT CVT,,,
Honda,2026,FL4H8TJ,CIVIC HATCHBACK 5D SPORT FHEV,,,
Honda,2026,FL4H9TKN,CIVIC HATCHBACK 5D SPORT TOURING FHEV,,,
Honda,2026,FL4H9TKNY,CIVIC HATCHBACK 5D SPORT TOURING FHEV,,,
Honda,2026,FL4H8TJY,CIVIC HATCHBACK 5D SPORT FHEV,,,
Honda,2026,RL6H4TJ,ODYSSEY SPORT,,,
Honda,2026,RL6H7TJN,ODYSSEY SPORT-L,,,
Honda,2026,RL6H8TKN,ODYSSEY TOURING,,,
Honda,2026,RL6H0TKN,ODYSSEY BLACK EDITION,,,
Honda,2026,YK3F1TJ,RIDGELINE SPORT,,,
Honda,2026,YK3F6TJN,RIDGELINE TRAILSPORT,,,
Honda,2026,YK3F8TKN,RIDGELINE BLACK EDITION,,,
Honda,2026,YG1H3TE,PILOT SPORT AWD,,,
Honda,2026,YG1H4TEN,PILOT EX-L AWD,,,
Honda,2026,YG1H6TJ,PILOT TRAILSPORT AWD,,,
Honda,2026,YG1H7TKN,PILOT TOURING AWD,,,
Honda,2026,YG1H9TKN,PILOT BLACK EDITION AWD,,,
Honda,2026,CY1F4TJV,"ACCORD, SE CVT",,,
Honda,2026,CY2F7TJVN,"ACCORD, SPORT-L HYBRID",,,
Honda,2026,CY2F8TKVN,"ACCORD, TOURING HYBRID",,,
Honda,2026,BF1D6TE,PRELUDE 3D HYBRID,,,
Honda,2026,3B4H2TE,"PROLOGUE, EX",,,
Honda,2026,3B4H4TJ,"PROLOGUE, EX-L",,,
Honda,2026,3B4H6TJ,"PROLOGUE, TOURING",,,
Honda,2026,FL5G4TG,"CIVIC, TYPE R MT",,,
Honda,2027,RZ1H3VE,HR-V LX CVT 2WD,,,
Honda,2027,RZ2H3VE,HR-V LX CVT 4WD,,,
Honda,2027,RZ2H5VJ,HR-V SPORT CVT 4WD,,,
Honda,2027,RZ2H7VKY,"HR-V EX-L, CVT 4WD",,,
Kia,2019,F6S4J5A1JGG005,Cadenza Premium Sedan,,,404251
Kia,2019,F6S4J5A1JGGAJH,Cadenza Limited Sedan,,,404252
Kia,2019,DLS42G617DD075,Forte LX Manual,,,403995
Kia,2019,DLS42G61VDD076,Forte LX IVT,,,403996
Kia,2019,DLS42G61VHH129,Forte EX IVT,,,403997
Kia,2019,DLS42G61VHH130,Forte EX+ IVT,,,403998
Kia,2019,DLS42G61VHH131,Forte EX Premium IVT,,,403999
Kia,2019,DLS42G61VHH132,Forte EX Limited IVT,,,404000
Kia,2019,G5W5K6A1TEV1DD000,Niro L FWD,,,404160
Kia,2019,G5W5K6A1TEV1GG041,Niro EX FWD,,,404161
Kia,2019,G5W5K6A1TEV1GG609,Niro EX Premium FWD,,,404162
Kia,2019,G5W5K6A1TEV1HH001,Niro SX Touring FWD,,,404163
Kia,2019,DQW5ZGZ7ZHH018,Niro EV SX Touring FWD,,,407205
Kia,2019,DQW5ZGZ7ZGG111,Niro EV EX FWD,,,407762
Kia,2019,G5W5K6A1TEV2KK210,Niro Plug-In Hybrid EX Premium FWD,,,404245
Kia,2019,G5W5K6A1TEV2JJ015,Niro Plug-In Hybrid SX FWD,,,404246
Kia,2019,D5S4L6A1FDD149,Optima LX Auto,,,402795
Kia,2019,D5S4L6A1FDD150,Optima LX+ Auto,,,402796
Kia,2019,D5S4L6A1FGG146,Optima EX Auto,,,402797
Kia,2019,D5S4L6A1FGG147,Optima EX Tech Auto,,,402798
Kia,2019,D5S4L5G1FHH106,Optima SX Turbo Auto,,,402799
Kia,2019,D5S4L5G1FKK046,Optima SXL Turbo Auto,,,402800
Kia,2019,A8S42GA1FEV1DD014,Optima Hybrid LX Auto,,,403656
Kia,2019,A8S42GA1FEV1GG505,Optima Hybrid EX Auto,,,403657
Kia,2019,A8S42GA1FEV1GG267,Optima Hybrid EX Premium Auto,,,403658
Kia,2019,A8S42GA1FEV2KK004,Optima PHEV EX Auto,,,408463
Kia,2019,A8S42GA1FEV2KK102,Optima PHEV EX Premium Auto,,,408464
Kia,2019,H9S4D2A17DD422,Rio LX Manual,,,404330
Kia,2019,H9S4D2A17DD423,Rio LX+ Manual,,,404331
Kia,2019,H9S4D2A1FDD445,Rio LX+ Auto,,,404332
Kia,2019,H9S4D2A1FGG890,Rio EX Auto,,,404333
Kia,2019,H9S4D2A1FGG891,Rio EX Sport Auto,,,404334
Kia,2019,H9S4D2A1FGG892,Rio EX Tech Auto w/Navigation,,,404335
Kia,2019,H9S6D2A17DD422,Rio 5-door LX Manual,,,404336
Kia,2019,H9S6D2A17DD423,Rio 5-door LX+ Manual,,,404337
Kia,2019,H9S6D2A1FDD445,Rio 5-door LX+ Auto,,,404338
Kia,2019,H9S6D2A1FGG890,Rio 5-door EX Auto,,,404339
Kia,2019,H9S6D2A1FGG893,Rio 5-door EX Sport Auto,,,404340
Kia,2019,H9S6D2A1FGG894,Rio 5-door EX Tech Auto w/Navigation,,,404341
Kia,2019,A9B7J5A1JSS001,Sedona L FWD,,,400942
Kia,2019,A9B8J5A1JDD359,Sedona LX FWD,,,400943
Kia,2019,A9B8J5A1JDD360,Sedona LX+ FWD,,,400944
Kia,2019,A9B8J5A1JGGAFA,Sedona SX+ FWD,,,400945
Kia,2019,A9B7J5A1JHH311,Sedona SXL FWD,,,400946
Kia,2019,A9B7J5A1JHH343,Sedona SXL+ FWD,,,400947
Kia,2019,A9B8J5A1JGGABN,Sedona SX FWD,,,400948
Kia,2019,C6W5L6A1GDD168,Sorento LX AWD,,,399925
Kia,2019,C6W7J5A1KGG146,Sorento EX AWD,,,399926
Kia,2019,C6W7J5A1KHH249,Sorento SX AWD,,,399927
Kia,2019,C6W5L6A1FDD165,Sorento LX FWD,,,399928
Kia,2019,C6W7J5A1KDD167,Sorento LX V6 Premium AWD,,,399929
Kia,2019,C6W7J5A1KGG145,Sorento EX Premium AWD,,,399930
Kia,2019,C6W7J5A1KHH250,Sorento SXL Limited AWD w/Black Nappa,,,399931
Kia,2019,C6W7J5A1KHH251,Sorento SXL Limited AWD w/Brown Nappa,,,399932
Kia,2019,C6W7L6A1GGG163,Sorento EX 2.4 AWD,,,401883
Kia,2019,B2W5D2A1FDD379,Soul LX Auto,,,401370
Kia,2019,B2W52GA1FGGBTP,Soul EX Auto,,,401371
Kia,2019,B2W52GA1FGGBTW,Soul EX+ Auto,,,401372
Kia,2019,B2W52GA1FGGBTY,Soul EX Premium Auto,,,401373
Kia,2019,B2W52GA1FGGBV0,Soul EX Tech Auto,,,401374
Kia,2019,B2W5D2G1UHH250,Soul SX Turbo Auto,,,401375
Kia,2019,B2W5D2G1UHH251,Soul SX Turbo Tech Auto *Ltd Avail*,,,401376
Kia,2019,E4W5ZDZ7ZGG065,Soul EV EV Auto,,,403661
Kia,2019,E4W5ZDZ7ZGG066,Soul EV EV Auto w/Black/Red Exterior,,,403662
Kia,2019,E4W5ZDZ7ZHH077,Soul EV EV Luxury Auto,,,403663
Kia,2019,E4W5ZDZ7ZHH085,Soul EV EV Luxury Auto w/Black/Red Exterior,,,403664
Kia,2019,E4W5ZDZ7ZKK000,Soul EV EV Luxury Auto w/Sunroof,,,403665
Kia,2019,D9W5L6A1FDD002,Sportage LX FWD,,,401746
Kia,2019,D9W5L6A1GDD197,Sportage LX AWD,,,401747
Kia,2019,D9W5L6A1GGG741,Sportage EX AWD,,,401748
Kia,2019,D9W5L6A1GGG725,Sportage EX Premium AWD w/Black,,,401749
Kia,2019,D9W5L6A1GGG726,Sportage EX Premium AWD w/Dark Brown,,,401750
Kia,2019,D9W5L6A1GGG804,Sportage EX Tech AWD w/Black,,,401751
Kia,2019,D9W5L6A1GGG805,Sportage EX Tech AWD w/Dark Brown,,,401752
Kia,2019,D9W5L5G1GHH765,Sportage SX Turbo AWD w/Black,,,401753
Kia,2019,D9W5L5G1GHH766,Sportage SX Turbo AWD w/Canyon Beige,,,401754
Kia,2019,J5S6J5G1KGGZZZ,Stinger GT AWD,,,403652
Kia,2019,J5S6J5G1KHH062,Stinger GT Limited AWD,,,403653
Kia,2019,J5S6J5G1KHH296,Stinger GT Limited AWD w/Red Interior,,,403654
Kia,2019,J5S6L8G1KDD000,Stinger GT-Line AWD,,,403655
Kia,2019,J5S6J5G1KHH610,Stinger 20th Anniversary Edition AWD,,,406702
Kia,2020,DLS42G617DD075,Forte LX Manual,,,409917
Kia,2020,DLS42G61VDD075,Forte LX IVT,,,409918
Kia,2020,DLS42G61VHH148,Forte EX IVT,,,409919
Kia,2020,DLS42G61VHH130,Forte EX+ IVT,,,409920
Kia,2020,DLS42G61VHH151,Forte EX Premium IVT,,,409921
Kia,2020,DLS42G61VHH132,Forte EX Limited IVT,,,409922
Kia,2020,DLS4D2G1UKK067,Forte GT DCT,,,409923
Kia,2020,DJS62G61VMM017,Forte5 EX IVT,,,410827
Kia,2020,DLS6D2G1ULL158,Forte5 GT DCT,,,410828
Kia,2020,DLS6D2G1ULL159,Forte5 GT Limited DCT,,,410829
Kia,2020,G5W5K6A1TEV1DD342,Niro L FWD,,,412553
Kia,2020,G5W5K6A1TEV1GG041,Niro EX FWD,,,412554
Kia,2020,G5W5K6A1TEV1GGAU6,Niro EX Premium FWD,,,412555
Kia,2020,G5W5K6A1TEV1HH174,Niro SX Touring FWD,,,412556
Kia,2020,DQW5ZGZ7ZHH033,Niro EV SX Touring FWD,,,412572
Kia,2020,DQW5ZGZ7ZGG479,Niro EV EX FWD,,,412573
Kia,2020,G5W5K6A1TEV2KK500,Niro Plug-In Hybrid EX Premium FWD,,,412560
Kia,2020,G5W5K6A1TEV2JJ030,Niro Plug-In Hybrid SX Touring FWD,,,412561
Kia,2020,D5S4L6A1FGG159,Optima EX Auto,,,410203
Kia,2020,D5S4L6A1FGG158,Optima EX+ Auto,,,410204
Kia,2020,A8S42GA1FEV1DD206,Optima Hybrid LX Auto,,,408311
Kia,2020,A8S42GA1FEV1GG534,Optima Hybrid EX Auto,,,408312
Kia,2020,A8S42GA1FEV1GG535,Optima Hybrid EX Premium Auto,,,408313
Kia,2020,A8S42GA1FEV2KK464,Optima PHEV EX Auto,,,408472
Kia,2020,A8S42GA1FEV2KK465,Optima PHEV EX Premium Auto,,,408473
Kia,2020,H9S4D561VDD445,Rio LX+ IVT,,,408877
Kia,2020,H9S4D561VGG890,Rio EX IVT,,,408878
Kia,2020,H9S6D5617DD422,Rio 5-door LX Manual,,,408879
Kia,2020,H9S6D5617DD423,Rio 5-door LX+ Manual,,,408880
Kia,2020,H9S6D561VDD445,Rio 5-door LX+ Auto,,,408881
Kia,2020,H9S6D561VGG890,Rio 5-door EX Auto,,,408882
Kia,2020,H9S6D561VGG893,Rio 5-door EX Sport Auto,,,408883
Kia,2020,A9B8J5A1JDD359,Sedona LX FWD,,,408026
Kia,2020,A9B8J5A1JDD360,Sedona LX+ FWD,,,408027
Kia,2020,A9B8J5A1JGGABN,Sedona SX FWD,,,408028
Kia,2020,A9B8J5A1JGGANW,Sedona SX Tech FWD,,,408029
Kia,2020,C6W5L6A1GDD215,Sorento LX AWD,,,410572
Kia,2020,C6W7J5A1KGG188,Sorento EX V6 AWD *Ltd Avail*,,,410573
Kia,2020,C6W7J5A1KHH270,Sorento SX V6 AWD *Ltd Avail*,,,410574
Kia,2020,C6W5L6A1GDD225,Sorento LX+ AWD,,,410575
Kia,2020,C6W7J5A1KDD221,Sorento LX+ V6 AWD *Ltd Avail*,,,410576
Kia,2020,C6W7J5A1KDD222,Sorento LX+ V6 AWD,,,410577
Kia,2020,C6W7J5A1KGG189,Sorento EX V6 AWD,,,410578
Kia,2020,C6W7J5A1KGG186,Sorento EX+ V6 AWD *Ltd Avail*,,,410579
Kia,2020,C6W7J5A1KGG187,Sorento EX+ V6 AWD,,,410580
Kia,2020,C6W7J5A1KHH272,Sorento SX V6 AWD,,,410581
Kia,2020,C6W7J5A1KDD227,Sorento Black Line V6 AWD,,,412349
Kia,2020,SKW52G61VDD095,Soul LX IVT,,,406032
Kia,2020,SKW52G61VGG312,Soul EX IVT *Ltd Avail*,,,406033
Kia,2020,SKW52G61VGG313,Soul EX+ IVT *Ltd Avail*,,,406034
Kia,2020,SKW52G61VGG314,Soul EX Premium IVT *Ltd Avail*,,,406035
Kia,2020,SKW52G61VGG435,Soul GT-Line Premium IVT,,,406036
Kia,2020,SKW52G61VGG315,Soul EX Limited IVT,,,406037
Kia,2020,SKW52G61VGG436,Soul GT-Line Limited IVT,,,406038
Kia,2020,SKW52G61VGG414,Soul EX Anniversary Edition IVT,,,406793
Kia,2020,SKW52G61VGG492,Soul EX IVT,,,417135
Kia,2020,SKW52G61VGG493,Soul EX+ IVT,,,417136
Kia,2020,SKW52G61VGG494,Soul EX Premium IVT,,,417137
Kia,2020,J2W5ZGZ7ZDD157,Soul EV EV Premium Auto,,,406862
Kia,2020,J2W5ZGZ7ZGG188,Soul EV EV Limited Auto,,,406863
Kia,2020,D9W5L6A1FDD002,Sportage LX FWD *Ltd Avail*,,,406068
Kia,2020,D9W5L6A1GDD002,Sportage LX AWD *Ltd Avail*,,,406069
Kia,2020,D9W5L6A1GGGADI,Sportage EX AWD *Ltd Avail*,,,406070
Kia,2020,D9W5L6A1GGGADJ,Sportage EX Premium AWD *Ltd Avail*,,,406071
Kia,2020,D9W5L6A1GGGADK,Sportage EX Tech AWD *Ltd Avail*,,,406072
Kia,2020,D9W5L5G1GHH002,Sportage SX AWD,,,406073
Kia,2020,D9W5L6A1FDDAD6,Sportage LX FWD,,,407736
Kia,2020,D9W5L6A1FDD002,Sportage LX Anniversary FWD,,,407737
Kia,2020,D9W5L6A1GDDAD6,Sportage LX AWD,,,407738
Kia,2020,D9W5L6A1GDD002,Sportage LX Anniversary AWD,,,407739
Kia,2020,D9W5L6A1GDDAG5,Sportage LX S AWD,,,412489
Kia,2020,D9W5L6A1GGGAFY,Sportage EX S AWD,,,412490
Kia,2020,D9W5L6A1GGGAFZ,Sportage EX Premium S AWD,,,412491
Kia,2020,J5S6J5G1KGGZZZ,Stinger GT AWD,,,410299
Kia,2020,J5S6J5G1KHH062,Stinger GT Limited AWD,,,410300
Kia,2020,J5S6J5G1KHH296,Stinger GT Limited AWD w/Red Interior,,,410301
Kia,2020,S9W8J6A1KGG061,Telluride EX AWD,,,406411
Kia,2020,S9W8J6A1KHH007,Telluride SX AWD,,,406412
Kia,2020,S9W7J6A1KHH176,Telluride SX Limited w/Nappa AWD,,,406413
Kia,2020,S9W7J6A1KHH183,Telluride SX Limited AWD,,,408647
Kia,2021,DLS42G617DD075,Forte LX Manual,,,416569
Kia,2021,DLS42G61VDD075,Forte LX IVT,,,416570
Kia,2021,DLS42G61VHH169,Forte EX IVT,,,416571
Kia,2021,DLS42G61VHH170,Forte EX+ IVT,,,416572
Kia,2021,DLS42G61VHH171,Forte EX Premium IVT,,,416573
Kia,2021,DLS4D2G1UKK080,Forte GT DCT,,,416574
Kia,2021,DLS4D2G1UKK051,Forte GT Limited DCT,,,416575
Kia,2021,DJS62G61VMM022,Forte5 EX IVT,,,417529
Kia,2021,DJS6D2G1ULL222,Forte5 GT DCT,,,417530
Kia,2021,DJS6D2G1ULL223,Forte5 GT Limited DCT,,,417531
Kia,2021,DJS6D2G17LL221,Forte5 GT Manual,,,417532
Kia,2021,EYS4L9G1MKK024,K5 GT DCT FWD,,,418342
Kia,2021,EYS4D5G1KDD028,K5 LX Auto AWD,,,418343
Kia,2021,EYS4D5G1KGG042,K5 EX Auto AWD,,,418344
Kia,2021,EYS4D5G1KPP018,K5 GT-Line Auto AWD,,,418345
Kia,2021,G5W5K6A1TEV1DDAGH,Niro L FWD,,,420749
Kia,2021,G5W5K6A1TEV1GGBGG,Niro EX FWD,,,420750
Kia,2021,G5W5K6A1TEV1HH208,Niro SX Touring FWD,,,420751
Kia,2021,DQW5ZGZ7ZHH040,Niro EV SX Touring FWD,,,420641
Kia,2021,DQW5ZGZ7ZGGAMS,Niro EV EX FWD,,,420640
Kia,2021,DQW5ZGZ7ZGGAMT,Niro EV EX+ FWD,,,420642
Kia,2021,G5W5K6A1TEV2KK770,Niro Plug-In Hybrid EX Premium FWD,,,420665
Kia,2021,G5W5K6A1TEV2JJ034,Niro Plug-In Hybrid SX Touring FWD,,,420666
Kia,2021,G5W5K6A1TEV2KK769,Niro Plug-In Hybrid EX FWD,,,420667
Kia,2021,H9S6D5617DD636,Rio 5-door LX+ Manual,,,419040
Kia,2021,H9S6D561VDD636,Rio 5-door LX+ IVT,,,419041
Kia,2021,H9S6D561VDD637,Rio 5-door LX Premium IVT,,,419042
Kia,2021,H9S6D561VGGAA6,Rio 5-door EX Premium IVT,,,419043
Kia,2021,A9B8J5A1JDD359,Sedona LX FWD,,,413353
Kia,2021,A9B8J5A1JDD360,Sedona LX+ FWD,,,413354
Kia,2021,A9B8J5A1JGGABN,Sedona SX FWD,,,413355
Kia,2021,A9B8J5A1JGGASR,Sedona SX Tech FWD,,,413356
Kia,2021,THW52G61VDD069,Seltos LX FWD,,,412453
Kia,2021,THW52G61QDD122,Seltos LX AWD,,,412454
Kia,2021,THW52G61QPP068,Seltos EX AWD,,,412455
Kia,2021,THW52G61QGG434,Seltos EX Premium AWD,,,412456
Kia,2021,THW5D2G1XHH225,Seltos SX Turbo AWD,,,412457
Kia,2021,HYW7L9A1KDD006,Sorento LX+ AWD,,,419012
Kia,2021,HYW7L9A1KDD015,Sorento LX Premium AWD,,,419013
Kia,2021,HYW6L9G1NDD016,Sorento X-Line AWD,,,419014
Kia,2021,HYW6L9G1NGG015,Sorento EX AWD,,,419015
Kia,2021,HYW6L9G1NGG025,Sorento EX+ AWD,,,419016
Kia,2021,HYW6L9G1NHH017,Sorento SX AWD w/Black Leather,,,419017
Kia,2021,HYW6L9G1NHH032,Sorento SX AWD w/Burgundy Leather,,,419018
Kia,2021,SKW52G61VDD184,Soul LX IVT,,,412667
Kia,2021,SKW52G61VGG502,Soul EX IVT *Ltd Avail*,,,412668
Kia,2021,SKW52G61VGG505,Soul EX+ IVT *Ltd Avail*,,,412669
Kia,2021,SKW52G61VGG506,Soul EX Premium IVT *Ltd Avail*,,,412670
Kia,2021,SKW52G61VGG507,Soul GT-Line Limited IVT *Ltd Avail*,,,412671
Kia,2021,SKW52G61VDD095,Soul LX IVT,,,418209
Kia,2021,SKW52G61VGG501,Soul EX IVT,,,418210
Kia,2021,SKW52G61VGG589,Soul EX+ IVT,,,418211
Kia,2021,SKW52G61VGG590,Soul EX Premium IVT,,,418212
Kia,2021,SKW52G61VGG591,Soul GT-Line Limited IVT,,,418213
Kia,2021,J2W5ZGZ7ZDD231,Soul EV EV Premium Auto,,,413403
Kia,2021,J2W5ZGZ7ZGG188,Soul EV EV Limited Auto,,,413404
Kia,2021,D9W5L6A1FDDAGS,Sportage LX FWD,,,415927
Kia,2021,D9W5L6A1GDDAGS,Sportage LX AWD,,,415928
Kia,2021,D9W5L5G1GHHAJ2,Sportage SX AWD,,,415929
Kia,2021,D9W5L6A1GDDAGT,Sportage LX S AWD,,,415930
Kia,2021,D9W5L6A1GGGAGD,Sportage EX S AWD,,,415931
Kia,2021,D9W5L6A1GGGAGE,Sportage EX Premium S AWD,,,415932
Kia,2021,J5S6J5G1KGGAIS,Stinger GT AWD,,,416810
Kia,2021,J5S6J5G1KHH794,Stinger GT Limited AWD,,,416811
Kia,2021,J5S6J5G1KHH796,Stinger GT Limited AWD w/Red Interior,,,416812
Kia,2021,J5S6J5G1KHH802,Stinger GT Limited AWD Neon Orange,,,416813
Kia,2021,S9W8J6A1KGG097,Telluride EX AWD,,,416734
Kia,2021,S9W8J6A1KHH189,Telluride SX AWD,,,416735
Kia,2021,S9W7J6A1KHH202,Telluride SX Limited AWD,,,416736
Kia,2021,S9W7J6A1KHH229,Telluride SX Nightsky AWD,,,416737
Kia,2022,HSB8J9A1JDD001,Carnival LX FWD *Ltd Avail*,,,420217
Kia,2022,HSB8J9A1JDD113,Carnival LX+ FWD *Ltd Avail*,,,420218
Kia,2022,HSB8J9A1JGG380,Carnival EX FWD *Ltd Avail*,,,420219
Kia,2022,HSB8J9A1JGG411,Carnival EX+ FWD *Ltd Avail*,,,420220
Kia,2022,HSB7J9A1JHH204,Carnival SX FWD *Ltd Avail*,,,420221
Kia,2022,HSB8J9A1JDD122,Carnival LX FWD,,,423029
Kia,2022,HSB8J9A1JDD123,Carnival LX+ FWD,,,423030
Kia,2022,HSB8J9A1JGG453,Carnival EX FWD,,,423031
Kia,2022,HSB8J9A1JGG454,Carnival EX+ FWD,,,423032
Kia,2022,HSB7J9A1JHH210,Carnival SX FWD,,,423033
Kia,2022,ASW5ZHZ7ZDD000,EV6 RWD Standard Range,,,426911
Kia,2022,ASW5ZHZ7ZGG907,EV6 RWD Long Range,,,426912
Kia,2022,ASW5YCZ7ZGG907,EV6 AWD Long Range,,,426913
Kia,2022,ASW5YCZ7ZKK385,EV6 AWD Long Range w/GT-Line Pkg 1,,,426914
Kia,2022,ASW5YCZ7ZKK386,EV6 AWD Long Range w/GT-Line Pkg 2,,,426915
Kia,2022,DLS42G617DD00D,Forte LX Manual,,,424940
Kia,2022,DLS42G61VDD00D,Forte LX IVT,,,424941
Kia,2022,DLS42G61VGG00F,Forte EX IVT,,,424942
Kia,2022,DLS42G61VGG270,Forte EX+ IVT,,,424943
Kia,2022,DLS42G61VGG271,Forte EX Premium IVT,,,424944
Kia,2022,DLS4D2G1UKK091,Forte GT Limited DCT,,,424945
Kia,2022,DLS42G61VHH00K,Forte GT Line IVT,,,424946
Kia,2022,DJS62G61VMM032,Forte5 EX IVT,,,426114
Kia,2022,DJS6D2G1ULL034,Forte5 GT DCT,,,426115
Kia,2022,DJS6D2G1ULL300,Forte5 GT Limited DCT,,,426116
Kia,2022,EYS4L9G1MKK00A,K5 GT DCT FWD,,,423148
Kia,2022,EYS4D5G1KDD00A,K5 LX Auto AWD,,,423149
Kia,2022,EYS4D5G1KGG00A,K5 EX Auto AWD,,,423150
Kia,2022,EYS4D5G1KPP00A,K5 GT-Line Auto AWD,,,423151
Kia,2022,EYS4L9G1MKK00B,K5 GT DCT FWD w/Brown Interior,,,423152
Kia,2022,G5W5K6A1TEV1DD021,Niro L FWD,,,424852
Kia,2022,G5W5K6A1TEV1GG06B,Niro EX FWD,,,424853
Kia,2022,G5W5K6A1TEV1HH210,Niro SX Touring FWD,,,424854
Kia,2022,DQW5ZGZ7ZHH043,Niro EV SX Touring FWD,,,424860
Kia,2022,DQW5ZGZ7ZGG09O,Niro EV EX FWD,,,424858
Kia,2022,DQW5ZGZ7ZGG09P,Niro EV EX+ FWD,,,424859
Kia,2022,G5W5K6A1TEV2KK854,Niro Plug-In Hybrid EX Premium FWD,,,424856
Kia,2022,G5W5K6A1TEV2JJ036,Niro Plug-In Hybrid SX Touring FWD,,,424857
Kia,2022,G5W5K6A1TEV2KK779,Niro Plug-In Hybrid EX FWD,,,424855
Kia,2022,H9S6D5617DD729,Rio 5-door LX+ Manual,,,424881
Kia,2022,H9S6D561VDD729,Rio 5-door LX+ IVT,,,424882
Kia,2022,H9S6D561VDD730,Rio 5-door LX Premium IVT,,,424883
Kia,2022,H9S6D561VGG02F,Rio 5-door EX Premium IVT,,,424884
Kia,2022,THW52G61VDD069,Seltos LX FWD,,,422654
Kia,2022,THW52G61QDD122,Seltos LX AWD,,,422655
Kia,2022,THW52G61QPP068,Seltos EX AWD,,,422656
Kia,2022,THW52G61QGG434,Seltos EX Premium AWD,,,422657
Kia,2022,THW5D2G1XHH587,Seltos SX Turbo AWD w/ Black Interior,,,422658
Kia,2022,THW5D2G1XHH588,Seltos SX Turbo AWD w/ Burgundy Interior,,,422659
Kia,2022,HYW7L9A1KDD00A,Sorento LX+ AWD,,,425871
Kia,2022,HYW7L9A1KDD025,Sorento LX Premium AWD,,,425872
Kia,2022,HYW6L9G1NDD00D,Sorento X-Line AWD,,,425873
Kia,2022,HYW6L9G1NGG00M,Sorento EX AWD,,,425874
Kia,2022,HYW6L9G1NGG00N,Sorento EX+ AWD,,,425875
Kia,2022,HYW6L9G1NHH00F,Sorento SX AWD w/Black Leather,,,425876
Kia,2022,HYW6L9G1NHH00G,Sorento SX AWD w/Burgundy Leather,,,425877
Kia,2022,HCW6D5G1GEV1DD000,Sorento Hybrid LX AWD,,,424886
Kia,2022,HCW6D5G1GEV1GG000,Sorento Hybrid EX AWD,,,424887
Kia,2022,HCW6D5G1GEV2KK079,Sorento Plug-In Hybrid EX AWD,,,424888
Kia,2022,HCW6D5G1GEV2KK080,Sorento Plug-In Hybrid EX+ AWD,,,424889
Kia,2022,HCW6D5G1GEV2AA317,Sorento Plug-In Hybrid SX AWD w/Grey Interior,,,424890
Kia,2022,HCW6D5G1GEV2AA318,Sorento Plug-In Hybrid SX AWD w/Navy Blue Interior,,,424891
Kia,2022,SKW52G61VDD222,Soul LX IVT,,,423034
Kia,2022,SKW52G61VGG625,Soul EX IVT,,,423035
Kia,2022,SKW52G61VGG631,Soul EX+ IVT,,,423036
Kia,2022,SKW52G61VGG634,Soul EX Premium IVT,,,423037
Kia,2022,SKW52G61VGG635,Soul GT-Line Limited IVT,,,423038
Kia,2022,J2W5ZGZ7ZDD294,Soul EV EV Premium Auto,,,423415
Kia,2022,J2W5ZGZ7ZGG707,Soul EV EV Limited Auto,,,423416
Kia,2022,D9W5L6A1FDD00C,Sportage LX FWD,,,421538
Kia,2022,D9W5L6A1GDD00C,Sportage LX AWD,,,421539
Kia,2022,D9W5L6A1GGG00F,Sportage EX S AWD,,,421540
Kia,2022,D9W5L6A1GGG00G,Sportage EX Premium S AWD,,,421541
Kia,2022,D9W5L5G1GHH00E,Sportage SX AWD,,,421542
Kia,2022,D9W5L6A1GDD01S,Sportage LX Nightsky Edition,,,421543
Kia,2022,J5S6J5G1KHH062,Stinger GT Limited AWD,,,420752
Kia,2022,J5S6J5G1KHHABC,Stinger GT Elite AWD w/Black Interior,,,420753
Kia,2022,J5S6J5G1KHHABD,Stinger GT Elite AWD w/Red Interior,,,420754
Kia,2022,J5S6J5G1KHHABE,Stinger GT Elite AWD w/Suede Package,,,420755
Kia,2022,J5S6J5G1KHH07M,Stinger Scorpion AWD,,,424583
Kia,2022,S9W8J6A1KGG146,Telluride EX AWD,,,424012
Kia,2022,S9W8J6A1KHH00A,Telluride SX AWD,,,424013
Kia,2022,S9W7J6A1KHH00U,Telluride SX Limited AWD,,,424014
Kia,2022,S9W7J6A1KHH00X,Telluride SX Nightsky AWD,,,424015
Kia,2023,H9S6D5617DD636,Rio5 LX+ MT,,,432536
Kia,2023,H9S6D561VDD636,Rio5 LX+ IVT,,,432537
Kia,2023,H9S6D561VDD637,Rio5 LX Premium,,,432538
Kia,2023,H9S6D561VGG07G,Rio5 EX Premium,,,432539
Kia,2023,DLS42G61VDD186,Forte4 LX IVT,,,430571
Kia,2023,DLS42G61VGG288,Forte4 EX IVT,,,430572
Kia,2023,DLS42G61VGG289,Forte4 EX+ IVT,,,430573
Kia,2023,DLS42G61VGG290,Forte4 EX Prem. IVT,,,430574
Kia,2023,DLS42G61VHH220,Forte4 GT-Line IVT,,,430575
Kia,2023,DLS4D2G1UKK103,Forte4 GT Limited DCT,,,430576
Kia,2023,DJS62G61VMM035,Forte5 EX IVT,,,430599
Kia,2023,DJS6D2G1ULL305,Forte5 GT DCT,,,430600
Kia,2023,DJS6D2G1ULL306,Forte5 GT Limited DCT,,,430601
Kia,2023,SKW52G61VDD000,Soul LX,,,430548
Kia,2023,SKW52G61VGG823,Soul EX,,,430549
Kia,2023,SKW52G61VGG824,Soul EX+,,,430550
Kia,2023,SKW52G61VGG825,Soul EX Premium,,,430551
Kia,2023,SKW52G61VHH246,Soul GT-Line Limited,,,430552
Kia,2023,J2W5ZGZ7ZDD487,Soul EV EV Premium,,,433094
Kia,2023,J2W5ZGZ7ZGG05Z,Soul EV EV Limited,,,433095
Kia,2023,J5S6J5G1KHH08A,Stinger GT Limited,,,428944
Kia,2023,J5S6J5G1KHH0B2,Stinger GT Elite,,,428945
Kia,2023,J5S6J5G1KHH0B3,Stinger GT Elite Red,,,428946
Kia,2023,J5S6J5G1KHH0B4,Stinger GT Elite -Suede Package,,,428947
Kia,2023,J5S6J5G1KHH0BM,Stinger Tribute Edition,,,437863
Kia,2023,0TW5K9A1TEV1DD013,Niro LX,,,435402
Kia,2023,0TW5K9A1TEV1GG936,Niro EX,,,435403
Kia,2023,0TW5K9A1TEV1GG964,Niro EX Premium,,,435404
Kia,2023,0TW5K9A1TEV1HH994,Niro SX,,,435405
Kia,2023,0TW5K9A1TEV1HH993,Niro SX FWD Cityscape Green/Aurora Black Pearl,,,435406
Kia,2023,0TW5K9A1TEV2KK000,Niro PHEV EX,,,435371
Kia,2023,TOW5ZHZ7ZDD523,Niro EV Premium,,,435407
Kia,2023,TOW5ZHZ7ZGG923,Niro EV Premium+,,,435408
Kia,2023,TOW5ZHZ7ZHH605,Niro EV Limited,,,435409
Kia,2023,TOW5ZHZ7ZHH606,Niro EV Limited FWD Snow White Pearl/Steel Grey,,,435410
Kia,2023,THW52G61VDD069,Seltos LX FWD,,,429087
Kia,2023,THW52G61QDD122,Seltos LX AWD,,,429088
Kia,2023,THW52G61VPP234,Seltos EX FWD,,,432706
Kia,2023,THW52G61QPP068,Seltos EX AWD,,,429089
Kia,2023,THW52G61QGG434,Seltos EX Prem. AWD,,,429090
Kia,2023,THW5D2G1XHH587,Seltos SX Turbo AWD Black Int.,,,429091
Kia,2023,THW5D2G1XHH588,Seltos SX Turbo AWD Burgundy Int.,,,429092
Kia,2023,ASW5ZHZ7ZDD0J0,EV6 RWD (SR),,,433927
Kia,2023,ASW5ZHZ7ZGG0O3,EV6 RWD (LR),,,433928
Kia,2023,ASW5YCZ7ZGG0O3,EV6 AWD (LR),,,433929
Kia,2023,ASW5YCZ7ZKK937,"EV6 AWD (LR)
w/ GT Line Pkg 1",,,433930
Kia,2023,ASW5YCZ7ZKK938,"EV6 AWD LR
w/ GT Line Pkg 2",,,433931
Kia,2023,ASW5YDZ7ZHH229,EV6 GT,,,434560
Kia,2023,GYWDL9A1JDD016,Sportage LX FWD,,,427312
Kia,2023,GYWDL9A1KDD016,Sportage LX AWD,,,427313
Kia,2023,GYWDL9A1KDD257,Sportage X-Line,,,427314
Kia,2023,GYWDL9A1KGG736,Sportage EX AWD,,,427315
Kia,2023,GYWDL9A1KGG737,Sportage EX Prem. AWD,,,427316
Kia,2023,GYWDL9A1KGG738,Sportage EX Prem. AWD,,,427317
Kia,2023,GYWDL9A1KHH718,Sportage X-Line Limited,,,427318
Kia,2023,GYWDL9A1KHH741,Sportage X-Line Limited,,,427319
Kia,2023,JWWDD5G1GEV2GG276,Sportage PHEV EX AWD,,,431462
Kia,2023,JWWDD5G1GEV2HH263,Sportage PHEV SX AWD,,,431463
Kia,2023,JWWDD5G1GEV2HH264,Sportage PHEV SX AWD,,,431464
Kia,2023,JWWDD5G1GEV1GG274,Sportage HEV EX AWD,,,428826
Kia,2023,JWWDD5G1GEV1HH029,Sportage HEV SX AWD,,,428827
Kia,2023,JWWDD5G1GEV1HH160,Sportage HEV SX AWD,,,428828
Kia,2023,HYW7L9A1KDD031,Sorento LX+,,,435005
Kia,2023,HYW7L9A1KDD032,Sorento LX Premium,,,435006
Kia,2023,HYW6L9G1NDD033,Sorento X-Line,,,435007
Kia,2023,HYW6L9G1NGG062,Sorento EX,,,435008
Kia,2023,HYW6L9G1NGG065,Sorento EX+,,,435009
Kia,2023,HYW6L9G1NHH063,Sorento SX,,,435010
Kia,2023,HYW6L9G1NHH064,Sorento SX,,,435011
Kia,2023,HCW6D5G1GEV1DD079,Sorento HEV LX HEV AWD,,,432757
Kia,2023,HCW6D5G1GEV1GG906,Sorento HEV EX HEV AWD,,,432758
Kia,2023,HCW6D5G1GEV2KK119,Sorento PHEV EX PHEV AWD,,,432759
Kia,2023,HCW6D5G1GEV2KK120,Sorento PHEV EX+ PHEV AWD,,,432760
Kia,2023,HCW6D5G1GEV2AA579,Sorento PHEV SX PHEV AWD,,,432761
Kia,2023,HCW6D5G1GEV2AA580,Sorento PHEV SX PHEV AWD,,,432762
Kia,2023,S9W8J6A1KGG209,Telluride EX,,,434328
Kia,2023,S9W8J6A1KHH007,Telluride SX AWD,,,434329
Kia,2023,S9W7J6A1KHH358,Telluride SX LIMITED,,,434330
Kia,2023,S9W7J6A1KHH359,Telluride SX LIMITED,,,434331
Kia,2023,S9W7J6A1KHH360,Telluride X-LINE,,,434332
Kia,2023,S9W7J6A1KHH361,Telluride X-LINE Terracotta,,,434333
Kia,2023,S9W7J6A1KHH363,Telluride X-PRO,,,434334
Kia,2023,S9W7J6A1KHH364,Telluride X-PRO,,,434335
Kia,2023,S9W7J6A1KHH365,Telluride X-PRO,,,434336
Kia,2023,HSB8J9A1JDD001,Carnival LX,,,429956
Kia,2023,HSB8J9A1JDD113,Carnival LX+,,,429957
Kia,2023,HSB8J9A1JGG380,Carnival EX,,,429958
Kia,2023,HSB8J9A1JGG411,Carnival EX+,,,429959
Kia,2023,HSB7J9A1JHH204,Carnival SX,,,429960
Kia,2024,DLS42G61VDD208,FORTE4 LX IVT,,,448868
Kia,2024,DLS42G61VGG316,FORTE4 EX IVT,,,448869
Kia,2024,DLS42G61VGG317,FORTE4 EX+ IVT,,,448870
Kia,2024,DLS42G61VGG318,FORTE4 EX Prem. IVT,,,448871
Kia,2024,DLS42G61VHH226,FORTE4 GT-Line IVT,,,448872
Kia,2024,DLS4D2G1UKK111,FORTE4 GT Limited DCT,,,448873
Kia,2024,DJS62G61VMM040,FORTE5 EX IVT,,,448874
Kia,2024,DJS6D2G1ULL341,FORTE5 GT DCT,,,448875
Kia,2024,DJS6D2G1ULL342,FORTE5 GT Limited DCT,,,448876
Kia,2024,SKW52G61VDD314,SOUL LX,,,442495
Kia,2024,SKW52G61VGG864,SOUL EX,,,442496
Kia,2024,SKW52G61VGG865,SOUL EX+,,,442497
Kia,2024,SKW52G61VGG866,SOUL EX Premium,,,442498
Kia,2024,SKW52G61VHH292,SOUL GT-Line Limited,,,442499
Kia,2024,0TW5K9A1TEV1DD210,NIRO LX,,,445965
Kia,2024,0TW5K9A1TEV1GG0QL,NIRO EX,,,445966
Kia,2024,0TW5K9A1TEV1GG0QM,NIRO EX Premium,,,445967
Kia,2024,0TW5K9A1TEV1HH0PA,NIRO SX,,,445968
Kia,2024,0TW5K9A1TEV1HH0PB,Niro SX FWD Cityscape Green/Aurora Black Pearl,,,445969
Kia,2024,0TW5K9A1TEV2KK493,NIRO PHEV EX,,,445970
Kia,2024,TOW5ZHZ7ZDD0CO,NIRO EV Wind,,,442573
Kia,2024,TOW5ZHZ7ZGG0Q4,NIRO EV Wind+,,,442574
Kia,2024,TOW5ZHZ7ZHH01N,NIRO EV Wave,,,442575
Kia,2024,TOW5ZHZ7ZHH01O,NIRO EV Wave FWD Snow White Pearl/Steel Grey,,,442576
Kia,2024,THW52G61VDD330,SELTOS LX FWD,,,439766
Kia,2024,THW52G61QDD247,SELTOS LX AWD,,,439767
Kia,2024,THW52G61VPP000,SELTOS EX FWD,,,443388
Kia,2024,THW52G61QPP245,SELTOS EX AWD,,,439768
Kia,2024,THW52G61QGG05I,SELTOS Ex Prem. AWD,,,439769
Kia,2024,THW5D5G1KHH0MB,SELTOS SX AWD (BLI),,,439770
Kia,2024,THW5D5G1KHH0MC,SELTOS SX AWD (BRI),,,439771
Kia,2024,THW5D5G1KHH0MD,SELTOS X-Line AWD,,,439772
Kia,2024,ASW5ZHZ7ZGG1AN,EV6 Wind RWD,,,447965
Kia,2024,ASW5YCZ7ZGG1AN,EV6 Land AWD,,,447966
Kia,2024,ASW5YCZ7ZKKOE7,EV6 Land AWD w/GT-Line Pkg 1,,,447967
Kia,2024,ASW5YCZ7ZKKOE8,EV6 Land AWD w/GT-Line Pkg 2,,,447968
Kia,2024,ASW5YDZ7ZHH309,EV6 GT AWD,,,447969
Kia,2024,DOW7ZHZ7ZSS013,EV9 Light RWD,,,451213
Kia,2024,DOW7ZHZ7ZDD167,EV9 Wind RWD,,,451214
Kia,2024,DOW7YBZ7ZPP146,EV9 Land AWD,,,451215
Kia,2024,E915ZR,EV9 Land w/Premium Package (MB),,,
Kia,2024,DOW6YBZ7ZKK120,EV9 Land w/Premium Package,,,451216
Kia,2024,DOW6YBZ7ZHH127,EV9 Land w/GT-Line,,,451217
Kia,2024,GYWDL9A1JDD420,Sportage LX FWD,,,447469
Kia,2024,GYWDL9A1KDD420,Sportage LX AWD,,,447470
Kia,2024,GYWDL9A1KDD466,Sportage X-Line AWD,,,447471
Kia,2024,GYWDL9A1KGG0EK,Sportage EX AWD,,,447472
Kia,2024,GYWDL9A1KGG0EL,Sportage EX Premium AWD w/Black Interior,,,447473
Kia,2024,GYWDL9A1KGG0EM,Sportage EX Premium AWD w/Red Interior,,,447474
Kia,2024,GYWDL9A1KHH08A,Sportage X-Line Limited AWD w/Black Interior,,,447475
Kia,2024,GYWDL9A1KHH08B,Sportage X-Line Limited AWD w/Green Interior,,,447475
Kia,2024,JWWDD5G1GEV2GG576,Sportage PHEV EX Premium AWD,,,448865
Kia,2024,JWWDD5G1GEV2HH560,Sportage PHEV SX AWD w/Black Interior,,,448866
Kia,2024,JWWDD5G1GEV2HH561,Sportage PHEV SX AWD w/Red Interior,,,448867
Kia,2024,JWWDD5G1GEV1GG575,Sportage HEV EX AWD,,,448965
Kia,2024,JWWDD5G1GEV1HH412,Sportage HEV SX AWD w/Black Interior,,,448966
Kia,2024,JWWDD5G1GEV1HH559,Sportage HEV SX AWD w/Red Interior,,,448967
Kia,2024,HYW7L9A1KDD047,Sorento LX,,,454110
Kia,2024,HYW6L9G1NGG091,Sorento EX,,,454112
Kia,2024,HYW6L9G1NGG103,Sorento X-Line,,,454111
Kia,2024,HYW6L9G1NHH137,Sorento X-Line Ltd. (Black Int.),,,454113
Kia,2024,HYW6L9G1NHH138,Sorento X-Line Ltd. (Olive Brown Int.),,,454114
Kia,2024,HYW6L9G1NHH135,Sorento X-Pro (Black Int.),,,454115
Kia,2024,HYW6L9G1NHH136,Sorento X-Pro (Olive Brown Int.),,,454116
Kia,2024,HCW6D5G1GEV1DD151,Sorento HEV LX HEV AWD,,,451521
Kia,2024,HCW6D5G1GEV1GG05N,Sorento HEV EX HEV AWD,,,451522
Kia,2024,HCW6D5G1GEV2KK122,Sorento PHEV EX PHEV AWD,,,451517
Kia,2024,HCW6D5G1GEV2KK123,Sorento PHEV EX+ PHEV AWD,,,451518
Kia,2024,HCW6D5G1GEV2AA658,Sorento PHEV SX PHEV AWD,,,451519
Kia,2024,S9W8J6A1KGG219,Telluride EX,,,442765
Kia,2024,S9W8J6A1KHH384,Telluride SX AWD,,,442766
Kia,2024,S9W7J6A1KHH385,Telluride SX Limited w/Black Interior AWD,,,442767
Kia,2024,S9W7J6A1KHH386,Telluride SX Limited w/Mahogany Interior AWD,,,442768
Kia,2024,S9W7J6A1KHH387,Telluride X-LINE,,,442769
Kia,2024,S9W7J6A1KHH388,Telluride X-Line w/Terracotta Brown Interior AWD,,,442770
Kia,2024,S9W7J6A1KHH390,Telluride X-PRO,,,442771
Kia,2024,S9W7J6A1KHH391,Telluride X-Pro w/Terracotta Brown Interior AWD,,,442772
Kia,2024,S9W7J6A1KHH392,Telluride X-Pro w/Sage Green Interior AWD,,,442773
Kia,2024,HSB8J9A1JDD218,Carnival LX,,,439800
Kia,2024,HSB8J9A1JDD219,Carnival LX+,,,439801
Kia,2024,HSB8J9A1JGG0AF,Carnival EX,,,439802
Kia,2024,HSB8J9A1JGG0AG,Carnival EX+,,,439803
Kia,2024,HSB7J9A1JHH345,Carnival SX,,,439804
Kia,2024,EYS4D5G1KDD035,K5 LX,,,442886
Kia,2024,EYS4D5G1KGG060,K5 EX,,,442887
Kia,2024,EYS4D5G1KPP046,K5 GT Line,,,442888
Kia,2024,EYS4L9G1MKK038,K5 GT (BLI),,,442884
Kia,2024,EYS4L9G1MKK039,K5 GT (BRI),,,442885
Kia,2025,8GS42J61VDD027,K4 LX IVT,,,
Kia,2025,8GS42J61VGG116,K4 EX IVT,,,
Kia,2025,8GS42J61VGG230,K4 EX+ IVT,,,
Kia,2025,8GS4D5G1JHH117,K4 GT-Line Turbo,,,
Kia,2025,8GS4D5G1JHH253,K4 GT-Line Turbo Limited,,,
Kia,2025,SKW52G61VDD349,Soul LX,,,
Kia,2025,SKW52G61VGG901,Soul EX,,,
Kia,2025,SKW52G61VGG902,Soul EX+,,,
Kia,2025,SKW52G61VGG903,Soul EX Premium,,,
Kia,2025,SKW52G61VHH297,Soul GT-Line Limited,,,
Kia,2025,0TW5K9A1TEV1DD326,Niro LX,,,
Kia,2025,0TW5K9A1TEV1GG14H,Niro EX,,,
Kia,2025,0TW5K9A1TEV1GG14I,Niro EX Premium,,,
Kia,2025,0TW5K9A1TEV1HH12W,Niro SX,,,
Kia,2025,0TW5K9A1TEV1HH12X,Niro SX FWD Cityscape Green/Aurora Black Pearl,,,
Kia,2025,0TW5K9A1TEV2PP202,Niro PHEV LX,,,
Kia,2025,0TW5K9A1TEV2KK508,Niro PHEV EX,,,
Kia,2025,0TW5K9A1TEV1KK772,Niro PHEV EX Premium,,,
Kia,2025,TOW5ZHZ7ZDD0SY,Niro EV Wind,,,
Kia,2025,TOW5ZHZ7ZGG1B9,Niro EV Wind+,,,
Kia,2025,TOW5ZHZ7ZHH0IS,Niro EV Wave,,,
Kia,2025,TOW5ZHZ7ZHH0IT,Niro EV Wave FWD Snow White Pearl/Steel Grey,,,
Kia,2025,THW52G61VDD388,Seltos LX FWD,,,
Kia,2025,THW52G61QDD389,Seltos LX AWD,,,
Kia,2025,THW52G61VPP276,Seltos EX FWD,,,
Kia,2025,THW52G61QPP277,Seltos EX AWD,,,
Kia,2025,THW52G61QGG0B8,Seltos EX Premium AWD,,,
Kia,2025,THW5D5G1KHH1BY,Seltos SX AWD (Black int.),,,
Kia,2025,THW5D5G1KHH1BZ,Seltos SX AWD (Brown int.),,,
Kia,2025,THW5D5G1KHH1C0,Seltos X-LINE AWD,,,
Kia,2025,7GW5ZHZ7ZDD000,EV6 Light RWD,,,
Kia,2025,7GW5ZHZ7ZGG096,EV6 Wind RWD,,,
Kia,2025,7GW5YCZ7ZGG097,EV6 Land AWD,,,
Kia,2025,7GW5YCZ7ZGG098,EV6 Land w/Premium Package,,,
Kia,2025,7GW5YCZ7ZKK013,EV6 Land w/ GT-Line Package,,,
Kia,2025,7GW5YCZ7ZKK019,EV6 Land w/ GT-Line Limited Package,,,
Kia,2025,DOW7ZHZ7ZSS026,EV9 Light RWD,,,
Kia,2025,DOW7ZHZ7ZDD303,EV9 Wind RWD,,,
Kia,2025,DOW7YBZ7ZPP276,EV9 Land AWD,,,
Kia,2025,DOW7YBZ7ZKK174,EV9 Land AWD w/Plus Pkg,,,
Kia,2025,DOW6YBZ7ZKK175,EV9 Land AWD w/Prem Pkg,,,
Kia,2025,DOW6YBZ7ZHH290,EV9 Land w/GT-Line Pkg,,,
Kia,2025,GYWDL9A1JDD568,Sportage LX FWD,,,
Kia,2025,GYWDL9A1KDD568,Sportage LX AWD,,,
Kia,2025,GYWDL9A1KDD595,Sportage X-Line AWD,,,
Kia,2025,GYWDL9A1KDD650,Sportage X-Line AWD,,,
Kia,2025,GYWDL9A1KGG0M8,Sportage EX AWD,,,
Kia,2025,GYWDL9A1KGG0M9,Sportage EX Premium AWD (Black Int.),,,
Kia,2025,GYWDL9A1KGG0MA,Sportage EX Premium AWD (Red Int.),,,
Kia,2025,GYWDL9A1KHH0IJ,Sportage X-Line Limited (Black Int.),,,
Kia,2025,GYWDL9A1KHH0IK,Sportage X-Line Limited (Green Int.),,,
Kia,2025,GYWDL9A1KHH0M3,Sportage X-Line Limited (Black Int.),,,
Kia,2025,GYWDL9A1KHH0M4,Sportage X-Line Limited (Green Int.),,,
Kia,2025,JWWDD5G1GEV2GG612,Sportage PHEV EX Premium AWD,,,
Kia,2025,JWWDD5G1GEV2HH614,Sportage PHEV SX AWD (Black Int.),,,
Kia,2025,JWWDD5G1GEV2HH615,Sportage PHEV SX AWD (Red Int.),,,
Kia,2025,JWWDD5G1GEV1GG611,Sportage HEV EX AWD,,,
Kia,2025,JWWDD5G1GEV1HH612,Sportage HEV SX AWD (Black int.),,,
Kia,2025,JWWDD5G1GEV1HH613,Sportage HEV SX AWD (Burg. int.),,,
Kia,2025,HYW7L9A1KDD050,Sorento LX,,,
Kia,2025,HYW6L9G1NGG111,Sorento EX,,,
Kia,2025,HYW6L9G1NGG108,Sorento X-Line,,,
Kia,2025,HYW6L9G1NHH148,Sorento X-Line Ltd. (Black Int.),,,
Kia,2025,HYW6L9G1NHH149,Sorento X-Line Ltd. (Olive Brown Int.),,,
Kia,2025,HYW6L9G1NHH150,Sorento X-Pro (Black Int.),,,
Kia,2025,HYW6L9G1NHH151,Sorento X-Pro (Olive Brown Int.),,,
Kia,2025,HCW6D5G1GEV1DD166,Sorento HEV EX HEV AWD,,,
Kia,2025,HCW6D5G1GEV1GG0EQ,Sorento HEV SX HEV AWD,,,
Kia,2025,HCW6D5G1GEV2KK079,Sorento PHEV EX PHEV AWD,,,
Kia,2025,HCW6D5G1GEV2AA807,Sorento PHEV SX PHEV AWD,,,
Kia,2025,S9W8J6A1KGG262,Telluride EX,,,
Kia,2025,S9W8J6A1KHH462,Telluride SX AWD,,,
Kia,2025,S9W7J6A1KHH463,Telluride SX LIMITED,,,
Kia,2025,S9W7J6A1KHH464,Telluride SX LIMITED w/Mahogany Interior,,,
Kia,2025,S9W7J6A1KHH465,Telluride X-Line AWD w/Black Interior,,,
Kia,2025,S9W7J6A1KHH466,Telluride X-Line AWD w/Terracotta Brown Interior,,,
Kia,2025,S9W7J6A1KHH467,Telluride X-Pro AWD w/Black Interior,,,
Kia,2025,S9W7J6A1KHH468,Telluride X-Pro AWD w/Terracotta Brown Interior,,,
Kia,2025,HSB8J9A1JDD265,Carnival LX,,,
Kia,2025,HSB8J9A1JDD266,Carnival LX+,,,
Kia,2025,HSB8J9A1JGG0NY,Carnival EX,,,
Kia,2025,HSB8J9A1JGG0NR,Carnival EX+,,,
Kia,2025,HSB8J9A1JHH380,Carnival SX,,,
Kia,2025,HSB7J9A1JHH383,Carnival SX+,,,
Kia,2025,8SB8D5G1FEV1DD015,Carnival HEV LX+,,,
Kia,2025,8SB8D5G1FEV1GG051,Carnival HEV EX,,,
Kia,2025,8SB7D5G1FEV1HH030,Carnival HEV SX+,,,
Kia,2025,8GS42J61VBS0DD027,K4 LX IVT,,,
Kia,2025,8GS42J61VBS0GG116,K4 EX IVT,,,
Kia,2025,8GS42J61VBS0GG230,K4 EX+ IVT,,,
Kia,2025,8GS4D5G1JBS0HH117,K4 GT-Line Turbo,,,
Kia,2025,8GS4D5G1JBS0HH294,K4 GT-Line Turbo Limited,,,
Kia,2025,SKW52G61VBS0DD349,Soul LX,,,
Kia,2025,SKW52G61VBS0GG912,Soul EX,,,
Kia,2025,SKW52G61VBS0GG913,Soul EX+,,,
Kia,2025,SKW52G61VBS0GG914,Soul EX Premium,,,
Kia,2025,SKW52G61VBS0HH297,Soul GT-Line Limited,,,
Kia,2025,TOW5ZHZ7ZBS0DD0SY,Niro EV Wind,,,
Kia,2025,TOW5ZHZ7ZBS0GG1B9,Niro EV Wind+,,,
Kia,2025,TOW5ZHZ7ZBS0HH0IS,Niro EV Wave,,,
Kia,2025,TOW5ZHZ7ZBS0HH0IT,Niro EV Wave FWD Snow White Pearl/Steel Grey,,,
Kia,2025,THW52G61VBS0DD388,Seltos LX FWD,,,
Kia,2025,THW52G61QBS0DD389,Seltos LX AWD,,,
Kia,2025,THW52G61VBS0PP276,Seltos EX FWD,,,
Kia,2025,THW52G61QBS0PP277,Seltos EX AWD,,,
Kia,2025,THW52G61QBS0GG0B8,Seltos EX Premium AWD,,,
Kia,2025,THW5D5G1KBS0HH1BY,Seltos SX AWD (Black int.),,,
Kia,2025,THW5D5G1KBS0HH1BZ,Seltos SX AWD (Brown int.),,,
Kia,2025,THW5D5G1KBS0HH1C0,Seltos X-LINE AWD,,,
Kia,2025,7GW5ZHZ7ZBS0DD000,EV6 Light RWD,,,
Kia,2025,7GW5ZHZ7ZBS0GG096,EV6 Wind RWD,,,
Kia,2025,7GW5YCZ7ZBS0GG097,EV6 Land AWD,,,
Kia,2025,7GW5YCZ7ZBS0GG098,EV6 Land w/Premium Package,,,
Kia,2025,7GW5YCZ7ZBS0KK013,EV6 Land w/ GT-Line Package,,,
Kia,2025,7GW5YCZ7ZBS0KK019,EV6 Land w/ GT-Line Limited Package,,,
Kia,2025,DOW7ZHZ7ZBS0SS026,EV9 Light RWD,,,
Kia,2025,DOW7ZHZ7ZBS0DD303,EV9 Wind RWD,,,
Kia,2025,DOW7YBZ7ZBS0PP276,EV9 Land AWD,,,
Kia,2025,DOW7YBZ7ZBS0KK174,EV9 Land AWD w/Plus Pkg,,,
Kia,2025,DOW6YBZ7ZBS0KK175,EV9 Land AWD w/Prem Pkg,,,
Kia,2025,DOW6YBZ7ZBS0HH290,EV9 Land w/GT-Line Pkg,,,
Kia,2025,GYWDL9A1JBS0DD568,Sportage LX FWD,,,
Kia,2025,GYWDL9A1KBS0DD568,Sportage LX AWD,,,
Kia,2025,GYWDL9A1KBS0DD650,Sportage X-Line AWD,,,
Kia,2025,GYWDL9A1KBS0GG0M8,Sportage EX AWD,,,
Kia,2025,GYWDL9A1KBS0GG0M9,Sportage EX Premium AWD (Black Int.),,,
Kia,2025,GYWDL9A1KBS0GG0MA,Sportage EX Premium AWD (Red Int.),,,
Kia,2025,GYWDL9A1KBS0HH0M3,Sportage X-Line Limited (Black Int.),,,
Kia,2025,GYWDL9A1KBS0HH0M4,Sportage X-Line Limited (Green Int.),,,
Kia,2025,HYW7L9A1KBS0DD050,Sorento LX,,,
Kia,2025,HYW6L9G1NBS0GG111,Sorento EX,,,
Kia,2025,HYW6L9G1NBS0GG108,Sorento X-Line,,,
Kia,2025,HYW6L9G1NBS0HH148,Sorento X-Line Ltd. (Black Int.),,,
Kia,2025,HYW6L9G1NBS0HH149,Sorento X-Line Ltd. (Olive Brown Int.),,,
Kia,2025,HYW6L9G1NBS0HH150,Sorento X-Pro (Black Int.),,,
Kia,2025,HYW6L9G1NBS0HH151,Sorento X-Pro (Olive Brown Int.),,,
Kia,2025,S9W8J6A1KBS0GG262,Telluride EX,,,
Kia,2025,S9W8J6A1KBS0HH462,Telluride SX AWD,,,
Kia,2025,S9W7J6A1KBS0HH463,Telluride SX LIMITED,,,
Kia,2025,S9W7J6A1KBS0HH464,Telluride SX LIMITED w/Mahogany Interior,,,
Kia,2025,S9W7J6A1KBS0HH465,Telluride X-Line AWD w/Black Interior,,,
Kia,2025,S9W7J6A1KBS0HH466,Telluride X-Line AWD w/Terracotta Brown Interior,,,
Kia,2025,S9W7J6A1KBS0HH467,Telluride X-Pro AWD w/Black Interior,,,
Kia,2025,S9W7J6A1KBS0HH468,Telluride X-Pro AWD w/Terracotta Brown Interior,,,
Kia,2025,HSB8J9A1JBS0DD265,Carnival LX,,,
Kia,2025,HSB8J9A1JBS0DD266,Carnival LX+,,,
Kia,2025,HSB8J9A1JBS0GG0NY,Carnival EX,,,
Kia,2025,HSB8J9A1JBS0GG0NR,Carnival EX+,,,
Kia,2025,HSB8J9A1JBS0HH408,Carnival SX,,,
Kia,2025,HSB7J9A1JBS0HH383,Carnival SX+,,,
Kia,2026,8GS42J61VBS0DD079,K4 LX IVT,,,
Kia,2026,8GS42J61VBS0GG286,K4 EX IVT,,,
Kia,2026,8GS42J61VBS0GG328,K4 EX+ IVT,,,
Kia,2026,8GS42J61VBS0GG370,K4 EX Premium IVT,,,
Kia,2026,8GS4D5G1JBS0HH328,K4 GT-Line Turbo,,,
Kia,2026,8GS4D5G1JBS0HH329,K4 GT-Line Turbo Limited,,,
Kia,2026,8GS4D5G1JBS0HH373,K4 GT-Line Turbo w/ Red Interior,,,
Kia,2026,8GS4D5G1JBS0HH401,K4 GT-Line Turbo Limited w/ Red Interior,,,
Kia,2026,8GS62J61VBS0CC073,K4 (HB) LX IVT,,,
Kia,2026,8GS62J61VBS0EE318,K4 (HB) EX IVT,,,
Kia,2026,8GS62J61VBS0EE320,K4 (HB) EX+ IVT,,,
Kia,2026,8GS62J61VBS0EE431,K4 (HB) EX Premium IVT,,,
Kia,2026,8GS6D5G1JBS0FF326,K4 (HB) GT-Line Turbo,,,
Kia,2026,8GS6D5G1JBS0FF327,K4 (HB) GT-Line Turbo Limited,,,
Kia,2026,8GS6D5G1JBS0FF440,K4 (HB) GT-Line Turbo w/ Red Interior,,,
Kia,2026,8GS6D5G1JBS0FF441,K4 (HB) GT-Line Turbo Limited w/ Red Interior,,,
Kia,2026,0TW5K9A1TEV1DD567,Niro LX,,,
Kia,2026,0TW5K9A1TEV1GG24L,Niro EX,,,
Kia,2026,0TW5K9A1TEV1GG24M,Niro EX Premium,,,
Kia,2026,0TW5K9A1TEV1HH1XK,Niro SX,,,
Kia,2026,0TW5K9A1TEV1HH1XL,Niro SX Cityscape Green/Black,,,
Kia,2026,0TW5K9A1TEV2PP234,Niro PHEV LX,,,
Kia,2026,0TW5K9A1TEV2KK02H,Niro PHEV EX,,,
Kia,2026,0TW5K9A1TEV2KK02I,Niro PHEV EX Premium,,,
Kia,2026,TOW5ZHZBS0DD1MO,Niro EV Wind,,,
Kia,2026,TOW5ZHZ7ZBS0GG2CT,Niro EV Wind+,,,
Kia,2026,TOW5ZHZ7ZBS0HH0ZC,Niro EV Wave,,,
Kia,2026,TOW5ZHZ7ZBS0HH0ZD,Niro EV Wave Snow White Pearl / Grey,,,
Kia,2026,THW52G61VBS0DD425,Seltos LX FWD,,,
Kia,2026,THW52G61QBS0DD426,Seltos LX AWD,,,
Kia,2026,THW52G61VBS0PP288,Seltos EX FWD,,,
Kia,2026,THW52G61QBS0PP289,Seltos EX AWD,,,
Kia,2026,THW52G61QBS0GG0DQ,Seltos EX PREMIUM AWD,,,
Kia,2026,THW5D5G1KBS0HH1M1,Seltos SX AWD (BLK INT),,,
Kia,2026,THW5D5G1KBS0HH1M2,Seltos SX AWD (BRWN INT),,,
Kia,2026,THW5D5G1KBS0HH1M3,Seltos X-LINE AWD,,,
Kia,2026,1ZS4ZHZ7ZBS0DD055,EV4 Light FWD,,,
Kia,2026,1ZS4ZHZ7ZBS0DD056,EV4 Wind FWD,,,
Kia,2026,1ZS4ZHZ7ZBS0GG696,EV4 Wind Premium FWD,,,
Kia,2026,1ZS4ZHZ7ZBS0HH328,EV4 GT-Line FWD,,,
Kia,2026,1ZS4ZHZ7ZBS0HH329,EV4 GT-Line Limited FWD,,,
Kia,2026,DOW7ZHZ7ZBS0SS052,EV9 Light RWD,,,
Kia,2026,DOW7ZHZ7ZBS0DD435,EV9 Wind RWD,,,
Kia,2026,DOW7YBZ7ZBS0PP408,EV9 Land AWD,,,
Kia,2026,DOW7YBZ7ZBS0KK237,EV9 Land AWD w/Plus Pkg,,,
Kia,2026,DOW6YBZ7ZBS0KK243,EV9 Land AWD w/Prem Pkg,,,
Kia,2026,DOW6YBZ7ZBS0HH467,EV9 Land w/GT-Line Pkg,,,
Kia,2026,DOW6YDZ7ZBS0BB0IE,EV9 GT,,,
Kia,2026,GYWDL9A1JBS0DD016,Sportage LX FWD,,,
Kia,2026,GYWDL9A1KBS0DD016,Sportage LX AWD,,,
Kia,2026,GYWDL9A1KBS0DD681,Sportage X-LINE AWD,,,
Kia,2026,GYWDL9A1KBS0GG0TD,Sportage EX AWD,,,
Kia,2026,GYWDL9A1KBS0GG0T4,Sportage EX Premium AWD (Blk Int),,,
Kia,2026,GYWDL9A1KBS0GG0TE,Sportage EX Premium AWD (Red Int),,,
Kia,2026,GYWDL9A1KBS0HH0N4,Sportage X-LINE Limited (BLK Int),,,
Kia,2026,GYWDL9A1KBS0HH0NG,Sportage X-LINE Limited (Brown  Int),,,
Kia,2026,JWWDD5G1GEV2GG751,Sportage Plug-In Hybrid EX AWD,,,
Kia,2026,JWWDD5G1GEV2GG752,Sportage Plug-In Hybrid EX Premium AWD,,,
Kia,2026,JWWDD5G1GEV2HH898,Sportage Plug-In Hybrid SX AWD w/Black Interior,,,
Kia,2026,JWWDD5G1GEV2HH899,Sportage Plug-In Hybrid SX AWD w/Red Interior,,,
Kia,2026,JWWDD5G1GEV1GG749,Sportage Hybrid EX AWD,,,
Kia,2026,JWWDD5G1GEV1GG750,Sportage Hybrid EX Premium AWD,,,
Kia,2026,JWWDD5G1GEV1HH896,Sportage Hybrid SX AWD w/Black Interior,,,
Kia,2026,JWWDD5G1GEV1HH897,Sportage Hybrid SX AWD w/Red Interior,,,
Kia,2026,HCW6D5G1GEV1SS000,Sorento Hybrid LX PHEV AWD,,,
Kia,2026,HCW6D5G1GEV1DD250,Sorento Hybrid EX PHEV AWD,,,
Kia,2026,HCW6D5G1GEV1GG0NM,Sorento Hybrid SX PHEV AWD,,,
Kia,2026,HCW6D5G1GEV2HH446,Sorento Plug-in Hybrid LX PHEV AWD,,,
Kia,2026,HCW6D5G1GEV2KK143,Sorento Plug-in Hybrid EX PHEV AWD,,,
Kia,2026,HCW6D5G1GEV2AA900,Sorento Plug-in Hybrid SX PHEV AWD,,,
Kia,2026,HSB8J9A1JBS0DD298,Carnival LX,,,
Kia,2026,HSB8J9A1JBS0DD328,Carnival LX+,,,
Kia,2026,HSB8J9A1JBS0GG0ZD,Carnival EX,,,
Kia,2026,HSB8J9A1JBS0GG0ZE,Carnival EX+,,,
Kia,2026,HSB8J9A1JBS0HH438,Carnival SX,,,
Kia,2026,HSB7J9A1JBS0HH439,Carnival SX+,,,
Kia,2026,8SB8D5G1FEV1DD044,Carnival HEV LX+,,,
Kia,2026,8SB8D5G1FEV1GG211,Carnival HEV EX,,,
Kia,2026,8SB8D5G1FEV1HH067,Carnival HEV SX,,,
Kia,2026,8SB7D5G1FEV1HH068,Carnival HEV SX+,,,
Kia,2026,THW52G61VDD425,Seltos LX FWD,,,
Kia,2026,THW52G61QDD426,Seltos LX AWD,,,
Kia,2026,THW52G61VPP288,Seltos EX FWD,,,
Kia,2026,THW52G61QPP289,Seltos EX AWD,,,
Kia,2026,THW52G61QGG0DQ,Seltos EX PREMIUM AWD,,,
Kia,2026,THW5D5G1KHH1M1,Seltos SX AWD (BLK INT),,,
Kia,2026,THW5D5G1KHH1M2,Seltos SX AWD (BRWN INT),,,
Kia,2026,THW5D5G1KHH1M3,Seltos X-LINE AWD,,,
Kia,2026,DOW7ZHZ7ZSS052,EV9 Light RWD,,,
Kia,2026,DOW7ZHZ7ZDD435,EV9 Wind RWD,,,
Kia,2026,DOW7YBZ7ZPP408,EV9 Land AWD,,,
Kia,2026,DOW7YBZ7ZKK237,EV9 Land AWD w/Plus Pkg,,,
Kia,2026,DOW6YBZ7ZKK243,EV9 Land AWD w/Prem Pkg,,,
Kia,2026,DOW6YBZ7ZHH467,EV9 Land w/GT-Line Pkg,,,
Kia,2026,DOW6YDZ7ZBB0IE,EV9 GT,,,
Kia,2026,GYWDL9A1JDD016,Sportage LX FWD,,,
Kia,2026,GYWDL9A1KDD016,Sportage LX AWD,,,
Kia,2026,GYWDL9A1KDD681,Sportage X-LINE AWD,,,
Kia,2026,GYWDL9A1KGG0TD,Sportage EX AWD,,,
Kia,2026,GYWDL9A1KGG0T4,Sportage EX Premium AWD (Blk Int),,,
Kia,2026,GYWDL9A1KGG0TE,Sportage EX Premium AWD (Red Int),,,
Kia,2026,GYWDL9A1KHH0N4,Sportage X-LINE Limited (BLK Int),,,
Kia,2026,GYWDL9A1KHH0NG,Sportage X-LINE Limited (Brown  Int),,,
Kia,2026,HSB8J9A1JDD298,Carnival LX,,,
Kia,2026,HSB8J9A1JDD328,Carnival LX+,,,
Kia,2026,HSB8J9A1JGG0ZD,Carnival EX,,,
Kia,2026,HSB8J9A1JGG0ZE,Carnival EX+,,,
Kia,2026,HSB8J9A1JHH438,Carnival SX,,,
Kia,2026,HSB7J9A1JHH439,Carnival SX+,,,
Kia,2026,8GS6D5G1JBS0FF327,K4 (HB) GT-Line Turbo Limited,,,K4957T
Kia,2026,8GS6D5G1JBS0FF441,K4 (HB) GT-Line Turbo Limited w/ Red Interior,,,K4957T
Kia,2026,TOW5ZHZ7ZBS0DD1MO,Niro EV Wind,,,
Kia,2027,X9W5ZHZ7ZBS0GG375,EV5 Light FWD,,,
Kia,2027,X9W5ZHZ7ZBS0GG009,EV5 Wind FWD,,,
Kia,2027,X9W5YLZ7ZBS0GG019,EV5 Wind AWD,,,
Kia,2027,X9W5ZHZ7ZBS0KK015,EV5 Land FWD,,,
Kia,2027,X9W5YLZ7ZBS0KK057,EV5 Land AWD,,,
Kia,2027,X9W5ZHZ7ZBS0HH002,EV5 GT-Line FWD,,,
Kia,2027,X9W5YLZ7ZBS0HH079,EV5 GT-Line AWD,,,
Kia,2027,X9W5ZHZ7ZBS0HH056,EV5 GT-Line Limited FWD,,,
Kia,2027,X9W5YLZ7ZBS0HH239,EV5 GT-Line Limited AWD,,,
Kia,2027,SL751V,Seltos LX FWD,,,
Kia,2027,SL752V,Seltos LX AWD,,,
Kia,2027,SL754V,Seltos EX AWD,,,
Kia,2027,SL756V,Seltos EX Premium AWD,,,
Kia,2027,SL958V,Seltos X-Line AWD,,,
Kia,2027,SL959V,Seltos X-Line Limited AWD,,,
Mazda,2020,HVXK60,CX-3 GX Manual FWD,,,
Mazda,2020,HVXK80,CX-3 GX Auto FWD,,,
Mazda,2020,HVSK80,CX-3 GS Auto FWD,,,
Mazda,2020,HXXK80,CX-3 GX Auto AWD,,,
Mazda,2020,HXSK80,CX-3 GS Auto AWD,,,
Mazda,2020,HXTK80,CX-3 GT Auto AWD,,,
Mazda,2020,ZVXK80,CX-30 GX FWD,,,
Mazda,2020,ZVSL80,CX-30 GS FWD,,,
Mazda,2020,ZXXK80,CX-30 GX AWD,,,
Mazda,2020,ZXSL80,CX-30 GS AWD,,,
Mazda,2020,ZXTN80,CX-30 GT AWD,,,
Mazda,2020,NVXL80,CX-5 GX Auto FWD,,,
Mazda,2020,NVSN80,CX-5 GS Auto FWD,,,
Mazda,2020,NXXL80,CX-5 GX Auto AWD,,,
Mazda,2020,NXSN80,CX-5 GS Auto AWD,,,
Mazda,2020,NXTN80,CX-5 GT Auto AWD,,,
Mazda,2020,NXTM80,CX-5 GT w/Turbo Auto AWD,,,
Mazda,2020,NXKM80,CX-5 Signature Auto AWD,,,
Mazda,2020,QXSM80,CX-9 GS AWD,,,
Mazda,2020,QXLM80,CX-9 GS-L AWD,,,
Mazda,2020,QXTM80,CX-9 GT AWD,,,
Mazda,2020,QXKM80,CX-9 Signature AWD,,,
Mazda,2020,DVXK60,Mazda3 GX Manual FWD,,,
Mazda,2020,DVXK80,Mazda3 GX Auto FWD,,,
Mazda,2020,DVSK60,Mazda3 GS Manual FWD,,,
Mazda,2020,DVSL80,Mazda3 GS Auto FWD,,,
Mazda,2020,DVTN80,Mazda3 GT Auto FWD,,,
Mazda,2020,DXSN80,Mazda3 GS Auto i-ACTIV AWD,,,
Mazda,2020,DXTN80,Mazda3 GT Auto i-ACTIV AWD,,,
Mazda,2020,SVXK60,Mazda3 Sport GX Manual FWD,,,
Mazda,2020,SVXK80,Mazda3 Sport GX Auto FWD,,,
Mazda,2020,SVSN60,Mazda3 Sport GS Manual FWD,,,
Mazda,2020,SVSN80,Mazda3 Sport GS Auto FWD,,,
Mazda,2020,SXSN80,Mazda3 Sport GS Auto i-ACTIV AWD,,,
Mazda,2020,SXTN80,Mazda3 Sport GT Auto i-ACTIV AWD,,,
Mazda,2020,SVTN80,Mazda3 Sport GT Auto FWD,,,
Mazda,2020,SVTN60,Mazda3 Sport GT Manual FWD,,,
Mazda,2020,G4SN80,Mazda6 GS Auto,,,
Mazda,2020,G4LN80,Mazda6 GS-L Auto,,,
Mazda,2020,G4LM80,Mazda6 GS-L Turbo Auto,,,
Mazda,2020,G4TM80,Mazda6 GT Auto,,,
Mazda,2020,G4KM80,Mazda6 Signature,,,
Mazda,2020,L2SK60,MX-5 GS Manual,,,
Mazda,2020,L2SK80,MX-5 GS Auto,,,
Mazda,2020,L2TK60,MX-5 GT Manual,,,
Mazda,2020,L2TK80,MX-5 GT Auto,,,
Mazda,2020,L2PK60,MX-5 GS-P Manual,,,
Mazda,2020,L2PK80,MX-5 GS-P Auto,,,
Mazda,2020,L3TK60,MX-5 RF GT Manual,,,
Mazda,2020,L3TK80,MX-5 RF GT Auto,,,
Mazda,2020,L3PK60,MX-5 RF GS-P Manual,,,
Mazda,2020,L3PK80,MX-5 RF GS-P Auto,,,
Mazda,2021,HVXK61,CX-3 GX Manual FWD,,,
Mazda,2021,HVXK81,CX-3 GX Auto FWD,,,
Mazda,2021,HVSK81,CX-3 GS Auto FWD,,,
Mazda,2021,HXSK81,CX-3 GS Auto AWD,,,
Mazda,2021,HXTK81,CX-3 GT Auto AWD,,,
Mazda,2021,ZVXK81,CX-30 GX FWD,,,
Mazda,2021,ZVSL81,CX-30 GS FWD,,,
Mazda,2021,ZXXK81,CX-30 GX AWD,,,
Mazda,2021,ZXSL81,CX-30 GS AWD,,,
Mazda,2021,ZXTL81,CX-30 GT AWD,,,
Mazda,2021,ZXTM81,CX-30 GT w/Turbo AWD,,,
Mazda,2021,NVXL81,CX-5 GX FWD,,,
Mazda,2021,NVSN81,CX-5 GS FWD,,,
Mazda,2021,NXXL81,CX-5 GX AWD,,,
Mazda,2021,NXSN81,CX-5 GS AWD,,,
Mazda,2021,NXTN81,CX-5 GT AWD,,,
Mazda,2021,NXTM81,CX-5 GT w/Turbo AWD,,,
Mazda,2021,NXKM81,CX-5 Signature AWD,,,
Mazda,2021,NXBN81,CX-5 Kuro Edition AWD,,,
Mazda,2021,NXEM81,CX-5 100th Anniversary Edition AWD,,,
Mazda,2021,QXSM81,CX-9 GS AWD,,,
Mazda,2021,QXLM81,CX-9 GS-L AWD,,,
Mazda,2021,QXTM81,CX-9 GT AWD,,,
Mazda,2021,QXKM81,CX-9 Signature AWD,,,
Mazda,2021,QXBM81,CX-9 Kuro Edition AWD,,,
Mazda,2021,QXEM81,CX-9 100th Anniversary Edition AWD,,,
Mazda,2021,DVXK61,Mazda3 GX Manual FWD,,,
Mazda,2021,DVXK81,Mazda3 GX Auto FWD,,,
Mazda,2021,DVSK61,Mazda3 GS Manual FWD,,,
Mazda,2021,DVSL81,Mazda3 GS Auto FWD,,,
Mazda,2021,DVTL81,Mazda3 GT Auto FWD,,,
Mazda,2021,DXSL81,Mazda3 GS Auto i-ACTIV AWD,,,
Mazda,2021,DXTL81,Mazda3 GT Auto i-ACTIV AWD,,,
Mazda,2021,DXTM81,Mazda3 GT w/Turbo Auto i-ACTIV AWD,,,
Mazda,2021,DXEM81,Mazda3 100th Anniversary Edition Auto i-ACTIV AWD,,,
Mazda,2021,SVXK61,Mazda3 Sport GX Manual FWD,,,
Mazda,2021,SVXK81,Mazda3 Sport GX Auto FWD,,,
Mazda,2021,SVSL61,Mazda3 Sport GS Manual FWD,,,
Mazda,2021,SVSL81,Mazda3 Sport GS Auto FWD,,,
Mazda,2021,SVTL81,Mazda3 Sport GT Auto FWD,,,
Mazda,2021,SVTL61,Mazda3 Sport GT Manual FWD,,,
Mazda,2021,SXSL81,Mazda3 Sport GS Auto i-ACTIV AWD,,,
Mazda,2021,SXTL81,Mazda3 Sport GT Auto i-ACTIV AWD,,,
Mazda,2021,SXTM81,Mazda3 Sport GT w/Turbo Auto i-ACTIV AWD,,,
Mazda,2021,SXEM81,Mazda3 Sport 100th Anniversary Edition Auto i-ACTIV AWD,,,
Mazda,2021,G4SN81,Mazda6 GS Auto,,,
Mazda,2021,G4LN81,Mazda6 GS-L Auto,,,
Mazda,2021,G4TN81,Mazda6 GT Auto,,,
Mazda,2021,G4KM81,Mazda6 Signature,,,
Mazda,2021,G4BM81,Mazda6 Kuro Edition,,,
Mazda,2021,L2SK61,MX-5 GS Manual,,,
Mazda,2021,L2SK81,MX-5 GS Auto,,,
Mazda,2021,L2PK61,MX-5 GS-P Manual,,,
Mazda,2021,L2PK81,MX-5 GS-P Auto,,,
Mazda,2021,L2TK61,MX-5 GT Manual,,,
Mazda,2021,L2TK81,MX-5 GT Auto,,,
Mazda,2021,L2EK61,MX-5 100th Anniversary Edition Manual,,,
Mazda,2021,L2EK81,MX-5 100th Anniversary Edition Auto,,,
Mazda,2021,L3PK61,MX-5 RF GS-P Manual,,,
Mazda,2021,L3PK81,MX-5 RF GS-P Auto,,,
Mazda,2021,L3TK61,MX-5 RF GT Manual,,,
Mazda,2021,L3TK81,MX-5 RF GT Auto,,,
Mazda,2021,L3EK61,MX-5 RF 100th Anniversary Edition Manual,,,
Mazda,2021,L3EK81,MX-5 RF 100th Anniversary Edition Auto,,,
Mazda,2022,HVXK62,CX-3 GX Manual FWD,,,
Mazda,2022,HVXK82,CX-3 GX Auto FWD,,,
Mazda,2022,HVSK82,CX-3 GS Auto FWD,,,
Mazda,2022,HXSK82,CX-3 GS Auto AWD,,,
Mazda,2022,HXTK82,CX-3 GT Auto AWD,,,
Mazda,2022,ZXXK82,CX-30 GX AWD,,,
Mazda,2022,ZXSL82,CX-30 GS AWD,,,
Mazda,2022,ZXTL82,CX-30 GT AWD,,,
Mazda,2022,ZXTM82,CX-30 GT w/Turbo AWD,,,
Mazda,2022,NXXL82,CX-5 GX AWD,,,
Mazda,2022,NXSN82,CX-5 GS AWD,,,
Mazda,2022,NXBN82,CX-5 Kuro Edition AWD,,,
Mazda,2022,NXTN82,CX-5 GT AWD,,,
Mazda,2022,NXKM82,CX-5 Signature AWD,,,
Mazda,2022,NXDN82,CX-5 Sport Design AWD,,,
Mazda,2022,NXDM82,CX-5 Sport Design w/Turbo AWD,,,
Mazda,2022,QXSM82,CX-9 GS AWD,,,
Mazda,2022,QXLM82,CX-9 GS-L AWD,,,
Mazda,2022,QXTM82,CX-9 GT AWD,,,
Mazda,2022,QXKM82,CX-9 Signature AWD,,,
Mazda,2022,QXBM82,CX-9 Kuro Edition AWD,,,
Mazda,2022,DVXK62,Mazda3 GX Manual FWD,,,
Mazda,2022,DVXK82,Mazda3 GX Auto FWD,,,
Mazda,2022,DVSL82,Mazda3 GS Auto FWD,,,
Mazda,2022,DVTL82,Mazda3 GT Auto FWD,,,
Mazda,2022,DXSL82,Mazda3 GS Auto i-ACTIV AWD,,,
Mazda,2022,DXTL82,Mazda3 GT Auto i-ACTIV AWD,,,
Mazda,2022,DXTM82,Mazda3 GT w/Turbo Auto i-ACTIV AWD,,,
Mazda,2022,SVXK62,Mazda3 Sport GX Manual FWD,,,
Mazda,2022,SVXK82,Mazda3 Sport GX Auto FWD,,,
Mazda,2022,SVSL62,Mazda3 Sport GS Manual FWD,,,
Mazda,2022,SVSL82,Mazda3 Sport GS Auto FWD,,,
Mazda,2022,SVTL82,Mazda3 Sport GT Auto FWD,,,
Mazda,2022,SVTL62,Mazda3 Sport GT Manual FWD,,,
Mazda,2022,SXSL82,Mazda3 Sport GS Auto i-ACTIV AWD,,,
Mazda,2022,SXTL82,Mazda3 Sport GT Auto i-ACTIV AWD,,,
Mazda,2022,SXTM82,Mazda3 Sport GT w/Turbo Auto i-ACTIV AWD,,,
Mazda,2022,KVSB82,MX-30 EV GS FWD,,,
Mazda,2022,KVTB82,MX-30 EV GT FWD,,,
Mazda,2022,L2SK62,MX-5 GS Manual,,,
Mazda,2022,L2SK82,MX-5 GS Auto,,,
Mazda,2022,L2PK62,MX-5 GS-P Manual,,,
Mazda,2022,L2PK82,MX-5 GS-P Auto,,,
Mazda,2022,L2TK62,MX-5 GT Manual,,,
Mazda,2022,L2TK82,MX-5 GT Auto,,,
Mazda,2022,L3PK62,MX-5 RF GS-P Manual,,,
Mazda,2022,L3PK82,MX-5 RF GS-P Auto,,,
Mazda,2022,L3TK62,MX-5 RF GT Manual,,,
Mazda,2022,L3TK82,MX-5 RF GT Auto,,,
Mazda,2023,ZXXK83,CX-30 GX AWD,,,
Mazda,2023,ZXSL83,CX-30 GS AWD,,,
Mazda,2023,ZXTL83,CX-30 GT AWD,,,
Mazda,2023,ZXTM83,CX-30 GT w/Turbo AWD,,,
Mazda,2023,NXXN83,CX-5 GX AWD,,,
Mazda,2023,NXSN83,CX-5 GS AWD,,,
Mazda,2023,NXBN83,CX-5 Kuro Edition AWD,,,
Mazda,2023,NXTN83,CX-5 GT AWD,,,
Mazda,2023,NXKM83,CX-5 Signature AWD,,,
Mazda,2023,NXDN83,CX-5 Sport Design AWD,,,
Mazda,2023,NXDM83,CX-5 Sport Design w/Turbo AWD,,,
Mazda,2023,JXLN83,CX-50 GS-L AWD,,,
Mazda,2023,JXTN83,CX-50 GT AWD,,,
Mazda,2023,JXTM83,CX-50 GT w/Turbo AWD,,,
Mazda,2023,QXSM83,CX-9 GS AWD,,,
Mazda,2023,QXLM83,CX-9 GS-L AWD,,,
Mazda,2023,QXTM83,CX-9 GT AWD,,,
Mazda,2023,QXKM83,CX-9 Signature AWD,,,
Mazda,2023,QXBM83,CX-9 Kuro Edition AWD,,,
Mazda,2023,DVXK63,Mazda3 GX Manual FWD,,,
Mazda,2023,DVXK83,Mazda3 GX Auto FWD,,,
Mazda,2023,DVSK83,Mazda3 GS Auto FWD,,,
Mazda,2023,DVTL83,Mazda3 GT Auto FWD,,,
Mazda,2023,DXSL83,Mazda3 GS Auto i-ACTIV AWD,,,
Mazda,2023,DXTL83,Mazda3 GT Auto i-ACTIV AWD,,,
Mazda,2023,DXTM83,Mazda3 GT w/Turbo Auto i-ACTIV AWD,,,
Mazda,2023,SVXK63,Mazda3 Sport GX Manual FWD,,,
Mazda,2023,SVXK83,Mazda3 Sport GX Auto FWD,,,
Mazda,2023,SVSK63,Mazda3 Sport GS Manual FWD,,,
Mazda,2023,SVSK83,Mazda3 Sport GS Auto FWD,,,
Mazda,2023,SVTL83,Mazda3 Sport GT Auto FWD,,,
Mazda,2023,SVTL63,Mazda3 Sport GT Manual FWD,,,
Mazda,2023,SXSL83,Mazda3 Sport GS Auto i-ACTIV AWD,,,
Mazda,2023,SXTL83,Mazda3 Sport GT Auto i-ACTIV AWD,,,
Mazda,2023,SXTM83,Mazda3 Sport GT w/Turbo Auto i-ACTIV AWD,,,
Mazda,2023,KVSB83,MX-30 EV GS FWD,,,
Mazda,2023,KVTB83,MX-30 EV GT FWD,,,
Mazda,2023,L2SK63,MX-5 GS Manual,,,
Mazda,2023,L2PK63,MX-5 GS-P Manual,,,
Mazda,2023,L2PK83,MX-5 GS-P Auto,,,
Mazda,2023,L2TK63,MX-5 GT Manual,,,
Mazda,2023,L2TK83,MX-5 GT Auto,,,
Mazda,2023,L3PK63,MX-5 RF GS-P Manual,,,
Mazda,2023,L3PK83,MX-5 RF GS-P Auto,,,
Mazda,2023,L3TK63,MX-5 RF GT Manual,,,
Mazda,2023,L3TK83,MX-5 RF GT Auto,,,
Mazda,2025,DVXL85,Mazda3 GX AT GX - 6AT,,AA00,461087
Mazda,2025,DVSL85,Mazda3 GS AT GS - 6AT,,AA00,461088
Mazda,2025,DVSL85,Mazda3 GS AT Lux Pkg GS-6AT Luxury Package,,LP00,461088
Mazda,2025,DXSL85,"Mazda3 GS AT AWD Lux Pkg GS - 6AT, i-ACTIV AWD Lux Pkg",,LP00,461090
Mazda,2025,DVTL85,Mazda3 GT AT GT - 6AT,,AA00,461089
Mazda,2025,DXTL85,"Mazda3 GT AT, AWD GT - 6AT, i-ACTIV AWD",,AA00,461091
Mazda,2025,DXTM85,"Mazda3 GT AT, AWD, T GT - 6AT, AWD, Turbo",,AA00,461092
Mazda,2025,SVXL85,Mazda3 Sport GX AT GX - 6AT,,AA00,461093
Mazda,2025,SVSL85,Mazda3 Sport GS AT GS - 6AT,,AA00,461094
Mazda,2025,SVSL85,"Mazda3 Sport GS AT Lux Pkg GS - 6AT,  Luxury Package",,LP00,461094
Mazda,2025,SXSL85,"Mazda3 Sport GS AT, AWD Lux Pkg GS - 6AT, i-ACTIV AWD",,LP00,461097
Mazda,2025,SVTL65,Mazda3 Sport GT MT GT - 6MT,,AA00,461095
Mazda,2025,SVTL85,Mazda3 Sport GT AT GT-6AT,,AA00,461096
Mazda,2025,SXTL85,"Mazda3 Sport GT AT, AWD GT-6AT,i-ACTIV AWD",,AA00,461098
Mazda,2025,SXTM85,"Mazda3 Sport GT AT, AWD, T GT-6AT, AWD, Turbo",,AA00,461099
Mazda,2025,SXUM85,"Mazda3 Sport Suna AT, AWD, T Suna-6AT, AWD, Turbo",,SE00,461100
Mazda,2025,L2SK65,MX-5 GS 6MT GS - 6MT,,AA00,470171
Mazda,2025,L2PK65,MX-5 GS-P 6MT GS-P -6MT,,AA00,470172
Mazda,2025,L2PK65,MX-5 GS-P 6MT GS-P -6MT Sport Package,,SP00,470172
Mazda,2025,L2PK85,MX-5 GS-P 6AT GS-P -6AT,,AA00,470173
Mazda,2025,L2TK65,"MX-5 GT 6MT GT - 6MT, Black Leather",,AA00,470174
Mazda,2025,L2TK85,"MX-5 GT 6AT GT - 6AT, Black Leather",,AA00,470175
Mazda,2025,L2EK65,"MX-5 35th Anniversary 6MT 35th Anniversary - 6MT, Tan Leather",,AE35,470780
Mazda,2025,L3PK65,MX-5 RF GS-P 6MT GS-P - 6MT,,AA00,469862
Mazda,2025,L3PK65,MX-5 RF GS-P 6MT GS-P - 6MT Sport Package,,SP00,469862
Mazda,2025,L3PK85,MX-5 RF GS-P 6AT GS-P - 6AT,,AA00,469863
Mazda,2025,L3TK65,"MX-5 RF GT 6MT GT - 6MT, Black Leather",,AA00,469864
Mazda,2025,L3TK65,"MX-5 RF GT 6MT GT - 6MT, Grand Sport Package",,GR00,469864
Mazda,2025,L3TK85,"MX-5 RF GT 6AT GT - 6AT, Black Leather",,AA00,469865
Mazda,2025,ZXXL85,CX-30 GX AT AWD CX-30 GX AT AWD,,AA00,463053
Mazda,2025,ZXSL85,CX-30 GS AT AWD CX-30 GS AT AWD,,AA00,463054
Mazda,2025,ZXSL85,"CX-30 GS AT AWD CX-30 GS AT AWD, Luxury Package",,LP00,463054
Mazda,2025,ZXTL85,CX-30 GT AT AWD CX-30 GT AT AWD,,AA00,463055
Mazda,2025,ZXTM85,"CX-30 GT AT AWD, T CX-30 GT AT AWD, Turbo",,AA00,463056
Mazda,2025,ZXUM85,"CX-30 GT AT AWD, T, Suna CX-30 GT AT AWD, Turbo Suna",,SE00,463057
Mazda,2025,NXXL85,"CX-5 GX AT AWD GX - 6AT, AWD",,AA00,461688
Mazda,2025,NXSL85,"CX-5 GS AT AWD GS - 6AT, AWD",,AA00,461689
Mazda,2025,NXSL85,"CX-5 GS AT AWD, Comfort Pkg GS - 6AT, AWD, CD, Comfort Package",,CM00,461689
Mazda,2025,NXBN85,"CX-5 Kuro AT AWD Kuro - 6AT, AWD",,KE00,461690
Mazda,2025,NXTN85,"CX-5 GT AT AWD GT - 6AT, AWD",,AA00,461691
Mazda,2025,NXDM85,"CX-5 Sport Design AT AWD, T Sport Design - 6AT, AWD, T",,SD00,461692
Mazda,2025,NXUM85,"CX-5 Suna AT AWD, T Suna - 6AT, AWD,T",,SE00,461693
Mazda,2025,NXKM85,"CX-5 Signature AT AWD,T Signature - 6AT, AWD, T",,AA00,461694
Mazda,2025,JXLN85,CX-50 GS-L AWD CX-50 GS-L AWD,,AA00,461996
Mazda,2025,JXTN85,CX-50 GT AWD CX-50 GT AWD,,AA00,461997
Mazda,2025,JXTM85,"CX-50 GT AWD, Turbo CX-50 GT AWD, Turbo",,AA00,461998
Mazda,2025,JXTM85,"CX-50 Meridian AWD, Turbo CX-50 Meridian AWD, Turbo",,MP00,461999
Mazda,2025,JXTM85,"CX-50 Meridian AWD, Turbo, Apex Pkg CX-50 Meridian AWD, Turbo, Apex Pkg",,AP00,461999
Mazda,2025,MXLH85,CX-50 GS-L Hybrid CX-50 GS-L Hybrid,,AA00,462388
Mazda,2025,MXBH85,CX-50 Kuro Hybrid CX-50 Kuro Hybrid,,KE00,462389
Mazda,2025,MXTH85,CX-50 GT Hybrid CX-50 GT Hybrid,,AA00,462390
Mazda,2025,XXLF85,CX-70 GS-L - M Hybrid CX-70 GS-L - M Hybrid,,AA00,453634
Mazda,2025,XXTF85,CX-70 GT-  M Hybrid CX-70 GT-  M Hybrid,,AA00,453635
Mazda,2025,XXPG85,CX-70 GT-P - M Hybrid CX-70 GT-P - M Hybrid,,AA00,453636
Mazda,2025,XXKG85,CX-70 Signature - M Hybrid CX-70 Signature - M Hybrid,,AA00,453637
Mazda,2025,YXLP85,CX-70 GS-L -  PHEV CX-70 GS-L -  PHEV,,AA00,453632
Mazda,2025,YXTP85,CX-70 GT -  PHEV CX-70 GT -  PHEV,,AA00,453633
Mazda,2025,WXSF85,"CX-90 GS -  M Hybrid GS -  AWD, M Hybrid",,AA00,461802
Mazda,2025,WXLF85,"CX-90 GS-L -  M Hybrid GS-L -  AWD, M Hybrid",,AA00,461803
Mazda,2025,WXLF85,"CX-90 GS-L - M Hybrid, Captain's chairs GS-L -  AWD, M Hybrid, Captain's chairs",,CC00,461803
Mazda,2025,WXTF85,"CX-90 GT-  M Hybrid GT-  AWD, M Hybrid",,AA00,461804
Mazda,2025,WXTF85,"CX-90 GT-  M Hybrid, Captain's chairs GT-  AWD, M Hybrid",,CC00,461804
Mazda,2025,WXPG85,"CX-90 GT-P - M Hybrid GT-P - AWD, M Hybrid",,AA00,461805
Mazda,2025,WXPG85,"CX-90 GT-P - M Hybrid, Captain's chairs GT-P - AWD, M Hybrid",,CC00,461805
Mazda,2025,WXKG85,"CX-90 Signature - M Hybrid Signature - AWD, M Hybrid",,AA00,461806
Mazda,2025,VXSP85,"CX-90 GS -  PHEV GS -  AWD, PHEV",,AA00,461700
Mazda,2025,VXLP85,"CX-90 GS-L -  PHEV GS-L -  AWD, PHEV",,AA00,461701
Mazda,2025,VXTP85,"CX-90 GT -  PHEV GT -  AWD, PHEV",,AA00,461702
Mazda,2024,L2SK64,MX-5 GS 6MT GS - 6MT AA00,,,453418
Mazda,2024,L2PK64,MX-5 GS-P 6MT GS-P -6MT AA00,,,453419
Mazda,2024,L2PK84,MX-5 GS-P 6AT GS-P -6AT AA00,,,453420
Mazda,2024,L2TK64,"MX-5 GT 6MT GT - 6MT, Black Leather AA00",,,453421
Mazda,2024,L2TK84,"MX-5 GT 6AT GT - 6AT, Black Leather AA00",,,453422
Mazda,2024,L3PK64,MX-5 RF GS-P 6MT GS-P - 6MT AA00,,,453423
Mazda,2024,L3PK84,MX-5 RF GS-P 6AT GS-P - 6AT AA00,,,453424
Mazda,2024,L3TK64,"MX-5 RF GT 6MT GT - 6MT, Black Leather AA00",,,453425
Mazda,2024,L3TK84,"MX-5 RF GT 6AT GT - 6AT, Black Leather AA00",,,453426
Mazda,2024,KVSB84,MX-30 EV GS MX-30 BEV GS AA00,,,453513
Mazda,2024,KVTB84,MX-30 EV GT MX-30 BEV GT AA00,,,453514
Mazda,2024,ZXXL84,CX-30 GX AT AWD CX-30 GX AT AWD AA00,,,447804
Mazda,2024,ZXSL84,CX-30 GS AT AWD CX-30 GS AT AWD AA00,,,447805
Mazda,2024,ZXTL84,CX-30 GT AT AWD CX-30 GT AT AWD AA00,,,447806
Mazda,2024,ZXTM84,"CX-30 GT AT AWD, T CX-30 GT AT AWD, Turbo AA00",,,447807
Mazda,2024,ZXUM84,"CX-30 GT AT AWD, T, Suna CX-30 GT AT AWD, Turbo Suna SE00",,,447808
Mazda,2024,NXXN84,"CX-5 GX AT AWD GX - 6AT, AWD AA00",,,445370
Mazda,2024,NXXL84,"CX-5 GX AT AWD w/o CD GX - 6AT, AWD w/o CD AA00",,,451113
Mazda,2024,NXSN84,"CX-5 GS AT AWD GS - 6AT, AWD AA00",,,445371
Mazda,2024,NXSL84,"CX-5 GS AT AWD w/o CD GS - 6AT, AWD w/o CD AA00",,,451114
Mazda,2024,NXBN84,"CX-5 Kuro AT AWD Kuro - 6AT, AWD KE00",,,445372
Mazda,2024,NXTN84,"CX-5 GT AT AWD GT - 6AT, AWD AA00",,,445373
Mazda,2024,NXDM84,"CX-5 Sport Design AT AWD, T Sport Design - 6AT, AWD, T SD00",,,445374
Mazda,2024,NXUM84,"CX-5 Suna AT AWD, T Suna - 6AT, AWD,T SE00",,,445376
Mazda,2024,NXKM84,"CX-5 Signature AT AWD,T Signature - 6AT, AWD, T AA00",,,445375
Mazda,2024,JXLN84,CX-50 GS-L AWD CX-50 GS-L AWD AA00,,,444168
Mazda,2024,JXTN84,CX-50 GT AWD CX-50 GT AWD AA00,,,444169
Mazda,2024,JXTM84,"CX-50 GT AWD, Turbo CX-50 GT AWD, Turbo AA00",,,444170
Mazda,2024,JXTM84,"CX-50 Meridian AWD, Turbo CX-50 Meridian AWD, Turbo MP00",,,444171
Mazda,2024,WXSF84,"CX-90 GS -  M Hybrid GS -  AWD, M Hybrid AA00",,,438890
Mazda,2024,WXLF84,"CX-90 GS-L -  M Hybrid GS-L -  AWD, M Hybrid AA00",,,438891
Mazda,2024,WXTF84,"CX-90 GT-  M Hybrid GT-  AWD, M Hybrid AA00",,,438892
Mazda,2024,WXPG84,"CX-90 GT-P - M Hybrid GT-P - AWD, M Hybrid AA00",,,438893
Mazda,2024,WXKG84,"CX-90 Signature - M Hybrid Signature - AWD, M Hybrid AA00",,,438894
Mazda,2024,VXSP84,"CX-90 GS -  PHEV GS -  AWD, PHEV AA00",,,438887
Mazda,2024,VXLP84,"CX-90 GS-L -  PHEV GS-L -  AWD, PHEV AA00",,,438888
Mazda,2024,VXTP84,"CX-90 GT -  PHEV GT -  AWD, PHEV AA00",,,438889
Mazda,2024,DVXL84,Mazda3 GX AT GX - 6AT AA00,,,444021
Mazda,2024,DVSL84,Mazda3 GS AT GS - 6AT AA00,,,444022
Mazda,2024,DXSL84,"Mazda3 GS AT AWD Lux Pkg GS - 6AT, i-ACTIV AWD Lux Pkg LP00",,,444024
Mazda,2024,DVTL84,Mazda3 GT AT GT - 6AT AA00,,,444023
Mazda,2024,DXTL84,"Mazda3 GT AT, AWD GT - 6AT, i-ACTIV AWD AA00",,,444025
Mazda,2024,DXTM84,"Mazda3 GT AT, AWD, T GT - 6AT, AWD, Turbo AA00",,,444026
Mazda,2024,SVXL84,Mazda3 Sport GX AT GX - 6AT AA00,,,444918
Mazda,2024,SVSL84,Mazda3 Sport GS AT GS - 6AT AA00,,,444919
Mazda,2024,SXSL84,"Mazda3 Sport GS AT, AWD Lux Pkg GS - 6AT, i-ACTIV AWD LP00",,,444922
Mazda,2024,SVTL64,Mazda3 Sport GT MT GT - 6MT AA00,,,444920
Mazda,2024,SVTL84,Mazda3 Sport GT AT GT-6AT AA00,,,444921
Mazda,2024,SXTL84,"Mazda3 Sport GT AT, AWD GT-6AT,i-ACTIV AWD AA00",,,444923
Mazda,2024,SXTM84,"Mazda3 Sport GT AT, AWD, T GT-6AT, AWD, Turbo AA00",,,444924
Mazda,2024,SXUM84,"Mazda3 Sport Suna AT, AWD, T Suna-6AT, AWD, Turbo SE00",,,444925
Mazda,2026,DVXL86,Mazda3 GX AT GX - 6AT,,AA00,
Mazda,2026,DVSL86,Mazda3 GS AT GS - 6AT,,AA00,
Mazda,2026,DVSL86,Mazda3 GS AT Lux Pkg GS-6AT Luxury Package,,LP00,
Mazda,2026,DXSL86,"Mazda3 GS AT AWD Lux Pkg GS - 6AT, i-ACTIV AWD Lux Pkg",,LP00,
Mazda,2026,DVTL86,Mazda3 GT AT GT - 6AT,,AA00,
Mazda,2026,DXTL86,"Mazda3 GT AT, AWD GT - 6AT, i-ACTIV AWD",,AA00,
Mazda,2026,DXTM86,"Mazda3 GT AT, AWD, T GT - 6AT, AWD, Turbo",,AA00,
Mazda,2026,SVXL86,Mazda3 Sport GX AT GX - 6AT,,AA00,
Mazda,2026,SVSL86,Mazda3 Sport GS AT GS - 6AT,,AA00,
Mazda,2026,SVSL86,"Mazda3 Sport GS AT Lux Pkg GS - 6AT,  Luxury Package",,LP00,
Mazda,2026,SXSL86,"Mazda3 Sport GS AT, AWD Lux Pkg GS - 6AT, Luxury Package, i-ACTIV AWD",,LP00,
Mazda,2026,SVTL66,Mazda3 Sport GT MT GT - 6MT,,AA00,
Mazda,2026,SVTL86,Mazda3 Sport GT AT GT-6AT,,AA00,
Mazda,2026,SXTL86,"Mazda3 Sport GT AT, AWD GT-6AT,i-ACTIV AWD",,AA00,
Mazda,2026,SXTM86,"Mazda3 Sport GT AT, AWD, T GT-6AT, AWD, Turbo",,AA00,
Mazda,2026,ZXXL86,CX-30 GX AT AWD CX-30 GX AT AWD,,AA00,
Mazda,2026,ZXSL86,CX-30 GS AT AWD CX-30 GS AT AWD,,AA00,
Mazda,2026,ZXSL86,CX-30 GS Kuro AT AWD CX-30 GS Kuro AT AWD,,KE00,
Mazda,2026,ZXTL86,CX-30 GT AT AWD CX-30 GT AT AWD,,AA00,
Mazda,2026,ZXTM86,"CX-30 GT AT AWD, Turbo CX-30 GT AT AWD, Turbo",,AA00,
Mazda,2026,ZXTM86,"CX-30 GT Kuro AT AWD, Turbo CX-30 GT Kuro AT AWD, Turbo",,KE00,
Mazda,2026,XXLF86,CX-70 GS-L MHEV CX-70 GS-L MHEV,,AA00,
Mazda,2026,XXTF86,CX-70 GT MHEV CX-70 GT MHEV,,AA00,
Mazda,2026,XXPG86,CX-70 GT-P MHEV CX-70 GT-P MHEV,,AA00,
Mazda,2026,XXKG86,CX-70 SIGNATURE MHEV CX-70 SIGNATURE MHEV,,AA00,
Mazda,2026,YXCP86,CX-70 GS-SC PHEV CX-70 GS-SC PHEV,,AA00,
Mazda,2026,YXHP86,CX-70 GS-L SC PHEV CX-70 GS-L SC PHEV,,AA00,
Mazda,2026,YXTP86,CX-70 GT PHEV CX-70 GT PHEV,,AA00,
Mazda,2026,YXKP86,CX-70 Signature PHEV CX-70 Signature PHEV,,AA00,
Mazda,2026,WXSF86,CX-90 MHEV CX-90 GS MHEV,,AA00,
Mazda,2026,WXLF86,CX-90 MHEV CX-90 GS-L MHEV,,AA00,
Mazda,2026,WXLF86,CX-90 MHEV CX-90 GS-L MHEV with Captain's Chairs,,CC00,
Mazda,2026,WXTF86,CX-90 MHEV CX-90 GT MHEV,,AA00,
Mazda,2026,WXTF86,CX-90 MHEV CX-90 GT MHEV with Captain's Chairs,,CC00,
Mazda,2026,WXPG86,CX-90 MHEV CX-90 GT-P MHEV,,AA00,
Mazda,2026,WXPG86,CX-90 MHEV CX-90 GT-P MHEV with Captain's Chairs,,CC00,
Mazda,2026,WXKG86,CX-90 MHEV CX-90 SIGNATURE MHEV,,AA00,
Mazda,2026,VXSP86,CX-90 PHEV CX-90 GS PHEV,,AA00,
Mazda,2026,VXLP86,CX-90 PHEV CX-90 GS-L PHEV,,AA00,
Mazda,2026,VXLP86,CX-90 PHEV CX-90 GS-L PHEV with Captain's Chairs,,CC00,
Mazda,2026,VXTP86,CX-90 PHEV CX-90 GT PHEV,,AA00,
Mazda,2026,VXTP86,CX-90 PHEV CX-90 GT PHEV with Captain's Chairs,,CC00,
Mazda,2026,VXKP86,CX-90 PHEV CX-90 SIGNATURE PHEV,,AA00,
Mazda,2026,NXXL86,CX-5 GX AWD GX-6AT,,AA00,
Mazda,2026,NXSL86,CX-5 GS AWD GS-6AT,,AA00,
Mazda,2026,NXTL86,CX-5 GT AWD GT-6AT,,AA00,
Mazda,2026,NXTL86,CX-5 GT AWD Panoramic Roof GT-6AT,,PA00,
Mazda,2026,NXTL86,CX-5 GT AWD Premium GT-6AT,,PR00,
Mazda,2026,L2SK66,MX-5 GS 6MT GS - 6MT,,AA00,
Mazda,2026,L2PK66,MX-5 GS-P 6MT GS-P -6MT,,AA00,
Mazda,2026,L2PK66,MX-5 GS-P 6MT GS-P -6MT Sport Package,,SP00,
Mazda,2026,L2PK86,MX-5 GS-P 6AT GS-P -6AT,,AA00,
Mazda,2026,L2TK66,MX-5 GT 6MT GT - 6MT,,AA00,
Mazda,2026,L2TK86,MX-5 GT 6AT GT - 6AT,,AA00,
Mazda,2026,L3PK66,MX-5 RF GS-P 6MT GS-P - 6MT,,AA00,
Mazda,2026,L3PK66,MX-5 RF GS-P 6MT GS-P - 6MT Sport Package,,SP00,
Mazda,2026,L3PK86,MX-5 RF GS-P 6AT GS-P - 6AT,,AA00,
Mazda,2026,L3TK66,MX-5 RF GT 6MT GT - 6MT,,AA00,
Mazda,2026,L3TK66,"MX-5 RF GT 6MT GT - 6MT, Grand Sport Package",,GR00,
Mazda,2026,L3TK86,MX-5 RF GT 6AT GT - 6AT,,AA00,
Subaru,2018,JV100,BRZ Manual,,,
Subaru,2018,JV2SS,BRZ Sport-tech Auto,,,
Subaru,2018,JV1RS,BRZ Sport-tech RS Manual,,,
Subaru,2018,JV1SL,BRZ tS Manual,,,
Subaru,2018,JX1TP,Crosstrek Touring Manual,,,
Subaru,2018,JX2TP,Crosstrek Touring CVT,,,
Subaru,2018,JX1SP,Crosstrek Sport Manual,,,
Subaru,2018,JX2SP,Crosstrek Sport CVT,,,
Subaru,2018,JX2SPE,Crosstrek Sport CVT w/EyeSight Pkg,,,
Subaru,2018,JX2LP,Crosstrek Limited CVT,,,
Subaru,2018,JX2LPE,Crosstrek Limited CVT w/EyeSight Pkg,,,
Subaru,2018,JX1CP,Crosstrek Convenience Manual,,,
Subaru,2018,JX2CP,Crosstrek Convenience CVT,,,
Subaru,2018,JJ1X0,Forester 2.5i Manual,,,
Subaru,2018,JJ2X0,Forester 2.5i CVT,,,
Subaru,2018,JJ2CP,Forester 2.5i Convenience CVT,,,
Subaru,2018,JJ1TP,Forester 2.5i Touring Manual,,,
Subaru,2018,JJ2TP,Forester 2.5i Touring CVT,,,
Subaru,2018,JJ2TPE,Forester 2.5i Touring CVT w/EyeSight Pkg,,,
Subaru,2018,JJ2LP,Forester 2.5i Limited CVT,,,
Subaru,2018,JJ2LE,Forester 2.5i Limited CVT w/EyeSight Pkg,,,
Subaru,2018,JJ2XT,Forester 2.0XT Touring CVT,,,
Subaru,2018,JJ2XL,Forester 2.0XT Limited CVT,,,
Subaru,2018,JJ2XE,Forester 2.0XT Limited CVT w/EyeSight Pkg,,,
Subaru,2018,JJ2XTE,Forester 2.0XT Touring CVT w/EyeSight Pkg,,,
Subaru,2018,JF1CP,Impreza 2.0i Convenience 4-door Manual,,,
Subaru,2018,JF2CP,Impreza 2.0i Convenience 4-door Auto,,,
Subaru,2018,JF1TP,Impreza 2.0i Touring 4-door Manual,,,
Subaru,2018,JF2TP,Impreza 2.0i Touring 4-door Auto,,,
Subaru,2018,JF1SP,Impreza 2.0i Sport 4-door Manual,,,
Subaru,2018,JF2SP,Impreza 2.0i Sport 4-door Auto,,,
Subaru,2018,JF2SPE,Impreza 2.0i Sport 4-door Auto w/EyeSight Pkg,,,
Subaru,2018,JF2ST,Impreza 2.0i Sport-tech 4-door Auto,,,
Subaru,2018,JF2STE,Impreza 2.0i Sport-tech 4-door Auto w/EyeSight Pkg,,,
Subaru,2018,JG1CP,Impreza 2.0i Convenience 5-door Manual,,,
Subaru,2018,JG2CP,Impreza 2.0i Convenience 5-door Auto,,,
Subaru,2018,JG1TP,Impreza 2.0i Touring 5-door Manual,,,
Subaru,2018,JG2TP,Impreza 2.0i Touring 5-door Auto,,,
Subaru,2018,JG1SP,Impreza 2.0i Sport 5-door Manual,,,
Subaru,2018,JG2SP,Impreza 2.0i Sport 5-door Auto,,,
Subaru,2018,JG2SPE,Impreza 2.0i Sport 5-door Auto w/EyeSight Pkg,,,
Subaru,2018,JG2ST,Impreza 2.0i Sport-tech 5-door Auto,,,
Subaru,2018,JG2STE,Impreza 2.0i Sport-tech 5-door Auto w/EyeSight Pkg,,,
Subaru,2018,JA225,Legacy 2.5i CVT,,,
Subaru,2018,JA2TP,Legacy 2.5i Touring CVT,,,
Subaru,2018,JA2TPE,Legacy 2.5i Touring CVT w/EyeSight Pkg,,,
Subaru,2018,JA2SPE,Legacy 2.5i Sport CVT w/EyeSight Pkg,,,
Subaru,2018,JA2LPE,Legacy 2.5i Limited CVT w/EyeSight Pkg,,,
Subaru,2018,JA2LE6,Legacy 3.6R Limited CVT w/EyeSight Pkg,,,
Subaru,2018,JD225,Outback 2.5i,,,
Subaru,2018,JD2TP,Outback 2.5i Touring,,,
Subaru,2018,JD2TPE,Outback 2.5i Touring w/EyeSight Pkg,,,
Subaru,2018,JD2LP,Outback 2.5i Limited,,,
Subaru,2018,JD2LPE,Outback 2.5i Limited w/EyeSight Pkg,,,
Subaru,2018,JD2PPE,Outback 2.5i Premier w/EyeSight Pkg,,,
Subaru,2018,JD2TP6,Outback 3.6R Touring,,,
Subaru,2018,JD2LP6,Outback 3.6R Limited,,,
Subaru,2018,JD2LE6,Outback 3.6R Limited w/EyeSight Pkg,,,
Subaru,2018,JD2PE6,Outback 3.6R Premier w/EyeSight Pkg,,,
Subaru,2018,JY1S0,WRX STI Manual,,,
Subaru,2018,JY1SS,WRX STI Sport Manual,,,
Subaru,2018,JY1STW,WRX STI Sport-tech Manual w/Wing Spoiler,,,
Subaru,2018,JY1STL,WRX STI Sport-tech Manual w/Lip Spoiler,,,
Subaru,2018,JY1W0,WRX Manual,,,
Subaru,2018,JY2W0,WRX CVT,,,
Subaru,2018,JY1WS,WRX Sport Manual,,,
Subaru,2018,JY2WS,WRX Sport CVT,,,
Subaru,2018,JY1WST,WRX Sport-tech Manual,,,
Subaru,2018,JY2WST,WRX Sport-tech CVT,,,
Subaru,2018,JY1WSR,WRX Sport-tech Manual w/RS Pkg,,,
Subaru,2018,JY2WSE,WRX Sport-tech CVT w/EyeSight Pkg,,,
Subaru,2018,JY1SRA,WRX STI Type RA Manual,,,
Subaru,2019,KT2C8,Ascent Convenience 8-Passenger,,,
Subaru,2019,KT2T8,Ascent Touring 8-Passenger,,,
Subaru,2019,KT2T7,Ascent Touring 7-Passenger,,,
Subaru,2019,KT2L8,Ascent Limited 8-Passenger,,,
Subaru,2019,KT2L7,Ascent Limited 7-Passenger,,,
Subaru,2019,KT2P7,Ascent Premier 7-Passenger,,,
Subaru,2019,KV100,BRZ Manual,,,
Subaru,2019,KV2SS,BRZ Sport-tech Auto,,,
Subaru,2019,KV1RS,BRZ Sport-tech RS Manual,,,
Subaru,2019,KV1SL,BRZ Raiu Edition Manual,,,
Subaru,2019,KX1CP,Crosstrek Convenience Manual,,,
Subaru,2019,KX2CP,Crosstrek Convenience CVT,,,
Subaru,2019,KX1TP,Crosstrek Touring Manual,,,
Subaru,2019,KX2TP,Crosstrek Touring CVT,,,
Subaru,2019,KX1SP,Crosstrek Sport Manual,,,
Subaru,2019,KX2SP,Crosstrek Sport CVT,,,
Subaru,2019,KX2SPE,Crosstrek Sport CVT w/EyeSight Pkg,,,
Subaru,2019,KX2LP,Crosstrek Limited CVT,,,
Subaru,2019,KX2LPE,Crosstrek Limited CVT w/EyeSight Pkg,,,
Subaru,2019,KJ225,Forester 2.5i,,,
Subaru,2019,KJ2CP,Forester 2.5i Convenience,,,
Subaru,2019,KJ2TE,Forester 2.5i Touring w/EyeSight Pkg,,,
Subaru,2019,KJ2LE,Forester 2.5i Limited w/EyeSight Pkg,,,
Subaru,2019,KJ2CE,Forester 2.5i Convenience w/EyeSight Pkg,,,
Subaru,2019,KJ2SE,Forester 2.5i Sport w/EyeSight Pkg,,,
Subaru,2019,KJ2PE,Forester 2.5i Premier w/EyeSight Pkg,,,
Subaru,2019,KF1CP,Impreza 2.0i Convenience 4-door Manual,,,
Subaru,2019,KF2CP,Impreza 2.0i Convenience 4-door Auto,,,
Subaru,2019,KF1TP,Impreza 2.0i Touring 4-door Manual,,,
Subaru,2019,KF2TP,Impreza 2.0i Touring 4-door Auto,,,
Subaru,2019,KF1SP,Impreza 2.0i Sport 4-door Manual,,,
Subaru,2019,KF2SP,Impreza 2.0i Sport 4-door Auto,,,
Subaru,2019,KF2SPE,Impreza 2.0i Sport 4-door Auto w/EyeSight Pkg,,,
Subaru,2019,KF2ST,Impreza 2.0i Sport-tech 4-door Auto,,,
Subaru,2019,KF2STE,Impreza 2.0i Sport-tech 4-door Auto w/EyeSight Pkg,,,
Subaru,2019,KG1CP,Impreza 2.0i Convenience 5-door Manual,,,
Subaru,2019,KG2CP,Impreza 2.0i Convenience 5-door Auto,,,
Subaru,2019,KG1TP,Impreza 2.0i Touring 5-door Manual,,,
Subaru,2019,KG2TP,Impreza 2.0i Touring 5-door Auto,,,
Subaru,2019,KG1SP,Impreza 2.0i Sport 5-door Manual,,,
Subaru,2019,KG2SP,Impreza 2.0i Sport 5-door Auto,,,
Subaru,2019,KG2SPE,Impreza 2.0i Sport 5-door Auto w/EyeSight Pkg,,,
Subaru,2019,KG2ST,Impreza 2.0i Sport-tech 5-door Auto,,,
Subaru,2019,KG2STE,Impreza 2.0i Sport-tech 5-door Auto w/EyeSight Pkg,,,
Subaru,2019,KA225,Legacy 2.5i CVT,,,
Subaru,2019,KA2TP,Legacy 2.5i Touring CVT,,,
Subaru,2019,KA2TPE,Legacy 2.5i Touring CVT w/EyeSight Pkg,,,
Subaru,2019,KA2SPE,Legacy 2.5i Sport CVT w/EyeSight Pkg,,,
Subaru,2019,KA2LPE,Legacy 2.5i Limited CVT w/EyeSight Pkg,,,
Subaru,2019,KA2LE6,Legacy 3.6R Limited CVT w/EyeSight Pkg,,,
Subaru,2019,KD225,Outback 2.5i,,,
Subaru,2019,KD2TP,Outback 2.5i Touring,,,
Subaru,2019,KD2TPE,Outback 2.5i Touring w/EyeSight Pkg,,,
Subaru,2019,KD2LP,Outback 2.5i Limited,,,
Subaru,2019,KD2LPE,Outback 2.5i Limited w/EyeSight Pkg,,,
Subaru,2019,KD2PPE,Outback 2.5i Premier w/EyeSight Pkg,,,
Subaru,2019,KD2TP6,Outback 3.6R Touring,,,
Subaru,2019,KD2LP6,Outback 3.6R Limited,,,
Subaru,2019,KD2LE6,Outback 3.6R Limited w/EyeSight Pkg,,,
Subaru,2019,KD2PE6,Outback 3.6R Premier w/EyeSight Pkg,,,
Subaru,2019,KY1W0,WRX Manual,,,
Subaru,2019,KY2W0,WRX CVT,,,
Subaru,2019,KY1WS,WRX Sport Manual,,,
Subaru,2019,KY2WS,WRX Sport CVT,,,
Subaru,2019,KY1WST,WRX Sport-tech Manual,,,
Subaru,2019,KY2WST,WRX Sport-tech CVT,,,
Subaru,2019,KY1WSR,WRX Sport-tech Manual w/RS Pkg,,,
Subaru,2019,KY2WSE,WRX Sport-tech CVT w/EyeSight Pkg,,,
Subaru,2019,KY1S0,WRX STI Manual,,,
Subaru,2019,KY1SS,WRX STI Sport Manual,,,
Subaru,2019,KY1STW,WRX STI Sport-tech Manual w/Wing Spoiler,,,
Subaru,2019,KY1STL,WRX STI Sport-tech Manual w/Lip Spoiler,,,
Subaru,2019,KY1WSL,WRX Raiu Edition Manual,,,
Subaru,2020,LT2C8,Ascent Convenience 8-Passenger,,,
Subaru,2020,LT2T8,Ascent Touring 8-Passenger,,,
Subaru,2020,LT2T7,Ascent Touring 7-Passenger,,,
Subaru,2020,LT2L8,Ascent Limited 8-Passenger,,,
Subaru,2020,LT2L7,Ascent Limited 7-Passenger,,,
Subaru,2020,LT2P7,Ascent Premier 7-Passenger,,,
Subaru,2020,LV100,BRZ Manual,,,
Subaru,2020,LV2SS,BRZ Sport-tech Auto,,,
Subaru,2020,LV1RS,BRZ Sport-tech RS Manual,,,
Subaru,2020,LV1SL,BRZ tS Manual,,,
Subaru,2020,LX1CP,Crosstrek Convenience Manual,,,
Subaru,2020,LX2CP,Crosstrek Convenience CVT,,,
Subaru,2020,LX1TP,Crosstrek Touring Manual,,,
Subaru,2020,LX2TP,Crosstrek Touring CVT,,,
Subaru,2020,LX1SP,Crosstrek Sport Manual,,,
Subaru,2020,LX2SP,Crosstrek Sport CVT,,,
Subaru,2020,LX2LP,Crosstrek Limited CVT,,,
Subaru,2020,LX2PH,Crosstrek Plug-in Hybrid Limited CVT,,,
Subaru,2020,LJ225,Forester 2.5i,,,
Subaru,2020,LJ2CP,Forester 2.5i Convenience,,,
Subaru,2020,LJ2TP,Forester 2.5i Touring,,,
Subaru,2020,LJ2SP,Forester 2.5i Sport,,,
Subaru,2020,LJ2LP,Forester 2.5i Limited,,,
Subaru,2020,LJ2PP,Forester 2.5i Premier,,,
Subaru,2020,LF1CP,Impreza Convenience 4-door Manual,,,
Subaru,2020,LF2CP,Impreza Convenience 4-door Auto,,,
Subaru,2020,LF1TP,Impreza Touring 4-door Manual,,,
Subaru,2020,LF2TP,Impreza Touring 4-door Auto,,,
Subaru,2020,LF1SP,Impreza Sport 4-door Manual,,,
Subaru,2020,LF2SP,Impreza Sport 4-door Auto,,,
Subaru,2020,LF2ST,Impreza Sport-tech 4-door Auto,,,
Subaru,2020,LG1CP,Impreza Convenience 5-door Manual,,,
Subaru,2020,LG2CP,Impreza Convenience 5-door Auto,,,
Subaru,2020,LG1TP,Impreza Touring 5-door Manual,,,
Subaru,2020,LG2TP,Impreza Touring 5-door Auto,,,
Subaru,2020,LG1SP,Impreza Sport 5-door Manual,,,
Subaru,2020,LG2SP,Impreza Sport 5-door Auto,,,
Subaru,2020,LG2ST,Impreza Sport-tech 5-door Auto,,,
Subaru,2020,LA2TP,Legacy Touring CVT,,,
Subaru,2020,LA2CP,Legacy Convenience CVT,,,
Subaru,2020,LA2LP,Legacy Limited CVT,,,
Subaru,2020,LA2PP,Legacy Premier CVT,,,
Subaru,2020,LA2LG,Legacy Limited GT CVT,,,
Subaru,2020,LA2PG,Legacy Premier GT CVT,,,
Subaru,2020,LD2TP,Outback 2.5i Touring,,,
Subaru,2020,LD2LP,Outback 2.5i Limited,,,
Subaru,2020,LD2CP,Outback 2.5i Convenience,,,
Subaru,2020,LD2OX,Outback 2.4i Outdoor XT,,,
Subaru,2020,LD2PP,Outback 2.5i Premier,,,
Subaru,2020,LD2LX,Outback 2.4i Limited XT,,,
Subaru,2020,LD2PX,Outback 2.4i Premier XT,,,
Subaru,2020,LY1W0,WRX Manual,,,
Subaru,2020,LY1WS,WRX Sport Manual,,,
Subaru,2020,LY2WS,WRX Sport CVT,,,
Subaru,2020,LY1WST,WRX Sport-tech Manual,,,
Subaru,2020,LY2WST,WRX Sport-tech CVT,,,
Subaru,2020,LY1WSR,WRX Sport-tech Manual w/RS Pkg,,,
Subaru,2020,LY1S0,WRX STI Manual,,,
Subaru,2020,LY1SS,WRX STI Sport Manual,,,
Subaru,2020,LY1STW,WRX STI Sport-tech Manual w/Wing Spoiler,,,
Subaru,2020,LY1STL,WRX STI Sport-tech Manual w/Lip Spoiler,,,
Subaru,2020,LY1SL,WRX Kanrai Edition Manual,,,
Subaru,2021,MT2C8,Ascent Convenience 8-Passenger,,,
Subaru,2021,MT2T8,Ascent Touring 8-Passenger,,,
Subaru,2021,MT2T7,Ascent Touring 7-Passenger,,,
Subaru,2021,MT2L8,Ascent Limited 8-Passenger,,,
Subaru,2021,MT2L7,Ascent Limited 7-Passenger,,,
Subaru,2021,MT2PBR,Ascent Premier 7-Passenger w/Brown Leather,,,
Subaru,2021,MT2PBL,Ascent Premier 7-Passenger w/Black Leather,,,
Subaru,2021,MX1CP,Crosstrek Convenience Manual,,,
Subaru,2021,MX2CP,Crosstrek Convenience CVT,,,
Subaru,2021,MX1TP,Crosstrek Touring Manual,,,
Subaru,2021,MX2TP,Crosstrek Touring CVT,,,
Subaru,2021,MX1SP,Crosstrek Sport Manual,,,
Subaru,2021,MX2SP,Crosstrek Sport CVT,,,
Subaru,2021,MX2LP,Crosstrek Limited CVT,,,
Subaru,2021,MX2OP,Crosstrek Outdoor CVT,,,
Subaru,2021,MX2PH,Crosstrek Plug-in Hybrid Limited CVT,,,
Subaru,2021,MJ225,Forester 2.5i,,,
Subaru,2021,MJ2CP,Forester 2.5i Convenience,,,
Subaru,2021,MJ2TP,Forester 2.5i Touring,,,
Subaru,2021,MJ2SP,Forester 2.5i Sport,,,
Subaru,2021,MJ2LP,Forester 2.5i Limited,,,
Subaru,2021,MJ2PP,Forester 2.5i Premier,,,
Subaru,2021,MF1CP,Impreza Convenience 4-door Manual,,,
Subaru,2021,MF2CP,Impreza Convenience 4-door CVT w/EyeSight,,,
Subaru,2021,MF1TP,Impreza Touring 4-door Manual,,,
Subaru,2021,MF2TP,Impreza Touring 4-door CVT w/EyeSight,,,
Subaru,2021,MF1SP,Impreza Sport 4-door Manual,,,
Subaru,2021,MF2SP,Impreza Sport 4-door CVT w/EyeSight,,,
Subaru,2021,MF2ST,Impreza Sport-tech 4-door CVT w/EyeSight,,,
Subaru,2021,MG1CP,Impreza Convenience 5-door Manual,,,
Subaru,2021,MG2CP,Impreza Convenience 5-door CVT w/EyeSight,,,
Subaru,2021,MG1TP,Impreza Touring 5-door Manual,,,
Subaru,2021,MG2TP,Impreza Touring 5-door CVT w/EyeSight,,,
Subaru,2021,MG1SP,Impreza Sport 5-door Manual,,,
Subaru,2021,MG2SP,Impreza Sport 5-door CVT w/EyeSight,,,
Subaru,2021,MG2ST,Impreza Sport-tech 5-door CVT w/EyeSight,,,
Subaru,2021,MA2CP,Legacy Touring CVT,,,
Subaru,2021,MA2TP,Legacy Convenience CVT,,,
Subaru,2021,MA2LP,Legacy Limited CVT,,,
Subaru,2021,MA2PP,Legacy Premier CVT,,,
Subaru,2021,MA2LG,Legacy Limited GT CVT,,,
Subaru,2021,MA2PG,Legacy Premier GT CVT,,,
Subaru,2021,MD2CP,Outback 2.5i Convenience,,,
Subaru,2021,MD2TP,Outback 2.5i Touring,,,
Subaru,2021,MD2OX,Outback 2.4i Outdoor XT,,,
Subaru,2021,MD2LP,Outback 2.5i Limited,,,
Subaru,2021,MD2PP,Outback 2.5i Premier,,,
Subaru,2021,MD2LX,Outback 2.4i Limited XT,,,
Subaru,2021,MD2PX,Outback 2.4i Premier XT,,,
Subaru,2021,MY1S0,WRX STI Manual,,,
Subaru,2021,MY1SS,WRX STI Sport Manual,,,
Subaru,2021,MY1STW,WRX STI Sport-tech Manual w/Wing Spoiler,,,
Subaru,2021,MY1STL,WRX STI Sport-tech Manual w/Lip Spoiler,,,
Subaru,2021,MY1W0,WRX Manual,,,
Subaru,2021,MY1WS,WRX Sport Manual,,,
Subaru,2021,MY2WS,WRX Sport CVT,,,
Subaru,2021,MY1WST,WRX Sport-tech Manual,,,
Subaru,2021,MY2WST,WRX Sport-tech CVT,,,
Subaru,2022,NT2C8,Ascent Convenience 8-Passenger,,,
Subaru,2022,NT2T8,Ascent Touring 8-Passenger,,,
Subaru,2022,NT2T7,Ascent Touring 7-Passenger,,,
Subaru,2022,NT2L8,Ascent Limited 8-Passenger,,,
Subaru,2022,NT2L7,Ascent Limited 7-Passenger,,,
Subaru,2022,NT2X7,Ascent Onyx 7-Passenger,,,
Subaru,2022,NT2P7,Ascent Premier 7-Passenger,,,
Subaru,2022,NV100,BRZ Manual,,,
Subaru,2022,NV2ST,BRZ Sport-tech Auto,,,
Subaru,2022,NV200,BRZ Auto,,,
Subaru,2022,NV1ST,BRZ Sport-tech Manual,,,
Subaru,2022,NX1CP,Crosstrek Convenience Manual,,,
Subaru,2022,NX2CP,Crosstrek Convenience CVT,,,
Subaru,2022,NX1TP,Crosstrek Touring Manual,,,
Subaru,2022,NX2TP,Crosstrek Touring CVT,,,
Subaru,2022,NX1SP,Crosstrek Sport Manual,,,
Subaru,2022,NX2SP,Crosstrek Sport CVT,,,
Subaru,2022,NX2LP,Crosstrek Limited CVT,,,
Subaru,2022,NX2OP,Crosstrek Outdoor CVT,,,
Subaru,2022,NX2PH,Crosstrek Plug-in Hybrid Limited CVT,,,
Subaru,2022,NJ225,Forester CVT,,,
Subaru,2022,NJ2CP,Forester Convenience CVT,,,
Subaru,2022,NJ2TP,Forester Touring CVT,,,
Subaru,2022,NJ2SP,Forester Sport CVT,,,
Subaru,2022,NJ2LP,Forester Limited CVT,,,
Subaru,2022,NJ2PP,Forester Premier CVT,,,
Subaru,2022,NJ2WP,Forester Wilderness CVT,,,
Subaru,2022,NF2CP,Impreza Convenience 4-door CVT w/EyeSight,,,
Subaru,2022,NF2TP,Impreza Touring 4-door CVT w/EyeSight,,,
Subaru,2022,NF2SP,Impreza Sport 4-door CVT w/EyeSight,,,
Subaru,2022,NF2ST,Impreza Sport-tech 4-door CVT w/EyeSight,,,
Subaru,2022,NG1CP,Impreza Convenience 5-door Manual,,,
Subaru,2022,NG2CP,Impreza Convenience 5-door CVT w/EyeSight,,,
Subaru,2022,NG1TP,Impreza Touring 5-door Manual,,,
Subaru,2022,NG2TP,Impreza Touring 5-door CVT w/EyeSight,,,
Subaru,2022,NG1SP,Impreza Sport 5-door Manual,,,
Subaru,2022,NG2SP,Impreza Sport 5-door CVT w/EyeSight,,,
Subaru,2022,NG2ST,Impreza Sport-tech 5-door CVT w/EyeSight,,,
Subaru,2022,NA2CP,Legacy Convenience CVT,,,
Subaru,2022,NA2TP,Legacy Touring CVT,,,
Subaru,2022,NA2LP,Legacy Limited CVT,,,
Subaru,2022,NA2LG,Legacy Limited GT CVT,,,
Subaru,2022,NA2PG,Legacy Premier GT CVT,,,
Subaru,2022,ND2CP,Outback Convenience CVT,,,
Subaru,2022,ND2TP,Outback Touring CVT,,,
Subaru,2022,ND2LP,Outback Limited CVT,,,
Subaru,2022,ND2PP,Outback Premier CVT,,,
Subaru,2022,ND2LX,Outback Limited XT CVT,,,
Subaru,2022,ND2PX,Outback Premier XT CVT,,,
Subaru,2022,ND2WX,Outback Wilderness CVT,,,
Subaru,2022,NY1W0,WRX Manual,,,
Subaru,2022,NY1WS,WRX Sport Manual,,,
Subaru,2022,NY2WS,WRX Sport CVT,,,
Subaru,2022,NY1WST,WRX Sport-tech Manual,,,
Subaru,2022,NY2WST,WRX Sport-tech CVT,,,
Subaru,2023,PTAC8,Ascent Convenience 8-Passenger,,,
Subaru,2023,PTAT8,Ascent Touring 8-Passenger,,,
Subaru,2023,PTAT7,Ascent Touring 7-Passenger,,,
Subaru,2023,PTAX7,Ascent Onyx 7-Passenger,,,
Subaru,2023,PTAL8,Ascent Limited 8-Passenger,,,
Subaru,2023,PTAL7,Ascent Limited 7-Passenger,,,
Subaru,2023,PTAP7,Ascent Premier 7-Passenger,,,
Subaru,2023,PVM00,BRZ Manual,,,
Subaru,2023,PVA00,BRZ Auto,,,
Subaru,2023,PVMST,BRZ Sport-tech Manual,,,
Subaru,2023,PVAST,BRZ Sport-tech Auto,,,
Subaru,2023,PXMCP,Crosstrek Convenience Manual,,,
Subaru,2023,PXACP,Crosstrek Convenience CVT,,,
Subaru,2023,PXMTP,Crosstrek Touring Manual,,,
Subaru,2023,PXATP,Crosstrek Touring CVT,,,
Subaru,2023,PXAOP,Crosstrek Outdoor CVT,,,
Subaru,2023,PXMSP,Crosstrek Sport Manual,,,
Subaru,2023,PXASP,Crosstrek Sport CVT,,,
Subaru,2023,PXALP,Crosstrek Limited CVT,,,
Subaru,2023,PXAPH,Crosstrek Plug-in Hybrid Limited CVT,,,
Subaru,2023,PJA25,Forester CVT,,,
Subaru,2023,PJATP,Forester Touring CVT,,,
Subaru,2023,PJASP,Forester Sport CVT,,,
Subaru,2023,PJAWP,Forester Wilderness CVT,,,
Subaru,2023,PJALP,Forester Limited CVT,,,
Subaru,2023,PJAPP,Forester Premier CVT,,,
Subaru,2023,PGMCP,Impreza Convenience 5-door Manual,,,
Subaru,2023,PGACP,Impreza Convenience 5-door CVT w/EyeSight,,,
Subaru,2023,PGMTP,Impreza Touring 5-door Manual,,,
Subaru,2023,PGATP,Impreza Touring 5-door CVT w/EyeSight,,,
Subaru,2023,PGMSP,Impreza Sport 5-door Manual,,,
Subaru,2023,PGASP,Impreza Sport 5-door CVT w/EyeSight,,,
Subaru,2023,PGAST,Impreza Sport-tech 5-door CVT w/EyeSight,,,
Subaru,2023,PAATP,Legacy Touring CVT,,,
Subaru,2023,PAALP,Legacy Limited CVT,,,
Subaru,2023,PAAGT,Legacy GT CVT,,,
Subaru,2023,PDACP,Outback Convenience CVT,,,
Subaru,2023,PDATP,Outback Touring CVT,,,
Subaru,2023,PDALP,Outback Limited CVT,,,
Subaru,2023,PDAWX,Outback Wilderness CVT,,,
Subaru,2023,PDALX,Outback Limited XT CVT,,,
Subaru,2023,PDAPX,Outback Premier XT CVT,,,
Subaru,2023,PDAOP,Outback Onyx CVT,,,
Subaru,2023,PUEAWD,Solterra AWD,,,
Subaru,2023,PUEALX,Solterra AWD w/Luxury Package,,,
Subaru,2023,PUEATC,Solterra AWD w/Technology Package,,,
Subaru,2023,PYMW0,WRX Manual,,,
Subaru,2023,PYMWS,WRX Sport Manual,,,
Subaru,2023,PYAWS,WRX Sport CVT,,,
Subaru,2023,PYMWST,WRX Sport-tech Manual,,,
Subaru,2023,PYAWST,WRX Sport-tech CVT,,,
Subaru,2024,RGACP,IMPREZA Convenience,,,
Subaru,2024,RGATP,IMPREZA Touring,,,
Subaru,2024,RGARS,IMPREZA RS,,,
Subaru,2024,RGAST,IMPREZA Sport-tech,,,
Subaru,2024,RYMW0,WRX MT,,,
Subaru,2024,RYMWS,WRX Sport MT,,,
Subaru,2024,RYAWS,WRX Sport with SPT,,,
Subaru,2024,RYMRS,WRX RS MT,,,
Subaru,2024,RYMWST,WRX Sport-Tech MT,,,
Subaru,2024,RYAGT,WRX GT with SPT,,,
Subaru,2024,RJA25,FORESTER Forester,,,
Subaru,2024,RJATP,FORESTER Touring,,,
Subaru,2024,RJASP,FORESTER Sport,,,
Subaru,2024,RJALP,FORESTER Limited,,,
Subaru,2024,RJAPP,FORESTER Premier,,,
Subaru,2024,RJAWP,FORESTER Wilderness,,,
Subaru,2024,RXACP,CROSSTREK Convenience,,,
Subaru,2024,RXATP,CROSSTREK Touring,,,
Subaru,2024,RXAOP,CROSSTREK Onyx,,,
Subaru,2024,RXALP,CROSSTREK Limited,,,
Subaru,2024,RXAWP,CROSSTREK Wilderness,,,
Subaru,2024,RUEAWD,SOLTERRA AWD,,,
Subaru,2024,RUEALX,SOLTERRA AWD w/ Luxury Pkg,,,
Subaru,2024,RUEATC,SOLTERRA AWD w/ Technology Pkg,,,
Subaru,2024,RAAGT,Legacy GT,,,
Subaru,2024,RVM00,BRZ MT,,,
Subaru,2024,RVMST,BRZ Sport-tech MT,,,
Subaru,2024,RVMTS,BRZ tS MT,,,
Subaru,2024,RVAST,BRZ Sport-tech (6AT),,,
Subaru,2024,RDACP,OUTBACK Convenience,,,
Subaru,2024,RDATP,OUTBACK Touring,,,
Subaru,2024,RDAOP,OUTBACK Onyx,,,
Subaru,2024,RDALP,OUTBACK Limited,,,
Subaru,2024,RDALX,OUTBACK Limited XT,,,
Subaru,2024,RDAPX,OUTBACK Premier XT,,,
Subaru,2024,RDAWX,OUTBACK Wilderness,,,
Subaru,2024,RTAC8,ASCENT Convenience,,,
Subaru,2024,RTAT8,ASCENT Touring 8-pass,,,
Subaru,2024,RTAT7,ASCENT Touring with Captains Chairs,,,
Subaru,2024,RTAX7,ASCENT Onyx,,,
Subaru,2024,RTAL8,ASCENT Limited 8-pass,,,
Subaru,2024,RTAL7,ASCENT Limited with Captains Chairs,,,
Subaru,2024,RTAP7,ASCENT Premier,,,
Subaru,2025,SGACP,IMPREZA Convenience,,,
Subaru,2025,SGATP,IMPREZA Touring,,,
Subaru,2025,SGARS,IMPREZA RS,,,
Subaru,2025,SGAST,IMPREZA Sport-tech,,,
Subaru,2025,SJACP,FORESTER Convenience,,,
Subaru,2025,SJATP,FORESTER Touring,,,
Subaru,2025,SJASP,FORESTER Sport,,,
Subaru,2025,SJALP,FORESTER Limited,,,
Subaru,2025,SJAPP,FORESTER Premier,,,
Subaru,2025,SJAWP,FORESTER Wilderness,,,
Subaru,2025,SXACP,CROSSTREK Convenience,,,
Subaru,2025,SXATP,CROSSTREK Touring,,,
Subaru,2025,SXAOP,CROSSTREK Onyx,,,
Subaru,2025,SXALP,CROSSTREK Limited,,,
Subaru,2025,SXAWP,CROSSTREK Wilderness,,,
Subaru,2025,SVM00,BRZ BRZ (MT),,,
Subaru,2025,SVAST,BRZ Sport-tech (6AT),,,
Subaru,2025,SVMTS,BRZ tS (MT),,,
Subaru,2025,SDACP,OUTBACK Convenience,,,
Subaru,2025,SDATP,OUTBACK Touring,,,
Subaru,2025,SDAOP,OUTBACK Onyx,,,
Subaru,2025,SDALP,OUTBACK Limited,,,
Subaru,2025,SDALX,OUTBACK Limited XT,,,
Subaru,2025,SDAPX,OUTBACK Premier XT,,,
Subaru,2025,SDAWX,OUTBACK Wilderness,,,
Subaru,2025,STAC8,ASCENT Convenience,,,
Subaru,2025,STAT7,ASCENT Touring,,,
Subaru,2025,STAX7,ASCENT Onyx,,,
Subaru,2025,STAL8,ASCENT Limited,,,
Subaru,2025,STAS7,ASCENT Sport,,,
Subaru,2025,STAP7,ASCENT Premier,,,
Subaru,2025,SYMWS,WRX Sport 6MT,,,
Subaru,2025,SYAWS,WRX Sport with SPT,,,
Subaru,2025,SYMWST,WRX Sport-Tech 6MT,,,
Subaru,2025,SYAGT,WRX GT with SPT,,,
Subaru,2025,SYMTS,WRX tS 6MT,,,
Subaru,2025,SVMSE,BRZ Murasaki Edition,,,
Subaru,2025,SJAHPP,FORESTER e-BOXER Hybrid Premier,,,
Subaru,2026,TGACP,IMPREZA Convenience,,,
Subaru,2026,TGATP,IMPREZA Touring,,,
Subaru,2026,TGARS,IMPREZA RS,,,
Subaru,2026,TJACP,FORESTER Convenience,,,
Subaru,2026,TJATP,FORESTER Touring,,,
Subaru,2026,TJASP,FORESTER Sport,,,
Subaru,2026,TJALP,FORESTER Limited,,,
Subaru,2026,TJAPP,FORESTER Premier,,,
Subaru,2026,TJAWP,FORESTER Wilderness,,,
Subaru,2026,TJAHPP,FORESTER Hybrid Premier,,,
Subaru,2026,TXACP,CROSSTREK Convenience,,,
Subaru,2026,TXATP,CROSSTREK Touring,,,
Subaru,2026,TXAOP,CROSSTREK Onyx,,,
Subaru,2026,TXALP,CROSSTREK Limited,,,
Subaru,2026,TXAHLP,CROSSTREK e-BOXER Hybrid Limited,,,
Subaru,2026,TDATP,OUTBACK Touring,,,
Subaru,2026,TDALX,OUTBACK Limited XT,,,
Subaru,2026,TDAPX,OUTBACK Premier XT,,,
Subaru,2026,TDAWX,OUTBACK Wilderness,,,
Subaru,2026,TUEAB,SOLTERRA AWD,,,
Subaru,2026,TUEABB,SOLTERRA AWD - Black Cladding,,,
Subaru,2026,TUEAL,SOLTERRA Luxury,,,
Subaru,2026,TUEALB,SOLTERRA Luxury - Black Cladding,,,
Subaru,2026,TUEAT,SOLTERRA Technology,,,
Subaru,2026,TUEATB,SOLTERRA Technology - Black Cladding,,,
Subaru,2026,TVM00,BRZ (MT),,,
Subaru,2026,TVAST,BRZ Sport-tech (6AT),,,
Subaru,2026,TVMTS,BRZ tS (MT),,,
Subaru,2026,TVMSE,BRZ Kaminari Edition (MT),,,
Subaru,2026,TYMWS,WRX Sport,,,
Subaru,2026,TYMWST,WRX Sport-Tech,,,
Subaru,2026,TYAGT,WRX GT,,,
Subaru,2026,TYMTS,WRX tS,,,
Subaru,2026,TYMSE,WRX Kaminari Edition,,,
Subaru,2026,T4EFWD,UNCHARTED FWD,,,
Subaru,2026,T4EFLR,UNCHARTED FWD LR,,,
Subaru,2026,T4EASP,UNCHARTED Sport,,,
Subaru,2026,T4EAGT,UNCHARTED GT,,,
Subaru,2026,T2EATP,TRAILSEEKER Touring,,,
Subaru,2026,T2EALP,TRAILSEEKER Limited,,,
Subaru,2026,T2EAPP,TRAILSEEKER Premier,,,
Toyota,2025,BPRBEC,COROLLA L CVT,,,A
Toyota,2025,BPRBLC,COROLLA LE CVT,,,A
Toyota,2025,BPRBLC,COROLLA LE CVT,,,B
Toyota,2025,B4RBSC,COROLLA SE CVT,,,A
Toyota,2025,B4RBSC,COROLLA SE CVT,,,B
Toyota,2025,B4RBXC,COROLLA XSE CVT,,,A
Toyota,2025,BCMFEC,COROLLA HYBRID Hybrid LE,,,A
Toyota,2025,BCMHEC,COROLLA HYBRID Hybrid LE AWD,,,A
Toyota,2025,BSMHEC,COROLLA HYBRID Hybrid SE,,,A
Toyota,2025,BXMHEC,COROLLA HYBRID Hybrid XSE,,,A
Toyota,2025,K4RBEC,COROLLA HATCHBACK Corolla Hatchback,,,A
Toyota,2025,K4RBEC,COROLLA HATCHBACK Corolla Hatchback,,,B
Toyota,2025,K4RBEC,COROLLA HATCHBACK Corolla Hatchback,,,D
Toyota,2025,K4RBEC,COROLLA HATCHBACK Corolla Hatchback,,,C
Toyota,2025,ABAAEM,GR COROLLA Manual,,,A
Toyota,2025,ABAAEM,GR COROLLA Manual,,,B
Toyota,2025,ABAAET,GR COROLLA Automatic,,,B
Toyota,2025,DAACKC,CAMRY HYBRID SE CVT,,,A
Toyota,2025,DAACKC,CAMRY HYBRID SE CVT,,,B
Toyota,2025,DBADSC,CAMRY HYBRID XSE CVT AWD,,,B
Toyota,2025,DBADKC,CAMRY HYBRID SE Upgrade CVT AWD,,,B
Toyota,2025,DBADLC,CAMRY HYBRID XLE CVT AWD,,,B
Toyota,2025,ZNBB6M,GR86 Manual,,,A
Toyota,2025,ZNBE6M,GR86 Premium Manual,,,A
Toyota,2025,ZNBF6T,GR86 Premium Auto,,,A
Toyota,2025,ZNBM6M,GR86 HAKONE Edition Manual,,,A
Toyota,2025,DB0C0T,GR SUPRA 3.0 Coupe,,,B
Toyota,2025,DB0D0M,GR SUPRA 3.0T Coupe,,,B
Toyota,2025,LA5AAT,TUNDRA 4X2 4x2 Double Cab SR,,,A
Toyota,2025,LA5CDT,TUNDRA 4X2 4x2 Double Cab SR Long Bed,,,A
Toyota,2025,LA5DAT,TUNDRA 4X4 4x4 Double Cab SR,,,A
Toyota,2025,LA5DAT,TUNDRA 4X4 4x4 Double Cab SR,,,B
Toyota,2025,LA5DAT,TUNDRA 4X4 4x4 Double Cab SR,,,C
Toyota,2025,LA5DAT,TUNDRA 4X4 4x4 Double Cab SR,,,E
Toyota,2025,LA5GDT,TUNDRA 4X4 4x4 Double Cab SR5 Long Bed,,,B
Toyota,2025,LA5GDT,TUNDRA 4X4 4x4 Double Cab SR5 Long Bed,,,C
Toyota,2025,LA5GDT,TUNDRA 4X4 4x4 Double Cab SR5 Long Bed,,,E
Toyota,2025,LA5DBT,TUNDRA 4X4 4x4 Crewmax SR,,,A
Toyota,2025,LA5DBT,TUNDRA 4X4 4x4 Crewmax SR,,,B
Toyota,2025,LA5DBT,TUNDRA 4X4 4x4 Crewmax SR,,,C
Toyota,2025,LA5DBT,TUNDRA 4X4 4x4 Crewmax SR,,,S
Toyota,2025,JA5DBT,TUNDRA 4X4 4x4 Crewmax Limited,,,A
Toyota,2025,JA5DBT,TUNDRA 4X4 4x4 Crewmax Limited,,,B
Toyota,2025,NA5DBT,TUNDRA 4X4 4x4 Crewmax Platinum,,,A
Toyota,2025,NA5DBT,TUNDRA 4X4 4x4 Crewmax Platinum,,,B
Toyota,2025,NA5DBT,TUNDRA 4X4 4x4 Crewmax Platinum,,,E
Toyota,2025,NA5DBT,TUNDRA 4X4 4x4 Crewmax Platinum,,,F
Toyota,2025,LA5ECT,TUNDRA 4X4 4x4 Crewmax SR5 Long Bed,,,B
Toyota,2025,LA5ECT,TUNDRA 4X4 4x4 Crewmax SR5 Long Bed,,,C
Toyota,2025,LA5ECT,TUNDRA 4X4 4x4 Crewmax SR5 Long Bed,,,E
Toyota,2025,JA5ECT,TUNDRA 4X4 4x4 Crewmax Limited Long Bed,,,A
Toyota,2025,JA5ECT,TUNDRA 4X4 4x4 Crewmax Limited Long Bed,,,B
Toyota,2025,NA5ECT,TUNDRA 4X4 4x4 Crewmax Platinum Long Bed,,,A
Toyota,2025,NA5ECT,TUNDRA 4X4 4x4 Crewmax Platinum Long Bed,,,B
Toyota,2025,NA5ECT,TUNDRA 4X4 4x4 Crewmax Platinum Long Bed,,,E
Toyota,2025,NA5ECT,TUNDRA 4X4 4x4 Crewmax Platinum Long Bed,,,F
Toyota,2025,JC5DBT,TUNDRA i-FORCE MAX 4x4 Crewmax Limited Hybrid,,,A
Toyota,2025,JC5DBT,TUNDRA i-FORCE MAX 4x4 Crewmax Limited Hybrid,,,B
Toyota,2025,JC5DBT,TUNDRA i-FORCE MAX 4x4 Crewmax Limited Hybrid,,,T
Toyota,2025,NC5DBT,TUNDRA i-FORCE MAX 4x4 Crewmax Platinum Hybrid,,,A
Toyota,2025,NC5DBT,TUNDRA i-FORCE MAX 4x4 Crewmax Platinum Hybrid,,,B
Toyota,2025,NC5DBT,TUNDRA i-FORCE MAX 4x4 Crewmax Platinum Hybrid,,,C
Toyota,2025,NC5DBT,TUNDRA i-FORCE MAX 4x4 Crewmax Platinum Hybrid,,,D
Toyota,2025,VC5DBT,TUNDRA i-FORCE MAX 4x4 Crewmax Capstone Hybrid,,,A
Toyota,2025,VC5DBT,TUNDRA i-FORCE MAX 4x4 Crewmax Capstone Hybrid,,,B
Toyota,2025,JC5ECT,TUNDRA i-FORCE MAX 4x4 Crewmax Limited Hybrid Long Bed,,,A
Toyota,2025,JC5ECT,TUNDRA i-FORCE MAX 4x4 Crewmax Limited Hybrid Long Bed,,,B
Toyota,2025,B1RFVT,RAV4 LE AWD,,,A
Toyota,2025,R1RFVT,RAV4 XLE AWD,,,A
Toyota,2025,R1RFVT,RAV4 XLE AWD,,,B
Toyota,2025,J1RFVT,RAV4 Trail AWD,,,A
Toyota,2025,D1RFVT,RAV4 Limited AWD,,,A
Toyota,2025,BWRFVC,RAV4 HYBRID Hybrid LE,,,A
Toyota,2025,RWRFVC,RAV4 HYBRID Hybrid XLE,,,A
Toyota,2025,RWRFVC,RAV4 HYBRID Hybrid XLE,,,B
Toyota,2025,RWRFVC,RAV4 HYBRID Hybrid XLE,,,C
Toyota,2025,SWRFVC,RAV4 HYBRID Hybrid SE,,,A
Toyota,2025,XWRFVC,RAV4 HYBRID Hybrid XSE,,,A
Toyota,2025,XWRFVC,RAV4 HYBRID Hybrid XSE,,,B
Toyota,2025,DWRFVC,RAV4 HYBRID Hybrid Limited,,,A
Toyota,2025,GB3FVT,RAV4 PLUG-IN HYBRID SE AWD,,,A
Toyota,2025,GB4FVT,RAV4 PLUG-IN HYBRID XSE AWD,,,A
Toyota,2025,GB4FVT,RAV4 PLUG-IN HYBRID XSE AWD,,,B
Toyota,2025,GZRBHT,HIGHLANDER XLE AWD,,,A
Toyota,2025,LZRBHT,HIGHLANDER XSE AWD,,,A
Toyota,2025,DZRBHT,HIGHLANDER Limited AWD,,,A
Toyota,2025,DZRBHT,HIGHLANDER Limited AWD,,,B
Toyota,2025,BBRCHC,HIGHLANDER HYBRID Hybrid LE AWD,,,A
Toyota,2025,GBRCHC,HIGHLANDER HYBRID Hybrid XLE AWD,,,A
Toyota,2025,GBRCHC,HIGHLANDER HYBRID Hybrid XLE AWD,,,S
Toyota,2025,DBRCHC,HIGHLANDER HYBRID Hybrid Limited AWD,,,A
Toyota,2025,DBRCHC,HIGHLANDER HYBRID Hybrid Limited AWD,,,B
Toyota,2025,CWNAFC,CROWN Limited CVT,,,B
Toyota,2025,CWNAFP,CROWN Platinum Auto,,,A
Toyota,2025,ACAAJC,CROWN SIGNIA Limited AWD,,,A
Toyota,2025,ACAAJC,CROWN SIGNIA Limited AWD,,,B
Toyota,2025,BLCAJA,LAND CRUISER 1958 4WD,,,A
Toyota,2025,WLCAJA,LAND CRUISER 4WD,,,B
Toyota,2025,WLCAJA,LAND CRUISER 4WD,,,E
Toyota,2025,BYYSGT,SEQUOIA HYBRID TRD Off Road,,,B
Toyota,2025,BYYLGT,SEQUOIA HYBRID Limited,,,A
Toyota,2025,BYYLGT,SEQUOIA HYBRID Limited,,,T
Toyota,2025,BYYPGT,SEQUOIA HYBRID Platinum,,,A
Toyota,2025,BYYPGT,SEQUOIA HYBRID Platinum,,,B
Toyota,2025,BYYPGT,SEQUOIA HYBRID Platinum,,,C
Toyota,2025,BYYPGT,SEQUOIA HYBRID Platinum,,,D
Toyota,2025,GRKE1C,SIENNA HYBRID LE 8-Passenger FWD,,,A
Toyota,2025,GRKE1C,SIENNA HYBRID LE 8-Passenger FWD,,,M
Toyota,2025,GRKE1C,SIENNA HYBRID LE 8-Passenger FWD,,,V
Toyota,2025,GRKE2C,SIENNA HYBRID XLE 8-Passenger FWD,,,M
Toyota,2025,GRKE2C,SIENNA HYBRID XLE 8-Passenger FWD,,,V
Toyota,2025,GRKE2C,SIENNA HYBRID XLE 8-Passenger FWD,,,A
Toyota,2025,GRKE3C,SIENNA HYBRID XSE 7-Passenger FWD,,,A
Toyota,2025,JRKE1C,SIENNA HYBRID LE 8-Passenger AWD,,,A
Toyota,2025,JRKE1C,SIENNA HYBRID LE 8-Passenger AWD,,,V
Toyota,2025,JRKE3C,SIENNA HYBRID XSE 7-Passenger AWD,,,A
Toyota,2025,JRKE3C,SIENNA HYBRID XSE 7-Passenger AWD,,,B
Toyota,2025,JRKE3C,SIENNA HYBRID XSE 7-Passenger AWD,,,V
Toyota,2025,JRKE4C,SIENNA HYBRID Limited 7-Passenger AWD,,,A
Toyota,2025,JRKE4C,SIENNA HYBRID Limited 7-Passenger AWD,,,B
Toyota,2025,BZAAAE,bZ4X LE FWD,,,A
Toyota,2025,BZABAE,bZ4X XLE AWD,,,A
Toyota,2025,BZABAE,bZ4X XLE AWD,,,B
Toyota,2025,BZBAAE,bZ4X LE AWD,,,A
Toyota,2025,AAAAGC,Corolla Cross L FWD,,,A
Toyota,2025,CAAAGC,Corolla Cross LE FWD,,,A
Toyota,2025,AAABGC,Corolla Cross L AWD,,,A
Toyota,2025,CAABGC,Corolla Cross LE AWD,,,A
Toyota,2025,CAABGC,Corolla Cross LE AWD,,,B
Toyota,2025,DAABGC,Corolla Cross XLE AWD,,,A
Toyota,2025,FBABGC,Corolla Cross Hybrid SE AWD,,,A
Toyota,2025,FBACGC,Corolla Cross Hybrid XSE AWD,,,A
Toyota,2025,BYYSGT,SEQUOIA HYBRID TRD Off Road,,,A
Toyota,2025,LB5JNM,Tacoma 4x4 Double Cab Manual SB,,,B
Toyota,2025,LB5JNM,Tacoma 4x4 Double Cab Manual SB,,,E
Toyota,2025,LB5JNA,Tacoma 4x4 Double Cab Auto SB,,,C
Toyota,2025,LB5JNA,Tacoma 4x4 Double Cab Auto,,,A
Toyota,2025,LB5JNA,Tacoma 4x4 Double Cab Auto,,,B
Toyota,2025,LB5JNA,Tacoma 4x4 Double Cab Auto,,,D
Toyota,2025,LB5JNA,Tacoma 4x4 Double Cab Auto,,,E
Toyota,2025,LB5JNA,Tacoma 4x4 Double Cab Auto,,,F
Toyota,2025,LC5LNA,Tacoma i-FORCE MAX 4x4 Double Cab Auto SB Hybrid,,,A
Toyota,2025,LC5LNA,Tacoma  i-FORCE MAX 4x4 Double Cab Auto SB Hybrid,,,B
Toyota,2025,LC5LNA,Tacoma  i-FORCE MAX 4x4 Double Cab Auto SB Hybrid,,,M
Toyota,2025,LC5LNA,Tacoma i-FORCE MAX 4x4 Double Cab Auto SB Hybrid,,,C
Toyota,2025,LC5LNA,Tacoma i-FORCE MAX 4x4 Double Cab Auto Hybrid,,,H
Toyota,2025,VA5BRT,4RUNNER 4WD,,,A
Toyota,2025,VA5BRT,4RUNNER 4WD,,,B
Toyota,2025,VA5BRT,4RUNNER 4WD,,,C
Toyota,2025,VA5BRT,4RUNNER 4WD,,,E
Toyota,2025,VB5BRT,4RUNNER HYBRID 4WD,,,C
Toyota,2025,VB5BRT,4RUNNER HYBRID 4WD,,,P
Toyota,2025,VB5BRT,4RUNNER HYBRID 4WD,,,T
Toyota,2025,VB5BRT,4RUNNER HYBRID 4WD,,,H
Toyota,2025,ADABUC,PRIUS Limited AWD-e,,,A
Toyota,2025,ADAAUC,PRIUS XLE AWD-e,,,A
Toyota,2025,ACAAUC,PRIUS PLUG-IN HYBRID SE Auto,,,A
Toyota,2025,ACABUC,PRIUS PLUG-IN HYBRID XSE Auto,,,A
Toyota,2025,ACACUC,PRIUS PLUG-IN HYBRID XSE Premium Auto,,,A
Toyota,2025,AMIRAS,MIRAI XLE,,,A
Toyota,2025,GGHABA,GRAND HIGHLANDER XLE AWD,,,A
Toyota,2025,LGHABA,GRAND HIGHLANDER Limited AWD,,,A
Toyota,2025,GGHACC,GRAND HIGHLANDER Hybrid XLE AWD,,,A
Toyota,2025,LGHACC,GRAND HIGHLANDER Hybrid Limited AWD,,,A
Toyota,2025,LGHACC,GRAND HIGHLANDER Hybrid Limited AWD,,,B
Toyota,2025,DGHADA,GRAND HIGHLANDER Hybrid Platinum MAX AWD,,,A
Toyota,2025,VA5BRT,4RUNNER 4WD,,,F
Toyota,2025,VB5BRT,4RUNNER HYBRID 4WD,,,Q
Toyota,2025,DB0C0T,GR SUPRA 3.0 Coupe,,,A
Toyota,2025,DB0D0M,GR SUPRA 3.0T Coupe,,,A
Toyota,2025,LC5LNA,Tacoma 4x4 Double Cab Auto SB Hybrid,,,T
Toyota,2024,ADAAUC,PRIUS XLE,,,A
Toyota,2024,ADABUC,PRIUS Limited,,,A
Toyota,2024,ACAAUC,PRIUS PRIME SE,,,A
Toyota,2024,ACABUC,PRIUS PRIME XSE,,,A
Toyota,2024,ACACUC,PRIUS PRIME XSE Premium,,,A
Toyota,2024,BPRBEC,COROLLA L,,,A
Toyota,2024,BPRBLC,COROLLA LE,,,A
Toyota,2024,BPRBLC,COROLLA LE,,,B
Toyota,2024,B4RBSC,COROLLA SE,,,A
Toyota,2024,B4RBSC,COROLLA SE,,,B
Toyota,2024,B4RBXC,COROLLA XSE,,,A
Toyota,2024,BCMFEC,COROLLA HYBRID LE FWD,,,A
Toyota,2024,BCMHEC,COROLLA HYBRID LE AWD,,,A
Toyota,2024,BSMHEC,COROLLA HYBRID SE,,,A
Toyota,2024,BXMHEC,COROLLA HYBRID XSE,,,A
Toyota,2024,ABAAEM,GR COROLLA Core AWD,,,A
Toyota,2024,ABAAEM,GR COROLLA Core AWD,,,B
Toyota,2024,ZNBB6M,GR86 Manual,,,A
Toyota,2024,ZNBC6T,GR86 Auto,,,A
Toyota,2024,ZNBE6M,GR86 Premium Manual,,,A
Toyota,2024,ZNBF6T,GR86 Premium Auto,,,A
Toyota,2024,ZNBM6M,GR86 TRUENO Edition,,,A
Toyota,2024,CWNAFC,CROWN Limited CVT,,,B
Toyota,2024,CWNAFP,CROWN Platinum Auto,,,A
Toyota,2024,DB2C0T,GR SUPRA 2.0 Coupe,,,B
Toyota,2024,DB2C0T,GR SUPRA 2.0 Coupe,,,X
Toyota,2024,DB0C0T,GR SUPRA 3.0 Coupe,,,B
Toyota,2024,DB0D0M,GR SUPRA 3.0T Coupe,,,B
Toyota,2024,DB0D0M,GR SUPRA 3.0T Coupe,,,S
Toyota,2024,LA5AAT,TUNDRA 4X2 4x2 Double Cab SR,,,A
Toyota,2024,LA5CDT,TUNDRA 4X2 4x2 Double Cab SR Long Bed,,,A
Toyota,2024,LB5JNM,TACOMA 4X4 4x4 Double Cab Manual SB,,,B
Toyota,2024,LB5JNM,TACOMA 4X4 4x4 Double Cab Manual SB,,,E
Toyota,2024,LB5JNA,TACOMA 4X4 4x4 Double Cab Auto SB,,,C
Toyota,2024,LB5JNA,TACOMA 4X4 4x4 Double Cab Auto,,,A
Toyota,2024,LB5JNA,TACOMA 4X4 4x4 Double Cab Auto,,,B
Toyota,2024,LB5JNA,TACOMA 4X4 4x4 Double Cab Auto,,,D
Toyota,2024,LB5JNA,TACOMA 4X4 4x4 Double Cab Auto,,,E
Toyota,2024,LB5JNA,TACOMA 4X4 4x4 Double Cab Auto,,,F
Toyota,2024,LC5LNA,TACOMA i-FORCE MAX 4x4 Double Cab Auto SB Hybrid,,,A
Toyota,2024,LC5LNA,TACOMA i-FORCE MAX 4x4 Double Cab Auto SB Hybrid,,,B
Toyota,2024,LC5LNA,TACOMA i-FORCE MAX 4x4 Double Cab Auto SB Hybrid,,,T
Toyota,2024,LC5LNA,TACOMA i-FORCE MAX 4x4 Double Cab Auto Hybrid,,,H
Toyota,2024,LA5DAT,TUNDRA 4X4 4x4 Double Cab SR,,,A
Toyota,2024,LA5DAT,TUNDRA 4X4 4x4 Double Cab SR,,,B
Toyota,2024,LA5DAT,TUNDRA 4X4 4x4 Double Cab SR,,,C
Toyota,2024,LA5DAT,TUNDRA 4X4 4x4 Double Cab SR,,,D
Toyota,2024,LA5DAT,TUNDRA 4X4 4x4 Double Cab SR,,,E
Toyota,2024,JA5DAT,TUNDRA 4X4 4x4 Double Cab Limited,,,A
Toyota,2024,JA5DAT,TUNDRA 4X4 4x4 Double Cab Limited,,,B
Toyota,2024,LA5GDT,TUNDRA 4X4 4x4 Double Cab SR5 Long Bed,,,B
Toyota,2024,LA5DBT,TUNDRA 4X4 4x4 Crewmax SR,,,A
Toyota,2024,LA5DBT,TUNDRA 4X4 4x4 Crewmax SR,,,B
Toyota,2024,LA5DBT,TUNDRA 4X4 4x4 Crewmax SR,,,C
Toyota,2024,LA5DBT,TUNDRA 4X4 4x4 Crewmax SR,,,D
Toyota,2024,JA5DBT,TUNDRA 4X4 4x4 Crewmax Limited,,,A
Toyota,2024,JA5DBT,TUNDRA 4X4 4x4 Crewmax Limited,,,B
Toyota,2024,NA5DBT,TUNDRA 4X4 4x4 Crewmax Platinum,,,A
Toyota,2024,NA5DBT,TUNDRA 4X4 4x4 Crewmax Platinum,,,B
Toyota,2024,NA5DBT,TUNDRA 4X4 4x4 Crewmax Platinum,,,E
Toyota,2024,NA5DBT,TUNDRA 4X4 4x4 Crewmax Platinum,,,F
Toyota,2024,LA5ECT,TUNDRA 4X4 4x4 Crewmax SR5 Long Bed,,,C
Toyota,2024,LA5ECT,TUNDRA 4X4 4x4 Crewmax SR5 Long Bed,,,B
Toyota,2024,LA5ECT,TUNDRA 4X4 4x4 Crewmax SR5 Long Bed,,,E
Toyota,2024,JA5ECT,TUNDRA 4X4 4x4 Crewmax Limited Long Bed,,,A
Toyota,2024,JA5ECT,TUNDRA 4X4 4x4 Crewmax Limited Long Bed,,,B
Toyota,2024,NA5ECT,TUNDRA 4X4 4x4 Crewmax Platinum Long Bed,,,A
Toyota,2024,NA5ECT,TUNDRA 4X4 4x4 Crewmax Platinum Long Bed,,,B
Toyota,2024,NA5ECT,TUNDRA 4X4 4x4 Crewmax Platinum Long Bed,,,E
Toyota,2024,NA5ECT,TUNDRA 4X4 4x4 Crewmax Platinum Long Bed,,,F
Toyota,2024,JC5DBT,TUNDRA i-FORCE MAX Limited Hybrid,,,A
Toyota,2024,JC5DBT,TUNDRA i-FORCE MAX Limited Hybrid,,,B
Toyota,2024,JC5DBT,TUNDRA i-FORCE MAX Limited Hybrid,,,T
Toyota,2024,NC5DBT,TUNDRA i-FORCE MAX Platinum Hybrid,,,A
Toyota,2024,NC5DBT,TUNDRA i-FORCE MAX Platinum Hybrid,,,B
Toyota,2024,NC5DBT,TUNDRA i-FORCE MAX Platinum Hybrid,,,C
Toyota,2024,NC5DBT,TUNDRA i-FORCE MAX Platinum Hybrid,,,D
Toyota,2024,JC5ECT,TUNDRA i-FORCE MAX Limited Hybrid Long Bed,,,A
Toyota,2024,JC5ECT,TUNDRA i-FORCE MAX Limited Hybrid Long Bed,,,B
Toyota,2024,VC5DBT,TUNDRA i-FORCE MAX Capstone Hybrid,,,A
Toyota,2024,VC5DBT,TUNDRA i-FORCE MAX Capstone Hybrid,,,B
Toyota,2024,AAAAGC,COROLLA CROSS L FWD,,,A
Toyota,2024,CAAAGC,COROLLA CROSS LE FWD,,,A
Toyota,2024,AAABGC,COROLLA CROSS L AWD,,,A
Toyota,2024,CAABGC,COROLLA CROSS LE AWD,,,A
Toyota,2024,CAABGC,COROLLA CROSS LE AWD,,,B
Toyota,2024,DAABGC,COROLLA CROSS XLE AWD,,,A
Toyota,2024,FBABGC,COROLLA CROSS HYBRID Hybrid SE AWD,,,A
Toyota,2024,FBACGC,COROLLA CROSS HYBRID Hybrid XSE AWD,,,A
Toyota,2024,BZAAAE,BZ4X LE FWD,,,A
Toyota,2024,BZABAE,BZ4X XLE AWD,,,A
Toyota,2024,BZABAE,BZ4X XLE AWD,,,B
Toyota,2024,B1RFVT,RAV4 LE AWD,,,A
Toyota,2024,R1RFVT,RAV4 XLE AWD,,,A
Toyota,2024,R1RFVT,RAV4 XLE AWD,,,B
Toyota,2024,J1RFVT,RAV4 Trail AWD,,,A
Toyota,2024,D1RFVT,RAV4 Limited AWD,,,A
Toyota,2024,BWRFVC,RAV4 HYBRID Hybrid LE AWD,,,A
Toyota,2024,RWRFVC,RAV4 HYBRID Hybrid XLE AWD,,,A
Toyota,2024,RWRFVC,RAV4 HYBRID Hybrid XLE AWD,,,B
Toyota,2024,RWRFVC,RAV4 HYBRID Hybrid XLE AWD,,,C
Toyota,2024,SWRFVC,RAV4 HYBRID Hybrid SE AWD,,,A
Toyota,2024,XWRFVC,RAV4 HYBRID Hybrid XSE AWD,,,A
Toyota,2024,XWRFVC,RAV4 HYBRID Hybrid XSE AWD,,,B
Toyota,2024,DWRFVC,RAV4 HYBRID Hybrid Limited AWD,,,A
Toyota,2024,GB3FVT,RAV4 PRIME SE AWD,,,A
Toyota,2024,GB4FVT,RAV4 PRIME XSE AWD,,,A
Toyota,2024,GB4FVT,RAV4 PRIME XSE AWD,,,B
Toyota,2024,AVENAC,VENZA HYBRID LE,,,A
Toyota,2024,AVENBC,VENZA HYBRID XLE,,,A
Toyota,2024,AVENCC,VENZA HYBRID Limited,,,A
Toyota,2024,BZRBHT,HIGHLANDER LE,,,A
Toyota,2024,GZRBHT,HIGHLANDER XLE,,,A
Toyota,2024,LZRBHT,HIGHLANDER XSE,,,A
Toyota,2024,DZRBHT,HIGHLANDER Limited,,,A
Toyota,2024,DZRBHT,HIGHLANDER Limited,,,B
Toyota,2024,BBRCHC,HIGHLANDER HYBRID Hybrid LE,,,A
Toyota,2024,GBRCHC,HIGHLANDER HYBRID Hybrid XLE,,,A
Toyota,2024,GBRCHC,HIGHLANDER HYBRID Hybrid XLE,,,S
Toyota,2024,DBRCHC,HIGHLANDER HYBRID Hybrid Limited,,,A
Toyota,2024,DBRCHC,HIGHLANDER HYBRID Hybrid Limited,,,B
Toyota,2024,GGHABA,GRAND HIGHLANDER XLE AWD,,,A
Toyota,2024,LGHABA,GRAND HIGHLANDER Limited AWD,,,A
Toyota,2024,GGHACC,GRAND HIGHLANDER HYBRID Hybrid XLE AWD,,,A
Toyota,2024,LGHACC,GRAND HIGHLANDER HYBRID Hybrid Limited AWD,,,A
Toyota,2024,DGHADA,GRAND HIGHLANDER HYBRID Hybrid Platinum AWD,,,A
Toyota,2024,BLCAJA,LAND CRUISER 1958 4WD,,,A
Toyota,2024,WLCAJA,LAND CRUISER 4WD,,,B
Toyota,2024,WLCAJA,LAND CRUISER 4WD,,,E
Toyota,2024,WLCAJA,LAND CRUISER 4WD,,,S
Toyota,2024,BU5JRA,4RUNNER 4WD,,,B
Toyota,2024,BU5JRA,4RUNNER 4WD,,,C
Toyota,2024,BU5JRA,4RUNNER 4WD,,,D
Toyota,2024,BU5JRA,4RUNNER 4WD,,,E
Toyota,2024,BU5JRA,4RUNNER 4WD,,,T
Toyota,2024,BYYSGT,SEQUOIA HYBRID TRD Off Road,,,B
Toyota,2024,BYYLGT,SEQUOIA HYBRID Limited,,,A
Toyota,2024,BYYLGT,SEQUOIA HYBRID Limited,,,T
Toyota,2024,BYYPGT,SEQUOIA HYBRID Platinum,,,A
Toyota,2024,BYYPGT,SEQUOIA HYBRID Platinum,,,B
Toyota,2024,BYYPGT,SEQUOIA HYBRID Platinum,,,C
Toyota,2024,GRKE1C,SIENNA HYBRID LE 8-Passenger FWD,,,A
Toyota,2024,GRKE1C,SIENNA HYBRID LE 8-Passenger FWD,,,M
Toyota,2024,GRKE1C,SIENNA HYBRID LE 8-Passenger FWD,,,V
Toyota,2024,GRKE2C,SIENNA HYBRID XLE 8-Passenger FWD,,,M
Toyota,2024,GRKE2C,SIENNA HYBRID XLE 8-Passenger FWD,,,V
Toyota,2024,GRKE2C,SIENNA HYBRID XLE 8-Passenger FWD,,,A
Toyota,2024,GRKE3C,SIENNA HYBRID XSE 7-Passenger FWD,,,A
Toyota,2024,JRKE1C,SIENNA HYBRID LE 8-Passenger AWD,,,A
Toyota,2024,JRKE1C,SIENNA HYBRID LE 8-Passenger AWD,,,V
Toyota,2024,JRKE3C,SIENNA HYBRID XSE 7-Passenger AWD,,,A
Toyota,2024,JRKE3C,SIENNA HYBRID XSE 7-Passenger AWD,,,V
Toyota,2024,JRKE3C,SIENNA HYBRID XSE 7-Passenger AWD,,,B
Toyota,2024,JRKE4C,SIENNA HYBRID Limited 7-Passenger AWD,,,A
Toyota,2024,G11AKT,CAMRY SE Auto,,,A
Toyota,2024,G11AKT,CAMRY SE Auto,,,B
Toyota,2024,KZ1AKT,CAMRY TRD Auto,,,T
Toyota,2024,G11BKT,CAMRY SE Auto AWD,,,A
Toyota,2024,G11BKT,CAMRY SE Auto AWD,,,B
Toyota,2024,K61BKT,CAMRY XSE Auto AWD,,,A
Toyota,2024,R31AKT,CAMRY Hybrid LE Auto,,,A
Toyota,2024,B21HKT,CAMRY Hybrid XLE Auto,,,A
Toyota,2024,B21HST,CAMRY Hybrid SE Auto,,,B
Toyota,2024,K31AKT,CAMRY Hybrid XSE Auto,,,A
Toyota,2024,AMIRAS,MIRAI XLE Sedan,,,A
Toyota,2026,ADAAUC,Prius XLE,,,A
Toyota,2026,ADABUC,Prius Limited,,,A
Toyota,2026,ACAAUC,Prius Plug-In Hybrid SE Auto,,,A
Toyota,2026,ACABUC,Prius Plug-In Hybrid XSE Auto,,,A
Toyota,2026,ACABUC,Prius Plug-In Hybrid XSE Auto,,,B
Toyota,2026,ACACUC,Prius Plug-In Hybrid XSE Premium Auto,,,A
Toyota,2026,BPRBEC,Corolla L CVT,,,A
Toyota,2026,BPRBLC,Corolla LE CVT,,,A
Toyota,2026,BPRBLC,Corolla LE CVT,,,B
Toyota,2026,B4RBSC,Corolla SE CVT,,,A
Toyota,2026,B4RBSC,Corolla SE CVT,,,B
Toyota,2026,B4RBXC,Corolla XSE CVT,,,A
Toyota,2026,BCMFEC,Corolla Hybrid LE CVT,,,A
Toyota,2026,BCMHEC,Corolla Hybrid LE CVT AWD,,,A
Toyota,2026,BCMHEC,Corolla Hybrid LE CVT AWD,,,B
Toyota,2026,BSMHEC,Corolla Hybrid SE CVT AWD,,,A
Toyota,2026,BXMHEC,Corolla Hybrid XSE CVT AWD,,,A
Toyota,2026,K4RBEC,Corolla Hatchback SE CVT,,,A
Toyota,2026,K4RBEC,Corolla Hatchback SE Plus CVT,,,B
Toyota,2026,K4RBEC,Corolla Hatchback SE Upgrade CVT,,,C
Toyota,2026,K4RBEC,Corolla Hatchback XSE CVT,,,D
Toyota,2026,K4RBEC,Corolla Hatchback FX Edition CVT,,,F
Toyota,2026,ABAAEM,GR Corolla Manual,,,A
Toyota,2026,ABAAEM,GR Corolla Manual,,,B
Toyota,2026,ABAAET,GR Corolla Automatic,,,B
Toyota,2026,DAACKC,Camry SE CVT,,,A
Toyota,2026,DAACKC,Camry SE CVT,,,B
Toyota,2026,DBADKC,Camry SE Upgrade,,,B
Toyota,2026,DBADKC,Camry SE Nightshade,,,C
Toyota,2026,DBADLC,Camry XLE,,,B
Toyota,2026,DBADSC,Camry XSE,,,B
Toyota,2026,CWNAFC,CROWN Limited CVT,,,B
Toyota,2026,CWNAFP,CROWN Platinum Auto,,,A
Toyota,2026,DB0C0T,GR SUPRA 3.0 Coupe,,,A
Toyota,2026,DB0C0T,GR SUPRA 3.0 Coupe,,,B
Toyota,2026,DB0D0M,GR SUPRA 3.0T Coupe,,,A
Toyota,2026,DB0D0M,GR SUPRA 3.0T Coupe,,,B
Toyota,2026,DB0D0M,GR SUPRA 3.0T Coupe,,,S
Toyota,2026,ZNBB6M,GR86 Manual,,,A
Toyota,2026,ZNBE6M,GR86 Premium Manual,,,A
Toyota,2026,ZNBF6T,GR86 Premium Auto,,,A
Toyota,2026,ZNBM8M,GR86 Yuzu Edition Manual,,,A
Toyota,2026,AAAAGC,Corolla Cross L FWD,,,A
Toyota,2026,CAAAGC,Corolla Cross LE FWD,,,A
Toyota,2026,AAABGC,Corolla Cross L AWD,,,A
Toyota,2026,CAABGC,Corolla Cross LE AWD,,,A
Toyota,2026,CAABGC,Corolla Cross LE AWD,,,B
Toyota,2026,DAABGC,Corolla Cross XLE AWD,,,A
Toyota,2026,DAABGC,Corolla Cross XLE AWD,,,B
Toyota,2026,FBABGC,Corolla Cross Hybrid SE AWD,,,A
Toyota,2026,FBACGC,Corolla Cross Hybrid XSE AWD,,,A
Toyota,2026,LB5JNM,Tacoma 4x4 Double Cab Manual SB,,,B
Toyota,2026,LB5JNM,Tacoma 4x4 Double Cab Manual SB,,,E
Toyota,2026,LB5JNA,Tacoma 4x4 Double Cab Auto SB,,,C
Toyota,2026,LB5JNA,Tacoma 4x4 Double Cab Auto,,,A
Toyota,2026,LB5JNA,Tacoma 4x4 Double Cab Auto,,,B
Toyota,2026,LB5JNA,Tacoma 4x4 Double Cab Auto,,,D
Toyota,2026,LB5JNA,Tacoma 4x4 Double Cab Auto,,,E
Toyota,2026,LB5JNA,Tacoma 4x4 Double Cab Auto,,,F
Toyota,2026,LB5JNA,Tacoma 4x4 Double Cab Auto,,,G
Toyota,2026,LB5JNA,Tacoma 4x4 Double Cab Auto,,,H
Toyota,2026,LC5LNA,Tacoma 4x4 Double Cab Auto SB Hybrid,,,A
Toyota,2026,LC5LNA,Tacoma 4x4 Double Cab Auto SB Hybrid,,,B
Toyota,2026,LC5LNA,Tacoma 4x4 Double Cab Auto SB Hybrid,,,T
Toyota,2026,LC5LNA,Tacoma 4x4 Double Cab Auto Hybrid,,,H
Toyota,2026,LA5AAT,Tundra 4x2 Double Cab SR,,,A
Toyota,2026,LA5CDT,Tundra 4x2 Double Cab SR Long Bed,,,A
Toyota,2026,LA5DAT,Tundra 4x4 Double Cab SR,,,A
Toyota,2026,LA5DAT,Tundra 4x4 Double Cab SR,,,B
Toyota,2026,LA5DAT,Tundra 4x4 Double Cab SR,,,E
Toyota,2026,LA5DAT,Tundra 4x4 Double Cab SR,,,C
Toyota,2026,LA5GDT,Tundra 4x4 Double Cab SR5 Long Bed,,,B
Toyota,2026,LA5DBT,Tundra 4x4 Crewmax SR,,,A
Toyota,2026,LA5DBT,Tundra 4x4 Crewmax SR,,,B
Toyota,2026,LA5DBT,Tundra 4x4 Crewmax SR,,,S
Toyota,2026,LA5DBT,Tundra 4x4 Crewmax SR,,,C
Toyota,2026,JA5DBT,Tundra 4x4 Crewmax Limited,,,A
Toyota,2026,JA5DBT,Tundra 4x4 Crewmax Limited,,,B
Toyota,2026,NA5DBT,Tundra 4x4 Crewmax Platinum,,,A
Toyota,2026,NA5DBT,Tundra 4x4 Crewmax Platinum,,,B
Toyota,2026,NA5DBT,Tundra 4x4 Crewmax Platinum,,,E
Toyota,2026,NA5DBT,Tundra 4x4 Crewmax Platinum,,,F
Toyota,2026,LA5ECT,Tundra 4x4 Crewmax SR5 Long Bed,,,B
Toyota,2026,LA5ECT,Tundra 4x4 Crewmax SR5 Long Bed,,,E
Toyota,2026,LA5ECT,Tundra 4x4 Crewmax SR5 Long Bed,,,C
Toyota,2026,JA5ECT,Tundra 4x4 Crewmax Limited Long Bed,,,A
Toyota,2026,JA5ECT,Tundra 4x4 Crewmax Limited Long Bed,,,B
Toyota,2026,NA5ECT,Tundra 4x4 Crewmax Platinum Long Bed,,,A
Toyota,2026,NA5ECT,Tundra 4x4 Crewmax Platinum Long Bed,,,B
Toyota,2026,NA5ECT,Tundra 4x4 Crewmax Platinum Long Bed,,,E
Toyota,2026,NA5ECT,Tundra 4x4 Crewmax Platinum Long Bed,,,F
Toyota,2026,JC5DBT,Tundra i-Force Max 4x4 Crewmax Limited Hybrid,,,A
Toyota,2026,JC5DBT,Tundra i-Force Max 4x4 Crewmax Limited Hybrid,,,B
Toyota,2026,JC5DBT,Tundra i-Force Max 4x4 Crewmax Limited Hybrid,,,T
Toyota,2026,NC5DBT,Tundra i-Force Max 4x4 Crewmax Platinum Hybrid,,,A
Toyota,2026,NC5DBT,Tundra i-Force Max 4x4 Crewmax Platinum Hybrid,,,B
Toyota,2026,NC5DBT,Tundra i-Force Max 4x4 Crewmax Platinum Hybrid,,,C
Toyota,2026,NC5DBT,Tundra i-Force Max 4x4 Crewmax Platinum Hybrid,,,D
Toyota,2026,VC5DBT,Tundra i-Force Max 4x4 Crewmax Capstone Hybrid,,,A
Toyota,2026,VC5DBT,Tundra i-Force Max 4x4 Crewmax Capstone Hybrid,,,B
Toyota,2026,JC5ECT,Tundra i-Force Max 4x4 Crewmax Limited Hybrid Long Bed,,,A
Toyota,2026,JC5ECT,Tundra i-Force Max 4x4 Crewmax Limited Hybrid Long Bed,,,B
Toyota,2026,BZAXLE,bZ4X XLE AWD,,,A
Toyota,2026,BZFXLE,bZ4X XLE FWD,,,A
Toyota,2026,BZALTD,bZ4X Limited AWD,,,A
Toyota,2026,GZRBHT,Highlander XLE AWD,,,A
Toyota,2026,LZRBHT,Highlander XSE AWD,,,A
Toyota,2026,DZRBHT,Highlander Limited AWD,,,A
Toyota,2026,DZRBHT,Highlander Limited AWD,,,B
Toyota,2026,GBRCHC,Highlander Hybrid XLE AWD,,,A
Toyota,2026,DBRCHC,Highlander Hybrid Limited AWD,,,A
Toyota,2026,DBRCHC,Highlander Hybrid Limited AWD,,,B
Toyota,2026,GGHABA,Grand Highlander XLE AWD,,,A
Toyota,2026,LGHABA,Grand Highlander Limited AWD,,,A
Toyota,2026,GGHACC,Grand Highlander Hybrid XLE AWD,,,A
Toyota,2026,LGHACC,Grand Highlander Hybrid Limited AWD,,,A
Toyota,2026,LGHACC,Grand Highlander Hybrid Limited AWD,,,B
Toyota,2026,DGHADA,Grand Highlander Hybrid Platinum MAX AWD,,,A
Toyota,2026,BLCAJA,Land Cruiser 1958 4WD,,,A
Toyota,2026,WLCAJA,Land Cruiser 4WD,,,B
Toyota,2026,WLCAJA,Land Cruiser 4WD,,,E
Toyota,2026,BYYSGT,Sequoia TRD Off Road 4WD,,,B
Toyota,2026,BYYLGT,Sequoia Limited 4WD,,,A
Toyota,2026,BYYPGT,Sequoia Platinum 4WD,,,A
Toyota,2026,BYYPGT,Sequoia Platinum 4WD,,,B
Toyota,2026,BYYPGT,Sequoia Platinum 4WD,,,C
Toyota,2026,BYYPGT,Sequoia Platinum 4WD,,,D
Toyota,2026,GRKE1C,Sienna LE 8-Passenger FWD,,,A
Toyota,2026,GRKE1C,Sienna LE 8-Passenger FWD,,,V
Toyota,2026,GRKE2C,Sienna XLE 8-Passenger FWD,,,V
Toyota,2026,GRKE2C,Sienna XLE 8-Passenger FWD,,,A
Toyota,2026,GRKE2C,Sienna XLE 8-Passenger FWD,,,M
Toyota,2026,GRKE3C,Sienna XSE 7-Passenger FWD,,,A
Toyota,2026,JRKE1C,Sienna LE 8-Passenger AWD,,,A
Toyota,2026,JRKE1C,Sienna LE 8-Passenger AWD,,,V
Toyota,2026,JRKE3C,Sienna XSE 7-Passenger AWD,,,V
Toyota,2026,JRKE3C,Sienna XSE 7-Passenger AWD,,,A
Toyota,2026,JRKE3C,Sienna XSE 7-Passenger AWD,,,B
Toyota,2026,JRKE4C,Sienna Limited 7-Passenger AWD,,,A
Toyota,2026,JRKE4C,Sienna Limited 7-Passenger AWD,,,B
Toyota,2026,AMIRAS,Mirai XLE Sedan,,,A
Toyota,2026,ACAAJC,CROWN Signia Limited AWD,,,A
Toyota,2026,ACAAJC,CROWN Signia Limited Advanced Tech Package AWD,,,B
Toyota,2026,BBRAHC,RAV 4 LE AWD,,,A
Toyota,2026,RBRAHC,RAV 4 XLE AWD,,,A
Toyota,2026,RBRAHC,RAV 4 XLE PREMIUM AWD,,,B
Toyota,2026,DBRAHC,RAV 4 Limited AWD,,,A
Toyota,2026,VBRAHC,RAV 4 Woodland AWD,,,A
Toyota,2026,XBRAHC,RAV 4 XSE AWD,,,A
Toyota,2026,XBRAHC,RAV 4 XSE AWD,,,B
Toyota,2026,SERAPC,RAV 4 PHEV SE,,,A
Toyota,2026,GRRAPC,RAV 4 PHEV GR SPORT,,,A
Toyota,2026,XERAPC,RAV 4 PHEV XSE,,,A
Toyota,2026,XERAPC,RAV 4 PHEV XSE Technology Package,,,B
Toyota,2026,VA5BRT,4Runner 7 PASSENGER SR5 4WD,,,A
Toyota,2026,VA5BRT,4Runner 5 PASSENGER TRD SPORT 4WD,,,B
Toyota,2026,VA5BRT,4Runner 5 PASSENGER TRD OFF ROAD PREMIUM 4WD,,,C
Toyota,2026,VA5BRT,4Runner 7 PASSENGER LIMITED 4WD,,,F
Toyota,2026,VB5BRT,4Runner Hybrid TRD OFF ROAD 4WD,,,C
Toyota,2026,VB5BRT,4Runner Hybrid Platinum w/ fixed running board 4WD,,,Q
Toyota,2026,VB5BRT,4Runner Hybrid Platinum 4WD,,,P
Toyota,2026,VB5BRT,4Runner Hybrid TRD Pro 4WD,,,T
Toyota,2026,VB5BRT,4Runner Hybrid Trailhunter 4WD,,,H
Toyota,2026,ABABDE,C-HR SE FWD,,,C
Toyota,2026,AAAADE,C-HR XSE AWD,,,A
Toyota,2026,AAAADE,C-HR XSE Premium AWD,,,B
Toyota,2026,BZWLCE,bZ Woodland AWD,,,A
Toyota,2026,BZWLPE,bZ Woodland Premium Package AWD,,,B
Toyota,2026,BZWLPE,bZ Woodland Premium Package with AllTerrain Tir AWD,,,C
Toyota,2027,BLCAJA,Land Cruiser 1958 4WD,,,A
Toyota,2027,WLCAJA,Land Cruiser 4WD,,,B
Toyota,2027,WLCAJA,Land Cruiser 4WD,,,E
Toyota,2026,BYYLGT,Sequoia Limited 4WD,,,T
Mitsubishi,2024,CG44-A,Mirage ES CVT,,,443870
Mitsubishi,2024,CG44-N,Mirage NOIR CVT,,,443872
Mitsubishi,2024,CG44-T,Mirage GT CVT,,,443871
Mitsubishi,2024,CS45-A,RVR ES TA,,,446465
Mitsubishi,2024,CS45-B,RVR ES AWC,,,446466
Mitsubishi,2024,CS45-E,RVR SE AWC,,,446467
Mitsubishi,2024,CS45-G,RVR SEL AWC,,,446468
Mitsubishi,2024,CS45-N,RVR NOIR AWC,,,446470
Mitsubishi,2024,CS45-Z,RVR GT AWC,,,446469
Mitsubishi,2024,CE45-B,Eclipse Cross ES S-AWC,,,439265
Mitsubishi,2024,CE45-F,Eclipse Cross SE S-AWC,,,439266
Mitsubishi,2024,CE45-G,Eclipse Cross SEL S-AWC,,,439267
Mitsubishi,2024,CE45-N,Eclipse Cross NOIR S-AWC,,,447971
Mitsubishi,2024,CE45-X,Eclipse Cross GT S-AWC,,,439268
Mitsubishi,2024,CO45-B,Outlander ES S-AWC,,,446113
Mitsubishi,2024,CO45-D,Outlander SE S-AWC,,,446114
Mitsubishi,2024,CO45-F,Outlander LE S-AWC,,,446115
Mitsubishi,2024,CO45-G,Outlander SEL S-AWC,,,446116
Mitsubishi,2024,CO45-X,Outlander GT S-AWC,,,446117
Mitsubishi,2024,CO45-X,Outlander GT Premium S-AWC,,,446118
Mitsubishi,2024,CO45-N,Outlander NOIR S-AWC,,,460910
Mitsubishi,2024,COEV-B,Outlander PHEV ES S-AWC,,,447075
Mitsubishi,2024,COEV-F,Outlander PHEV LE S-AWC,,,447076
Mitsubishi,2024,COEV-G,Outlander PHEV SEL S-AWC,,,447077
Mitsubishi,2024,COEV-X,Outlander PHEV GT S-AWC,,,447078
Mitsubishi,2024,COEV-N,Outlander PHEV NOIR S-AWC,,,455290
Mitsubishi,2019,CE45-B,Eclipse Cross ES S-AWC *Ltd Avail*,,,403358
Mitsubishi,2019,CE45-F,Eclipse Cross SE S-AWC *Ltd Avail*,,,403359
Mitsubishi,2019,CE45-X,Eclipse Cross GT S-AWC *Ltd Avail*,,,403360
Mitsubishi,2019,CE45-C,Eclipse Cross ES S-AWC,,,403918
Mitsubishi,2019,CE45-G,Eclipse Cross SE S-AWC,,,403919
Mitsubishi,2019,CE45-Y,Eclipse Cross GT S-AWC,,,403920
Mitsubishi,2019,CE45-G,Eclipse Cross SE w/Tech Pkg S-AWC,,,406540
Mitsubishi,2019,CE45-F,Eclipse Cross SE w/Tech Pkg S-AWC *Ltd Avail*,,,406541
Mitsubishi,2019,CE45-G,Eclipse Cross SE Black Edition S-AWC,,,406542
Mitsubishi,2019,CG44-A,Mirage ES Manual,,,404430
Mitsubishi,2019,CG44-A,Mirage ES CVT,,,404431
Mitsubishi,2019,CG44-T,Mirage GT CVT,,,404432
Mitsubishi,2019,CG44-E,Mirage ES Limited CVT,,,404433
Mitsubishi,2019,CG44-A,Mirage ES Plus Manual,,,406534
Mitsubishi,2019,CG44-A,Mirage ES Plus CVT,,,406535
Mitsubishi,2019,CS41-A,Mirage G4 ES Manual,,,404379
Mitsubishi,2019,CS41-A,Mirage G4 ES CVT,,,404380
Mitsubishi,2019,CS41-T,Mirage G4 GT CVT,,,404381
Mitsubishi,2019,CO45-F,Outlander ES AWC,,,399915
Mitsubishi,2019,CO45-G,Outlander SE AWC,,,399916
Mitsubishi,2019,CO45-X,Outlander GT S-AWC,,,399917
Mitsubishi,2019,C045-J,Outlander SE Black Edition AWC,,,404324
Mitsubishi,2019,CO45-F,Outlander ES Touring AWC,,,406536
Mitsubishi,2019,CO45-G,Outlander SE Touring AWC,,,406537
Mitsubishi,2019,CO45-F,Outlander ES Premium AWC,,,406538
Mitsubishi,2019,COEV-G,Outlander PHEV SE S-AWC,,,404500
Mitsubishi,2019,COEV-G,Outlander PHEV SE Touring S-AWC,,,404501
Mitsubishi,2019,COEV-X,Outlander PHEV GT S-AWC,,,404502
Mitsubishi,2019,COEV-G,Outlander PHEV SE Limited Edition S-AWC,,,404503
Mitsubishi,2019,CS45-A,RVR ES FWD,,,403492
Mitsubishi,2019,CS45-D,RVR SE FWD,,,403493
Mitsubishi,2019,CS45-E,RVR SE AWC,,,403494
Mitsubishi,2019,CS45-F,RVR SE LTD AWC,,,403495
Mitsubishi,2019,CS45-Z,RVR GT AWC,,,403496
Mitsubishi,2019,CS45-J,RVR SE Black Edition AWC,,,403497
Mitsubishi,2019,CS45-Z,RVR GT Premium AWC,,,406539
Mitsubishi,2021,CG44-A,Mirage ES Manual,,,419061
Mitsubishi,2021,CG44-A,Mirage ES CVT,,,419062
Mitsubishi,2021,CG44-D,Mirage SE CVT,,,419063
Mitsubishi,2021,CG44-T,Mirage GT CVT,,,419064
Mitsubishi,2021,COEV-G,Outlander PHEV SE S-AWC,,,419818
Mitsubishi,2021,COEV-J,Outlander PHEV LE S-AWC,,,419819
Mitsubishi,2021,COEV-L,Outlander PHEV SEL S-AWC,,,419820
Mitsubishi,2021,COEV-X,Outlander PHEV GT S-AWC,,,419821
Mitsubishi,2021,CS45-A,RVR ES FWD,,,418970
Mitsubishi,2021,CS45-D,RVR SE FWD,,,418971
Mitsubishi,2021,CS45-B,RVR ES AWC,,,418972
Mitsubishi,2021,CS45-E,RVR SE AWC,,,418973
Mitsubishi,2021,CS45-G,RVR SEL AWC,,,418974
Mitsubishi,2021,CS45-Z,RVR GT AWC,,,418975
Mitsubishi,2021,CS45-L,RVR LE AWC,,,418976
Mitsubishi,2022,CE45-B,Eclipse Cross ES S-AWC,,,419293
Mitsubishi,2022,CE45-F,Eclipse Cross SE S-AWC *Ltd Avail*,,,419294
Mitsubishi,2022,CE45-G,Eclipse Cross SEL S-AWC *Ltd Avail*,,,419295
Mitsubishi,2022,CE45-X,Eclipse Cross GT S-AWC,,,419296
Mitsubishi,2022,CE45-H,Eclipse Cross SE S-AWC,,,427501
Mitsubishi,2022,CE45-J,Eclipse Cross SEL S-AWC,,,427502
Mitsubishi,2022,CG44-A,Mirage ES Manual,,,423372
Mitsubishi,2022,CG44-A,Mirage ES CVT,,,423373
Mitsubishi,2022,CG44-D,Mirage SE CVT,,,423374
Mitsubishi,2022,CG44-T,Mirage GT CVT,,,423375
Mitsubishi,2022,CG44-C,Mirage Carbon Edition CVT,,,423376
Mitsubishi,2022,CO45-B,Outlander ES S-AWC,,,420744
Mitsubishi,2022,CO45-D,Outlander SE S-AWC,,,420745
Mitsubishi,2022,CO45-G,Outlander SEL S-AWC,,,420746
Mitsubishi,2022,CO45-F,Outlander LE S-AWC,,,420747
Mitsubishi,2022,CO45-X,Outlander GT S-AWC,,,420748
Mitsubishi,2022,CO45-F,Outlander LE Premium S-AWC,,,421002
Mitsubishi,2022,CO45-X,Outlander GT Premium S-AWC,,,421003
Mitsubishi,2022,COEV-G,Outlander PHEV SE S-AWC,,,422021
Mitsubishi,2022,COEV-J,Outlander PHEV LE S-AWC,,,422022
Mitsubishi,2022,COEV-X,Outlander PHEV GT S-AWC,,,422023
Mitsubishi,2022,COEV-T,Outlander PHEV Black Edition S-AWC,,,422024
Mitsubishi,2022,CS45-A,RVR ES FWD,,,424595
Mitsubishi,2022,CS45-C,RVR SE FWD,,,424596
Mitsubishi,2022,CS45-B,RVR ES AWC,,,424597
Mitsubishi,2022,CS45-F,RVR SE AWC,,,424598
Mitsubishi,2022,CS45-H,RVR SEL AWC,,,424599
Mitsubishi,2022,CS45-M,RVR LE AWC,,,424600
Mitsubishi,2022,CS45-Z,RVR GT AWC,,,424601
Mitsubishi,2022,CS45-D,RVR SE FWD,,,425552
Mitsubishi,2022,CS45-E,RVR SE AWC,,,425553
Mitsubishi,2022,CS45-G,RVR SEL AWC,,,425554
Mitsubishi,2022,CS45-L,RVR LE AWC,,,425555
Mitsubishi,2023,CE45-B,Eclipse Cross ES S-AWC,,,427550
Mitsubishi,2023,CE45-F,Eclipse Cross SE S-AWC,,,427551
Mitsubishi,2023,CE45-G,Eclipse Cross SEL S-AWC,,,427552
Mitsubishi,2023,CE45-X,Eclipse Cross GT S-AWC,,,427553
Mitsubishi,2023,CE45-L,Eclipse Cross Carbon Edition S-AWC,,,427554
Mitsubishi,2023,CG44-A,Mirage ES Manual,,,431916
Mitsubishi,2023,CG44-A,Mirage ES CVT,,,431917
Mitsubishi,2023,CG44-D,Mirage SE CVT,,,431918
Mitsubishi,2023,CG44-T,Mirage GT CVT,,,431919
Mitsubishi,2023,CO45-B,Outlander ES S-AWC,,,433344
Mitsubishi,2023,CO45-D,Outlander SE S-AWC,,,433345
Mitsubishi,2023,CO45-F,Outlander LE S-AWC,,,433346
Mitsubishi,2023,CO45-F,Outlander LE Premium S-AWC,,,433347
Mitsubishi,2023,CO45-G,Outlander SEL S-AWC,,,433348
Mitsubishi,2023,CO45-X,Outlander GT S-AWC,,,433349
Mitsubishi,2023,CO45-X,Outlander GT Premium S-AWC,,,433350
Mitsubishi,2023,CO45-L,Outlander NOIR S-AWC,,,435659
Mitsubishi,2023,COEV-F,Outlander PHEV LE S-AWC,,,433786
Mitsubishi,2023,COEV-X,Outlander PHEV GT S-AWC,,,433787
Mitsubishi,2023,COEV-B,Outlander PHEV ES S-AWC,,,433788
Mitsubishi,2023,COEV-G,Outlander PHEV SEL S-AWC,,,433789
Mitsubishi,2023,CS45-A,RVR ES FWD,,,433710
Mitsubishi,2023,CS45-D,RVR SE FWD,,,433711
Mitsubishi,2023,CS45-B,RVR ES AWC,,,433712
Mitsubishi,2023,CS45-Z,RVR GT AWC,,,433713
Mitsubishi,2023,CS45-E,RVR SE AWC,,,433714
Mitsubishi,2023,CS45-G,RVR SEL AWC,,,433715
Mitsubishi,2023,CS45-L,RVR LE AWC,,,433716
Mitsubishi,2020,CE45-B,Eclipse Cross ES S-AWC,,,408785
Mitsubishi,2020,CE45-F,Eclipse Cross SE S-AWC,,,408786
Mitsubishi,2020,CE45-X,Eclipse Cross GT S-AWC,,,408787
Mitsubishi,2020,CE45-G,Eclipse Cross Limited Edition S-AWC,,,408788
Mitsubishi,2020,CG44-A,Mirage ES Manual,,,411606
Mitsubishi,2020,CG44-A,Mirage ES CVT,,,411607
Mitsubishi,2020,CG44-T,Mirage GT CVT,,,411608
Mitsubishi,2020,CG44-D,Mirage SE CVT,,,411609
Mitsubishi,2020,CO45-B,Outlander ES S-AWC,,,409745
Mitsubishi,2020,CO45-F,Outlander SEL S-AWC,,,409746
Mitsubishi,2020,CO45-G,Outlander Limited Edition S-AWC,,,409747
Mitsubishi,2020,CO45-D,Outlander EX-L S-AWC,,,409748
Mitsubishi,2020,CO45-X,Outlander GT S-AWC,,,409749
Mitsubishi,2020,CO45-C,Outlander EX S-AWC,,,409750
Mitsubishi,2020,CO45-E,Outlander SE S-AWC,,,409751
Mitsubishi,2020,COEV-G,Outlander PHEV SE S-AWC,,,408707
Mitsubishi,2020,COEV-X,Outlander PHEV GT S-AWC,,,408708
Mitsubishi,2020,COEV-J,Outlander PHEV LE S-AWC,,,408709
Mitsubishi,2020,COEV-L,Outlander PHEV SEL S-AWC,,,408710
Mitsubishi,2020,CS45-A,RVR ES FWD,,,409189
Mitsubishi,2020,CS45-D,RVR SE FWD,,,409190
Mitsubishi,2020,CS45-E,RVR SE AWC,,,409191
Mitsubishi,2020,CS45-Z,RVR GT AWC,,,409192
Mitsubishi,2020,CS45-B,RVR ES AWC,,,409193
Mitsubishi,2020,CS45-G,RVR SEL AWC,,,409194
Mitsubishi,2020,CS45-L,RVR Limited Edition AWC,,,411423
Mitsubishi,2025,CS45-A,RVR ES FWD,,,470165
Mitsubishi,2025,CS45-B,RVR ES AWC,,,470166
Mitsubishi,2025,CS45-E,RVR SE AWC,,,470167
Mitsubishi,2025,CS45-G,RVR SEL AWC,,,470168
Mitsubishi,2025,CS45-N,RVR NOIR AWC,,,470169
Mitsubishi,2025,CS45-Z,RVR GT AWC,,,470170
Mitsubishi,2025,CE45-B,Eclipse Cross ES S-AWC,,,466272
Mitsubishi,2025,CE45-F,Eclipse Cross SE S-AWC,,,466273
Mitsubishi,2025,CE45-G,Eclipse Cross SEL S-AWC,,,466274
Mitsubishi,2025,CE45-N,Eclipse Cross NOIR S-AWC,,,466276
Mitsubishi,2025,CE45-X,Eclipse Cross GT S-AWC,,,466275
Mitsubishi,2025,CO45-B,Outlander ES S-AWC,,,470581
Mitsubishi,2025,CO45-D,Outlander SE S-AWC,,,470582
Mitsubishi,2025,CO45-F,Outlander LE S-AWC,,,470583
Mitsubishi,2025,CO45-G,Outlander SEL S-AWC,,,470584
Mitsubishi,2025,CO45-X,Outlander GT S-AWC,,,470585
Mitsubishi,2025,CO45-X,Outlander GT Premium S-AWC,,,470586
Mitsubishi,2025,COEV-B,Outlander PHEV ES S-AWC,,,459713
Mitsubishi,2025,COEV-D,Outlander PHEV SE S-AWC,,,459717
Mitsubishi,2025,COEV-F,Outlander PHEV LE S-AWC,,,459714
Mitsubishi,2025,COEV-G,Outlander PHEV SEL S-AWC,,,459715
Mitsubishi,2025,COEV-X,Outlander PHEV GT S-AWC,,,459716
Mitsubishi,2025,COEV-N,Outlander PHEV NOIR S-AWC,,,459718
Mitsubishi,2026,CS45-A,RVR ES FWD,,,481614
Mitsubishi,2026,CS45-B,RVR ES AWC,,,481615
Mitsubishi,2026,CS45-E,RVR SE AWC,,,481616
Mitsubishi,2026,CS45-G,RVR SEL AWC,,,481617
Mitsubishi,2026,CS45-N,RVR NOIR AWC,,,481618
Mitsubishi,2026,CS45-Z,RVR GT AWC,,,481619
Mitsubishi,2026,CE45-B,Eclipse Cross ES S-AWC,,,477389
Mitsubishi,2026,CE45-F,Eclipse Cross SE S-AWC,,,477390
Mitsubishi,2026,CE45-N,Eclipse Cross NOIR S-AWC,,,477392
Mitsubishi,2026,CE45-X,Eclipse Cross GT S-AWC,,,477391
Mitsubishi,2026,CO45-B,Outlander ES S-AWC,,,481877
Mitsubishi,2026,CO45-D,Outlander SE S-AWC,,,481878
Mitsubishi,2026,CO45-F,Outlander LE S-AWC,,,481879
Mitsubishi,2026,CO45-G,Outlander SEL S-AWC,,,481880
Mitsubishi,2026,CO45-X,Outlander GT S-AWC,,,481881
Mitsubishi,2026,CO45-X,Outlander GT PREMIUM S-AWC,,,481882
Mitsubishi,2026,CO45-N,Outlander NOIR S-AWC,,,483389
Mitsubishi,2026,COEV-B,Outlander PHEV ES S-AWC,,,483107
Mitsubishi,2026,COEV-D,Outlander PHEV SE S-AWC,,,483108
Mitsubishi,2026,COEV-F,Outlander PHEV LE S-AWC,,,483109
Mitsubishi,2026,COEV-G,Outlander PHEV SEL S-AWC,,,483110
Mitsubishi,2026,COEV-X,Outlander PHEV GT S-AWC,,,F63
Mitsubishi,2026,COEV-X,Outlander PHEV GT Premium S-AWC,,,F64
Mitsubishi,2026,COEV-N,Outlander PHEV GT NOIR S-AWC,,,483112
mitsubishi,2024,CG44-A,Mirage ES CVT,,,443870
mitsubishi,2024,CG44-N,Mirage NOIR CVT,,,443872
mitsubishi,2024,CG44-T,Mirage GT CVT,,,443871
mitsubishi,2024,CS45-A,RVR ES TA,,,446465
mitsubishi,2024,CS45-B,RVR ES AWC,,,446466
mitsubishi,2024,CS45-E,RVR SE AWC,,,446467
mitsubishi,2024,CS45-G,RVR SEL AWC,,,446468
mitsubishi,2024,CS45-N,RVR NOIR AWC,,,446470
mitsubishi,2024,CS45-Z,RVR GT AWC,,,446469
mitsubishi,2024,CE45-B,Eclipse Cross ES S-AWC,,,439265
mitsubishi,2024,CE45-F,Eclipse Cross SE S-AWC,,,439266
mitsubishi,2024,CE45-G,Eclipse Cross SEL S-AWC,,,439267
mitsubishi,2024,CE45-N,Eclipse Cross NOIR S-AWC,,,447971
mitsubishi,2024,CE45-X,Eclipse Cross GT S-AWC,,,439268
mitsubishi,2024,CO45-B,Outlander ES S-AWC,,,446113
mitsubishi,2024,CO45-D,Outlander SE S-AWC,,,446114
mitsubishi,2024,CO45-F,Outlander LE S-AWC,,,446115
mitsubishi,2024,CO45-G,Outlander SEL S-AWC,,,446116
mitsubishi,2024,CO45-X,Outlander GT S-AWC,,,446117
mitsubishi,2024,CO45-X,Outlander GT Premium S-AWC,,,446118
mitsubishi,2024,CO45-N,Outlander NOIR S-AWC,,,460910
mitsubishi,2024,COEV-B,Outlander PHEV ES S-AWC,,,447075
mitsubishi,2024,COEV-F,Outlander PHEV LE S-AWC,,,447076
mitsubishi,2024,COEV-G,Outlander PHEV SEL S-AWC,,,447077
mitsubishi,2024,COEV-X,Outlander PHEV GT S-AWC,,,447078
mitsubishi,2024,COEV-N,Outlander PHEV NOIR S-AWC,,,455290
mitsubishi,2019,CE45-B,Eclipse Cross ES S-AWC *Ltd Avail*,,,403358
mitsubishi,2019,CE45-F,Eclipse Cross SE S-AWC *Ltd Avail*,,,403359
mitsubishi,2019,CE45-X,Eclipse Cross GT S-AWC *Ltd Avail*,,,403360
mitsubishi,2019,CE45-C,Eclipse Cross ES S-AWC,,,403918
mitsubishi,2019,CE45-G,Eclipse Cross SE S-AWC,,,403919
mitsubishi,2019,CE45-Y,Eclipse Cross GT S-AWC,,,403920
mitsubishi,2019,CE45-G,Eclipse Cross SE w/Tech Pkg S-AWC,,,406540
mitsubishi,2019,CE45-F,Eclipse Cross SE w/Tech Pkg S-AWC *Ltd Avail*,,,406541
mitsubishi,2019,CE45-G,Eclipse Cross SE Black Edition S-AWC,,,406542
mitsubishi,2019,CG44-A,Mirage ES Manual,,,404430
mitsubishi,2019,CG44-A,Mirage ES CVT,,,404431
mitsubishi,2019,CG44-T,Mirage GT CVT,,,404432
mitsubishi,2019,CG44-E,Mirage ES Limited CVT,,,404433
mitsubishi,2019,CG44-A,Mirage ES Plus Manual,,,406534
mitsubishi,2019,CG44-A,Mirage ES Plus CVT,,,406535
mitsubishi,2019,CS41-A,Mirage G4 ES Manual,,,404379
mitsubishi,2019,CS41-A,Mirage G4 ES CVT,,,404380
mitsubishi,2019,CS41-T,Mirage G4 GT CVT,,,404381
mitsubishi,2019,CO45-F,Outlander ES AWC,,,399915
mitsubishi,2019,CO45-G,Outlander SE AWC,,,399916
mitsubishi,2019,CO45-X,Outlander GT S-AWC,,,399917
mitsubishi,2019,C045-J,Outlander SE Black Edition AWC,,,404324
mitsubishi,2019,CO45-F,Outlander ES Touring AWC,,,406536
mitsubishi,2019,CO45-G,Outlander SE Touring AWC,,,406537
mitsubishi,2019,CO45-F,Outlander ES Premium AWC,,,406538
mitsubishi,2019,COEV-G,Outlander PHEV SE S-AWC,,,404500
mitsubishi,2019,COEV-G,Outlander PHEV SE Touring S-AWC,,,404501
mitsubishi,2019,COEV-X,Outlander PHEV GT S-AWC,,,404502
mitsubishi,2019,COEV-G,Outlander PHEV SE Limited Edition S-AWC,,,404503
mitsubishi,2019,CS45-A,RVR ES FWD,,,403492
mitsubishi,2019,CS45-D,RVR SE FWD,,,403493
mitsubishi,2019,CS45-E,RVR SE AWC,,,403494
mitsubishi,2019,CS45-F,RVR SE LTD AWC,,,403495
mitsubishi,2019,CS45-Z,RVR GT AWC,,,403496
mitsubishi,2019,CS45-J,RVR SE Black Edition AWC,,,403497
mitsubishi,2019,CS45-Z,RVR GT Premium AWC,,,406539
mitsubishi,2021,CG44-A,Mirage ES Manual,,,419061
mitsubishi,2021,CG44-A,Mirage ES CVT,,,419062
mitsubishi,2021,CG44-D,Mirage SE CVT,,,419063
mitsubishi,2021,CG44-T,Mirage GT CVT,,,419064
mitsubishi,2021,COEV-G,Outlander PHEV SE S-AWC,,,419818
mitsubishi,2021,COEV-J,Outlander PHEV LE S-AWC,,,419819
mitsubishi,2021,COEV-L,Outlander PHEV SEL S-AWC,,,419820
mitsubishi,2021,COEV-X,Outlander PHEV GT S-AWC,,,419821
mitsubishi,2021,CS45-A,RVR ES FWD,,,418970
mitsubishi,2021,CS45-D,RVR SE FWD,,,418971
mitsubishi,2021,CS45-B,RVR ES AWC,,,418972
mitsubishi,2021,CS45-E,RVR SE AWC,,,418973
mitsubishi,2021,CS45-G,RVR SEL AWC,,,418974
mitsubishi,2021,CS45-Z,RVR GT AWC,,,418975
mitsubishi,2021,CS45-L,RVR LE AWC,,,418976
mitsubishi,2022,CE45-B,Eclipse Cross ES S-AWC,,,419293
mitsubishi,2022,CE45-F,Eclipse Cross SE S-AWC *Ltd Avail*,,,419294
mitsubishi,2022,CE45-G,Eclipse Cross SEL S-AWC *Ltd Avail*,,,419295
mitsubishi,2022,CE45-X,Eclipse Cross GT S-AWC,,,419296
mitsubishi,2022,CE45-H,Eclipse Cross SE S-AWC,,,427501
mitsubishi,2022,CE45-J,Eclipse Cross SEL S-AWC,,,427502
mitsubishi,2022,CG44-A,Mirage ES Manual,,,423372
mitsubishi,2022,CG44-A,Mirage ES CVT,,,423373
mitsubishi,2022,CG44-D,Mirage SE CVT,,,423374
mitsubishi,2022,CG44-T,Mirage GT CVT,,,423375
mitsubishi,2022,CG44-C,Mirage Carbon Edition CVT,,,423376
mitsubishi,2022,CO45-B,Outlander ES S-AWC,,,420744
mitsubishi,2022,CO45-D,Outlander SE S-AWC,,,420745
mitsubishi,2022,CO45-G,Outlander SEL S-AWC,,,420746
mitsubishi,2022,CO45-F,Outlander LE S-AWC,,,420747
mitsubishi,2022,CO45-X,Outlander GT S-AWC,,,420748
mitsubishi,2022,CO45-F,Outlander LE Premium S-AWC,,,421002
mitsubishi,2022,CO45-X,Outlander GT Premium S-AWC,,,421003
mitsubishi,2022,COEV-G,Outlander PHEV SE S-AWC,,,422021
mitsubishi,2022,COEV-J,Outlander PHEV LE S-AWC,,,422022
mitsubishi,2022,COEV-X,Outlander PHEV GT S-AWC,,,422023
mitsubishi,2022,COEV-T,Outlander PHEV Black Edition S-AWC,,,422024
mitsubishi,2022,CS45-A,RVR ES FWD,,,424595
mitsubishi,2022,CS45-C,RVR SE FWD,,,424596
mitsubishi,2022,CS45-B,RVR ES AWC,,,424597
mitsubishi,2022,CS45-F,RVR SE AWC,,,424598
mitsubishi,2022,CS45-H,RVR SEL AWC,,,424599
mitsubishi,2022,CS45-M,RVR LE AWC,,,424600
mitsubishi,2022,CS45-Z,RVR GT AWC,,,424601
mitsubishi,2022,CS45-D,RVR SE FWD,,,425552
mitsubishi,2022,CS45-E,RVR SE AWC,,,425553
mitsubishi,2022,CS45-G,RVR SEL AWC,,,425554
mitsubishi,2022,CS45-L,RVR LE AWC,,,425555
mitsubishi,2023,CE45-B,Eclipse Cross ES S-AWC,,,427550
mitsubishi,2023,CE45-F,Eclipse Cross SE S-AWC,,,427551
mitsubishi,2023,CE45-G,Eclipse Cross SEL S-AWC,,,427552
mitsubishi,2023,CE45-X,Eclipse Cross GT S-AWC,,,427553
mitsubishi,2023,CE45-L,Eclipse Cross Carbon Edition S-AWC,,,427554
mitsubishi,2023,CG44-A,Mirage ES Manual,,,431916
mitsubishi,2023,CG44-A,Mirage ES CVT,,,431917
mitsubishi,2023,CG44-D,Mirage SE CVT,,,431918
mitsubishi,2023,CG44-T,Mirage GT CVT,,,431919
mitsubishi,2023,CO45-B,Outlander ES S-AWC,,,433344
mitsubishi,2023,CO45-D,Outlander SE S-AWC,,,433345
mitsubishi,2023,CO45-F,Outlander LE S-AWC,,,433346
mitsubishi,2023,CO45-F,Outlander LE Premium S-AWC,,,433347
mitsubishi,2023,CO45-G,Outlander SEL S-AWC,,,433348
mitsubishi,2023,CO45-X,Outlander GT S-AWC,,,433349
mitsubishi,2023,CO45-X,Outlander GT Premium S-AWC,,,433350
mitsubishi,2023,CO45-L,Outlander NOIR S-AWC,,,435659
mitsubishi,2023,COEV-F,Outlander PHEV LE S-AWC,,,433786
mitsubishi,2023,COEV-X,Outlander PHEV GT S-AWC,,,433787
mitsubishi,2023,COEV-B,Outlander PHEV ES S-AWC,,,433788
mitsubishi,2023,COEV-G,Outlander PHEV SEL S-AWC,,,433789
mitsubishi,2023,CS45-A,RVR ES FWD,,,433710
mitsubishi,2023,CS45-D,RVR SE FWD,,,433711
mitsubishi,2023,CS45-B,RVR ES AWC,,,433712
mitsubishi,2023,CS45-Z,RVR GT AWC,,,433713
mitsubishi,2023,CS45-E,RVR SE AWC,,,433714
mitsubishi,2023,CS45-G,RVR SEL AWC,,,433715
mitsubishi,2023,CS45-L,RVR LE AWC,,,433716
mitsubishi,2020,CE45-B,Eclipse Cross ES S-AWC,,,408785
mitsubishi,2020,CE45-F,Eclipse Cross SE S-AWC,,,408786
mitsubishi,2020,CE45-X,Eclipse Cross GT S-AWC,,,408787
mitsubishi,2020,CE45-G,Eclipse Cross Limited Edition S-AWC,,,408788
mitsubishi,2020,CG44-A,Mirage ES Manual,,,411606
mitsubishi,2020,CG44-A,Mirage ES CVT,,,411607
mitsubishi,2020,CG44-T,Mirage GT CVT,,,411608
mitsubishi,2020,CG44-D,Mirage SE CVT,,,411609
mitsubishi,2020,CO45-B,Outlander ES S-AWC,,,409745
mitsubishi,2020,CO45-F,Outlander SEL S-AWC,,,409746
mitsubishi,2020,CO45-G,Outlander Limited Edition S-AWC,,,409747
mitsubishi,2020,CO45-D,Outlander EX-L S-AWC,,,409748
mitsubishi,2020,CO45-X,Outlander GT S-AWC,,,409749
mitsubishi,2020,CO45-C,Outlander EX S-AWC,,,409750
mitsubishi,2020,CO45-E,Outlander SE S-AWC,,,409751
mitsubishi,2020,COEV-G,Outlander PHEV SE S-AWC,,,408707
mitsubishi,2020,COEV-X,Outlander PHEV GT S-AWC,,,408708
mitsubishi,2020,COEV-J,Outlander PHEV LE S-AWC,,,408709
mitsubishi,2020,COEV-L,Outlander PHEV SEL S-AWC,,,408710
mitsubishi,2020,CS45-A,RVR ES FWD,,,409189
mitsubishi,2020,CS45-D,RVR SE FWD,,,409190
mitsubishi,2020,CS45-E,RVR SE AWC,,,409191
mitsubishi,2020,CS45-Z,RVR GT AWC,,,409192
mitsubishi,2020,CS45-B,RVR ES AWC,,,409193
mitsubishi,2020,CS45-G,RVR SEL AWC,,,409194
mitsubishi,2020,CS45-L,RVR Limited Edition AWC,,,411423
mitsubishi,2025,CS45-A,RVR ES FWD,,,470165
mitsubishi,2025,CS45-B,RVR ES AWC,,,470166
mitsubishi,2025,CS45-E,RVR SE AWC,,,470167
mitsubishi,2025,CS45-G,RVR SEL AWC,,,470168
mitsubishi,2025,CS45-N,RVR NOIR AWC,,,470169
mitsubishi,2025,CS45-Z,RVR GT AWC,,,470170
mitsubishi,2025,CE45-B,Eclipse Cross ES S-AWC,,,466272
mitsubishi,2025,CE45-F,Eclipse Cross SE S-AWC,,,466273
mitsubishi,2025,CE45-G,Eclipse Cross SEL S-AWC,,,466274
mitsubishi,2025,CE45-N,Eclipse Cross NOIR S-AWC,,,466276
mitsubishi,2025,CE45-X,Eclipse Cross GT S-AWC,,,466275
mitsubishi,2025,CO45-B,Outlander ES S-AWC,,,470581
mitsubishi,2025,CO45-D,Outlander SE S-AWC,,,470582
mitsubishi,2025,CO45-F,Outlander LE S-AWC,,,470583
mitsubishi,2025,CO45-G,Outlander SEL S-AWC,,,470584
mitsubishi,2025,CO45-X,Outlander GT S-AWC,,,470585
mitsubishi,2025,CO45-X,Outlander GT Premium S-AWC,,,470586
mitsubishi,2025,COEV-B,Outlander PHEV ES S-AWC,,,459713
mitsubishi,2025,COEV-D,Outlander PHEV SE S-AWC,,,459717
mitsubishi,2025,COEV-F,Outlander PHEV LE S-AWC,,,459714
mitsubishi,2025,COEV-G,Outlander PHEV SEL S-AWC,,,459715
mitsubishi,2025,COEV-X,Outlander PHEV GT S-AWC,,,459716
mitsubishi,2025,COEV-N,Outlander PHEV NOIR S-AWC,,,459718
mitsubishi,2026,CS45-A,RVR ES FWD,,,481614
mitsubishi,2026,CS45-B,RVR ES AWC,,,481615
mitsubishi,2026,CS45-E,RVR SE AWC,,,481616
mitsubishi,2026,CS45-G,RVR SEL AWC,,,481617
mitsubishi,2026,CS45-N,RVR NOIR AWC,,,481618
mitsubishi,2026,CS45-Z,RVR GT AWC,,,481619
mitsubishi,2026,CE45-B,Eclipse Cross ES S-AWC,,,477389
mitsubishi,2026,CE45-F,Eclipse Cross SE S-AWC,,,477390
mitsubishi,2026,CE45-N,Eclipse Cross NOIR S-AWC,,,477392
mitsubishi,2026,CE45-X,Eclipse Cross GT S-AWC,,,477391
mitsubishi,2026,CO45-B,Outlander ES S-AWC,,,481877
mitsubishi,2026,CO45-D,Outlander SE S-AWC,,,481878
mitsubishi,2026,CO45-F,Outlander LE S-AWC,,,481879
mitsubishi,2026,CO45-G,Outlander SEL S-AWC,,,481880
mitsubishi,2026,CO45-X,Outlander GT S-AWC,,,481881
mitsubishi,2026,CO45-X,Outlander GT PREMIUM S-AWC,,,481882
mitsubishi,2026,CO45-N,Outlander NOIR S-AWC,,,483389
mitsubishi,2026,COEV-B,Outlander PHEV ES S-AWC,,,483107
mitsubishi,2026,COEV-D,Outlander PHEV SE S-AWC,,,483108
mitsubishi,2026,COEV-F,Outlander PHEV LE S-AWC,,,483109
mitsubishi,2026,COEV-G,Outlander PHEV SEL S-AWC,,,483110
mitsubishi,2026,COEV-X,Outlander PHEV GT S-AWC,,,F63
mitsubishi,2026,COEV-X,Outlander PHEV GT Premium S-AWC,,,F64
mitsubishi,2026,COEV-N,Outlander PHEV GT NOIR S-AWC,,,483112
Kia,2027,5HW52J61QBS0GG233,Seltos EX AWD,,,
Kia,2027,5HW52J61QBS0GG234,Seltos EX Premium AWD,,,
Kia,2027,5HW5D5G1KBS0HH132,Seltos X-Line AWD,,,
Kia,2027,1SW5D5G1KBS0HH0K9,Seltos X-Line Limited AWD,,,
Kia,2027,5HW52J61QBS0GG233,Seltos EX AWD,,,
Kia,2027,5HW52J61QBS0GG234,Seltos EX Premium AWD,,,
Kia,2027,5HW5D5G1KBS0HH132,Seltos X-Line AWD,,,
Kia,2027,1SW5D5G1KBS0HH0K9,Seltos X-Line Limited AWD,,,
Volvo,2023,XC40,XC40 B4 AWD Core,,,429946
Volvo,2023,XC40,XC40 B5 AWD Core,,,429947
Volvo,2023,XC40,XC40 B5 AWD Plus (Bright),,,429949
Volvo,2023,XC40,XC40 B5 AWD Plus (Dark),,,429948
Volvo,2023,XC40,XC40 B5 AWD Ultimate (Bright),,,429951
Volvo,2023,XC40,XC40 B5 AWD Ultimate (Dark),,,429950
Volvo,2023,XC40,XC40 Recharge Pure Electric Core,,,429046
Volvo,2023,XC40,XC40 Recharge Pure Electric Plus,,,429044
Volvo,2023,XC40,XC40 Recharge Pure Electric Ultimate,,,429045
Volvo,2023,C40,C40 Recharge Pure Electric Core,,,430568
Volvo,2023,C40,C40 Recharge Pure Electric Plus,,,430569
Volvo,2023,C40,C40 Recharge Pure Electric Ultimate,,,430570
Volvo,2023,S60,S60 B5 FWD Core,,,430079
Volvo,2023,S60,S60 B5 AWD Core,,,430080
Volvo,2023,S60,S60 B5 AWD Core (Black Edition),,,430081
Volvo,2023,S60,S60 B5 AWD Plus (Bright),,,430083
Volvo,2023,S60,S60 B5 AWD Plus (Dark),,,430082
Volvo,2023,S60,S60 B5 AWD Plus (Black Edition),,,430084
Volvo,2023,S60,S60 B5 AWD Ultimate (Bright),,,430086
Volvo,2023,S60,S60 B5 AWD Ultimate (Dark),,,430085
Volvo,2023,S60,S60 Recharge Plug-In Hybrid Plus,,,430088
Volvo,2023,S60,S60 Recharge Plug-In Hybrid Plus (Black Edition),,,430089
Volvo,2023,S60,S60 Recharge Plug-In Hybrid Ultimate,,,430090
Volvo,2023,S60,S60 T8 eAWD Polestar Engineered,,,430087
Volvo,2023,S90,S90 B6 AWD Plus,,,430241
Volvo,2023,S90,S90 B6 AWD Ultimate,,,430242
Volvo,2023,S90,S90 Recharge Plug-In Hybrid Plus,,,430243
Volvo,2023,S90,S90 Recharge Plug-In Hybrid Ultimate,,,430244
Volvo,2023,XC60,XC60 B5 AWD Core,,,430517
Volvo,2023,XC60,XC60 B6 AWD Core,,,430518
Volvo,2023,XC60,XC60 B6 AWD Plus (Bright),,,430520
Volvo,2023,XC60,XC60 B6 AWD Plus (Dark),,,430519
Volvo,2023,XC60,XC60 B6 AWD Ultimate (Bright),,,430522
Volvo,2023,XC60,XC60 B6 AWD Ultimate (Dark),,,430521
Volvo,2023,XC60,XC60 Recharge Plug-In Hybrid Core,,,430524
Volvo,2023,XC60,XC60 Recharge Plug-In Hybrid Plus (Bright),,,430526
Volvo,2023,XC60,XC60 Recharge Plug-In Hybrid Plus (Dark),,,430525
Volvo,2023,XC60,XC60 Recharge Plug-In Hybrid Ultimate (Bright),,,430528
Volvo,2023,XC60,XC60 Recharge Plug-In Hybrid Ultimate (Dark),,,430527
Volvo,2023,XC60,XC60 T8 eAWD Polestar Engineered,,,430523
Volvo,2023,V60,V60 B6 AWD Core,,,430091
Volvo,2023,V60,V60 B6 AWD Plus,,,430092
Volvo,2023,V60,V60 B6 AWD Ultimate,,,430093
Volvo,2023,V60,V60 Recharge Plus,,,430006
Volvo,2023,V60,V60 Recharge Ultimate,,,430007
Volvo,2023,V60,V60 T8 eAWD Polestar Engineered,,,430008
Volvo,2023,V60CC,V60CC B5 AWD Core,,,429943
Volvo,2023,V60CC,V60CC B5 AWD Plus,,,429944
Volvo,2023,V60CC,V60CC B5 AWD Ultimate,,,429945
Volvo,2023,V90CC,V90CC B6 AWD Plus,,,429881
Volvo,2023,V90CC,V90CC B6 AWD Ultimate,,,429882
Volvo,2023,XC90,XC90 B6 AWD Core,,,430529
Volvo,2023,XC90,XC90 B6 AWD Plus (Bright),,,430531
Volvo,2023,XC90,XC90 B6 AWD Plus (Dark),,,430530
Volvo,2023,XC90,XC90 B6 AWD Plus 6 Seat (Bright),,,430532
Volvo,2023,XC90,XC90 B6 AWD Ultimate (Dark),,,430533
Volvo,2023,XC90,XC90 B6 AWD Ultimate (Bright),,,430534
Volvo,2023,XC90,XC90 B6 AWD Ultimate 6 Seat (Bright),,,430535
Volvo,2023,XC90,XC90 Recharge Plug-In Hybrid Core,,,430536
Volvo,2023,XC90,XC90 Recharge Plug-In Hybrid Plus (Bright),,,430538
Volvo,2023,XC90,XC90 Recharge Plug-In Hybrid Plus (Dark),,,430537
Volvo,2023,XC90,XC90 Recharge Plug-In Hybrid Ultimate (Bright),,,430540
Volvo,2023,XC90,XC90 Recharge Plug-In Hybrid Ultimate (Dark),,,430539
Volvo,2022,C40,C40 Recharge Pure Electric P8 eAWD Ultimate,,,424602
Volvo,2022,XC40,XC40 T5 AWD Momentum,,,422259
Volvo,2022,XC40,XC40 T5 AWD R-Design,,,422260
Volvo,2022,XC40,XC40 T5 AWD Inscription,,,422261
Volvo,2022,XC40,XC40 T4 AWD Momentum,,,422258
Volvo,2022,XC40,XC40 Recharge P8 eAWD Pure Electric Plus,,,422408
Volvo,2022,XC40,XC40 Recharge P8 eAWD Pure Electric Ultimate,,,422409
Volvo,2022,XC40,XC40 Recharge P8 eAWD Pure Electric Core,,,424995
Volvo,2022,S60,S60 B5 FWD Momentum,,,422071
Volvo,2022,S60,S60 B5 AWD Momentum,,,422072
Volvo,2022,S60,S60 B5 AWD R-Design,,,422073
Volvo,2022,S60,S60 B5 AWD Inscription,,,422074
Volvo,2022,S60,S60 B5 AWD Black Edition Momentum,,,426178
Volvo,2022,S60,S60 B5 AWD Black Edition R-Design,,,426179
Volvo,2022,S60,S60 Recharge T8 eAWD PHEV R-Design,,,422076
Volvo,2022,S60,S60 Recharge T8 eAWD PHEV Polestar Engineered,,,422077
Volvo,2022,S60,S60 Recharge T8 eAWD PHEV R-Design Extended Range,,,426180
Volvo,2022,S60,S60 Recharge T8 eAWD PHEV Black R-Design Extended,,,426181
Volvo,2022,S60,S60 Recharge T8 eAWD PHEV Polestar Engineered Extended Range,,,426182
Volvo,2022,S90,S90 B6 AWD Inscription,,,422237
Volvo,2022,S90,S90 Recharge T8 eAWD PHEV Inscription,,,422236
Volvo,2022,S90,S90 Recharge T8 eAWD PHEV Inscription Extended Range,,,426183
Volvo,2022,XC60,XC60 	B5 AWD Momentum,,,422000
Volvo,2022,XC60,XC60 	B6 AWD Momentum,,,422001
Volvo,2022,XC60,XC60 	B6 AWD R-Design,,,422002
Volvo,2022,XC60,XC60 B6 AWD Inscription,,,422003
Volvo,2022,XC60,XC60	 Recharge T8 eAWD PHEV Inscription Expression,,,422004
Volvo,2022,XC60,XC60	 Recharge T8 eAWD PHEV R-Design,,,422005
Volvo,2022,XC60,XC60	 Recharge T8 eAWD PHEV Inscription,,,422006
Volvo,2022,XC60,XC60	 Recharge T8 eAWD PHEV Polestar Engineered,,,422007
Volvo,2022,XC60,XC60	 Recharge T8 eAWD PHEV Inscription Expression Extended Range,,,426512
Volvo,2022,XC60,XC60	 Recharge T8 eAWD PHEV R-Design Extended Range,,,426513
Volvo,2022,XC60,XC60	 Recharge T8 eAWD PHEV Inscription Extended Range,,,426514
Volvo,2022,XC60,XC60	 Recharge T8 eAWD PHEV Polestar Engineered Extended Range,,,426515
Volvo,2022,V60,V60 	T6 AWD Momentum,,,422234
Volvo,2022,V60,V60 T6 AWD R-Design,,,422235
Volvo,2022,V60,V60 Recharge T8 eAWD PHEV R-Design,,,422123
Volvo,2022,V60,V60 Recharge T8 eAWD PHEV Polestar Engineered,,,422124
Volvo,2022,V60,V60 Recharge T8 eAWD PHEV R-Design Extended Range,,,426688
Volvo,2022,V60,V60 Recharge T8 eAWD PHEV Polestar Engineered Extended Range,,,426689
Volvo,2022,V60CC,V60CC T5 AWD,,,422020
Volvo,2022,V90CC,V90CC B6 AWD,,,422407
Volvo,2022,XC90,XC90 	T5 AWD Momentum 7-Seater,,,422065
Volvo,2022,XC90,XC90 T6 AWD Momentum 7-Seater,,,422066
Volvo,2022,XC90,XC90 T6 AWD R-Design 7-Seater,,,422067
Volvo,2022,XC90,XC90 T6 AWD Inscription 7-Seater,,,422068
Volvo,2022,XC90,XC90 T6 AWD Momentum 6-Seater,,,422069
Volvo,2022,XC90,XC90 T6 AWD Inscription 6-Seater,,,422070
Volvo,2022,XC90,XC90 Recharge T8 eAWD PHEV Inscription Expression,,,422125
Volvo,2022,XC90,XC90 	Recharge T8 eAWD PHEV R-Design,,,422126
Volvo,2022,XC90,XC90 Recharge T8 eAWD PHEV Inscription,,,422127
Volvo,2022,XC90,XC90 Recharge T8 eAWD PHEV Inscription Expression Extended Range,,,426509
Volvo,2022,XC90,XC90 	Recharge T8 eAWD PHEV R-Design Extended Range,,,426510
Volvo,2022,XC90,XC90 Recharge T8 eAWD PHEV Inscription Extended Range,,,426511
Volvo,2020,XC40,XC40 T5 AWD Momentum,,,407800
Volvo,2020,XC40,XC40 T5 AWD R-Design,,,407801
Volvo,2020,XC40,XC40 T5 AWD Inscription,,,407802
Volvo,2020,XC40,XC40 T4 AWD Momentum,,,407803
Volvo,2020,S60,S60 T5 FWD Momentum,,,407804
Volvo,2020,S60,S60 T6 AWD Momentum,,,407805
Volvo,2020,S60,S60 T6 AWD R-Design,,,407806
Volvo,2020,S60,S60 T6 AWD Inscription,,,407807
Volvo,2020,S60,S60 T8 eAWD Plug-In Hybrid R-Design,,,407808
Volvo,2020,S60,S60 T8 eAWD Plug-In Hybrid Polestar,,,407809
Volvo,2020,S90,S90 T6 AWD Inscription,,,406922
Volvo,2020,S90,S90 T8 eAWD Plug-In Hybrid Inscription,,,406923
Volvo,2020,XC60,XC60 T5 AWD Momentum,,,406914
Volvo,2020,XC60,XC60 T6 AWD Momentum,,,406915
Volvo,2020,XC60,XC60 T6 AWD R-Design,,,406916
Volvo,2020,XC60,XC60 T6 AWD Inscription,,,406917
Volvo,2020,XC60,XC60 T8 eAWD Plug-In Hybrid R-Design,,,406977
Volvo,2020,XC60,XC60 T8 eAWD Plug-In Hybrid Inscription,,,406978
Volvo,2020,XC60,XC60 T8 eAWD Plug-In Hybrid Polestar,,,406979
Volvo,2020,V60,V60 T8 eAWD Plug-In Hybrid Inscription,,,407740
Volvo,2020,V60,V60 T8 eAWD Plug-In Hybrid Polestar,,,407741
Volvo,2020,V60,V60 T5 FWD Momentum,,,407796
Volvo,2020,V60,V60 	T6 AWD Momentum,,,407797
Volvo,2020,V60,V60 T6 AWD R-Design,,,407798
Volvo,2020,V60,V60 	T6 AWD Inscription,,,407799
Volvo,2020,V60CC,V60CC T5 AWD,,,407688
Volvo,2020,XC90,XC90 	T5 AWD Momentum 7-Seater,,,407072
Volvo,2020,XC90,XC90 T6 AWD Momentum 7-Seater,,,407073
Volvo,2020,XC90,XC90 T6 AWD R-Design 7-Seater,,,407074
Volvo,2020,XC90,XC90 T6 AWD Inscription 7-Seater,,,407075
Volvo,2020,XC90,XC90 	T8 eAWD Plug-In Hybrid Momentum,,,407077
Volvo,2020,XC90,XC90 T8 eAWD Plug-In Hybrid R-Design,,,407078
Volvo,2020,XC90,XC90 T8 eAWD Plug-In Hybrid Inscription,,,407079
Volvo,2020,XC90,XC90 T6 AWD Momentum 6-Seater,,,407080
Volvo,2020,XC90,XC90 T6 AWD Inscription 6-Seater,,,407081
Volvo,2021,XC40,XC40 T4 AWD Momentum,,,413814
Volvo,2021,XC40,XC40 T5 AWD Momentum,,,413815
Volvo,2021,XC40,XC40 T5 AWD R-Design,,,413816
Volvo,2021,XC40,XC40 T5 AWD Inscription,,,413817
Volvo,2021,XC40,XC40 Recharge P8 eAWD Pure Electric,,,413818
Volvo,2021,S60,S60 T5 FWD Momentum,,,413808
Volvo,2021,S60,S60 T6 AWD Momentum,,,413809
Volvo,2021,S60,S60 T6 AWD R-Design,,,413810
Volvo,2021,S60,S60 T6 AWD Inscription,,,413811
Volvo,2021,S60,S60 Recharge T8 eAWD PHEV R-Design,,,413812
Volvo,2021,S60,S60 Recharge T8 eAWD PHEV Polestar,,,413813
Volvo,2021,S60,S60 T5 AWD Momentum,,,418671
Volvo,2021,S60,S60 T5 AWD R-Design,,,418672
Volvo,2021,S60,S60 T5 AWD Inscription,,,418673
Volvo,2021,S90,S90 	T6 AWD Inscription,,,413698
Volvo,2021,S90,S90 Recharge T8 eAWD PHEV Inscription,,,413722
Volvo,2021,XC60,XC60 	T5 AWD Momentum,,,414104
Volvo,2021,XC60,XC60 	T6 AWD Momentum,,,414105
Volvo,2021,XC60,XC60 	T6 AWD R-Design,,,414106
Volvo,2021,XC60,XC60 T6 AWD Inscription,,,414107
Volvo,2021,XC60,XC60	 Recharge T8 eAWD PHEV R-Design,,,414108
Volvo,2021,XC60,XC60	 Recharge T8 eAWD PHEV Inscription,,,414109
Volvo,2021,XC60,XC60	 Recharge T8 eAWD PHEV Polestar,,,414110
Volvo,2021,XC60,XC60 	Recharge T8 eAWD PHEV Inscription Expression,,,414111
Volvo,2021,V60,V60 T5 FWD Momentum,,,413700
Volvo,2021,V60,V60 	T6 AWD Momentum,,,413701
Volvo,2021,V60,V60 T6 AWD R-Design,,,413702
Volvo,2021,V60,V60 	T6 AWD Inscription,,,413703
Volvo,2021,V60,V60 Recharge T8 eAWD PHEV Inscription,,,413724
Volvo,2021,V60,V60 Recharge T8 eAWD PHEV Polestar,,,413725
Volvo,2021,V60CC,V60CC T5 AWD,,,413699
Volvo,2021,XC90,XC90 	T5 AWD Momentum 7-Seater,,,414291
Volvo,2021,XC90,XC90 T6 AWD Momentum 7-Seater,,,414292
Volvo,2021,XC90,XC90 T6 AWD R-Design 7-Seater,,,414293
Volvo,2021,XC90,XC90 T6 AWD Inscription 7-Seater,,,414294
Volvo,2021,XC90,XC90 Recharge T8 eAWD PHEV Inscription Expression,,,414297
Volvo,2021,XC90,XC90 	Recharge T8 eAWD PHEV R-Design,,,414298
Volvo,2021,XC90,XC90 Recharge T8 eAWD PHEV Inscription,,,414299
Volvo,2021,XC90,XC90 T6 AWD Momentum 6-Seater,,,414295
Volvo,2021,XC90,XC90 T6 AWD Inscription 6-Seater,,,414296
Volvo,2024,XC40,B5 AWD Core (Bright),,,441570
Volvo,2024,XC40,B5 AWD Core (Dark),,,441565
Volvo,2024,XC40,B5 AWD Plus (Bright),,,441567
Volvo,2024,XC40,B5 AWD Plus (Dark),,,441566
Volvo,2024,XC40,B5 AWD Ultimate (Bright),,,441569
Volvo,2024,XC40,B5 AWD Ultimate (Dark),,,441568
Volvo,2024,XC40,Recharge Core,,,441472
Volvo,2024,XC40,Recharge Plus,,,441473
Volvo,2024,XC40,Recharge Ultimate,,,441474
Volvo,2024,XC40,Recharge TWIN Core,,,441469
Volvo,2024,XC40,Recharge TWIN Plus,,,441470
Volvo,2024,XC40,Recharge TWIN Ultimate,,,441471
Volvo,2024,C40,Recharge Core,,,441592
Volvo,2024,C40,Recharge Plus,,,441593
Volvo,2024,C40,Recharge Ultimate,,,441594
Volvo,2024,C40,Recharge TWIN Core,,,441589
Volvo,2024,C40,Recharge TWIN Plus,,,441590
Volvo,2024,C40,Recharge TWIN Ultimate,,,441591
Volvo,2024,S60,B5 AWD Core,,,441435
Volvo,2024,S60,B5 AWD Plus,,,441436
Volvo,2024,S60,B5 AWD Plus (Black Edition),,,441437
Volvo,2024,S60,B5 AWD Ultimate,,,441438
Volvo,2024,S60,Recharge Core,,,441442
Volvo,2024,S60,Recharge Plus,,,441439
Volvo,2024,S60,Recharge Plus (Black Edition),,,441440
Volvo,2024,S60,Recharge Ultimate,,,441441
Volvo,2024,S60,Recharge Ultimate (Black Edition),,,441443
Volvo,2024,V60,T8 eAWD Polestar Engineered,,,441431
Volvo,2024,V60CC,B5 AWD Core,,,441432
Volvo,2024,V60CC,B5 AWD Plus,,,441433
Volvo,2024,V60CC,B5 AWD Ultimate,,,441434
Volvo,2024,XC60,B5 AWD Core,,,441414
Volvo,2024,XC60,B5 AWD Plus,,,441415
Volvo,2024,XC60,B5 AWD Ultimate,,,441416
Volvo,2024,XC60,B5 AWD Ultimate (Black Edition),,,447300
Volvo,2024,XC60,Recharge Core,,,441420
Volvo,2024,XC60,Recharge Plus,,,441417
Volvo,2024,XC60,Recharge Ultimate,,,441418
Volvo,2024,XC60,Recharge Ultimate (Black Edition),,,447466
Volvo,2024,XC60,T8 eAWD Polestar Engineered,,,441419
Volvo,2024,S90,B6 AWD Plus,,,441577
Volvo,2024,S90,B6 AWD Ultimate,,,441578
Volvo,2024,S90,Recharge Plus,,,441579
Volvo,2024,S90,Recharge Ultimate,,,441580
Volvo,2024,V90CC,B6 AWD Plus,,,441669
Volvo,2024,V90CC,B6 AWD Ultimate,,,441670
Volvo,2024,XC90,B6 AWD Core,,,441421
Volvo,2024,XC90,B6 AWD Plus,,,441422
Volvo,2024,XC90,B6 AWD Plus 6 Seat,,,441423
Volvo,2024,XC90,B6 AWD Ultimate,,,441424
Volvo,2024,XC90,B6 AWD Ultimate 6 Seat,,,441425
Volvo,2024,XC90,Recharge Core,,,441426
Volvo,2024,XC90,Recharge Plus,,,441427
Volvo,2024,XC90,Recharge Plus 6 Seat,,,441428
Volvo,2024,XC90,Recharge Ultimate,,,441429
Volvo,2024,XC90,Recharge Ultimate 6 Seat,,,441430
Volvo,2025,XC40,B5 AWD Core (Bright),,,457967
Volvo,2025,XC40,B5 AWD Core (Dark),,,
Volvo,2025,XC40,B5 AWD Plus (Bright),,,457969
Volvo,2025,XC40,B5 AWD Plus (Dark),,,457968
Volvo,2025,XC40,B5 AWD Ultra (Bright),,,457971
Volvo,2025,XC40,B5 AWD Ultra (Dark),,,457970
Volvo,2025,EX40,Recharge Core,,,458855
Volvo,2025,EX40,Recharge Plus,,,458856
Volvo,2025,EX40,Recharge Ultra,,,458857
Volvo,2025,EX40,Recharge TWIN Core,,,458852
Volvo,2025,EX40,Recharge TWIN Plus,,,458853
Volvo,2025,EX40,Recharge TWIN Ultra,,,458854
Volvo,2025,EC40,Recharge Core,,,458867
Volvo,2025,EC40,Recharge Plus,,,458868
Volvo,2025,EC40,Recharge Ultra,,,458869
Volvo,2025,EC40,Recharge TWIN Core,,,458863
Volvo,2025,EC40,Recharge TWIN Plus,,,458864
Volvo,2025,EC40,Recharge TWIN Ultra,,,458865
Volvo,2025,EC40,Recharge TWIN Ultra Black Edition,,,458866
Volvo,2025,S60,T8 Core,,,458096
Volvo,2025,S60,T8 Plus,,,458097
Volvo,2025,S60,T8 Ultra,,,458098
Volvo,2025,S60,T8 Ultra (Black Edition),,,458099
Volvo,2025,V60,T8 eAWD Polestar Engineered,,,457977
Volvo,2025,V60CC,B5 AWD Core,,,457978
Volvo,2025,V60CC,B5 AWD Plus,,,457979
Volvo,2025,V60CC,B5 AWD Ultra,,,457980
Volvo,2025,XC60,B5 AWD Core,,,458075
Volvo,2025,XC60,B5 AWD Plus,,,458076
Volvo,2025,XC60,B5 AWD Ultra,,,458077
Volvo,2025,XC60,B5 AWD Ultra (Black Edition),,,458078
Volvo,2025,XC60,T8 Core,,,458079
Volvo,2025,XC60,T8 Plus,,,458080
Volvo,2025,XC60,T8 Ultra,,,458081
Volvo,2025,XC60,T8 Ultra (Black Edition),,,458083
Volvo,2025,XC60,T8 eAWD Polestar Engineered,,,458082
Volvo,2025,S90,B6 AWD Plus,,,458011
Volvo,2025,S90,B6 AWD Ultra,,,458012
Volvo,2025,S90,T8 Plus,,,458013
Volvo,2025,S90,T8 Ultra,,,458014
Volvo,2025,V90CC,B6 AWD Plus,,,458015
Volvo,2025,V90CC,B6 AWD Ultra,,,458016
Volvo,2025,XC90,B6 AWD Ultra 7 Seat,,,458017
Volvo,2025,XC90,2025.5 B6 AWD Core 7 Seat,,,464776
Volvo,2025,XC90,2025.5 B6 AWD Plus 7 Seat,,,464777
Volvo,2025,XC90,2025.5 B6 AWD Ultra 7 Seat,,,464778
Volvo,2025,XC90,2025.5 B6 AWD Ultra 6 Seat,,,464779
Volvo,2025,XC90,T8 Ultra 7 Seat,,,458021
Volvo,2025,XC90,2025.5 T8 Core 7 Seat,,,464780
Volvo,2025,XC90,2025.5 T8 Plus 7 Seat,,,464781
Volvo,2025,XC90,2025.5 T8 Ultra 7 Seat,,,464782
Volvo,2025,XC90,2025.5 T8 Ultra 6 Seat,,,464783
Volvo,2025,EX30,Core (Single Motor Extended Range),,,450124
Volvo,2025,EX30,Plus (Single Motor Extended Range),,,450125
Volvo,2025,EX30,Ultra (Single Motor Extended Range),,,450126
Volvo,2025,EX30,Plus (Twin Motor Performance),,,450122
Volvo,2025,EX30,Ultra (Twin Motor Performance),,,450123
Volvo,2025,EX90,Plus (Twin Motor Performance),,,454240
Volvo,2025,EX90,Plus (Twin Motor Performance) 6 Seat,,,454241
Volvo,2025,EX90,Ultra (Twin Motor Performance),,,454242
Volvo,2025,EX90,Ultra (Twin Motor Performance) 6 Seat,,,454243
Volvo,2025,XC90,B6 AWD Core,,,
Volvo,2024,XC60,XC60 Core Dark Theme,,,
Volvo,2024,XC60,XC60 Plus Dark Theme,,,
Volvo,2024,XC60,XC60 Ultimate Dark Theme,,,
Volvo,2024,XC60,XC60 Recharge Plus Dark Theme,,,
Volvo,2024,XC60,XC60 Recharge Ultimate Dark Theme,,,
Volvo,2024,XC60,XC60 Recharge Polestar Engineered,,,
Volvo,2024,XC60,XC60 Recharge Core Dark Theme,,,
Volvo,2024,XC90,XC90 Core Bright Theme,,,
Volvo,2024,XC90,XC90 Plus Bright Theme,,,
Volvo,2024,XC90,XC90 Plus Bright Theme,,,
Volvo,2024,XC90,XC90 Ultimate Bright Theme,,,
Volvo,2024,XC90,XC90 Ultimate Bright Theme,,,
Volvo,2024,XC90,XC90 Recharge Core Bright Theme,,,
Volvo,2024,XC90,XC90 Recharge Plus Bright Theme,,,
Volvo,2024,XC90,XC90 Recharge Plus Bright Theme,,,
Volvo,2024,XC90,XC90 Recharge Ultimate Bright Theme,,,
Volvo,2024,XC90,XC90 Recharge Ultimate Bright Theme,,,
Volvo,2024,V60,V60 Recharge Polestar Engineered,,,
Volvo,2024,V60CC,V60 Cross Country Core,,,
Volvo,2024,V60CC,V60 Cross Country Plus,,,
Volvo,2024,V60CC,V60 Cross Country Ultimate,,,
Volvo,2024,S60,S60 Core Dark Theme,,,
Volvo,2024,S60,S60 Plus Dark Theme,,,
Volvo,2024,S60,S60 Plus Black Edition,,,
Volvo,2024,S60,S60 Ultimate Dark Theme,,,
Volvo,2024,S60,S60 Recharge Plus Dark Theme,,,
Volvo,2024,S60,S60 Recharge Plus Black Edition,,,
Volvo,2024,S60,S60 Recharge Ultimate Dark Theme,,,
Volvo,2024,S60,S60 Recharge Core Dark Theme,,,
Volvo,2024,S60,S60 Recharge Ultimate Black Edition,,,
Volvo,2024,XC40,XC40 Recharge Pure Electric Core,,,
Volvo,2024,XC40,XC40 Recharge Pure Electric Plus,,,
Volvo,2024,XC40,XC40 Recharge Pure Electric Ultimate,,,
Volvo,2024,XC40,XC40 Recharge Pure Electric Core,,,
Volvo,2024,XC40,XC40 Recharge Pure Electric Plus,,,
Volvo,2024,XC40,XC40 Recharge Pure Electric Ultimate,,,
Volvo,2024,XC40,XC40 Core Dark Theme,,,
Volvo,2024,XC40,XC40 Plus Dark Theme,,,
Volvo,2024,XC40,XC40 Plus Bright Theme,,,
Volvo,2024,XC40,XC40 Ultimate Dark Theme,,,
Volvo,2024,XC40,XC40 Ultimate Bright Theme,,,
Volvo,2024,XC40,XC40 Core Bright Theme,,,
Volvo,2024,S90,S90 Plus Bright Theme,,,
Volvo,2024,S90,S90 Ultimate Bright Theme,,,
Volvo,2024,S90,S90 Recharge Plus Bright Theme,,,
Volvo,2024,S90,S90 Recharge Ultimate Bright Theme,,,
Volvo,2024,C40,C40 Recharge Pure Electric Core,,,
Volvo,2024,C40,C40 Recharge Pure Electric Plus,,,
Volvo,2024,C40,C40 Recharge Pure Electric Ultimate,,,
Volvo,2024,C40,C40 Recharge Pure Electric Core,,,
Volvo,2024,C40,C40 Recharge Pure Electric Plus,,,
Volvo,2024,C40,C40 Recharge Pure Electric Ultimate,,,
Volvo,2024,V90CC,V90 Cross Country Plus,,,
Volvo,2024,V90CC,V90 Cross Country Ultimate,,,
Volvo,2024,XC60,XC60 Ultimate Black Edition,,,
Volvo,2024,XC60,XC60 Recharge Ultimate Black Edition,,,
Volvo,2026,XC40,B5 AWD Core,,,476080
Volvo,2026,XC40,B5 AWD Plus,,,476078
Volvo,2026,XC40,B5 AWD Ultra,,,476079
Volvo,2026,XC40,B5 AWD Ultra Black Edition,,,476081
Volvo,2026,EX40,Twin Motor Core,,,475962
Volvo,2026,EX40,Twin Motor Plus,,,475963
Volvo,2026,EX40,Twin Motor Ultra,,,475964
Volvo,2026,EX40,Twin Motor Ultra Black Edition,,,475965
Volvo,2026,EC40,Twin Motor Core,,,476062
Volvo,2026,EC40,Twin Motor Ultra Black Edition,,,476063
Volvo,2026,V60CC,B5 AWD Ultra,,,476082
Volvo,2026,XC60,B5 AWD Core,,,476422
Volvo,2026,XC60,B5 AWD Plus,,,476423
Volvo,2026,XC60,B5 AWD Ultra,,,476424
Volvo,2026,XC60,B5 AWD Ultra Black Edition,,,476425
Volvo,2026,XC60,T8 Core,,,476426
Volvo,2026,XC60,T8 Plus,,,476427
Volvo,2026,XC60,T8 Ultra,,,476428
Volvo,2026,XC60,T8 Ultra Black Edition,,,476429
Volvo,2026,XC60,T8 eAWD Polestar Engineered,,,476430
Volvo,2026,V90CC,B6 AWD Ultra,,,476064
Volvo,2026,EX30,Core (Single Motor Extended Range),,,481024
Volvo,2026,EX30,Plus (Single Motor Extended Range),,,481025
Volvo,2026,EX30,Ultra (Single Motor Extended Range),,,481026
Volvo,2026,EX30,Plus (Twin Motor Performance),,,481022
Volvo,2026,EX30,Ultra (Twin Motor Performance),,,481023
Volvo,2026,EX30CC,Ultra (Twin Motor Performance),,,481027
Volvo,2026,EX90,Plus (Twin Motor Performance),,,
Volvo,2026,XC90,B6 AWD Core,,,476296
Volvo,2026,XC90,B6 AWD Plus (Bright),,,476297
Volvo,2026,XC90,B6 AWD Plus (Dark),,,476300
Volvo,2026,XC90,B6 AWD Ultra (Bright),,,476298
Volvo,2026,XC90,B6 AWD Ultra (Dark),,,476301
Volvo,2026,XC90,B6 AWD Ultra 6 Seater,,,476299
Volvo,2026,XC90,T8 plug-in hybrid Core,,,476262
Volvo,2026,XC90,T8 plug-in hybrid Plus (Bright),,,476263
Volvo,2026,XC90,T8 plug-in hybrid Plus (Dark),,,476266
Volvo,2026,XC90,T8 plug-in hybrid Ultra (Bright),,,476264
Volvo,2026,XC90,T8 plug-in hybrid Ultra (Dark),,,476267
Volvo,2026,XC90,T8 plug-in hybrid Ultra 6 Seater,,,476265
Genesis,2023,G714AA20DX53,G70 2.0T Select AWD,,,427598
Genesis,2023,G714AA20DX61,G70 2.0T Advanced AWD,,,427599
Genesis,2023,G714AA20DX63,G70 2.0T Prestige AWD,,,427600
Genesis,2023,G714AA33DX61,G70 3.3T Advanced AWD,,,427601
Genesis,2023,G714AA33DX60,G70 3.3T Sport AWD,,,427602
Genesis,2023,V71SAA25KL53,GV70 2.5T Select AWD,,,427669
Genesis,2023,V71SAA25KL61,GV70 2.5T Advanced AWD,,,427670
Genesis,2023,V71SAA25KLAE,GV70 2.5T Advanced Plus AWD,,,427671
Genesis,2023,V71SAA25KL63,GV70 2.5T Prestige AWD,,,427672
Genesis,2023,V71SAA35KL60,GV70 3.5T Sport AWD,,,427673
Genesis,2023,V71SAA35KLAF,GV70 3.5T Sport Plus AWD,,,427674
Genesis,2023,V71SEAEMEX63,Electrified GV70 Prestige AWD,,,437559
Genesis,2023,G834AA25DL58,G80 2.5T Advanced AWD,,,428568
Genesis,2023,G834AA35DL60,G80 3.5T Sport AWD,,,428569
Genesis,2023,G834AA35DLAF,G80 3.5T Sport Plus AWD,,,428570
Genesis,2023,G834EAEMEXAS,Electrified G80 Prestige AWD,,,433617
Genesis,2023,V61SEAEMEL61,GV60 Advanced AWD,,,426985
Genesis,2023,V61SEAEMELAR,GV60 Performance AWD,,,426986
Genesis,2023,V61SEAEMELAQ,GV60 Performance AWD w/Navy Interior,,,426987
Genesis,2023,V81SAA25DL53,GV80 2.5T Select AWD,,,427690
Genesis,2023,V81SAA25DL58,GV80 2.5T Advanced AWD,,,427691
Genesis,2023,V81SAA35DL59,GV80 3.5T Advanced AWD 7P,,,427692
Genesis,2023,V81SAA35DLAN,GV80 3.5T Advanced AWD 7P w/Matte Paint,,,427693
Genesis,2023,V81SAA35DL75,GV80 3.5T Prestige AWD 7P,,,427694
Genesis,2023,V81SAA35DLAO,GV80 3.5T Prestige AWD 7P w/Matte Paint,,,427695
Genesis,2023,V81SAA35DLAM,GV80 3.5T Prestige AWD 5P,,,427696
Genesis,2023,V81SAA35DLAP,GV80 3.5T Prestige AWD 5P w/Matte Paint,,,427697
Genesis,2023,V81SAA35DLAX,GV80 3.5T Advanced AWD 5P,,,428531
Genesis,2023,V81SAA35DLAY,GV80 3.5T Advanced AWD 5P w/Matte Paint,,,428532
Genesis,2023,G934AA35DX63,G90 3.5T Prestige AWD,,,432198
Genesis,2019,G714MR20DX60,G70 2.0T Sport RWD,,,399731
Genesis,2019,G714AA20DX61,G70 2.0T Advanced AWD,,,399732
Genesis,2019,G714AA20DX62,G70 2.0T Elite AWD,,,399733
Genesis,2019,G714AA20DX63,G70 2.0T Prestige AWD,,,399734
Genesis,2019,G714AA33DX64,G70 3.3T Dynamic AWD,,,399735
Genesis,2019,G714AA33DX60,G70 3.3T Sport AWD,,,399736
Genesis,2019,G824AA38BX55,G80 3.8 Technology AWD,,,401221
Genesis,2019,G824AA33DX60,G80 3.3T Sport AWD,,,401222
Genesis,2019,G824AA50BX20,G80 5.0 Ultimate AWD,,,401223
Genesis,2019,G924AA33DX24,G90 3.3T AWD,,,401225
Genesis,2019,G924AA50BX25,G90 5.0L AWD,,,401226
Genesis,2019,G924AA50BX30,G90 5.0L AWD w/Rear Seat Entertainment,,,401227
Genesis,2020,G714MR20DX60,G70 2.0T Sport RWD,,,406733
Genesis,2020,G714AA20DX61,G70 2.0T Advanced AWD,,,406734
Genesis,2020,G714AA20DX62,G70 2.0T Elite AWD,,,406735
Genesis,2020,G714AA20DX63,G70 2.0T Prestige AWD,,,406736
Genesis,2020,G714AA33DX60,G70 3.3T Sport AWD,,,406737
Genesis,2020,G714AA33DX63,G70 3.3T Prestige AWD,,,406738
Genesis,2020,G824AA38BX55,G80 3.8 Technology AWD,,,406610
Genesis,2020,G824AA33DX60,G80 3.3T Sport AWD,,,406611
Genesis,2020,G824AA50BX20,G80 5.0 Ultimate AWD,,,406612
Genesis,2020,G924AA33DX71,G90 3.3T AWD,,,409117
Genesis,2020,G924AA50BX72,G90 5.0L Prestige AWD,,,409118
Genesis,2020,G924AA50BX73,G90 5.0L Prestige AWD w/Rear Seat Entertainment,,,409119
Genesis,2021,G714MR20DX60,G70 2.0T Sport RWD,,,413279
Genesis,2021,G714AA20DX61,G70 2.0T Advanced AWD,,,413280
Genesis,2021,G714AA20DX62,G70 2.0T Elite AWD,,,413281
Genesis,2021,G714AA20DX63,G70 2.0T Prestige AWD,,,413282
Genesis,2021,G714AA33DX71,G70 3.3T Prestige AWD,,,413283
Genesis,2021,G714AA33DX60,G70 3.3T Sport AWD,,,413284
Genesis,2021,G834AA25DX58,G80 2.5T Advanced AWD,,,416212
Genesis,2021,G834AA35DX75,G80 3.5T Prestige AWD,,,416213
Genesis,2021,V81SAA25DX53,GV80 2.5T Select AWD,,,414822
Genesis,2021,V81SAA25DX58,GV80 2.5T Advanced AWD,,,414823
Genesis,2021,V81SAA35DX59,GV80 3.5T Advanced AWD,,,414824
Genesis,2021,V81SAA35DX75,GV80 3.5T Prestige AWD,,,414825
Genesis,2021,G924AA50BX72,G90 5.0L Prestige AWD,,,416444
Genesis,2021,G924AA50BX73,G90 5.0L Prestige AWD w/Rear Seat Entertainment,,,416445
Genesis,2022,G714AA20DX61,G70 2.0T Sport RWD,,,420472
Genesis,2022,G714AA20DX63,G70 2.0T Prestige AWD,,,420473
Genesis,2022,G714AA33DX60,G70 3.3T Sport AWD,,,420474
Genesis,2022,G714AA20DX53,G70 2.0T Select AWD,,,420475
Genesis,2022,G714AA33DX61,G70 3.3T Advanced AWD,,,420476
Genesis,2022,G714AA33DX32,G70 3.3T Sport Launch Edition AWD,,,420477
Genesis,2022,V71SAA25KX53,GV70 2.5T Select AWD,,,422490
Genesis,2022,V71SAA25KX61,GV70 2.5T Advanced AWD,,,422491
Genesis,2022,V71SAA25KXAE,GV70 2.5T Advanced Plus AWD,,,422492
Genesis,2022,V71SAA25KX63,GV70 2.5T Prestige AWD,,,422493
Genesis,2022,V71SAA35KX60,GV70 3.5T Sport AWD,,,422494
Genesis,2022,V71SAA35KXAF,GV70 3.5T Sport Plus AWD,,,422495
Genesis,2022,V71SAA25KL53,GV70 2.5T Select AWD,,,427028
Genesis,2022,V71SAA25KL61,GV70 2.5T Advanced AWD,,,427029
Genesis,2022,V71SAA25KLAE,GV70 2.5T Advanced Plus AWD,,,427030
Genesis,2022,V71SAA25KL63,GV70 2.5T Prestige AWD,,,427031
Genesis,2022,V71SAA35KL60,GV70 3.5T Sport AWD,,,427032
Genesis,2022,V71SAA35KLAF,GV70 3.5T Sport Plus AWD,,,427033
Genesis,2022,G834AA25DL58,G80 2.5T Advanced AWD,,,424444
Genesis,2022,G834AA35DL60,G80 3.5T Sport AWD,,,424445
Genesis,2022,G834AA35DLAF,G80 3.5T Sport Plus AWD,,,424446
Genesis,2022,V81SAA25DX53,GV80 2.5T Select AWD,,,425256
Genesis,2022,V81SAA25DX58,GV80 2.5T Advanced AWD,,,425257
Genesis,2022,V81SAA35DX59,GV80 3.5T Advanced AWD,,,425258
Genesis,2022,V81SAA35DX75,GV80 3.5T Prestige AWD,,,425259
Genesis,2022,V81SAA35DXAN,GV80 3.5T Advanced AWD w/Matte Paint,,,427067
Genesis,2022,V81SAA35DXAO,GV80 3.5T Prestige AWD w/Matte Paint,,,427068
Genesis,2022,V81SAA25DL53,GV80 2.5T Select AWD,,,427069
Genesis,2022,V81SAA25DL58,GV80 2.5T Advanced AWD,,,427070
Genesis,2022,V81SAA35DL59,GV80 3.5T Advanced AWD,,,427071
Genesis,2022,V81SAA35DLAN,GV80 3.5T Advanced AWD w/Matte Paint,,,427072
Genesis,2022,V81SAA35DL75,GV80 3.5T Prestige AWD,,,427073
Genesis,2022,V81SAA35DLAO,GV80 3.5T Prestige AWD w/Matte Paint,,,427074
Genesis,2022,G924AA50BX63,G90 5.0L Prestige AWD,,,422410
Genesis,2022,G924AA50BXAG,G90 5.0L Prestige AWD w/RSE,,,422411
Genesis,2022,G924AA50BX72,G90 5.0L Prestige AWD w/Multi-Spoke Wheel,,,422412
Genesis,2022,G924AA50BX73,G90 5.0L Prestige AWD w/RSE/Multi-Spoke Wheel,,,422413
Genesis,2025,G8CS4K2DGA00,G80 2.5T Advanced AWD,,,466610
Genesis,2025,G8CS4K3BGSAU,G80 3.5T Sport Plus AWD,,,466611
Genesis,2025,G7CS4K2DGA00,G70 2.5T Advanced AWD,,,455533
Genesis,2025,G7CS4K2DGP00,G70 2.5T Prestige AWD,,,455534
Genesis,2025,G7CS4K3AGA00,G70 3.3T Advanced AWD,,,455535
Genesis,2025,G7CS4K3AGS00,G70 3.3T Sport AWD,,,455536
Genesis,2025,G9CS4K3BXXPS,G90 e-SC Prestige AWD,,,463358
Genesis,2025,V6EW5ZE227AD,GV60 Advanced AWD,,,461704
Genesis,2025,V6EW5ZE127AR,GV60 Performance AWD,,,461705
Genesis,2025,V6EW5ZE127PF,GV60 Performance AWD w/Navy Interior,,,461706
Genesis,2025,V7CW5K2D27AD,GV70 2.5T Advanced,,,455516
Genesis,2025,V7CW5K2DGAAU,GV70 2.5T Advanced Plus,,,455517
Genesis,2025,V7CW5K2DGP00,GV70 2.5T Prestige,,,455518
Genesis,2025,V7CW5K3BGS00,GV70 3.5T Sport,,,455519
Genesis,2025,V7CW5K3BGSBE,GV70 3.5T Sport Plus w/LSD,,,455520
Genesis,2025,V7EW5ZE1GP00,ELECTRIFIED GV70 Prestige AWD,,,463311
Genesis,2025,V7EW5ZE1GA00,ELECTRIFIED GV70 Advanced AWD,,,463312
Genesis,2025,V7EW5ZE1GAAU,ELECTRIFIED GV70 Advanced Plus AWD,,,463313
Genesis,2025,V8CW5K2DGA00,GV80 2.5T Advanced AWD 5P,,,459749
Genesis,2025,V8CW7K3BGA55,GV80 3.5T Advanced w/Tech Pkg AWD 7P,,,459750
Genesis,2025,V8CW7K3BGP00,GV80 3.5T Prestige AWD 7P,,,459751
Genesis,2025,V8CW5K2DGA55,GV80 2.5T Advanced w/Tech Pkg AWD 5P,,,459752
Genesis,2025,V8CC7K3BGP00,GV80 COUPE 3.5T e-SC AWD,,,460325
Genesis,2024,G7CS4K2DGA00,G70 2.5T Advanced AWD,,,452610
Genesis,2024,G7CS4K2DGP00,G70 2.5T Prestige AWD,,,452611
Genesis,2024,G7CS4K3AGA00,G70 3.3T Advanced AWD,,,452612
Genesis,2024,G7CS4K3AGS00,G70 3.3T Sport AWD,,,452613
Genesis,2024,G8CS4K2DGA00,G80 2.5T Advanced AWD,,,444087
Genesis,2024,G8CS4K3BGSAU,G80 3.5T Sport Plus AWD,,,444088
Genesis,2024,G8ES4ZE1GP00,Electrified G80 AWD,,,450310
Genesis,2024,G9CS4K3BXXPS,G90 e-SC Prestige AWD,,,450256
Genesis,2024,V6EW5ZE227AD,GV60 Advanced AWD,,,444967
Genesis,2024,V6EW5ZE127AR,GV60 Performance AWD,,,444968
Genesis,2024,V6EW5ZE127PF,GV60 Performance AWD w/Navy Interior,,,444969
Genesis,2024,V7CW5K2D27AD,GV70 2.5T Advanced,,,447829
Genesis,2024,V7CW5K2DGAAU,GV70 2.5T Advanced Plus,,,447830
Genesis,2024,V7CW5K2DGP00,GV70 2.5T Prestige,,,447831
Genesis,2024,V7CW5K3BGS00,GV70 3.5T Sport,,,447832
Genesis,2024,V7CW5K3BGSAF,GV70 3.5T Sport Plus w/o LSD,,,447833
Genesis,2024,V7CW5K3BGSBE,GV70 3.5T Sport Plus w/LSD,,,447834
Genesis,2024,V71SEAEMEX63,Electrified GV70 Prestige AWD,,,447828
Genesis,2024,V8CW5K2DGA00,GV80 2.5T Advanced AWD,,,438592
Genesis,2024,V8CW5K3BGPAM,GV80 3.5T Advanced AWD 5P,,,438597
Genesis,2024,V8CW5K3BGPAP,GV80 3.5T Advanced AWD 5P w/Matte Paint,,,438598
Genesis,2024,V8CW5K3BGAAX,GV80 3.5T Prestige AWD 5P,,,438593
Genesis,2024,V8CW5K3BGAAY,GV80 3.5T Prestige AWD 5P w/Matte Paint,,,438594
Genesis,2024,V8CW7K3BGP00,GV80 3.5T Prestige AWD 7P,,,438595
Genesis,2024,V8CW7K3BGPAO,GV80 3.5T Prestige AWD 7P w/Matte Paint,,,438596
Genesis,2025,G834AA25DX58,G80 2.5T Advanced AWD,,,466610
Genesis,2025,G834AA35DXAF,G80 3.5T Sport Plus AWD,,,466611
Genesis,2025,G714AA25DX61,G70 2.5T Advanced AWD,,,455533
Genesis,2025,G714AA25DX63,G70 2.5T Prestige AWD,,,455534
Genesis,2025,G714AA33DX61,G70 3.3T Advanced AWD,,,455535
Genesis,2025,G714AA33DX60,G70 3.3T Sport AWD,,,455536
Genesis,2025,G934AA35LX63,G90 e-SC Prestige AWD,,,463358
Genesis,2025,V61SEAEMEL61,GV60 Advanced AWD,,,461704
Genesis,2025,V61SEAEMELAR,GV60 Performance AWD,,,461705
Genesis,2025,V61SEAEMELAQ,GV60 Performance AWD w/Navy Interior,,,461706
Genesis,2025,V71SAA25KL61,GV70 2.5T Advanced,,,455516
Genesis,2025,V71SAA25KXAE,GV70 2.5T Advanced Plus,,,455517
Genesis,2025,V71SAA25KX63,GV70 2.5T Prestige,,,455518
Genesis,2025,V71SAA35KX60,GV70 3.5T Sport,,,455519
Genesis,2025,V71SAA35KXBE,GV70 3.5T Sport Plus w/LSD,,,455520
Genesis,2025,V71SEAEMEX63,ELECTRIFIED GV70 Prestige AWD,,,463311
Genesis,2025,V71SEAEMEX61,ELECTRIFIED GV70 Advanced AWD,,,463312
Genesis,2025,V71SEAEMEXAE,ELECTRIFIED GV70 Advanced Plus AWD,,,463313
Genesis,2025,V81SAA25DX58,GV80 2.5T Advanced AWD 5P,,,459749
Genesis,2025,V81SAA35DXBL,GV80 3.5T Advanced w/Tech Pkg AWD 7P,,,459750
Genesis,2025,V81SAA35DX75,GV80 3.5T Prestige AWD 7P,,,459751
Genesis,2025,V81SAA25DXBK,GV80 2.5T Advanced w/Tech Pkg AWD 5P,,,459752
Genesis,2025,V81CAA35LX63,GV80 COUPE 3.5T e-SC AWD,,,460325
Genesis,2024,G714AA25DX61,G70 2.5T Advanced AWD,,,452610
Genesis,2024,G714AA25DX63,G70 2.5T Prestige AWD,,,452611
Genesis,2024,G714AA33DX61,G70 3.3T Advanced AWD,,,452612
Genesis,2024,G714AA33DX60,G70 3.3T Sport AWD,,,452613
Genesis,2024,G834AA25DX58,G80 2.5T Advanced AWD,,,444087
Genesis,2024,G834AA35DXAF,G80 3.5T Sport Plus AWD,,,444088
Genesis,2024,G834EAEMEXAS,Electrified G80 AWD,,,450310
Genesis,2024,G934AA35LX63,G90 e-SC Prestige AWD,,,450256
Genesis,2024,V61SEAEMEL61,GV60 Advanced AWD,,,444967
Genesis,2024,V61SEAEMELAR,GV60 Performance AWD,,,444968
Genesis,2024,V61SEAEMELAQ,GV60 Performance AWD w/Navy Interior,,,444969
Genesis,2024,V71SAA25KL61,GV70 2.5T Advanced,,,447829
Genesis,2024,V71SAA25KXAE,GV70 2.5T Advanced Plus,,,447830
Genesis,2024,V71SAA25KX63,GV70 2.5T Prestige,,,447831
Genesis,2024,V71SAA35KX60,GV70 3.5T Sport,,,447832
Genesis,2024,V71SAA35KXAF,GV70 3.5T Sport Plus w/o LSD,,,447833
Genesis,2024,V71SAA35KXBE,GV70 3.5T Sport Plus w/LSD,,,447834
Genesis,2024,V81SAA25DX58,GV80 2.5T Advanced AWD,,,438592
Genesis,2024,V81SAA35DXAX,GV80 3.5T Advanced AWD 5P,,,438597
Genesis,2024,V81SAA35DXAY,GV80 3.5T Advanced AWD 5P w/Matte Paint,,,438598
Genesis,2024,V81SAA35DXAM,GV80 3.5T Prestige AWD 5P,,,438593
Genesis,2024,V81SAA35DXAP,GV80 3.5T Prestige AWD 5P w/Matte Paint,,,438594
Genesis,2024,V81SAA35DX75,GV80 3.5T Prestige AWD 7P,,,438595
Genesis,2024,V81SAA35DXAO,GV80 3.5T Prestige AWD 7P w/Matte Paint,,,438596
Genesis,2026,G7CS4K2DGA00,G70 2.5T Advanced AWD,,,475088
Genesis,2026,G7CS4K2DGP00,G70 2.5T Prestige,,,475089
Genesis,2026,G7CS4K3AGS00,G70 3.3T Sport,,,475090
Genesis,2026,G8CS4K2DGA00,G80 2.5T Advanced AWD,,,479262
Genesis,2026,G8CS4K3BGS00,G80 3.5T Sport AWD,,,479263
Genesis,2026,G8CS4K3BGPBL,G80 3.5T Prestige Black AWD,,,479264
Genesis,2026,G9CS4K3BGP00,G90 e-SC Prestige AWD,,,479289
Genesis,2026,G9CS4K3BGPAW,G90 e-SC Prestige Ash Wood AWD,,,479290
Genesis,2026,G9CS4K3BGPBL,G90 e-SC Prestige Black AWD,,,479291
Genesis,2026,V7CW5K2DGA00,GV70 2.5T Advanced AWD,,,470386
Genesis,2026,V7CW5K2DGA55,GV70 2.5T Advanced Technology Package AWD,,,470387
Genesis,2026,V7CW5K2DGP00,GV70 2.5T Prestige AWD,,,470388
Genesis,2026,V7CW5K3BGS00,GV70 3.5T Sport Quilting AWD,,,470389
Genesis,2026,V7CW5K3BGSAU,GV70 3.5T Sport Suede AWD,,,473370
Genesis,2026,V6EW5ZE2GWAE,GV60 Advanced AWD,,,481700
Genesis,2026,V6EW5ZE2GW00,GV60 AWD,,,481701
Genesis,2026,V6EW5ZE1GZ00,GV60 +,,,481702
Genesis,2026,V6EW5ZE1GZSP,GV60 Sport,,,481703
Genesis,2026,V7EW5ZE1GA00,Electrified GV70 Advanced AWD,,,481478
Genesis,2026,V7EW5ZE1GP00,Electrified GV70 Prestige AWD,,,481479
Genesis,2026,V8CW5K2DGA00,GV80 2.5T Advanced AWD 5P,,,479284
Genesis,2026,V8CW5K2DGA55,GV80 2.5T Advanced w/Tech Pkg AWD 5P,,,479285
Genesis,2026,V8CW7K3BGA55,GV80 3.5T Advanced w/Tech Pkg AWD 7P,,,479286
Genesis,2026,V8CW7K3BGP00,GV80 3.5T Prestige AWD 7P,,,479287
Genesis,2026,V8CW7K3BGPBL,GV80 3.5T Prestige AWD 7P Black,,,479288
Genesis,2026,V8CC7K3BGP00,GV80 Coupe 3.5T e-SC AWD,,,479433
Genesis,2026,V8CC7K3BGPBL,GV80 Coupe 3.5T e-SC Prestige Black AWD,,,479434
Genesis,2026,G7CS4K3AGSGR,G70 3.3T Graphite Special Edition AWD,,,484079
Genesis,2027,G8CS4K2DGA00,GV80 2.5T Advanced AWD,,,485691
Genesis,2027,G8CS4K3BGS00,GV80 3.5T Sport AWD,,,485692
Genesis,2027,G8CS4K3BGPBL,GV80 3.5T Prestige Black AWD,,,485693
Genesis,2027,V7CW5K2DGB00,GV70 2.5T Select,,,487533
Genesis,2027,V7CW5K2DGA00,GV70 2.5T Advanced,,,487530
Genesis,2027,V7CW5K2DGA58,GV70 2.5T Advanced Tech Pkg,,,487531
Genesis,2027,V7CW5K2DGP00,GV70 2.5T Prestige,,,487532
Genesis,2027,V7CW5K3BGPSP,GV70 3.5T Prestige Sport,,,487534
Genesis,2027,V7CW5K3BGPGR,GV70 3.5T Prestige Graphite,,,487535
Genesis,2027,V7EW5ZE1GP00,Electrified GV70 Prestige AWD,,,487304
